# Blender 4.4.0
# www.blender.org
mtllib SPACE_UI.mtl
o テキスト
v -9.838245 -5.913735 -0.633537
v -9.856014 -5.822630 -0.633537
v -9.870681 -5.721496 -0.633537
v -9.882543 -5.612507 -0.633537
v -9.891897 -5.497843 -0.633537
v -9.899042 -5.379682 -0.633537
v -9.904271 -5.260201 -0.633537
v -9.907885 -5.141577 -0.633537
v -9.910177 -5.025989 -0.633537
v -9.911448 -4.915615 -0.633537
v -9.911991 -4.812632 -0.633537
v -9.912106 -4.719218 -0.633537
v -9.911914 -4.695976 -0.633537
v -9.911346 -4.673712 -0.633537
v -9.910426 -4.652350 -0.633537
v -9.909176 -4.631814 -0.633537
v -9.907617 -4.612025 -0.633537
v -9.905772 -4.592907 -0.633537
v -9.903664 -4.574383 -0.633537
v -9.901314 -4.556376 -0.633537
v -9.898743 -4.538808 -0.633537
v -9.895974 -4.521604 -0.633537
v -9.893030 -4.504686 -0.633537
v -9.889933 -4.487977 -0.633537
v -10.181360 -4.487977 -0.633537
v -10.180381 -4.498635 -0.633537
v -10.179085 -4.511470 -0.633537
v -10.177547 -4.526286 -0.633537
v -10.175845 -4.542883 -0.633537
v -10.174054 -4.561065 -0.633537
v -10.172252 -4.580632 -0.633537
v -10.170516 -4.601387 -0.633537
v -10.168922 -4.623132 -0.633537
v -10.167549 -4.645669 -0.633537
v -10.166474 -4.668799 -0.633537
v -10.165771 -4.692326 -0.633537
v -10.165521 -4.716051 -0.633537
v -10.165220 -4.810353 -0.633537
v -10.164185 -4.915864 -0.633537
v -10.162203 -5.030196 -0.633537
v -10.159067 -5.150963 -0.633537
v -10.154567 -5.275777 -0.633537
v -10.148494 -5.402252 -0.633537
v -10.140639 -5.528000 -0.633537
v -10.130794 -5.650637 -0.633537
v -10.118748 -5.767774 -0.633537
v -10.104294 -5.877024 -0.633537
v -10.087223 -5.976001 -0.633537
v -10.067324 -6.062319 -0.633537
v -10.041347 -6.146424 -0.633537
v -10.011038 -6.229122 -0.633537
v -9.976549 -6.310191 -0.633537
v -9.938035 -6.389413 -0.633537
v -9.895648 -6.466567 -0.633537
v -9.849544 -6.541432 -0.633537
v -9.799876 -6.613791 -0.633537
v -9.746799 -6.683421 -0.633537
v -9.690465 -6.750104 -0.633537
v -9.631031 -6.813619 -0.633537
v -9.568648 -6.873747 -0.633537
v -9.503473 -6.930266 -0.633537
v -9.265897 -6.771882 -0.633537
v -9.330822 -6.722491 -0.633537
v -9.392515 -6.669504 -0.633537
v -9.450909 -6.613151 -0.633537
v -9.505937 -6.553663 -0.633537
v -9.557533 -6.491272 -0.633537
v -9.605631 -6.426208 -0.633537
v -9.650166 -6.358702 -0.633537
v -9.691071 -6.288985 -0.633537
v -9.728280 -6.217288 -0.633537
v -9.761728 -6.143843 -0.633537
v -9.791348 -6.068880 -0.633537
v -9.817075 -5.992630 -0.633537
v -10.735706 -6.546196 -0.633537
v -10.735706 -6.433041 -0.633537
v -10.735706 -6.280444 -0.633537
v -10.735706 -6.097985 -0.633537
v -10.735706 -5.895244 -0.633537
v -10.735706 -5.681800 -0.633537
v -10.735706 -5.467235 -0.633537
v -10.735706 -5.261128 -0.633537
v -10.735706 -5.073059 -0.633537
v -10.735706 -4.912609 -0.633537
v -10.735706 -4.789356 -0.633537
v -10.735706 -4.712883 -0.633537
v -10.735454 -4.683468 -0.633537
v -10.734752 -4.655483 -0.633537
v -10.733676 -4.629038 -0.633537
v -10.732304 -4.604243 -0.633537
v -10.730710 -4.581207 -0.633537
v -10.728974 -4.560041 -0.633537
v -10.727172 -4.540856 -0.633537
v -10.725381 -4.523760 -0.633537
v -10.723679 -4.508863 -0.633537
v -10.722140 -4.496277 -0.633537
v -10.720845 -4.486111 -0.633537
v -10.719868 -4.478474 -0.633537
v -11.011295 -4.478474 -0.633537
v -11.010382 -4.486111 -0.633537
v -11.009257 -4.496277 -0.633537
v -11.007979 -4.508863 -0.633537
v -11.006603 -4.523760 -0.633537
v -11.005182 -4.540856 -0.633537
v -11.003773 -4.560041 -0.633537
v -11.002429 -4.581207 -0.633537
v -11.001205 -4.604243 -0.633537
v -11.000158 -4.629038 -0.633537
v -10.999343 -4.655483 -0.633537
v -10.998813 -4.683468 -0.633537
v -10.998624 -4.712883 -0.633537
v -10.998624 -4.788893 -0.633537
v -10.998624 -4.910747 -0.633537
v -10.998624 -5.068852 -0.633537
v -10.998624 -5.253620 -0.633537
v -10.998624 -5.455457 -0.633537
v -10.998624 -5.664774 -0.633537
v -10.998624 -5.871979 -0.633537
v -10.998624 -6.067482 -0.633537
v -10.998624 -6.241690 -0.633537
v -10.998624 -6.385013 -0.633537
v -10.998624 -6.487860 -0.633537
v -10.998624 -6.540640 -0.633537
v -11.073383 -6.504195 -0.633537
v -11.151390 -6.461580 -0.633537
v -11.231793 -6.413091 -0.633537
v -11.313749 -6.359026 -0.633537
v -11.396408 -6.299681 -0.633537
v -11.478924 -6.235354 -0.633537
v -11.560450 -6.166341 -0.633537
v -11.640140 -6.092940 -0.633537
v -11.717145 -6.015447 -0.633537
v -11.790621 -5.934160 -0.633537
v -11.859717 -5.849374 -0.633537
v -11.923591 -5.761388 -0.633537
v -12.072472 -5.976791 -0.633537
v -12.001006 -6.068464 -0.633537
v -11.923384 -6.157937 -0.633537
v -11.840437 -6.244857 -0.633537
v -11.753004 -6.328875 -0.633537
v -11.661918 -6.409636 -0.633537
v -11.568016 -6.486790 -0.633537
v -11.472135 -6.559984 -0.633537
v -11.375109 -6.628867 -0.633537
v -11.277776 -6.693086 -0.633537
v -11.180971 -6.752289 -0.633537
v -11.085530 -6.806125 -0.633537
v -10.992289 -6.854242 -0.633537
v -10.979947 -6.861301 -0.633537
v -10.968252 -6.868218 -0.633537
v -10.957197 -6.874980 -0.633537
v -10.946769 -6.881578 -0.633537
v -10.936955 -6.888000 -0.633537
v -10.927748 -6.894234 -0.633537
v -10.919133 -6.900270 -0.633537
v -10.911102 -6.906098 -0.633537
v -10.903644 -6.911706 -0.633537
v -10.896746 -6.917082 -0.633537
v -10.890397 -6.922217 -0.633537
v -10.884587 -6.927099 -0.633537
v -10.716700 -6.787721 -0.633537
v -10.719738 -6.774793 -0.633537
v -10.722509 -6.761382 -0.633537
v -10.725017 -6.747530 -0.633537
v -10.727260 -6.733283 -0.633537
v -10.729240 -6.718684 -0.633537
v -10.730956 -6.703776 -0.633537
v -10.732408 -6.688605 -0.633537
v -10.733595 -6.673214 -0.633537
v -10.734519 -6.657647 -0.633537
v -10.735179 -6.641948 -0.633537
v -10.735575 -6.626161 -0.633537
v -10.735706 -6.610330 -0.633537
v -6.956511 -4.708651 -0.633538
v -6.956090 -4.683509 -0.633538
v -6.955360 -4.656805 -0.633538
v -6.954301 -4.628881 -0.633538
v -6.952891 -4.600076 -0.633538
v -6.951105 -4.570733 -0.633538
v -6.948924 -4.541192 -0.633538
v -6.946325 -4.511793 -0.633538
v -6.943285 -4.482879 -0.633538
v -6.939785 -4.454789 -0.633538
v -6.935800 -4.427866 -0.633538
v -6.931309 -4.402449 -0.633538
v -7.241743 -4.402449 -0.633538
v -7.239311 -4.427745 -0.633538
v -7.236801 -4.454350 -0.633538
v -7.234269 -4.481988 -0.633538
v -7.231771 -4.510385 -0.633538
v -7.229360 -4.539267 -0.633538
v -7.227093 -4.568357 -0.633538
v -7.225023 -4.597381 -0.633538
v -7.223207 -4.626064 -0.633538
v -7.221697 -4.654132 -0.633538
v -7.220552 -4.681309 -0.633538
v -7.219824 -4.707319 -0.633538
v -7.219569 -4.731889 -0.633538
v -7.219569 -5.248223 -0.633538
v -7.327669 -5.281918 -0.633538
v -7.441850 -5.319276 -0.633538
v -7.560542 -5.359735 -0.633538
v -7.682169 -5.402736 -0.633538
v -7.805161 -5.447716 -0.633538
v -7.927945 -5.494114 -0.633537
v -8.048945 -5.541371 -0.633537
v -8.166592 -5.588925 -0.633537
v -8.279311 -5.636215 -0.633537
v -8.385529 -5.682680 -0.633537
v -8.483675 -5.727759 -0.633537
v -8.572173 -5.770892 -0.633537
v -8.464472 -6.040145 -0.633537
v -8.374161 -5.992967 -0.633537
v -8.276787 -5.945173 -0.633537
v -8.173738 -5.897203 -0.633537
v -8.066399 -5.849497 -0.633537
v -7.956157 -5.802495 -0.633537
v -7.844398 -5.756637 -0.633537
v -7.732504 -5.712363 -0.633538
v -7.621867 -5.670112 -0.633538
v -7.513868 -5.630325 -0.633538
v -7.409895 -5.593442 -0.633538
v -7.311333 -5.559903 -0.633538
v -7.219569 -5.530147 -0.633538
v -7.222737 -6.575485 -0.633538
v -7.222868 -6.601472 -0.633538
v -7.223264 -6.630011 -0.633538
v -7.223924 -6.660617 -0.633538
v -7.224848 -6.692807 -0.633538
v -7.226036 -6.726097 -0.633538
v -7.227487 -6.760003 -0.633538
v -7.229203 -6.794041 -0.633538
v -7.231183 -6.827727 -0.633537
v -7.233428 -6.860577 -0.633537
v -7.235935 -6.892107 -0.633537
v -7.238707 -6.921834 -0.633537
v -7.241743 -6.949273 -0.633537
v -6.934476 -6.949273 -0.633538
v -6.938238 -6.922862 -0.633538
v -6.941617 -6.894527 -0.633538
v -6.944621 -6.864586 -0.633538
v -6.947263 -6.833359 -0.633538
v -6.949553 -6.801163 -0.633538
v -6.951501 -6.768318 -0.633538
v -6.953120 -6.735144 -0.633538
v -6.954419 -6.701958 -0.633538
v -6.955411 -6.669080 -0.633538
v -6.956107 -6.636830 -0.633538
v -6.956516 -6.605525 -0.633538
v -6.956650 -6.575485 -0.633538
v -6.956650 -6.507028 -0.633538
v -6.956650 -6.395807 -0.633538
v -6.956650 -6.250005 -0.633538
v -6.956650 -6.077806 -0.633538
v -6.956650 -5.887393 -0.633538
v -6.956650 -5.686948 -0.633538
v -6.956650 -5.484656 -0.633538
v -6.956650 -5.288699 -0.633538
v -6.956650 -5.107260 -0.633538
v -6.956650 -4.948524 -0.633538
v -6.956650 -4.820673 -0.633538
v -6.956650 -4.731889 -0.633538
v -4.460197 -5.065468 -0.633538
v -4.541418 -5.009971 -0.633538
v -4.621519 -4.952143 -0.633538
v -4.700199 -4.892268 -0.633538
v -4.777164 -4.830634 -0.633538
v -4.852116 -4.767526 -0.633538
v -4.924759 -4.703229 -0.633538
v -4.994795 -4.638031 -0.633538
v -5.061927 -4.572217 -0.633538
v -5.125858 -4.506073 -0.633538
v -5.186292 -4.439886 -0.633538
v -5.242930 -4.373940 -0.633538
v -5.455165 -4.570337 -0.633538
v -5.393936 -4.632691 -0.633538
v -5.330660 -4.694595 -0.633538
v -5.265403 -4.755993 -0.633538
v -5.198232 -4.816830 -0.633538
v -5.129214 -4.877051 -0.633538
v -5.058414 -4.936601 -0.633538
v -4.985897 -4.995425 -0.633538
v -4.911732 -5.053468 -0.633538
v -4.835981 -5.110676 -0.633538
v -4.758713 -5.166992 -0.633538
v -4.679993 -5.222363 -0.633538
v -4.599888 -5.276732 -0.633538
v -4.599888 -6.613497 -0.633538
v -4.600021 -6.644243 -0.633538
v -4.600417 -6.676001 -0.633538
v -4.601077 -6.708330 -0.633538
v -4.602002 -6.740791 -0.633538
v -4.603189 -6.772945 -0.633538
v -4.604640 -6.804351 -0.633538
v -4.606356 -6.834569 -0.633538
v -4.608336 -6.863158 -0.633538
v -4.610579 -6.889680 -0.633538
v -4.613087 -6.913695 -0.633538
v -4.615859 -6.934762 -0.633538
v -4.618895 -6.952440 -0.633538
v -4.308461 -6.952440 -0.633538
v -4.310831 -6.935427 -0.633538
v -4.313168 -6.914795 -0.633538
v -4.315439 -6.891017 -0.633538
v -4.317611 -6.864566 -0.633538
v -4.319652 -6.835916 -0.633538
v -4.321528 -6.805539 -0.633538
v -4.323205 -6.773908 -0.633538
v -4.324652 -6.741496 -0.633538
v -4.325834 -6.708776 -0.633538
v -4.326719 -6.676221 -0.633538
v -4.327275 -6.644303 -0.633538
v -4.327467 -6.613497 -0.633538
v -4.327467 -5.441452 -0.633538
v -4.242259 -5.488936 -0.633538
v -4.153156 -5.536233 -0.633538
v -4.060490 -5.583157 -0.633538
v -3.964590 -5.629519 -0.633538
v -3.865787 -5.675133 -0.633538
v -3.764410 -5.719813 -0.633538
v -3.660788 -5.763370 -0.633538
v -3.555253 -5.805619 -0.633538
v -3.448135 -5.846372 -0.633538
v -3.339763 -5.885442 -0.633538
v -3.230467 -5.922642 -0.633538
v -3.120577 -5.957786 -0.633538
v -2.993869 -5.710705 -0.633538
v -3.129514 -5.672009 -0.633538
v -3.262274 -5.630530 -0.633538
v -3.391911 -5.586522 -0.633538
v -3.518182 -5.540236 -0.633538
v -3.640846 -5.491928 -0.633538
v -3.759659 -5.441848 -0.633538
v -3.874381 -5.390250 -0.633538
v -3.984770 -5.337387 -0.633538
v -4.090583 -5.283513 -0.633538
v -4.191579 -5.228879 -0.633538
v -4.287515 -5.173740 -0.633538
v -4.378150 -5.118347 -0.633538
v -1.042571 -4.728722 -0.633538
v -1.901015 -4.728722 -0.633538
v -1.922067 -4.728522 -0.633538
v -1.942458 -4.727915 -0.633538
v -1.962191 -4.726890 -0.633538
v -1.981264 -4.725437 -0.633538
v -1.999676 -4.723543 -0.633538
v -2.017429 -4.721198 -0.633538
v -2.034521 -4.718391 -0.633538
v -2.050954 -4.715112 -0.633538
v -2.066726 -4.711349 -0.633538
v -2.081838 -4.707090 -0.633538
v -2.096291 -4.702326 -0.633538
v -2.110083 -4.697044 -0.633538
v -2.319150 -4.823752 -0.633538
v -2.312027 -4.835466 -0.633538
v -2.304938 -4.848302 -0.633538
v -2.297916 -4.862062 -0.633538
v -2.290992 -4.876547 -0.633538
v -2.284199 -4.891561 -0.633538
v -2.277573 -4.906904 -0.633538
v -2.271144 -4.922379 -0.633538
v -2.264947 -4.937789 -0.633538
v -2.259014 -4.952935 -0.633538
v -2.253377 -4.967618 -0.633538
v -2.248070 -4.981642 -0.633538
v -2.243127 -4.994807 -0.633538
v -2.220701 -5.069241 -0.633538
v -2.194643 -5.146534 -0.633538
v -2.165023 -5.226247 -0.633538
v -2.131906 -5.307940 -0.633538
v -2.095357 -5.391172 -0.633538
v -2.055441 -5.475504 -0.633538
v -2.012227 -5.560497 -0.633538
v -1.965778 -5.645709 -0.633538
v -1.916162 -5.730701 -0.633538
v -1.863444 -5.815034 -0.633538
v -1.807691 -5.898266 -0.633538
v -1.748966 -5.979959 -0.633538
v -1.782085 -6.004499 -0.633538
v -1.814873 -6.028985 -0.633538
v -1.847265 -6.053360 -0.633538
v -1.879195 -6.077571 -0.633538
v -1.910596 -6.101562 -0.633538
v -1.941404 -6.125277 -0.633538
v -1.971551 -6.148663 -0.633538
v -2.000974 -6.171663 -0.633538
v -2.029603 -6.194224 -0.633538
v -2.057376 -6.216290 -0.633538
v -2.084225 -6.237805 -0.633538
v -2.110083 -6.258716 -0.633538
v -1.923189 -6.477287 -0.633538
v -1.898914 -6.455645 -0.633538
v -1.873636 -6.433496 -0.633538
v -1.847413 -6.410864 -0.633538
v -1.820299 -6.387770 -0.633538
v -1.792349 -6.364236 -0.633538
v -1.763618 -6.340284 -0.633538
v -1.734161 -6.315936 -0.633538
v -1.704033 -6.291214 -0.633538
v -1.673289 -6.266140 -0.633538
v -1.641984 -6.240736 -0.633538
v -1.610174 -6.215024 -0.633538
v -1.577911 -6.189027 -0.633538
v -1.505161 -6.266925 -0.633538
v -1.427795 -6.343657 -0.633538
v -1.345676 -6.418981 -0.633538
v -1.258675 -6.492656 -0.633538
v -1.166658 -6.564438 -0.633538
v -1.069494 -6.634088 -0.633538
v -0.967051 -6.701361 -0.633538
v -0.859195 -6.766016 -0.633538
v -0.745797 -6.827811 -0.633538
v -0.626723 -6.886505 -0.633538
v -0.501842 -6.941855 -0.633538
v -0.371021 -6.993620 -0.633538
v -0.142947 -6.797224 -0.633538
v -0.274084 -6.753468 -0.633538
v -0.399840 -6.704818 -0.633538
v -0.520250 -6.651658 -0.633538
v -0.635348 -6.594374 -0.633538
v -0.745167 -6.533350 -0.633538
v -0.849740 -6.468971 -0.633538
v -0.949099 -6.401623 -0.633538
v -1.043277 -6.331690 -0.633538
v -1.132307 -6.259557 -0.633538
v -1.216223 -6.185610 -0.633538
v -1.295057 -6.110232 -0.633538
v -1.368844 -6.033810 -0.633538
v -1.311591 -5.992652 -0.633538
v -1.253986 -5.951626 -0.633538
v -1.196204 -5.910864 -0.633538
v -1.138423 -5.870498 -0.633538
v -1.080818 -5.830660 -0.633538
v -1.023565 -5.791481 -0.633538
v -0.966839 -5.753095 -0.633538
v -0.910817 -5.715633 -0.633538
v -0.855676 -5.679226 -0.633538
v -0.801591 -5.644008 -0.633538
v -0.748738 -5.610109 -0.633538
v -0.697292 -5.577662 -0.633538
v -0.868349 -5.403440 -0.633538
v -0.921182 -5.434176 -0.633538
v -0.975052 -5.466134 -0.633538
v -1.029800 -5.499213 -0.633538
v -1.085275 -5.533315 -0.633538
v -1.141321 -5.568341 -0.633538
v -1.197786 -5.604192 -0.633538
v -1.254515 -5.640769 -0.633538
v -1.311354 -5.677973 -0.633538
v -1.368149 -5.715704 -0.633538
v -1.424747 -5.753865 -0.633538
v -1.480992 -5.792356 -0.633538
v -1.536731 -5.831078 -0.633538
v -1.587249 -5.760881 -0.633538
v -1.635734 -5.688429 -0.633538
v -1.681997 -5.614240 -0.633538
v -1.725852 -5.538829 -0.633538
v -1.767110 -5.462715 -0.633538
v -1.805587 -5.386413 -0.633538
v -1.841093 -5.310442 -0.633538
v -1.873443 -5.235317 -0.633538
v -1.902449 -5.161557 -0.633538
v -1.927924 -5.089677 -0.633538
v -1.949683 -5.020195 -0.633538
v -1.967536 -4.953628 -0.633538
v -0.896858 -4.953628 -0.633538
v -0.844529 -5.025375 -0.633538
v -0.788922 -5.097860 -0.633538
v -0.730059 -5.170763 -0.633538
v -0.667964 -5.243764 -0.633538
v -0.602655 -5.316546 -0.633538
v -0.534158 -5.388789 -0.633538
v -0.462492 -5.460174 -0.633538
v -0.387682 -5.530382 -0.633538
v -0.309747 -5.599094 -0.633538
v -0.228711 -5.665991 -0.633538
v -0.144594 -5.730755 -0.633538
v -0.057420 -5.793066 -0.633538
v 0.154816 -5.628345 -0.633538
v 0.023199 -5.540959 -0.633538
v -0.099346 -5.449019 -0.633538
v -0.212982 -5.353647 -0.633538
v -0.317874 -5.255966 -0.633538
v -0.414186 -5.157096 -0.633538
v -0.502083 -5.058161 -0.633538
v -0.581732 -4.960281 -0.633538
v -0.653297 -4.864580 -0.633538
v -0.716942 -4.772178 -0.633538
v -0.772833 -4.684197 -0.633538
v -0.821135 -4.601761 -0.633538
v -0.862012 -4.525989 -0.633538
v -0.870299 -4.510660 -0.633538
v -0.879200 -4.493373 -0.633538
v -0.888542 -4.474415 -0.633538
v -0.898147 -4.454071 -0.633538
v -0.907842 -4.432627 -0.633538
v -0.917447 -4.410368 -0.633538
v -0.926789 -4.387582 -0.633538
v -0.935690 -4.364554 -0.633538
v -0.943977 -4.341570 -0.633538
v -0.951470 -4.318916 -0.633538
v -0.957997 -4.296878 -0.633538
v -0.963379 -4.275742 -0.633538
v -1.251639 -4.367605 -0.633538
v -1.238128 -4.388679 -0.633538
v -1.224583 -4.410544 -0.633538
v -1.211104 -4.432938 -0.633538
v -1.197789 -4.455596 -0.633538
v -1.184739 -4.478254 -0.633538
v -1.172050 -4.500648 -0.633538
v -1.159825 -4.522513 -0.633538
v -1.148161 -4.543587 -0.633538
v -1.137157 -4.563605 -0.633538
v -1.126912 -4.582304 -0.633538
v -1.117524 -4.599418 -0.633538
v -1.109092 -4.614685 -0.633538
v 3.022340 -4.747757 -0.633538
v 2.947971 -4.740043 -0.633538
v 2.860073 -4.731097 -0.633538
v 2.760066 -4.721096 -0.633538
v 2.649367 -4.710214 -0.633538
v 2.529396 -4.698628 -0.633538
v 2.401572 -4.686515 -0.633538
v 2.267314 -4.674049 -0.633538
v 2.128040 -4.661408 -0.633538
v 1.985170 -4.648767 -0.633538
v 1.840121 -4.636301 -0.633538
v 1.694314 -4.624187 -0.633538
v 1.609007 -4.617258 -0.633538
v 1.525811 -4.610725 -0.633538
v 1.444858 -4.604588 -0.633538
v 1.366282 -4.598846 -0.633538
v 1.290213 -4.593501 -0.633538
v 1.216785 -4.588551 -0.633538
v 1.146128 -4.583998 -0.633538
v 1.078374 -4.579840 -0.633538
v 1.013656 -4.576078 -0.633538
v 0.952106 -4.572712 -0.633538
v 0.893855 -4.569743 -0.633538
v 0.839037 -4.567169 -0.633538
v 0.839037 -4.820584 -0.633538
v 0.886098 -4.820674 -0.633538
v 0.936502 -4.821039 -0.633538
v 0.989502 -4.821822 -0.633538
v 1.044351 -4.823165 -0.633538
v 1.100299 -4.825213 -0.633538
v 1.156598 -4.828108 -0.633538
v 1.212502 -4.831992 -0.633538
v 1.267262 -4.837009 -0.633538
v 1.320130 -4.843303 -0.633538
v 1.370359 -4.851015 -0.633538
v 1.417199 -4.860289 -0.633538
v 1.459904 -4.871267 -0.633538
v 1.568669 -4.914436 -0.633538
v 1.669822 -4.970067 -0.633538
v 1.763012 -5.036631 -0.633538
v 1.847887 -5.112598 -0.633538
v 1.924095 -5.196441 -0.633538
v 1.991284 -5.286631 -0.633538
v 2.049102 -5.381638 -0.633538
v 2.097197 -5.479933 -0.633538
v 2.135216 -5.579988 -0.633538
v 2.162809 -5.680275 -0.633538
v 2.179623 -5.779263 -0.633538
v 2.185306 -5.875425 -0.633538
v 2.173663 -6.021214 -0.633538
v 2.140210 -6.150296 -0.633538
v 2.087157 -6.263517 -0.633538
v 2.016714 -6.361725 -0.633538
v 1.931093 -6.445765 -0.633538
v 1.832504 -6.516487 -0.633538
v 1.723158 -6.574735 -0.633538
v 1.605265 -6.621358 -0.633538
v 1.481038 -6.657202 -0.633538
v 1.352686 -6.683113 -0.633538
v 1.222421 -6.699940 -0.633538
v 1.092452 -6.708528 -0.633538
v 1.184316 -6.971447 -0.633538
v 1.332103 -6.959773 -0.633538
v 1.480715 -6.935605 -0.633538
v 1.627545 -6.898590 -0.633538
v 1.769986 -6.848376 -0.633538
v 1.905433 -6.784611 -0.633538
v 2.031277 -6.706944 -0.633538
v 2.144912 -6.615023 -0.633538
v 2.243731 -6.508494 -0.633538
v 2.325130 -6.387008 -0.633538
v 2.386498 -6.250210 -0.633538
v 2.425231 -6.097750 -0.633538
v 2.438721 -5.929276 -0.633538
v 2.432631 -5.807729 -0.633538
v 2.415080 -5.690482 -0.633538
v 2.387146 -5.578009 -0.633538
v 2.349907 -5.470782 -0.633538
v 2.304441 -5.369275 -0.633538
v 2.251826 -5.273960 -0.633538
v 2.193140 -5.185310 -0.633538
v 2.129460 -5.103799 -0.633538
v 2.061864 -5.029900 -0.633538
v 1.991431 -4.964084 -0.633538
v 1.919237 -4.906825 -0.633538
v 1.846362 -4.858597 -0.633538
v 1.940324 -4.868868 -0.633538
v 2.050576 -4.880580 -0.633538
v 2.173872 -4.893590 -0.633538
v 2.306968 -4.907755 -0.633538
v 2.446620 -4.922931 -0.633538
v 2.589582 -4.938977 -0.633538
v 2.732610 -4.955749 -0.633538
v 2.872460 -4.973103 -0.633538
v 3.005886 -4.990897 -0.633538
v 3.129644 -5.008988 -0.633538
v 3.240489 -5.027234 -0.633538
v 3.335177 -5.045490 -0.633538
v 3.363687 -4.769901 -0.633539
v 3.334003 -4.769045 -0.633538
v 3.305187 -4.768068 -0.633538
v 3.277318 -4.766981 -0.633538
v 3.250471 -4.765795 -0.633538
v 3.224725 -4.764521 -0.633538
v 3.200155 -4.763170 -0.633538
v 3.176839 -4.761753 -0.633538
v 3.154854 -4.760281 -0.633538
v 3.134277 -4.758765 -0.633538
v 3.115185 -4.757216 -0.633538
v 3.097654 -4.755645 -0.633538
v 3.081762 -4.754063 -0.633538
v 1.196986 -5.726544 -0.633538
v 1.215586 -5.688295 -0.633538
v 1.234924 -5.649683 -0.633538
v 1.254944 -5.610874 -0.633538
v 1.275590 -5.572031 -0.633538
v 1.296810 -5.533320 -0.633538
v 1.318545 -5.494906 -0.633538
v 1.340743 -5.456955 -0.633538
v 1.363348 -5.419630 -0.633538
v 1.386305 -5.383097 -0.633538
v 1.409559 -5.347521 -0.633538
v 1.433054 -5.313067 -0.633538
v 1.456737 -5.279900 -0.633538
v 1.295184 -5.210210 -0.633538
v 1.276039 -5.238172 -0.633538
v 1.255265 -5.269443 -0.633538
v 1.233216 -5.303509 -0.633538
v 1.210244 -5.339851 -0.633538
v 1.186698 -5.377953 -0.633538
v 1.162933 -5.417298 -0.633538
v 1.139300 -5.457369 -0.633538
v 1.116152 -5.497649 -0.633538
v 1.093839 -5.537621 -0.633538
v 1.072713 -5.576768 -0.633538
v 1.053128 -5.614573 -0.633538
v 1.035434 -5.650519 -0.633538
v 0.839037 -5.593501 -0.633538
v 0.858366 -5.554709 -0.633538
v 0.878324 -5.515995 -0.633538
v 0.898875 -5.477435 -0.633538
v 0.919988 -5.439106 -0.633538
v 0.941629 -5.401084 -0.633538
v 0.963764 -5.363447 -0.633538
v 0.986361 -5.326273 -0.633538
v 1.009388 -5.289638 -0.633538
v 1.032810 -5.253618 -0.633538
v 1.056595 -5.218291 -0.633538
v 1.080711 -5.183734 -0.633538
v 1.105123 -5.150024 -0.633538
v 0.949906 -5.077167 -0.633538
v 0.929904 -5.105066 -0.633538
v 0.908154 -5.136166 -0.633538
v 0.885018 -5.169971 -0.633538
v 0.860859 -5.205987 -0.633538
v 0.836040 -5.243719 -0.633538
v 0.810924 -5.282671 -0.633538
v 0.785874 -5.322350 -0.633538
v 0.761253 -5.362259 -0.633538
v 0.737424 -5.401905 -0.633538
v 0.714750 -5.440792 -0.633538
v 0.693593 -5.478425 -0.633538
v 0.674317 -5.514309 -0.633538
v 4.649769 -4.972633 -0.633539
v 4.649769 -5.625178 -0.633539
v 3.765984 -5.625178 -0.633539
v 3.765984 -5.903934 -0.633538
v 4.649769 -5.903934 -0.633539
v 4.649769 -6.575485 -0.633539
v 3.705797 -6.575485 -0.633538
v 3.705797 -6.854242 -0.633538
v 4.960203 -6.854242 -0.633539
v 4.960203 -4.693877 -0.633539
v 3.734306 -4.693877 -0.633539
v 3.734306 -4.972633 -0.633539
v 5.428264 -5.138334 -0.633539
v 5.492653 -5.104811 -0.633539
v 5.555877 -5.074742 -0.633539
v 5.618144 -5.048071 -0.633539
v 5.679663 -5.024745 -0.633539
v 5.740643 -5.004706 -0.633539
v 5.801293 -4.987902 -0.633539
v 5.861822 -4.974276 -0.633539
v 5.922439 -4.963774 -0.633539
v 5.983352 -4.956340 -0.633539
v 6.044772 -4.951921 -0.633539
v 6.106907 -4.950459 -0.633539
v 6.227668 -4.957653 -0.633539
v 6.342313 -4.978704 -0.633539
v 6.450007 -5.012823 -0.633539
v 6.549914 -5.059216 -0.633539
v 6.641198 -5.117093 -0.633539
v 6.723023 -5.185660 -0.633539
v 6.794552 -5.264127 -0.633539
v 6.854951 -5.351700 -0.633539
v 6.903383 -5.447589 -0.633539
v 6.939012 -5.551001 -0.633539
v 6.961003 -5.661144 -0.633539
v 6.968519 -5.777227 -0.633539
v 6.961237 -5.895181 -0.633539
v 6.939833 -6.006283 -0.633539
v 6.904967 -6.109884 -0.633539
v 6.857297 -6.205335 -0.633539
v 6.797485 -6.291986 -0.633539
v 6.726191 -6.369189 -0.633539
v 6.644072 -6.436296 -0.633539
v 6.551792 -6.492656 -0.633539
v 6.450007 -6.537621 -0.633539
v 6.339380 -6.570543 -0.633539
v 6.220570 -6.590772 -0.633539
v 6.094236 -6.597659 -0.633539
v 6.032820 -6.595884 -0.633539
v 5.970636 -6.590590 -0.633539
v 5.907836 -6.581820 -0.633539
v 5.844574 -6.569619 -0.633539
v 5.781004 -6.554030 -0.633539
v 5.717280 -6.535097 -0.633539
v 5.653556 -6.512865 -0.633539
v 5.589987 -6.487376 -0.633539
v 5.526724 -6.458676 -0.633539
v 5.463924 -6.426809 -0.633539
v 5.401740 -6.391818 -0.633539
v 5.340326 -6.353747 -0.633539
v 5.340326 -6.692690 -0.633539
v 5.393832 -6.719719 -0.633539
v 5.448438 -6.745265 -0.633539
v 5.504452 -6.769160 -0.633539
v 5.562181 -6.791240 -0.633539
v 5.621935 -6.811340 -0.633539
v 5.684020 -6.829296 -0.633539
v 5.748745 -6.844942 -0.633539
v 5.816418 -6.858113 -0.633539
v 5.887347 -6.868645 -0.633539
v 5.961839 -6.876372 -0.633539
v 6.040202 -6.881129 -0.633539
v 6.122746 -6.882751 -0.633539
v 6.316033 -6.870211 -0.633539
v 6.490666 -6.834429 -0.633539
v 6.646998 -6.778168 -0.633539
v 6.785378 -6.704187 -0.633539
v 6.906162 -6.615248 -0.633539
v 7.009699 -6.514111 -0.633539
v 7.096341 -6.403537 -0.633539
v 7.166440 -6.286287 -0.633539
v 7.220350 -6.165121 -0.633539
v 7.258421 -6.042800 -0.633539
v 7.281005 -5.922085 -0.633539
v 7.288456 -5.805736 -0.633539
v 7.278273 -5.644888 -0.633539
v 7.248435 -5.492487 -0.633539
v 7.200008 -5.349589 -0.633539
v 7.134060 -5.217250 -0.633539
v 7.051658 -5.096526 -0.633539
v 6.953869 -4.988472 -0.633539
v 6.841758 -4.894145 -0.633539
v 6.716394 -4.814601 -0.633539
v 6.578844 -4.750895 -0.633539
v 6.430173 -4.704083 -0.633539
v 6.271449 -4.675222 -0.633539
v 6.103739 -4.665368 -0.633539
v 6.048200 -4.666498 -0.633539
v 5.992298 -4.669929 -0.633539
v 5.935802 -4.675712 -0.633539
v 5.878481 -4.683904 -0.633539
v 5.820104 -4.694561 -0.633539
v 5.760440 -4.707736 -0.633539
v 5.699259 -4.723484 -0.633539
v 5.636329 -4.741861 -0.633539
v 5.571418 -4.762922 -0.633539
v 5.504298 -4.786722 -0.633539
v 5.434735 -4.813316 -0.633539
v 5.362500 -4.842758 -0.633539
v 5.362500 -5.175366 -0.633539
v 7.757274 -6.854242 -0.633539
v 8.045534 -6.217536 -0.633539
v 8.964165 -6.217536 -0.633539
v 9.236586 -6.854242 -0.633539
v 9.553354 -6.854242 -0.633539
v 8.625222 -4.681206 -0.633539
v 8.406651 -4.681206 -0.633539
v 7.440505 -6.854242 -0.633539
v 8.172241 -5.938779 -0.633539
v 8.520688 -5.156360 -0.633539
v 8.843792 -5.938779 -0.633539
v 10.159746 -4.699559 -0.633539
v 10.057619 -4.716109 -0.633539
v 9.965897 -4.742778 -0.633539
v 9.884438 -4.778818 -0.633539
v 9.813097 -4.823481 -0.633539
v 9.751732 -4.876019 -0.633539
v 9.700199 -4.935684 -0.633539
v 9.658358 -5.001729 -0.633539
v 9.626063 -5.073406 -0.633539
v 9.603173 -5.149965 -0.633539
v 9.589543 -5.230661 -0.633539
v 9.585032 -5.314744 -0.633539
v 9.589808 -5.397850 -0.633539
v 9.604243 -5.477250 -0.633539
v 9.628489 -5.552271 -0.633539
v 9.662699 -5.622245 -0.633539
v 9.707028 -5.686499 -0.633539
v 9.761630 -5.744362 -0.633539
v 9.826659 -5.795165 -0.633539
v 9.902269 -5.838234 -0.633539
v 9.988615 -5.872901 -0.633539
v 10.085850 -5.898494 -0.633539
v 10.194126 -5.914341 -0.633539
v 10.313601 -5.919773 -0.633539
v 10.636704 -5.919773 -0.633539
v 10.636704 -6.854242 -0.633539
v 10.947139 -6.854242 -0.633539
v 10.947139 -4.693877 -0.633539
v 10.272421 -4.693877 -0.633539
v 10.285091 -5.641016 -0.633539
v 10.229035 -5.638461 -0.633539
v 10.176641 -5.630868 -0.633539
v 10.128142 -5.618348 -0.633539
v 10.083768 -5.601010 -0.633539
v 10.043748 -5.578964 -0.633539
v 10.008315 -5.552321 -0.633539
v 9.977699 -5.521191 -0.633539
v 9.952132 -5.485682 -0.633539
v 9.931844 -5.445907 -0.633539
v 9.917068 -5.401973 -0.633539
v 9.908031 -5.353992 -0.633539
v 9.904968 -5.302073 -0.633539
v 9.906815 -5.262320 -0.633539
v 9.912610 -5.222676 -0.633539
v 9.922737 -5.183780 -0.633539
v 9.937584 -5.146270 -0.633539
v 9.957534 -5.110784 -0.633539
v 9.982973 -5.077959 -0.633539
v 10.014285 -5.048434 -0.633539
v 10.051856 -5.022847 -0.633539
v 10.096069 -5.001836 -0.633539
v 10.147311 -4.986037 -0.633539
v 10.205967 -4.976091 -0.633539
v 10.272421 -4.972633 -0.633539
v 10.636704 -4.972633 -0.633539
v 10.636704 -5.641016 -0.633539
v 11.401556 -5.128006 -0.633539
v 11.446989 -5.091877 -0.633539
v 11.491982 -5.060389 -0.633539
v 11.536447 -5.033289 -0.633539
v 11.580296 -5.010325 -0.633539
v 11.623441 -4.991243 -0.633539
v 11.665794 -4.975792 -0.633539
v 11.707267 -4.963717 -0.633539
v 11.747773 -4.954766 -0.633539
v 11.787222 -4.948685 -0.633539
v 11.825527 -4.945222 -0.633539
v 11.862601 -4.944124 -0.633539
v 11.911255 -4.946269 -0.633539
v 11.957236 -4.952571 -0.633539
v 12.000248 -4.962833 -0.633539
v 12.039992 -4.976857 -0.633539
v 12.076173 -4.994444 -0.633539
v 12.108494 -5.015397 -0.633539
v 12.136656 -5.039518 -0.633539
v 12.160364 -5.066608 -0.633539
v 12.179321 -5.096470 -0.633539
v 12.193230 -5.128906 -0.633539
v 12.201792 -5.163718 -0.633539
v 12.204712 -5.200707 -0.633539
v 12.186326 -5.296318 -0.633539
v 12.135492 -5.378245 -0.633539
v 12.058702 -5.450361 -0.633539
v 11.962442 -5.516538 -0.633539
v 11.853205 -5.580647 -0.633539
v 11.737477 -5.646560 -0.633539
v 11.621750 -5.718148 -0.633539
v 11.512513 -5.799284 -0.633539
v 11.416253 -5.893838 -0.633539
v 11.339463 -6.005682 -0.633539
v 11.288630 -6.138689 -0.633539
v 11.270243 -6.296728 -0.633539
v 11.275494 -6.379460 -0.633539
v 11.290862 -6.457826 -0.633539
v 11.315779 -6.531286 -0.633539
v 11.349670 -6.599301 -0.633539
v 11.391964 -6.661334 -0.633539
v 11.442090 -6.716843 -0.633539
v 11.499475 -6.765292 -0.633539
v 11.563548 -6.806140 -0.633539
v 11.633736 -6.838849 -0.633539
v 11.709467 -6.862880 -0.633539
v 11.790170 -6.877693 -0.633539
v 11.875273 -6.882751 -0.633539
v 11.932971 -6.881426 -0.633539
v 11.988942 -6.877428 -0.633539
v 12.043308 -6.870724 -0.633539
v 12.096189 -6.861281 -0.633539
v 12.147707 -6.849067 -0.633539
v 12.197981 -6.834048 -0.633539
v 12.247133 -6.816191 -0.633539
v 12.295284 -6.795464 -0.633539
v 12.342556 -6.771832 -0.633539
v 12.389069 -6.745265 -0.633539
v 12.434943 -6.715727 -0.633539
v 12.480302 -6.683187 -0.633539
v 12.480302 -6.290393 -0.633539
v 12.439864 -6.339151 -0.633539
v 12.397809 -6.384016 -0.633539
v 12.354237 -6.424921 -0.633539
v 12.309246 -6.461800 -0.633539
v 12.262935 -6.494588 -0.633539
v 12.215404 -6.523218 -0.633539
v 12.166749 -6.547625 -0.633539
v 12.117073 -6.567742 -0.633539
v 12.066472 -6.583503 -0.633539
v 12.015046 -6.594843 -0.633539
v 11.962895 -6.601696 -0.633539
v 11.910117 -6.603994 -0.633539
v 11.852625 -6.600933 -0.633539
v 11.800479 -6.592174 -0.633539
v 11.753613 -6.578356 -0.633539
v 11.711960 -6.560116 -0.633539
v 11.675455 -6.538093 -0.633539
v 11.644031 -6.512923 -0.633539
v 11.617622 -6.485246 -0.633539
v 11.596164 -6.455699 -0.633539
v 11.579589 -6.424921 -0.633539
v 11.567830 -6.393548 -0.633539
v 11.560823 -6.362220 -0.633539
v 11.558503 -6.331573 -0.633539
v 11.576890 -6.227619 -0.633539
v 11.627723 -6.136907 -0.633539
v 11.704514 -6.056182 -0.633539
v 11.800773 -5.982189 -0.633539
v 11.910010 -5.911671 -0.633539
v 12.025738 -5.841373 -0.633539
v 12.141464 -5.768039 -0.633539
v 12.250702 -5.688415 -0.633539
v 12.346961 -5.599243 -0.633539
v 12.423753 -5.497268 -0.633539
v 12.474586 -5.379235 -0.633539
v 12.492972 -5.241887 -0.633539
v 12.487632 -5.156680 -0.633539
v 12.471898 -5.077094 -0.633539
v 12.446198 -5.003469 -0.633539
v 12.410964 -4.936146 -0.633539
v 12.366622 -4.875467 -0.633539
v 12.313601 -4.821772 -0.633539
v 12.252332 -4.775403 -0.633539
v 12.183242 -4.736699 -0.633539
v 12.106761 -4.706003 -0.633539
v 12.023317 -4.683655 -0.633539
v 11.933341 -4.669996 -0.633539
v 11.837260 -4.665368 -0.633539
v 11.796087 -4.666423 -0.633539
v 11.754959 -4.669591 -0.633539
v 11.713918 -4.674870 -0.633539
v 11.673009 -4.682261 -0.633539
v 11.632277 -4.691765 -0.633539
v 11.591763 -4.703380 -0.633539
v 11.551515 -4.717106 -0.633539
v 11.511574 -4.732945 -0.633539
v 11.471986 -4.750895 -0.633539
v 11.432793 -4.770957 -0.633539
v 11.394040 -4.793131 -0.633539
v 11.355771 -4.817417 -0.633539
v 11.355771 -5.169030 -0.633539
v -9.838245 -5.913734 0.633539
v -9.856014 -5.822630 0.633539
v -9.870681 -5.721495 0.633539
v -9.882543 -5.612507 0.633539
v -9.891897 -5.497843 0.633539
v -9.899042 -5.379682 0.633539
v -9.904271 -5.260201 0.633539
v -9.907885 -5.141577 0.633539
v -9.910177 -5.025989 0.633539
v -9.911448 -4.915615 0.633539
v -9.911991 -4.812632 0.633539
v -9.912106 -4.719218 0.633539
v -9.911914 -4.695976 0.633539
v -9.911346 -4.673712 0.633539
v -9.910426 -4.652350 0.633539
v -9.909176 -4.631814 0.633539
v -9.907617 -4.612025 0.633539
v -9.905772 -4.592907 0.633539
v -9.903664 -4.574383 0.633539
v -9.901314 -4.556376 0.633539
v -9.898743 -4.538808 0.633539
v -9.895974 -4.521604 0.633539
v -9.893030 -4.504686 0.633539
v -9.889933 -4.487977 0.633539
v -10.181360 -4.487977 0.633539
v -10.180381 -4.498635 0.633539
v -10.179085 -4.511470 0.633539
v -10.177547 -4.526286 0.633539
v -10.175845 -4.542883 0.633539
v -10.174054 -4.561065 0.633539
v -10.172252 -4.580632 0.633539
v -10.170516 -4.601387 0.633539
v -10.168922 -4.623132 0.633539
v -10.167549 -4.645669 0.633539
v -10.166474 -4.668799 0.633539
v -10.165771 -4.692326 0.633539
v -10.165521 -4.716051 0.633539
v -10.165220 -4.810353 0.633539
v -10.164185 -4.915864 0.633539
v -10.162203 -5.030196 0.633539
v -10.159067 -5.150963 0.633539
v -10.154567 -5.275777 0.633539
v -10.148494 -5.402252 0.633539
v -10.140639 -5.528000 0.633539
v -10.130794 -5.650637 0.633539
v -10.118748 -5.767774 0.633539
v -10.104294 -5.877024 0.633539
v -10.087223 -5.976001 0.633539
v -10.067324 -6.062319 0.633539
v -10.041347 -6.146424 0.633539
v -10.011038 -6.229122 0.633539
v -9.976549 -6.310191 0.633539
v -9.938035 -6.389413 0.633539
v -9.895648 -6.466567 0.633539
v -9.849544 -6.541432 0.633539
v -9.799876 -6.613791 0.633539
v -9.746799 -6.683421 0.633539
v -9.690465 -6.750104 0.633539
v -9.631031 -6.813619 0.633539
v -9.568648 -6.873747 0.633539
v -9.503473 -6.930266 0.633539
v -9.265897 -6.771882 0.633539
v -9.330822 -6.722491 0.633539
v -9.392515 -6.669504 0.633539
v -9.450909 -6.613151 0.633539
v -9.505937 -6.553663 0.633539
v -9.557533 -6.491272 0.633539
v -9.605631 -6.426208 0.633539
v -9.650166 -6.358702 0.633539
v -9.691071 -6.288985 0.633539
v -9.728280 -6.217288 0.633539
v -9.761728 -6.143843 0.633539
v -9.791348 -6.068880 0.633539
v -9.817075 -5.992630 0.633539
v -10.735706 -6.546196 0.633539
v -10.735706 -6.433041 0.633539
v -10.735706 -6.280444 0.633539
v -10.735706 -6.097985 0.633539
v -10.735706 -5.895243 0.633539
v -10.735706 -5.681800 0.633539
v -10.735706 -5.467235 0.633539
v -10.735706 -5.261128 0.633539
v -10.735706 -5.073059 0.633539
v -10.735706 -4.912609 0.633539
v -10.735706 -4.789356 0.633539
v -10.735706 -4.712883 0.633539
v -10.735454 -4.683468 0.633539
v -10.734752 -4.655483 0.633539
v -10.733676 -4.629038 0.633539
v -10.732304 -4.604243 0.633539
v -10.730710 -4.581207 0.633539
v -10.728974 -4.560041 0.633539
v -10.727172 -4.540856 0.633539
v -10.725381 -4.523760 0.633539
v -10.723679 -4.508863 0.633539
v -10.722140 -4.496277 0.633539
v -10.720845 -4.486111 0.633539
v -10.719868 -4.478474 0.633539
v -11.011295 -4.478474 0.633539
v -11.010382 -4.486111 0.633539
v -11.009257 -4.496277 0.633539
v -11.007979 -4.508863 0.633539
v -11.006603 -4.523760 0.633539
v -11.005182 -4.540856 0.633539
v -11.003773 -4.560041 0.633539
v -11.002429 -4.581207 0.633539
v -11.001205 -4.604243 0.633539
v -11.000158 -4.629038 0.633539
v -10.999343 -4.655483 0.633539
v -10.998813 -4.683468 0.633539
v -10.998624 -4.712883 0.633539
v -10.998624 -4.788893 0.633539
v -10.998624 -4.910747 0.633539
v -10.998624 -5.068852 0.633539
v -10.998624 -5.253620 0.633539
v -10.998624 -5.455457 0.633539
v -10.998624 -5.664774 0.633539
v -10.998624 -5.871979 0.633539
v -10.998624 -6.067481 0.633539
v -10.998624 -6.241690 0.633539
v -10.998624 -6.385013 0.633539
v -10.998624 -6.487860 0.633539
v -10.998624 -6.540640 0.633539
v -11.073383 -6.504195 0.633539
v -11.151390 -6.461580 0.633539
v -11.231793 -6.413091 0.633539
v -11.313749 -6.359026 0.633539
v -11.396408 -6.299681 0.633539
v -11.478924 -6.235354 0.633539
v -11.560450 -6.166341 0.633539
v -11.640140 -6.092940 0.633539
v -11.717145 -6.015447 0.633539
v -11.790621 -5.934159 0.633539
v -11.859717 -5.849374 0.633539
v -11.923591 -5.761388 0.633539
v -12.072472 -5.976791 0.633539
v -12.001006 -6.068464 0.633539
v -11.923384 -6.157937 0.633539
v -11.840437 -6.244857 0.633539
v -11.753004 -6.328875 0.633539
v -11.661918 -6.409636 0.633539
v -11.568016 -6.486790 0.633539
v -11.472135 -6.559984 0.633539
v -11.375109 -6.628867 0.633539
v -11.277776 -6.693086 0.633539
v -11.180971 -6.752289 0.633539
v -11.085530 -6.806125 0.633539
v -10.992289 -6.854242 0.633539
v -10.979947 -6.861301 0.633539
v -10.968252 -6.868218 0.633539
v -10.957197 -6.874980 0.633539
v -10.946769 -6.881578 0.633539
v -10.936955 -6.888000 0.633539
v -10.927748 -6.894234 0.633539
v -10.919133 -6.900270 0.633539
v -10.911102 -6.906098 0.633539
v -10.903644 -6.911706 0.633539
v -10.896746 -6.917082 0.633539
v -10.890397 -6.922217 0.633539
v -10.884587 -6.927099 0.633539
v -10.716700 -6.787721 0.633539
v -10.719738 -6.774793 0.633539
v -10.722509 -6.761382 0.633539
v -10.725017 -6.747530 0.633539
v -10.727260 -6.733283 0.633539
v -10.729240 -6.718684 0.633539
v -10.730956 -6.703776 0.633539
v -10.732408 -6.688605 0.633539
v -10.733595 -6.673214 0.633539
v -10.734519 -6.657647 0.633539
v -10.735179 -6.641948 0.633539
v -10.735575 -6.626161 0.633539
v -10.735706 -6.610330 0.633539
v -6.956511 -4.708651 0.633539
v -6.956090 -4.683509 0.633539
v -6.955360 -4.656805 0.633539
v -6.954301 -4.628881 0.633539
v -6.952891 -4.600076 0.633539
v -6.951105 -4.570733 0.633539
v -6.948924 -4.541192 0.633539
v -6.946325 -4.511793 0.633539
v -6.943285 -4.482879 0.633539
v -6.939785 -4.454789 0.633539
v -6.935800 -4.427866 0.633539
v -6.931309 -4.402449 0.633539
v -7.241743 -4.402449 0.633539
v -7.239311 -4.427745 0.633539
v -7.236801 -4.454350 0.633539
v -7.234269 -4.481988 0.633539
v -7.231771 -4.510385 0.633539
v -7.229360 -4.539267 0.633539
v -7.227093 -4.568357 0.633539
v -7.225023 -4.597381 0.633539
v -7.223207 -4.626064 0.633539
v -7.221697 -4.654132 0.633539
v -7.220552 -4.681309 0.633539
v -7.219824 -4.707319 0.633539
v -7.219569 -4.731889 0.633539
v -7.219569 -5.248222 0.633539
v -7.327669 -5.281918 0.633539
v -7.441850 -5.319276 0.633539
v -7.560542 -5.359735 0.633539
v -7.682169 -5.402736 0.633539
v -7.805161 -5.447716 0.633539
v -7.927945 -5.494114 0.633539
v -8.048945 -5.541371 0.633539
v -8.166592 -5.588925 0.633539
v -8.279311 -5.636215 0.633539
v -8.385529 -5.682680 0.633539
v -8.483675 -5.727759 0.633539
v -8.572173 -5.770892 0.633539
v -8.464472 -6.040145 0.633539
v -8.374161 -5.992967 0.633539
v -8.276787 -5.945173 0.633539
v -8.173738 -5.897203 0.633539
v -8.066399 -5.849497 0.633539
v -7.956157 -5.802495 0.633539
v -7.844398 -5.756637 0.633539
v -7.732504 -5.712363 0.633539
v -7.621867 -5.670112 0.633539
v -7.513868 -5.630325 0.633539
v -7.409895 -5.593442 0.633539
v -7.311333 -5.559903 0.633539
v -7.219569 -5.530147 0.633539
v -7.222737 -6.575485 0.633539
v -7.222868 -6.601472 0.633539
v -7.223264 -6.630011 0.633539
v -7.223924 -6.660617 0.633539
v -7.224848 -6.692807 0.633539
v -7.226036 -6.726097 0.633539
v -7.227487 -6.760003 0.633539
v -7.229203 -6.794041 0.633539
v -7.231183 -6.827727 0.633539
v -7.233428 -6.860577 0.633539
v -7.235935 -6.892107 0.633539
v -7.238707 -6.921834 0.633539
v -7.241743 -6.949273 0.633539
v -6.934476 -6.949273 0.633539
v -6.938238 -6.922862 0.633539
v -6.941617 -6.894527 0.633539
v -6.944621 -6.864586 0.633539
v -6.947263 -6.833359 0.633539
v -6.949553 -6.801163 0.633539
v -6.951501 -6.768318 0.633539
v -6.953120 -6.735144 0.633539
v -6.954419 -6.701958 0.633539
v -6.955411 -6.669080 0.633539
v -6.956107 -6.636830 0.633539
v -6.956516 -6.605525 0.633539
v -6.956650 -6.575485 0.633539
v -6.956650 -6.507028 0.633539
v -6.956650 -6.395807 0.633539
v -6.956650 -6.250005 0.633539
v -6.956650 -6.077806 0.633539
v -6.956650 -5.887392 0.633539
v -6.956650 -5.686948 0.633539
v -6.956650 -5.484655 0.633539
v -6.956650 -5.288699 0.633539
v -6.956650 -5.107260 0.633539
v -6.956650 -4.948524 0.633539
v -6.956650 -4.820673 0.633539
v -6.956650 -4.731889 0.633539
v -4.460197 -5.065468 0.633539
v -4.541418 -5.009971 0.633539
v -4.621519 -4.952143 0.633539
v -4.700199 -4.892268 0.633539
v -4.777164 -4.830634 0.633539
v -4.852116 -4.767526 0.633539
v -4.924759 -4.703229 0.633539
v -4.994795 -4.638031 0.633539
v -5.061927 -4.572217 0.633539
v -5.125858 -4.506073 0.633539
v -5.186292 -4.439886 0.633539
v -5.242930 -4.373940 0.633539
v -5.455165 -4.570337 0.633539
v -5.393936 -4.632691 0.633539
v -5.330660 -4.694595 0.633539
v -5.265403 -4.755993 0.633539
v -5.198232 -4.816830 0.633539
v -5.129214 -4.877051 0.633539
v -5.058414 -4.936601 0.633539
v -4.985897 -4.995425 0.633539
v -4.911732 -5.053468 0.633539
v -4.835981 -5.110675 0.633539
v -4.758713 -5.166992 0.633539
v -4.679993 -5.222363 0.633539
v -4.599888 -5.276732 0.633539
v -4.599888 -6.613497 0.633539
v -4.600021 -6.644243 0.633539
v -4.600417 -6.676001 0.633539
v -4.601077 -6.708330 0.633539
v -4.602002 -6.740791 0.633539
v -4.603189 -6.772945 0.633539
v -4.604640 -6.804351 0.633539
v -4.606356 -6.834569 0.633539
v -4.608336 -6.863158 0.633539
v -4.610579 -6.889680 0.633539
v -4.613087 -6.913695 0.633539
v -4.615859 -6.934762 0.633539
v -4.618895 -6.952440 0.633539
v -4.308461 -6.952440 0.633539
v -4.310831 -6.935427 0.633539
v -4.313168 -6.914795 0.633539
v -4.315439 -6.891017 0.633539
v -4.317611 -6.864566 0.633539
v -4.319652 -6.835916 0.633539
v -4.321528 -6.805539 0.633539
v -4.323205 -6.773908 0.633539
v -4.324652 -6.741496 0.633539
v -4.325834 -6.708776 0.633539
v -4.326719 -6.676221 0.633539
v -4.327275 -6.644303 0.633539
v -4.327467 -6.613497 0.633539
v -4.327467 -5.441452 0.633539
v -4.242259 -5.488936 0.633539
v -4.153156 -5.536233 0.633539
v -4.060490 -5.583157 0.633539
v -3.964590 -5.629519 0.633539
v -3.865787 -5.675133 0.633539
v -3.764410 -5.719812 0.633539
v -3.660788 -5.763370 0.633538
v -3.555253 -5.805619 0.633538
v -3.448135 -5.846372 0.633538
v -3.339763 -5.885442 0.633538
v -3.230467 -5.922642 0.633538
v -3.120577 -5.957785 0.633538
v -2.993869 -5.710705 0.633538
v -3.129514 -5.672009 0.633538
v -3.262274 -5.630530 0.633538
v -3.391911 -5.586522 0.633538
v -3.518182 -5.540236 0.633538
v -3.640846 -5.491928 0.633538
v -3.759659 -5.441848 0.633538
v -3.874381 -5.390250 0.633539
v -3.984770 -5.337387 0.633539
v -4.090583 -5.283513 0.633539
v -4.191579 -5.228879 0.633539
v -4.287515 -5.173739 0.633539
v -4.378150 -5.118347 0.633539
v -1.042571 -4.728722 0.633538
v -1.901015 -4.728722 0.633538
v -1.922067 -4.728522 0.633538
v -1.942458 -4.727915 0.633538
v -1.962191 -4.726890 0.633538
v -1.981264 -4.725437 0.633538
v -1.999676 -4.723543 0.633538
v -2.017429 -4.721198 0.633538
v -2.034521 -4.718391 0.633538
v -2.050954 -4.715112 0.633538
v -2.066726 -4.711349 0.633538
v -2.081838 -4.707090 0.633538
v -2.096291 -4.702326 0.633538
v -2.110083 -4.697044 0.633538
v -2.319150 -4.823752 0.633538
v -2.312027 -4.835466 0.633538
v -2.304938 -4.848302 0.633538
v -2.297916 -4.862062 0.633538
v -2.290992 -4.876547 0.633538
v -2.284199 -4.891561 0.633538
v -2.277573 -4.906904 0.633538
v -2.271144 -4.922379 0.633538
v -2.264947 -4.937789 0.633538
v -2.259014 -4.952935 0.633538
v -2.253377 -4.967618 0.633538
v -2.248070 -4.981642 0.633538
v -2.243127 -4.994807 0.633538
v -2.220701 -5.069241 0.633538
v -2.194643 -5.146534 0.633538
v -2.165023 -5.226247 0.633538
v -2.131906 -5.307940 0.633538
v -2.095357 -5.391172 0.633538
v -2.055441 -5.475504 0.633538
v -2.012227 -5.560497 0.633538
v -1.965778 -5.645709 0.633538
v -1.916162 -5.730701 0.633538
v -1.863444 -5.815034 0.633538
v -1.807691 -5.898266 0.633538
v -1.748966 -5.979959 0.633538
v -1.782085 -6.004499 0.633538
v -1.814873 -6.028985 0.633538
v -1.847265 -6.053360 0.633538
v -1.879195 -6.077571 0.633538
v -1.910596 -6.101562 0.633538
v -1.941404 -6.125277 0.633538
v -1.971551 -6.148663 0.633538
v -2.000974 -6.171663 0.633538
v -2.029603 -6.194224 0.633538
v -2.057376 -6.216290 0.633538
v -2.084225 -6.237805 0.633538
v -2.110083 -6.258716 0.633538
v -1.923189 -6.477287 0.633538
v -1.898914 -6.455645 0.633538
v -1.873636 -6.433496 0.633538
v -1.847413 -6.410864 0.633538
v -1.820299 -6.387770 0.633538
v -1.792349 -6.364236 0.633538
v -1.763618 -6.340284 0.633538
v -1.734161 -6.315936 0.633538
v -1.704033 -6.291214 0.633538
v -1.673289 -6.266140 0.633538
v -1.641984 -6.240736 0.633538
v -1.610174 -6.215024 0.633538
v -1.577911 -6.189027 0.633538
v -1.505161 -6.266925 0.633538
v -1.427795 -6.343657 0.633538
v -1.345676 -6.418981 0.633538
v -1.258675 -6.492656 0.633538
v -1.166658 -6.564438 0.633538
v -1.069494 -6.634088 0.633538
v -0.967051 -6.701361 0.633538
v -0.859195 -6.766016 0.633538
v -0.745797 -6.827811 0.633538
v -0.626723 -6.886505 0.633538
v -0.501842 -6.941855 0.633538
v -0.371021 -6.993620 0.633538
v -0.142947 -6.797224 0.633538
v -0.274084 -6.753468 0.633538
v -0.399839 -6.704818 0.633538
v -0.520250 -6.651658 0.633538
v -0.635348 -6.594374 0.633538
v -0.745167 -6.533350 0.633538
v -0.849740 -6.468971 0.633538
v -0.949099 -6.401623 0.633538
v -1.043277 -6.331690 0.633538
v -1.132307 -6.259557 0.633538
v -1.216223 -6.185610 0.633538
v -1.295057 -6.110232 0.633538
v -1.368844 -6.033810 0.633538
v -1.311591 -5.992652 0.633538
v -1.253986 -5.951626 0.633538
v -1.196204 -5.910864 0.633538
v -1.138423 -5.870498 0.633538
v -1.080818 -5.830660 0.633538
v -1.023565 -5.791481 0.633538
v -0.966839 -5.753095 0.633538
v -0.910817 -5.715633 0.633538
v -0.855676 -5.679226 0.633538
v -0.801590 -5.644008 0.633538
v -0.748737 -5.610109 0.633538
v -0.697292 -5.577662 0.633538
v -0.868349 -5.403440 0.633538
v -0.921182 -5.434176 0.633538
v -0.975052 -5.466133 0.633538
v -1.029800 -5.499213 0.633538
v -1.085275 -5.533315 0.633538
v -1.141321 -5.568341 0.633538
v -1.197786 -5.604192 0.633538
v -1.254515 -5.640769 0.633538
v -1.311354 -5.677973 0.633538
v -1.368149 -5.715704 0.633538
v -1.424747 -5.753865 0.633538
v -1.480992 -5.792356 0.633538
v -1.536731 -5.831078 0.633538
v -1.587249 -5.760881 0.633538
v -1.635734 -5.688429 0.633538
v -1.681997 -5.614239 0.633538
v -1.725852 -5.538829 0.633538
v -1.767110 -5.462715 0.633538
v -1.805587 -5.386413 0.633538
v -1.841093 -5.310442 0.633538
v -1.873443 -5.235317 0.633538
v -1.902449 -5.161557 0.633538
v -1.927924 -5.089677 0.633538
v -1.949683 -5.020195 0.633538
v -1.967536 -4.953628 0.633538
v -0.896857 -4.953628 0.633538
v -0.844529 -5.025375 0.633538
v -0.788922 -5.097860 0.633538
v -0.730059 -5.170763 0.633538
v -0.667963 -5.243764 0.633538
v -0.602655 -5.316546 0.633538
v -0.534158 -5.388789 0.633538
v -0.462492 -5.460174 0.633538
v -0.387682 -5.530382 0.633538
v -0.309747 -5.599094 0.633538
v -0.228710 -5.665991 0.633538
v -0.144594 -5.730755 0.633538
v -0.057420 -5.793066 0.633538
v 0.154816 -5.628345 0.633538
v 0.023199 -5.540959 0.633538
v -0.099346 -5.449019 0.633538
v -0.212982 -5.353647 0.633538
v -0.317874 -5.255966 0.633538
v -0.414186 -5.157096 0.633538
v -0.502083 -5.058161 0.633538
v -0.581732 -4.960281 0.633538
v -0.653297 -4.864580 0.633538
v -0.716942 -4.772178 0.633538
v -0.772833 -4.684197 0.633538
v -0.821134 -4.601761 0.633538
v -0.862012 -4.525989 0.633538
v -0.870299 -4.510660 0.633538
v -0.879200 -4.493373 0.633538
v -0.888542 -4.474415 0.633538
v -0.898147 -4.454071 0.633538
v -0.907842 -4.432627 0.633538
v -0.917447 -4.410368 0.633538
v -0.926789 -4.387582 0.633538
v -0.935690 -4.364554 0.633538
v -0.943977 -4.341570 0.633538
v -0.951470 -4.318916 0.633538
v -0.957997 -4.296878 0.633538
v -0.963379 -4.275742 0.633538
v -1.251639 -4.367605 0.633538
v -1.238128 -4.388679 0.633538
v -1.224583 -4.410544 0.633538
v -1.211104 -4.432938 0.633538
v -1.197789 -4.455596 0.633538
v -1.184739 -4.478254 0.633538
v -1.172050 -4.500648 0.633538
v -1.159825 -4.522513 0.633538
v -1.148161 -4.543587 0.633538
v -1.137157 -4.563605 0.633538
v -1.126912 -4.582304 0.633538
v -1.117524 -4.599418 0.633538
v -1.109092 -4.614685 0.633538
v 3.022340 -4.747757 0.633538
v 2.947971 -4.740043 0.633538
v 2.860073 -4.731097 0.633538
v 2.760066 -4.721096 0.633538
v 2.649367 -4.710214 0.633538
v 2.529396 -4.698628 0.633538
v 2.401572 -4.686515 0.633538
v 2.267314 -4.674049 0.633538
v 2.128040 -4.661408 0.633538
v 1.985170 -4.648767 0.633538
v 1.840121 -4.636301 0.633538
v 1.694314 -4.624187 0.633538
v 1.609007 -4.617258 0.633538
v 1.525811 -4.610725 0.633538
v 1.444858 -4.604588 0.633538
v 1.366282 -4.598846 0.633538
v 1.290213 -4.593501 0.633538
v 1.216785 -4.588551 0.633538
v 1.146128 -4.583998 0.633538
v 1.078374 -4.579840 0.633538
v 1.013656 -4.576078 0.633538
v 0.952106 -4.572712 0.633538
v 0.893856 -4.569743 0.633538
v 0.839037 -4.567169 0.633538
v 0.839037 -4.820584 0.633538
v 0.886098 -4.820674 0.633538
v 0.936502 -4.821039 0.633538
v 0.989502 -4.821822 0.633538
v 1.044351 -4.823165 0.633538
v 1.100299 -4.825213 0.633538
v 1.156598 -4.828108 0.633538
v 1.212502 -4.831992 0.633538
v 1.267262 -4.837009 0.633538
v 1.320130 -4.843303 0.633538
v 1.370359 -4.851015 0.633538
v 1.417199 -4.860289 0.633538
v 1.459904 -4.871267 0.633538
v 1.568669 -4.914436 0.633538
v 1.669822 -4.970067 0.633538
v 1.763012 -5.036631 0.633538
v 1.847887 -5.112598 0.633538
v 1.924095 -5.196441 0.633538
v 1.991284 -5.286631 0.633538
v 2.049102 -5.381638 0.633538
v 2.097197 -5.479933 0.633538
v 2.135216 -5.579988 0.633538
v 2.162809 -5.680275 0.633538
v 2.179623 -5.779263 0.633538
v 2.185306 -5.875425 0.633538
v 2.173663 -6.021214 0.633538
v 2.140210 -6.150296 0.633538
v 2.087157 -6.263517 0.633538
v 2.016714 -6.361725 0.633538
v 1.931093 -6.445765 0.633538
v 1.832504 -6.516487 0.633538
v 1.723158 -6.574735 0.633538
v 1.605265 -6.621358 0.633538
v 1.481038 -6.657202 0.633538
v 1.352686 -6.683113 0.633538
v 1.222421 -6.699940 0.633538
v 1.092452 -6.708528 0.633538
v 1.184316 -6.971447 0.633538
v 1.332103 -6.959773 0.633538
v 1.480715 -6.935605 0.633538
v 1.627545 -6.898590 0.633538
v 1.769986 -6.848376 0.633538
v 1.905433 -6.784611 0.633538
v 2.031277 -6.706944 0.633538
v 2.144912 -6.615023 0.633538
v 2.243731 -6.508494 0.633538
v 2.325130 -6.387008 0.633538
v 2.386498 -6.250210 0.633538
v 2.425231 -6.097750 0.633538
v 2.438721 -5.929276 0.633538
v 2.432631 -5.807729 0.633538
v 2.415080 -5.690482 0.633538
v 2.387146 -5.578009 0.633538
v 2.349907 -5.470782 0.633538
v 2.304441 -5.369275 0.633538
v 2.251826 -5.273960 0.633538
v 2.193140 -5.185310 0.633538
v 2.129460 -5.103799 0.633538
v 2.061864 -5.029900 0.633538
v 1.991431 -4.964084 0.633538
v 1.919237 -4.906825 0.633538
v 1.846362 -4.858597 0.633538
v 1.940324 -4.868868 0.633538
v 2.050576 -4.880580 0.633538
v 2.173872 -4.893590 0.633538
v 2.306968 -4.907755 0.633538
v 2.446620 -4.922931 0.633538
v 2.589582 -4.938977 0.633538
v 2.732610 -4.955749 0.633538
v 2.872460 -4.973103 0.633538
v 3.005886 -4.990897 0.633538
v 3.129644 -5.008988 0.633538
v 3.240489 -5.027234 0.633538
v 3.335177 -5.045490 0.633538
v 3.363687 -4.769901 0.633538
v 3.334003 -4.769045 0.633538
v 3.305187 -4.768068 0.633538
v 3.277318 -4.766981 0.633538
v 3.250471 -4.765795 0.633538
v 3.224725 -4.764521 0.633538
v 3.200155 -4.763170 0.633538
v 3.176839 -4.761753 0.633538
v 3.154854 -4.760281 0.633538
v 3.134277 -4.758765 0.633538
v 3.115185 -4.757216 0.633538
v 3.097654 -4.755645 0.633538
v 3.081762 -4.754063 0.633538
v 1.196986 -5.726544 0.633538
v 1.215586 -5.688295 0.633538
v 1.234924 -5.649683 0.633538
v 1.254944 -5.610874 0.633538
v 1.275590 -5.572031 0.633538
v 1.296810 -5.533320 0.633538
v 1.318545 -5.494906 0.633538
v 1.340743 -5.456955 0.633538
v 1.363348 -5.419630 0.633538
v 1.386305 -5.383097 0.633538
v 1.409559 -5.347521 0.633538
v 1.433054 -5.313067 0.633538
v 1.456737 -5.279900 0.633538
v 1.295184 -5.210210 0.633538
v 1.276039 -5.238171 0.633538
v 1.255265 -5.269443 0.633538
v 1.233216 -5.303509 0.633538
v 1.210244 -5.339851 0.633538
v 1.186698 -5.377953 0.633538
v 1.162933 -5.417298 0.633538
v 1.139300 -5.457369 0.633538
v 1.116152 -5.497649 0.633538
v 1.093839 -5.537621 0.633538
v 1.072713 -5.576768 0.633538
v 1.053128 -5.614573 0.633538
v 1.035434 -5.650519 0.633538
v 0.839037 -5.593501 0.633538
v 0.858366 -5.554709 0.633538
v 0.878324 -5.515995 0.633538
v 0.898876 -5.477435 0.633538
v 0.919988 -5.439106 0.633538
v 0.941629 -5.401084 0.633538
v 0.963764 -5.363447 0.633538
v 0.986361 -5.326273 0.633538
v 1.009388 -5.289637 0.633538
v 1.032810 -5.253618 0.633538
v 1.056595 -5.218291 0.633538
v 1.080711 -5.183734 0.633538
v 1.105123 -5.150024 0.633538
v 0.949906 -5.077167 0.633538
v 0.929904 -5.105066 0.633538
v 0.908154 -5.136166 0.633538
v 0.885018 -5.169971 0.633538
v 0.860859 -5.205986 0.633538
v 0.836040 -5.243719 0.633538
v 0.810924 -5.282671 0.633538
v 0.785874 -5.322350 0.633538
v 0.761253 -5.362259 0.633538
v 0.737424 -5.401905 0.633538
v 0.714750 -5.440792 0.633538
v 0.693593 -5.478425 0.633538
v 0.674317 -5.514308 0.633538
v 4.649769 -4.972633 0.633538
v 4.649769 -5.625178 0.633538
v 3.765984 -5.625178 0.633538
v 3.765984 -5.903934 0.633538
v 4.649769 -5.903934 0.633538
v 4.649769 -6.575485 0.633538
v 3.705797 -6.575485 0.633538
v 3.705797 -6.854242 0.633538
v 4.960203 -6.854242 0.633538
v 4.960203 -4.693877 0.633538
v 3.734306 -4.693877 0.633538
v 3.734306 -4.972633 0.633538
v 5.428264 -5.138334 0.633538
v 5.492653 -5.104811 0.633538
v 5.555877 -5.074742 0.633538
v 5.618144 -5.048071 0.633538
v 5.679663 -5.024745 0.633538
v 5.740643 -5.004706 0.633538
v 5.801293 -4.987902 0.633538
v 5.861822 -4.974276 0.633538
v 5.922439 -4.963774 0.633538
v 5.983352 -4.956340 0.633538
v 6.044772 -4.951921 0.633538
v 6.106907 -4.950459 0.633538
v 6.227668 -4.957653 0.633538
v 6.342313 -4.978704 0.633538
v 6.450007 -5.012823 0.633538
v 6.549914 -5.059216 0.633538
v 6.641198 -5.117093 0.633538
v 6.723023 -5.185660 0.633538
v 6.794552 -5.264127 0.633538
v 6.854951 -5.351700 0.633538
v 6.903383 -5.447589 0.633538
v 6.939012 -5.551001 0.633538
v 6.961003 -5.661144 0.633538
v 6.968519 -5.777227 0.633538
v 6.961237 -5.895181 0.633538
v 6.939833 -6.006283 0.633538
v 6.904967 -6.109884 0.633538
v 6.857297 -6.205335 0.633538
v 6.797485 -6.291986 0.633538
v 6.726191 -6.369189 0.633538
v 6.644072 -6.436296 0.633538
v 6.551792 -6.492656 0.633538
v 6.450007 -6.537621 0.633538
v 6.339380 -6.570543 0.633538
v 6.220570 -6.590772 0.633538
v 6.094236 -6.597659 0.633538
v 6.032820 -6.595884 0.633538
v 5.970636 -6.590590 0.633538
v 5.907836 -6.581820 0.633538
v 5.844574 -6.569619 0.633538
v 5.781004 -6.554030 0.633538
v 5.717280 -6.535097 0.633538
v 5.653556 -6.512865 0.633538
v 5.589987 -6.487376 0.633538
v 5.526724 -6.458676 0.633538
v 5.463924 -6.426809 0.633538
v 5.401740 -6.391818 0.633538
v 5.340326 -6.353747 0.633538
v 5.340326 -6.692690 0.633538
v 5.393832 -6.719719 0.633538
v 5.448438 -6.745265 0.633538
v 5.504452 -6.769160 0.633538
v 5.562181 -6.791240 0.633538
v 5.621935 -6.811340 0.633538
v 5.684020 -6.829296 0.633538
v 5.748745 -6.844942 0.633538
v 5.816418 -6.858113 0.633538
v 5.887347 -6.868645 0.633538
v 5.961839 -6.876372 0.633538
v 6.040202 -6.881129 0.633538
v 6.122746 -6.882751 0.633538
v 6.316033 -6.870211 0.633538
v 6.490666 -6.834429 0.633538
v 6.646998 -6.778168 0.633538
v 6.785378 -6.704187 0.633538
v 6.906162 -6.615248 0.633538
v 7.009699 -6.514111 0.633538
v 7.096341 -6.403537 0.633538
v 7.166440 -6.286287 0.633538
v 7.220350 -6.165121 0.633538
v 7.258421 -6.042800 0.633538
v 7.281005 -5.922085 0.633538
v 7.288456 -5.805736 0.633538
v 7.278273 -5.644888 0.633538
v 7.248435 -5.492487 0.633538
v 7.200008 -5.349589 0.633538
v 7.134060 -5.217249 0.633538
v 7.051658 -5.096525 0.633538
v 6.953869 -4.988472 0.633538
v 6.841758 -4.894145 0.633538
v 6.716394 -4.814601 0.633538
v 6.578844 -4.750895 0.633538
v 6.430173 -4.704083 0.633538
v 6.271449 -4.675222 0.633538
v 6.103739 -4.665368 0.633538
v 6.048200 -4.666498 0.633538
v 5.992298 -4.669929 0.633538
v 5.935802 -4.675712 0.633538
v 5.878481 -4.683904 0.633538
v 5.820104 -4.694561 0.633538
v 5.760440 -4.707736 0.633538
v 5.699259 -4.723484 0.633538
v 5.636329 -4.741861 0.633538
v 5.571418 -4.762922 0.633538
v 5.504298 -4.786722 0.633538
v 5.434735 -4.813316 0.633538
v 5.362500 -4.842758 0.633538
v 5.362500 -5.175365 0.633538
v 7.757274 -6.854242 0.633538
v 8.045534 -6.217536 0.633538
v 8.964165 -6.217536 0.633537
v 9.236586 -6.854242 0.633537
v 9.553354 -6.854242 0.633537
v 8.625222 -4.681206 0.633537
v 8.406651 -4.681206 0.633537
v 7.440505 -6.854242 0.633538
v 8.172241 -5.938779 0.633537
v 8.520688 -5.156360 0.633537
v 8.843792 -5.938779 0.633537
v 10.159746 -4.699559 0.633537
v 10.057619 -4.716109 0.633537
v 9.965897 -4.742778 0.633537
v 9.884438 -4.778818 0.633537
v 9.813097 -4.823481 0.633537
v 9.751732 -4.876019 0.633537
v 9.700199 -4.935684 0.633537
v 9.658358 -5.001729 0.633537
v 9.626063 -5.073406 0.633537
v 9.603173 -5.149965 0.633537
v 9.589543 -5.230661 0.633537
v 9.585032 -5.314744 0.633537
v 9.589808 -5.397850 0.633537
v 9.604243 -5.477250 0.633537
v 9.628489 -5.552271 0.633537
v 9.662699 -5.622245 0.633537
v 9.707028 -5.686499 0.633537
v 9.761630 -5.744362 0.633537
v 9.826659 -5.795164 0.633537
v 9.902269 -5.838234 0.633537
v 9.988615 -5.872901 0.633537
v 10.085850 -5.898494 0.633537
v 10.194126 -5.914341 0.633537
v 10.313601 -5.919773 0.633537
v 10.636704 -5.919773 0.633537
v 10.636704 -6.854242 0.633537
v 10.947139 -6.854242 0.633537
v 10.947139 -4.693877 0.633537
v 10.272421 -4.693877 0.633537
v 10.285091 -5.641016 0.633537
v 10.229035 -5.638461 0.633537
v 10.176641 -5.630868 0.633537
v 10.128142 -5.618348 0.633537
v 10.083768 -5.601009 0.633537
v 10.043748 -5.578964 0.633537
v 10.008315 -5.552321 0.633537
v 9.977699 -5.521190 0.633537
v 9.952132 -5.485682 0.633537
v 9.931844 -5.445907 0.633537
v 9.917068 -5.401973 0.633537
v 9.908031 -5.353992 0.633537
v 9.904968 -5.302073 0.633537
v 9.906815 -5.262320 0.633537
v 9.912610 -5.222676 0.633537
v 9.922737 -5.183780 0.633537
v 9.937584 -5.146270 0.633537
v 9.957534 -5.110784 0.633537
v 9.982973 -5.077959 0.633537
v 10.014285 -5.048434 0.633537
v 10.051856 -5.022847 0.633537
v 10.096069 -5.001836 0.633537
v 10.147311 -4.986037 0.633537
v 10.205967 -4.976091 0.633537
v 10.272421 -4.972633 0.633537
v 10.636704 -4.972633 0.633537
v 10.636704 -5.641016 0.633537
v 11.401556 -5.128006 0.633537
v 11.446989 -5.091877 0.633537
v 11.491982 -5.060389 0.633537
v 11.536447 -5.033289 0.633537
v 11.580296 -5.010325 0.633537
v 11.623441 -4.991243 0.633537
v 11.665794 -4.975792 0.633537
v 11.707267 -4.963717 0.633537
v 11.747773 -4.954766 0.633537
v 11.787222 -4.948685 0.633537
v 11.825527 -4.945222 0.633537
v 11.862601 -4.944124 0.633537
v 11.911255 -4.946269 0.633537
v 11.957236 -4.952571 0.633537
v 12.000248 -4.962833 0.633537
v 12.039992 -4.976857 0.633537
v 12.076173 -4.994444 0.633537
v 12.108494 -5.015397 0.633537
v 12.136656 -5.039518 0.633537
v 12.160364 -5.066608 0.633537
v 12.179321 -5.096470 0.633537
v 12.193230 -5.128906 0.633537
v 12.201792 -5.163718 0.633537
v 12.204712 -5.200707 0.633537
v 12.186326 -5.296317 0.633537
v 12.135492 -5.378245 0.633537
v 12.058702 -5.450361 0.633537
v 11.962442 -5.516538 0.633537
v 11.853205 -5.580647 0.633537
v 11.737477 -5.646560 0.633537
v 11.621750 -5.718148 0.633537
v 11.512513 -5.799284 0.633537
v 11.416253 -5.893837 0.633537
v 11.339463 -6.005682 0.633537
v 11.288630 -6.138689 0.633537
v 11.270243 -6.296728 0.633537
v 11.275494 -6.379460 0.633537
v 11.290862 -6.457826 0.633537
v 11.315779 -6.531286 0.633537
v 11.349670 -6.599301 0.633537
v 11.391964 -6.661334 0.633537
v 11.442090 -6.716843 0.633537
v 11.499475 -6.765292 0.633537
v 11.563548 -6.806140 0.633537
v 11.633736 -6.838849 0.633537
v 11.709467 -6.862880 0.633537
v 11.790170 -6.877693 0.633537
v 11.875273 -6.882751 0.633537
v 11.932971 -6.881426 0.633537
v 11.988942 -6.877428 0.633537
v 12.043308 -6.870724 0.633537
v 12.096189 -6.861281 0.633537
v 12.147707 -6.849067 0.633537
v 12.197981 -6.834048 0.633537
v 12.247133 -6.816191 0.633537
v 12.295284 -6.795464 0.633537
v 12.342556 -6.771832 0.633537
v 12.389069 -6.745265 0.633537
v 12.434943 -6.715727 0.633537
v 12.480302 -6.683187 0.633537
v 12.480302 -6.290393 0.633537
v 12.439864 -6.339151 0.633537
v 12.397809 -6.384016 0.633537
v 12.354237 -6.424921 0.633537
v 12.309246 -6.461800 0.633537
v 12.262935 -6.494588 0.633537
v 12.215404 -6.523218 0.633537
v 12.166749 -6.547625 0.633537
v 12.117073 -6.567742 0.633537
v 12.066472 -6.583503 0.633537
v 12.015046 -6.594843 0.633537
v 11.962895 -6.601696 0.633537
v 11.910117 -6.603994 0.633537
v 11.852625 -6.600933 0.633537
v 11.800479 -6.592174 0.633537
v 11.753613 -6.578356 0.633537
v 11.711960 -6.560116 0.633537
v 11.675455 -6.538093 0.633537
v 11.644031 -6.512923 0.633537
v 11.617622 -6.485246 0.633537
v 11.596164 -6.455699 0.633537
v 11.579589 -6.424921 0.633537
v 11.567830 -6.393548 0.633537
v 11.560823 -6.362220 0.633537
v 11.558503 -6.331573 0.633537
v 11.576890 -6.227619 0.633537
v 11.627723 -6.136907 0.633537
v 11.704514 -6.056182 0.633537
v 11.800773 -5.982189 0.633537
v 11.910010 -5.911671 0.633537
v 12.025738 -5.841373 0.633537
v 12.141464 -5.768039 0.633537
v 12.250702 -5.688415 0.633537
v 12.346961 -5.599242 0.633537
v 12.423753 -5.497268 0.633537
v 12.474586 -5.379234 0.633537
v 12.492972 -5.241887 0.633537
v 12.487632 -5.156680 0.633537
v 12.471898 -5.077094 0.633537
v 12.446198 -5.003469 0.633537
v 12.410964 -4.936146 0.633537
v 12.366622 -4.875467 0.633537
v 12.313601 -4.821772 0.633537
v 12.252332 -4.775403 0.633537
v 12.183242 -4.736699 0.633537
v 12.106761 -4.706003 0.633537
v 12.023317 -4.683655 0.633537
v 11.933341 -4.669996 0.633537
v 11.837260 -4.665368 0.633537
v 11.796087 -4.666423 0.633537
v 11.754959 -4.669591 0.633537
v 11.713918 -4.674870 0.633537
v 11.673009 -4.682261 0.633537
v 11.632277 -4.691765 0.633537
v 11.591763 -4.703380 0.633537
v 11.551515 -4.717106 0.633537
v 11.511574 -4.732945 0.633537
v 11.471986 -4.750895 0.633537
v 11.432793 -4.770957 0.633537
v 11.394040 -4.793131 0.633537
v 11.355771 -4.817417 0.633537
v 11.355771 -5.169030 0.633537
v 11.401556 -5.128006 0.633537
v 11.401556 -5.128006 -0.633539
v 11.446989 -5.091877 0.633537
v 11.446989 -5.091877 -0.633539
v 11.491982 -5.060389 0.633537
v 11.491982 -5.060389 -0.633539
v 11.536447 -5.033289 0.633537
v 11.536447 -5.033289 -0.633539
v 11.580296 -5.010325 0.633537
v 11.580296 -5.010325 -0.633539
v 11.623441 -4.991243 0.633537
v 11.623441 -4.991243 -0.633539
v 11.665794 -4.975792 0.633537
v 11.665794 -4.975792 -0.633539
v 11.707267 -4.963717 0.633537
v 11.707267 -4.963717 -0.633539
v 11.747773 -4.954766 0.633537
v 11.747773 -4.954766 -0.633539
v 11.787222 -4.948685 0.633537
v 11.787222 -4.948685 -0.633539
v 11.825527 -4.945222 0.633537
v 11.825527 -4.945222 -0.633539
v 11.862601 -4.944124 0.633537
v 11.862601 -4.944124 -0.633539
v 11.911255 -4.946269 0.633537
v 11.911255 -4.946269 -0.633539
v 11.957236 -4.952571 0.633537
v 11.957236 -4.952571 -0.633539
v 12.000248 -4.962833 0.633537
v 12.000248 -4.962833 -0.633539
v 12.039992 -4.976857 0.633537
v 12.039992 -4.976857 -0.633539
v 12.076173 -4.994444 0.633537
v 12.076173 -4.994444 -0.633539
v 12.108494 -5.015397 0.633537
v 12.108494 -5.015397 -0.633539
v 12.136656 -5.039518 0.633537
v 12.136656 -5.039518 -0.633539
v 12.160364 -5.066608 0.633537
v 12.160364 -5.066608 -0.633539
v 12.179321 -5.096470 0.633537
v 12.179321 -5.096470 -0.633539
v 12.193230 -5.128906 0.633537
v 12.193230 -5.128906 -0.633539
v 12.201792 -5.163718 0.633537
v 12.201792 -5.163718 -0.633539
v 12.204712 -5.200707 0.633537
v 12.204712 -5.200707 -0.633539
v 12.186326 -5.296317 0.633537
v 12.186326 -5.296318 -0.633539
v 12.135492 -5.378245 0.633537
v 12.135492 -5.378245 -0.633539
v 12.058702 -5.450361 0.633537
v 12.058702 -5.450361 -0.633539
v 11.962442 -5.516538 0.633537
v 11.962442 -5.516538 -0.633539
v 11.853205 -5.580647 0.633537
v 11.853205 -5.580647 -0.633539
v 11.737477 -5.646560 0.633537
v 11.737477 -5.646560 -0.633539
v 11.621750 -5.718148 0.633537
v 11.621750 -5.718148 -0.633539
v 11.512513 -5.799284 0.633537
v 11.512513 -5.799284 -0.633539
v 11.416253 -5.893837 0.633537
v 11.416253 -5.893838 -0.633539
v 11.339463 -6.005682 0.633537
v 11.339463 -6.005682 -0.633539
v 11.288630 -6.138689 0.633537
v 11.288630 -6.138689 -0.633539
v 11.270243 -6.296728 0.633537
v 11.270243 -6.296728 -0.633539
v 11.275494 -6.379460 0.633537
v 11.275494 -6.379460 -0.633539
v 11.290862 -6.457826 0.633537
v 11.290862 -6.457826 -0.633539
v 11.315779 -6.531286 0.633537
v 11.315779 -6.531286 -0.633539
v 11.349670 -6.599301 0.633537
v 11.349670 -6.599301 -0.633539
v 11.391964 -6.661334 0.633537
v 11.391964 -6.661334 -0.633539
v 11.442090 -6.716843 0.633537
v 11.442090 -6.716843 -0.633539
v 11.499475 -6.765292 0.633537
v 11.499475 -6.765292 -0.633539
v 11.563548 -6.806140 0.633537
v 11.563548 -6.806140 -0.633539
v 11.633736 -6.838849 0.633537
v 11.633736 -6.838849 -0.633539
v 11.709467 -6.862880 0.633537
v 11.709467 -6.862880 -0.633539
v 11.790170 -6.877693 0.633537
v 11.790170 -6.877693 -0.633539
v 11.875273 -6.882751 0.633537
v 11.875273 -6.882751 -0.633539
v 11.932971 -6.881426 0.633537
v 11.932971 -6.881426 -0.633539
v 11.988942 -6.877428 0.633537
v 11.988942 -6.877428 -0.633539
v 12.043308 -6.870724 0.633537
v 12.043308 -6.870724 -0.633539
v 12.096189 -6.861281 0.633537
v 12.096189 -6.861281 -0.633539
v 12.147707 -6.849067 0.633537
v 12.147707 -6.849067 -0.633539
v 12.197981 -6.834048 0.633537
v 12.197981 -6.834048 -0.633539
v 12.247133 -6.816191 0.633537
v 12.247133 -6.816191 -0.633539
v 12.295284 -6.795464 0.633537
v 12.295284 -6.795464 -0.633539
v 12.342556 -6.771832 0.633537
v 12.342556 -6.771832 -0.633539
v 12.389069 -6.745265 0.633537
v 12.389069 -6.745265 -0.633539
v 12.434943 -6.715727 0.633537
v 12.434943 -6.715727 -0.633539
v 12.480302 -6.683187 0.633537
v 12.480302 -6.683187 -0.633539
v 12.480302 -6.290393 0.633537
v 12.480302 -6.290393 -0.633539
v 12.439864 -6.339151 0.633537
v 12.439864 -6.339151 -0.633539
v 12.397809 -6.384016 0.633537
v 12.397809 -6.384016 -0.633539
v 12.354237 -6.424921 0.633537
v 12.354237 -6.424921 -0.633539
v 12.309246 -6.461800 0.633537
v 12.309246 -6.461800 -0.633539
v 12.262935 -6.494588 0.633537
v 12.262935 -6.494588 -0.633539
v 12.215404 -6.523218 0.633537
v 12.215404 -6.523218 -0.633539
v 12.166749 -6.547625 0.633537
v 12.166749 -6.547625 -0.633539
v 12.117073 -6.567742 0.633537
v 12.117073 -6.567742 -0.633539
v 12.066472 -6.583503 0.633537
v 12.066472 -6.583503 -0.633539
v 12.015046 -6.594843 0.633537
v 12.015046 -6.594843 -0.633539
v 11.962895 -6.601696 0.633537
v 11.962895 -6.601696 -0.633539
v 11.910117 -6.603994 0.633537
v 11.910117 -6.603994 -0.633539
v 11.852625 -6.600933 0.633537
v 11.852625 -6.600933 -0.633539
v 11.800479 -6.592174 0.633537
v 11.800479 -6.592174 -0.633539
v 11.753613 -6.578356 0.633537
v 11.753613 -6.578356 -0.633539
v 11.711960 -6.560116 0.633537
v 11.711960 -6.560116 -0.633539
v 11.675455 -6.538093 0.633537
v 11.675455 -6.538093 -0.633539
v 11.644031 -6.512923 0.633537
v 11.644031 -6.512923 -0.633539
v 11.617622 -6.485246 0.633537
v 11.617622 -6.485246 -0.633539
v 11.596164 -6.455699 0.633537
v 11.596164 -6.455699 -0.633539
v 11.579589 -6.424921 0.633537
v 11.579589 -6.424921 -0.633539
v 11.567830 -6.393548 0.633537
v 11.567830 -6.393548 -0.633539
v 11.560823 -6.362220 0.633537
v 11.560823 -6.362220 -0.633539
v 11.558503 -6.331573 0.633537
v 11.558503 -6.331573 -0.633539
v 11.576890 -6.227619 0.633537
v 11.576890 -6.227619 -0.633539
v 11.627723 -6.136907 0.633537
v 11.627723 -6.136907 -0.633539
v 11.704514 -6.056182 0.633537
v 11.704514 -6.056182 -0.633539
v 11.800773 -5.982189 0.633537
v 11.800773 -5.982189 -0.633539
v 11.910010 -5.911671 0.633537
v 11.910010 -5.911671 -0.633539
v 12.025738 -5.841373 0.633537
v 12.025738 -5.841373 -0.633539
v 12.141464 -5.768039 0.633537
v 12.141464 -5.768039 -0.633539
v 12.250702 -5.688415 0.633537
v 12.250702 -5.688415 -0.633539
v 12.346961 -5.599242 0.633537
v 12.346961 -5.599243 -0.633539
v 12.423753 -5.497268 0.633537
v 12.423753 -5.497268 -0.633539
v 12.474586 -5.379234 0.633537
v 12.474586 -5.379235 -0.633539
v 12.492972 -5.241887 0.633537
v 12.492972 -5.241887 -0.633539
v 12.487632 -5.156680 0.633537
v 12.487632 -5.156680 -0.633539
v 12.471898 -5.077094 0.633537
v 12.471898 -5.077094 -0.633539
v 12.446198 -5.003469 0.633537
v 12.446198 -5.003469 -0.633539
v 12.410964 -4.936146 0.633537
v 12.410964 -4.936146 -0.633539
v 12.366622 -4.875467 0.633537
v 12.366622 -4.875467 -0.633539
v 12.313601 -4.821772 0.633537
v 12.313601 -4.821772 -0.633539
v 12.252332 -4.775403 0.633537
v 12.252332 -4.775403 -0.633539
v 12.183242 -4.736699 0.633537
v 12.183242 -4.736699 -0.633539
v 12.106761 -4.706003 0.633537
v 12.106761 -4.706003 -0.633539
v 12.023317 -4.683655 0.633537
v 12.023317 -4.683655 -0.633539
v 11.933341 -4.669996 0.633537
v 11.933341 -4.669996 -0.633539
v 11.837260 -4.665368 0.633537
v 11.837260 -4.665368 -0.633539
v 11.796087 -4.666423 0.633537
v 11.796087 -4.666423 -0.633539
v 11.754959 -4.669591 0.633537
v 11.754959 -4.669591 -0.633539
v 11.713918 -4.674870 0.633537
v 11.713918 -4.674870 -0.633539
v 11.673009 -4.682261 0.633537
v 11.673009 -4.682261 -0.633539
v 11.632277 -4.691765 0.633537
v 11.632277 -4.691765 -0.633539
v 11.591763 -4.703380 0.633537
v 11.591763 -4.703380 -0.633539
v 11.551515 -4.717106 0.633537
v 11.551515 -4.717106 -0.633539
v 11.511574 -4.732945 0.633537
v 11.511574 -4.732945 -0.633539
v 11.471986 -4.750895 0.633537
v 11.471986 -4.750895 -0.633539
v 11.432793 -4.770957 0.633537
v 11.432793 -4.770957 -0.633539
v 11.394040 -4.793131 0.633537
v 11.394040 -4.793131 -0.633539
v 11.355771 -4.817417 0.633537
v 11.355771 -4.817417 -0.633539
v 11.355771 -5.169030 0.633537
v 11.355771 -5.169030 -0.633539
v 10.159746 -4.699559 0.633537
v 10.159746 -4.699559 -0.633539
v 10.057619 -4.716109 0.633537
v 10.057619 -4.716109 -0.633539
v 9.965897 -4.742778 0.633537
v 9.965897 -4.742778 -0.633539
v 9.884438 -4.778818 0.633537
v 9.884438 -4.778818 -0.633539
v 9.813097 -4.823481 0.633537
v 9.813097 -4.823481 -0.633539
v 9.751732 -4.876019 0.633537
v 9.751732 -4.876019 -0.633539
v 9.700199 -4.935684 0.633537
v 9.700199 -4.935684 -0.633539
v 9.658358 -5.001729 0.633537
v 9.658358 -5.001729 -0.633539
v 9.626063 -5.073406 0.633537
v 9.626063 -5.073406 -0.633539
v 9.603173 -5.149965 0.633537
v 9.603173 -5.149965 -0.633539
v 9.589543 -5.230661 0.633537
v 9.589543 -5.230661 -0.633539
v 9.585032 -5.314744 0.633537
v 9.585032 -5.314744 -0.633539
v 9.589808 -5.397850 0.633537
v 9.589808 -5.397850 -0.633539
v 9.604243 -5.477250 0.633537
v 9.604243 -5.477250 -0.633539
v 9.628489 -5.552271 0.633537
v 9.628489 -5.552271 -0.633539
v 9.662699 -5.622245 0.633537
v 9.662699 -5.622245 -0.633539
v 9.707028 -5.686499 0.633537
v 9.707028 -5.686499 -0.633539
v 9.761630 -5.744362 0.633537
v 9.761630 -5.744362 -0.633539
v 9.826659 -5.795164 0.633537
v 9.826659 -5.795165 -0.633539
v 9.902269 -5.838234 0.633537
v 9.902269 -5.838234 -0.633539
v 9.988615 -5.872901 0.633537
v 9.988615 -5.872901 -0.633539
v 10.085850 -5.898494 0.633537
v 10.085850 -5.898494 -0.633539
v 10.194126 -5.914341 0.633537
v 10.194126 -5.914341 -0.633539
v 10.313601 -5.919773 0.633537
v 10.313601 -5.919773 -0.633539
v 10.636704 -5.919773 0.633537
v 10.636704 -5.919773 -0.633539
v 10.636704 -6.854242 0.633537
v 10.636704 -6.854242 -0.633539
v 10.947139 -6.854242 0.633537
v 10.947139 -6.854242 -0.633539
v 10.947139 -4.693877 0.633537
v 10.947139 -4.693877 -0.633539
v 10.272421 -4.693877 0.633537
v 10.272421 -4.693877 -0.633539
v 10.285091 -5.641016 0.633537
v 10.285091 -5.641016 -0.633539
v 10.229035 -5.638461 0.633537
v 10.229035 -5.638461 -0.633539
v 10.176641 -5.630868 0.633537
v 10.176641 -5.630868 -0.633539
v 10.128142 -5.618348 0.633537
v 10.128142 -5.618348 -0.633539
v 10.083768 -5.601009 0.633537
v 10.083768 -5.601010 -0.633539
v 10.043748 -5.578964 0.633537
v 10.043748 -5.578964 -0.633539
v 10.008315 -5.552321 0.633537
v 10.008315 -5.552321 -0.633539
v 9.977699 -5.521190 0.633537
v 9.977699 -5.521191 -0.633539
v 9.952132 -5.485682 0.633537
v 9.952132 -5.485682 -0.633539
v 9.931844 -5.445907 0.633537
v 9.931844 -5.445907 -0.633539
v 9.917068 -5.401973 0.633537
v 9.917068 -5.401973 -0.633539
v 9.908031 -5.353992 0.633537
v 9.908031 -5.353992 -0.633539
v 9.904968 -5.302073 0.633537
v 9.904968 -5.302073 -0.633539
v 9.906815 -5.262320 0.633537
v 9.906815 -5.262320 -0.633539
v 9.912610 -5.222676 0.633537
v 9.912610 -5.222676 -0.633539
v 9.922737 -5.183780 0.633537
v 9.922737 -5.183780 -0.633539
v 9.937584 -5.146270 0.633537
v 9.937584 -5.146270 -0.633539
v 9.957534 -5.110784 0.633537
v 9.957534 -5.110784 -0.633539
v 9.982973 -5.077959 0.633537
v 9.982973 -5.077959 -0.633539
v 10.014285 -5.048434 0.633537
v 10.014285 -5.048434 -0.633539
v 10.051856 -5.022847 0.633537
v 10.051856 -5.022847 -0.633539
v 10.096069 -5.001836 0.633537
v 10.096069 -5.001836 -0.633539
v 10.147311 -4.986037 0.633537
v 10.147311 -4.986037 -0.633539
v 10.205967 -4.976091 0.633537
v 10.205967 -4.976091 -0.633539
v 10.272421 -4.972633 0.633537
v 10.272421 -4.972633 -0.633539
v 10.636704 -4.972633 0.633537
v 10.636704 -4.972633 -0.633539
v 10.636704 -5.641016 0.633537
v 10.636704 -5.641016 -0.633539
v 7.757274 -6.854242 0.633538
v 7.757274 -6.854242 -0.633539
v 8.045534 -6.217536 0.633538
v 8.045534 -6.217536 -0.633539
v 8.964165 -6.217536 0.633537
v 8.964165 -6.217536 -0.633539
v 9.236586 -6.854242 0.633537
v 9.236586 -6.854242 -0.633539
v 9.553354 -6.854242 0.633537
v 9.553354 -6.854242 -0.633539
v 8.625222 -4.681206 0.633537
v 8.625222 -4.681206 -0.633539
v 8.406651 -4.681206 0.633537
v 8.406651 -4.681206 -0.633539
v 7.440505 -6.854242 0.633538
v 7.440505 -6.854242 -0.633539
v 8.172241 -5.938779 0.633537
v 8.172241 -5.938779 -0.633539
v 8.520688 -5.156360 0.633537
v 8.520688 -5.156360 -0.633539
v 8.843792 -5.938779 0.633537
v 8.843792 -5.938779 -0.633539
v 5.428264 -5.138334 0.633538
v 5.428264 -5.138334 -0.633539
v 5.492653 -5.104811 0.633538
v 5.492653 -5.104811 -0.633539
v 5.555877 -5.074742 0.633538
v 5.555877 -5.074742 -0.633539
v 5.618144 -5.048071 0.633538
v 5.618144 -5.048071 -0.633539
v 5.679663 -5.024745 0.633538
v 5.679663 -5.024745 -0.633539
v 5.740643 -5.004706 0.633538
v 5.740643 -5.004706 -0.633539
v 5.801293 -4.987902 0.633538
v 5.801293 -4.987902 -0.633539
v 5.861822 -4.974276 0.633538
v 5.861822 -4.974276 -0.633539
v 5.922439 -4.963774 0.633538
v 5.922439 -4.963774 -0.633539
v 5.983352 -4.956340 0.633538
v 5.983352 -4.956340 -0.633539
v 6.044772 -4.951921 0.633538
v 6.044772 -4.951921 -0.633539
v 6.106907 -4.950459 0.633538
v 6.106907 -4.950459 -0.633539
v 6.227668 -4.957653 0.633538
v 6.227668 -4.957653 -0.633539
v 6.342313 -4.978704 0.633538
v 6.342313 -4.978704 -0.633539
v 6.450007 -5.012823 0.633538
v 6.450007 -5.012823 -0.633539
v 6.549914 -5.059216 0.633538
v 6.549914 -5.059216 -0.633539
v 6.641198 -5.117093 0.633538
v 6.641198 -5.117093 -0.633539
v 6.723023 -5.185660 0.633538
v 6.723023 -5.185660 -0.633539
v 6.794552 -5.264127 0.633538
v 6.794552 -5.264127 -0.633539
v 6.854951 -5.351700 0.633538
v 6.854951 -5.351700 -0.633539
v 6.903383 -5.447589 0.633538
v 6.903383 -5.447589 -0.633539
v 6.939012 -5.551001 0.633538
v 6.939012 -5.551001 -0.633539
v 6.961003 -5.661144 0.633538
v 6.961003 -5.661144 -0.633539
v 6.968519 -5.777227 0.633538
v 6.968519 -5.777227 -0.633539
v 6.961237 -5.895181 0.633538
v 6.961237 -5.895181 -0.633539
v 6.939833 -6.006283 0.633538
v 6.939833 -6.006283 -0.633539
v 6.904967 -6.109884 0.633538
v 6.904967 -6.109884 -0.633539
v 6.857297 -6.205335 0.633538
v 6.857297 -6.205335 -0.633539
v 6.797485 -6.291986 0.633538
v 6.797485 -6.291986 -0.633539
v 6.726191 -6.369189 0.633538
v 6.726191 -6.369189 -0.633539
v 6.644072 -6.436296 0.633538
v 6.644072 -6.436296 -0.633539
v 6.551792 -6.492656 0.633538
v 6.551792 -6.492656 -0.633539
v 6.450007 -6.537621 0.633538
v 6.450007 -6.537621 -0.633539
v 6.339380 -6.570543 0.633538
v 6.339380 -6.570543 -0.633539
v 6.220570 -6.590772 0.633538
v 6.220570 -6.590772 -0.633539
v 6.094236 -6.597659 0.633538
v 6.094236 -6.597659 -0.633539
v 6.032820 -6.595884 0.633538
v 6.032820 -6.595884 -0.633539
v 5.970636 -6.590590 0.633538
v 5.970636 -6.590590 -0.633539
v 5.907836 -6.581820 0.633538
v 5.907836 -6.581820 -0.633539
v 5.844574 -6.569619 0.633538
v 5.844574 -6.569619 -0.633539
v 5.781004 -6.554030 0.633538
v 5.781004 -6.554030 -0.633539
v 5.717280 -6.535097 0.633538
v 5.717280 -6.535097 -0.633539
v 5.653556 -6.512865 0.633538
v 5.653556 -6.512865 -0.633539
v 5.589987 -6.487376 0.633538
v 5.589987 -6.487376 -0.633539
v 5.526724 -6.458676 0.633538
v 5.526724 -6.458676 -0.633539
v 5.463924 -6.426809 0.633538
v 5.463924 -6.426809 -0.633539
v 5.401740 -6.391818 0.633538
v 5.401740 -6.391818 -0.633539
v 5.340326 -6.353747 0.633538
v 5.340326 -6.353747 -0.633539
v 5.340326 -6.692690 0.633538
v 5.340326 -6.692690 -0.633539
v 5.393832 -6.719719 0.633538
v 5.393832 -6.719719 -0.633539
v 5.448438 -6.745265 0.633538
v 5.448438 -6.745265 -0.633539
v 5.504452 -6.769160 0.633538
v 5.504452 -6.769160 -0.633539
v 5.562181 -6.791240 0.633538
v 5.562181 -6.791240 -0.633539
v 5.621935 -6.811340 0.633538
v 5.621935 -6.811340 -0.633539
v 5.684020 -6.829296 0.633538
v 5.684020 -6.829296 -0.633539
v 5.748745 -6.844942 0.633538
v 5.748745 -6.844942 -0.633539
v 5.816418 -6.858113 0.633538
v 5.816418 -6.858113 -0.633539
v 5.887347 -6.868645 0.633538
v 5.887347 -6.868645 -0.633539
v 5.961839 -6.876372 0.633538
v 5.961839 -6.876372 -0.633539
v 6.040202 -6.881129 0.633538
v 6.040202 -6.881129 -0.633539
v 6.122746 -6.882751 0.633538
v 6.122746 -6.882751 -0.633539
v 6.316033 -6.870211 0.633538
v 6.316033 -6.870211 -0.633539
v 6.490666 -6.834429 0.633538
v 6.490666 -6.834429 -0.633539
v 6.646998 -6.778168 0.633538
v 6.646998 -6.778168 -0.633539
v 6.785378 -6.704187 0.633538
v 6.785378 -6.704187 -0.633539
v 6.906162 -6.615248 0.633538
v 6.906162 -6.615248 -0.633539
v 7.009699 -6.514111 0.633538
v 7.009699 -6.514111 -0.633539
v 7.096341 -6.403537 0.633538
v 7.096341 -6.403537 -0.633539
v 7.166440 -6.286287 0.633538
v 7.166440 -6.286287 -0.633539
v 7.220350 -6.165121 0.633538
v 7.220350 -6.165121 -0.633539
v 7.258421 -6.042800 0.633538
v 7.258421 -6.042800 -0.633539
v 7.281005 -5.922085 0.633538
v 7.281005 -5.922085 -0.633539
v 7.288456 -5.805736 0.633538
v 7.288456 -5.805736 -0.633539
v 7.278273 -5.644888 0.633538
v 7.278273 -5.644888 -0.633539
v 7.248435 -5.492487 0.633538
v 7.248435 -5.492487 -0.633539
v 7.200008 -5.349589 0.633538
v 7.200008 -5.349589 -0.633539
v 7.134060 -5.217249 0.633538
v 7.134060 -5.217250 -0.633539
v 7.051658 -5.096525 0.633538
v 7.051658 -5.096526 -0.633539
v 6.953869 -4.988472 0.633538
v 6.953869 -4.988472 -0.633539
v 6.841758 -4.894145 0.633538
v 6.841758 -4.894145 -0.633539
v 6.716394 -4.814601 0.633538
v 6.716394 -4.814601 -0.633539
v 6.578844 -4.750895 0.633538
v 6.578844 -4.750895 -0.633539
v 6.430173 -4.704083 0.633538
v 6.430173 -4.704083 -0.633539
v 6.271449 -4.675222 0.633538
v 6.271449 -4.675222 -0.633539
v 6.103739 -4.665368 0.633538
v 6.103739 -4.665368 -0.633539
v 6.048200 -4.666498 0.633538
v 6.048200 -4.666498 -0.633539
v 5.992298 -4.669929 0.633538
v 5.992298 -4.669929 -0.633539
v 5.935802 -4.675712 0.633538
v 5.935802 -4.675712 -0.633539
v 5.878481 -4.683904 0.633538
v 5.878481 -4.683904 -0.633539
v 5.820104 -4.694561 0.633538
v 5.820104 -4.694561 -0.633539
v 5.760440 -4.707736 0.633538
v 5.760440 -4.707736 -0.633539
v 5.699259 -4.723484 0.633538
v 5.699259 -4.723484 -0.633539
v 5.636329 -4.741861 0.633538
v 5.636329 -4.741861 -0.633539
v 5.571418 -4.762922 0.633538
v 5.571418 -4.762922 -0.633539
v 5.504298 -4.786722 0.633538
v 5.504298 -4.786722 -0.633539
v 5.434735 -4.813316 0.633538
v 5.434735 -4.813316 -0.633539
v 5.362500 -4.842758 0.633538
v 5.362500 -4.842758 -0.633539
v 5.362500 -5.175365 0.633538
v 5.362500 -5.175366 -0.633539
v 4.649769 -4.972633 0.633538
v 4.649769 -4.972633 -0.633539
v 4.649769 -5.625178 0.633538
v 4.649769 -5.625178 -0.633539
v 3.765984 -5.625178 0.633538
v 3.765984 -5.625178 -0.633539
v 3.765984 -5.903934 0.633538
v 3.765984 -5.903934 -0.633538
v 4.649769 -5.903934 0.633538
v 4.649769 -5.903934 -0.633539
v 4.649769 -6.575485 0.633538
v 4.649769 -6.575485 -0.633539
v 3.705797 -6.575485 0.633538
v 3.705797 -6.575485 -0.633538
v 3.705797 -6.854242 0.633538
v 3.705797 -6.854242 -0.633538
v 4.960203 -6.854242 0.633538
v 4.960203 -6.854242 -0.633539
v 4.960203 -4.693877 0.633538
v 4.960203 -4.693877 -0.633539
v 3.734306 -4.693877 0.633538
v 3.734306 -4.693877 -0.633539
v 3.734306 -4.972633 0.633538
v 3.734306 -4.972633 -0.633539
v 3.022340 -4.747757 0.633538
v 3.022340 -4.747757 -0.633538
v 2.947971 -4.740043 0.633538
v 2.947971 -4.740043 -0.633538
v 2.860073 -4.731097 0.633538
v 2.860073 -4.731097 -0.633538
v 2.760066 -4.721096 0.633538
v 2.760066 -4.721096 -0.633538
v 2.649367 -4.710214 0.633538
v 2.649367 -4.710214 -0.633538
v 2.529396 -4.698628 0.633538
v 2.529396 -4.698628 -0.633538
v 2.401572 -4.686515 0.633538
v 2.401572 -4.686515 -0.633538
v 2.267314 -4.674049 0.633538
v 2.267314 -4.674049 -0.633538
v 2.128040 -4.661408 0.633538
v 2.128040 -4.661408 -0.633538
v 1.985170 -4.648767 0.633538
v 1.985170 -4.648767 -0.633538
v 1.840121 -4.636301 0.633538
v 1.840121 -4.636301 -0.633538
v 1.694314 -4.624187 0.633538
v 1.694314 -4.624187 -0.633538
v 1.609007 -4.617258 0.633538
v 1.609007 -4.617258 -0.633538
v 1.525811 -4.610725 0.633538
v 1.525811 -4.610725 -0.633538
v 1.444858 -4.604588 0.633538
v 1.444858 -4.604588 -0.633538
v 1.366282 -4.598846 0.633538
v 1.366282 -4.598846 -0.633538
v 1.290213 -4.593501 0.633538
v 1.290213 -4.593501 -0.633538
v 1.216785 -4.588551 0.633538
v 1.216785 -4.588551 -0.633538
v 1.146128 -4.583998 0.633538
v 1.146128 -4.583998 -0.633538
v 1.078374 -4.579840 0.633538
v 1.078374 -4.579840 -0.633538
v 1.013656 -4.576078 0.633538
v 1.013656 -4.576078 -0.633538
v 0.952106 -4.572712 0.633538
v 0.952106 -4.572712 -0.633538
v 0.893856 -4.569743 0.633538
v 0.893855 -4.569743 -0.633538
v 0.839037 -4.567169 0.633538
v 0.839037 -4.567169 -0.633538
v 0.839037 -4.820584 0.633538
v 0.839037 -4.820584 -0.633538
v 0.886098 -4.820674 0.633538
v 0.886098 -4.820674 -0.633538
v 0.936502 -4.821039 0.633538
v 0.936502 -4.821039 -0.633538
v 0.989502 -4.821822 0.633538
v 0.989502 -4.821822 -0.633538
v 1.044351 -4.823165 0.633538
v 1.044351 -4.823165 -0.633538
v 1.100299 -4.825213 0.633538
v 1.100299 -4.825213 -0.633538
v 1.156598 -4.828108 0.633538
v 1.156598 -4.828108 -0.633538
v 1.212502 -4.831992 0.633538
v 1.212502 -4.831992 -0.633538
v 1.267262 -4.837009 0.633538
v 1.267262 -4.837009 -0.633538
v 1.320130 -4.843303 0.633538
v 1.320130 -4.843303 -0.633538
v 1.370359 -4.851015 0.633538
v 1.370359 -4.851015 -0.633538
v 1.417199 -4.860289 0.633538
v 1.417199 -4.860289 -0.633538
v 1.459904 -4.871267 0.633538
v 1.459904 -4.871267 -0.633538
v 1.568669 -4.914436 0.633538
v 1.568669 -4.914436 -0.633538
v 1.669822 -4.970067 0.633538
v 1.669822 -4.970067 -0.633538
v 1.763012 -5.036631 0.633538
v 1.763012 -5.036631 -0.633538
v 1.847887 -5.112598 0.633538
v 1.847887 -5.112598 -0.633538
v 1.924095 -5.196441 0.633538
v 1.924095 -5.196441 -0.633538
v 1.991284 -5.286631 0.633538
v 1.991284 -5.286631 -0.633538
v 2.049102 -5.381638 0.633538
v 2.049102 -5.381638 -0.633538
v 2.097197 -5.479933 0.633538
v 2.097197 -5.479933 -0.633538
v 2.135216 -5.579988 0.633538
v 2.135216 -5.579988 -0.633538
v 2.162809 -5.680275 0.633538
v 2.162809 -5.680275 -0.633538
v 2.179623 -5.779263 0.633538
v 2.179623 -5.779263 -0.633538
v 2.185306 -5.875425 0.633538
v 2.185306 -5.875425 -0.633538
v 2.173663 -6.021214 0.633538
v 2.173663 -6.021214 -0.633538
v 2.140210 -6.150296 0.633538
v 2.140210 -6.150296 -0.633538
v 2.087157 -6.263517 0.633538
v 2.087157 -6.263517 -0.633538
v 2.016714 -6.361725 0.633538
v 2.016714 -6.361725 -0.633538
v 1.931093 -6.445765 0.633538
v 1.931093 -6.445765 -0.633538
v 1.832504 -6.516487 0.633538
v 1.832504 -6.516487 -0.633538
v 1.723158 -6.574735 0.633538
v 1.723158 -6.574735 -0.633538
v 1.605265 -6.621358 0.633538
v 1.605265 -6.621358 -0.633538
v 1.481038 -6.657202 0.633538
v 1.481038 -6.657202 -0.633538
v 1.352686 -6.683113 0.633538
v 1.352686 -6.683113 -0.633538
v 1.222421 -6.699940 0.633538
v 1.222421 -6.699940 -0.633538
v 1.092452 -6.708528 0.633538
v 1.092452 -6.708528 -0.633538
v 1.184316 -6.971447 0.633538
v 1.184316 -6.971447 -0.633538
v 1.332103 -6.959773 0.633538
v 1.332103 -6.959773 -0.633538
v 1.480715 -6.935605 0.633538
v 1.480715 -6.935605 -0.633538
v 1.627545 -6.898590 0.633538
v 1.627545 -6.898590 -0.633538
v 1.769986 -6.848376 0.633538
v 1.769986 -6.848376 -0.633538
v 1.905433 -6.784611 0.633538
v 1.905433 -6.784611 -0.633538
v 2.031277 -6.706944 0.633538
v 2.031277 -6.706944 -0.633538
v 2.144912 -6.615023 0.633538
v 2.144912 -6.615023 -0.633538
v 2.243731 -6.508494 0.633538
v 2.243731 -6.508494 -0.633538
v 2.325130 -6.387008 0.633538
v 2.325130 -6.387008 -0.633538
v 2.386498 -6.250210 0.633538
v 2.386498 -6.250210 -0.633538
v 2.425231 -6.097750 0.633538
v 2.425231 -6.097750 -0.633538
v 2.438721 -5.929276 0.633538
v 2.438721 -5.929276 -0.633538
v 2.432631 -5.807729 0.633538
v 2.432631 -5.807729 -0.633538
v 2.415080 -5.690482 0.633538
v 2.415080 -5.690482 -0.633538
v 2.387146 -5.578009 0.633538
v 2.387146 -5.578009 -0.633538
v 2.349907 -5.470782 0.633538
v 2.349907 -5.470782 -0.633538
v 2.304441 -5.369275 0.633538
v 2.304441 -5.369275 -0.633538
v 2.251826 -5.273960 0.633538
v 2.251826 -5.273960 -0.633538
v 2.193140 -5.185310 0.633538
v 2.193140 -5.185310 -0.633538
v 2.129460 -5.103799 0.633538
v 2.129460 -5.103799 -0.633538
v 2.061864 -5.029900 0.633538
v 2.061864 -5.029900 -0.633538
v 1.991431 -4.964084 0.633538
v 1.991431 -4.964084 -0.633538
v 1.919237 -4.906825 0.633538
v 1.919237 -4.906825 -0.633538
v 1.846362 -4.858597 0.633538
v 1.846362 -4.858597 -0.633538
v 1.940324 -4.868868 0.633538
v 1.940324 -4.868868 -0.633538
v 2.050576 -4.880580 0.633538
v 2.050576 -4.880580 -0.633538
v 2.173872 -4.893590 0.633538
v 2.173872 -4.893590 -0.633538
v 2.306968 -4.907755 0.633538
v 2.306968 -4.907755 -0.633538
v 2.446620 -4.922931 0.633538
v 2.446620 -4.922931 -0.633538
v 2.589582 -4.938977 0.633538
v 2.589582 -4.938977 -0.633538
v 2.732610 -4.955749 0.633538
v 2.732610 -4.955749 -0.633538
v 2.872460 -4.973103 0.633538
v 2.872460 -4.973103 -0.633538
v 3.005886 -4.990897 0.633538
v 3.005886 -4.990897 -0.633538
v 3.129644 -5.008988 0.633538
v 3.129644 -5.008988 -0.633538
v 3.240489 -5.027234 0.633538
v 3.240489 -5.027234 -0.633538
v 3.335177 -5.045490 0.633538
v 3.335177 -5.045490 -0.633538
v 3.363687 -4.769901 0.633538
v 3.363687 -4.769901 -0.633539
v 3.334003 -4.769045 0.633538
v 3.334003 -4.769045 -0.633538
v 3.305187 -4.768068 0.633538
v 3.305187 -4.768068 -0.633538
v 3.277318 -4.766981 0.633538
v 3.277318 -4.766981 -0.633538
v 3.250471 -4.765795 0.633538
v 3.250471 -4.765795 -0.633538
v 3.224725 -4.764521 0.633538
v 3.224725 -4.764521 -0.633538
v 3.200155 -4.763170 0.633538
v 3.200155 -4.763170 -0.633538
v 3.176839 -4.761753 0.633538
v 3.176839 -4.761753 -0.633538
v 3.154854 -4.760281 0.633538
v 3.154854 -4.760281 -0.633538
v 3.134277 -4.758765 0.633538
v 3.134277 -4.758765 -0.633538
v 3.115185 -4.757216 0.633538
v 3.115185 -4.757216 -0.633538
v 3.097654 -4.755645 0.633538
v 3.097654 -4.755645 -0.633538
v 3.081762 -4.754063 0.633538
v 3.081762 -4.754063 -0.633538
v 1.196986 -5.726544 0.633538
v 1.196986 -5.726544 -0.633538
v 1.215586 -5.688295 0.633538
v 1.215586 -5.688295 -0.633538
v 1.234924 -5.649683 0.633538
v 1.234924 -5.649683 -0.633538
v 1.254944 -5.610874 0.633538
v 1.254944 -5.610874 -0.633538
v 1.275590 -5.572031 0.633538
v 1.275590 -5.572031 -0.633538
v 1.296810 -5.533320 0.633538
v 1.296810 -5.533320 -0.633538
v 1.318545 -5.494906 0.633538
v 1.318545 -5.494906 -0.633538
v 1.340743 -5.456955 0.633538
v 1.340743 -5.456955 -0.633538
v 1.363348 -5.419630 0.633538
v 1.363348 -5.419630 -0.633538
v 1.386305 -5.383097 0.633538
v 1.386305 -5.383097 -0.633538
v 1.409559 -5.347521 0.633538
v 1.409559 -5.347521 -0.633538
v 1.433054 -5.313067 0.633538
v 1.433054 -5.313067 -0.633538
v 1.456737 -5.279900 0.633538
v 1.456737 -5.279900 -0.633538
v 1.295184 -5.210210 0.633538
v 1.295184 -5.210210 -0.633538
v 1.276039 -5.238171 0.633538
v 1.276039 -5.238172 -0.633538
v 1.255265 -5.269443 0.633538
v 1.255265 -5.269443 -0.633538
v 1.233216 -5.303509 0.633538
v 1.233216 -5.303509 -0.633538
v 1.210244 -5.339851 0.633538
v 1.210244 -5.339851 -0.633538
v 1.186698 -5.377953 0.633538
v 1.186698 -5.377953 -0.633538
v 1.162933 -5.417298 0.633538
v 1.162933 -5.417298 -0.633538
v 1.139300 -5.457369 0.633538
v 1.139300 -5.457369 -0.633538
v 1.116152 -5.497649 0.633538
v 1.116152 -5.497649 -0.633538
v 1.093839 -5.537621 0.633538
v 1.093839 -5.537621 -0.633538
v 1.072713 -5.576768 0.633538
v 1.072713 -5.576768 -0.633538
v 1.053128 -5.614573 0.633538
v 1.053128 -5.614573 -0.633538
v 1.035434 -5.650519 0.633538
v 1.035434 -5.650519 -0.633538
v 0.839037 -5.593501 0.633538
v 0.839037 -5.593501 -0.633538
v 0.858366 -5.554709 0.633538
v 0.858366 -5.554709 -0.633538
v 0.878324 -5.515995 0.633538
v 0.878324 -5.515995 -0.633538
v 0.898876 -5.477435 0.633538
v 0.898875 -5.477435 -0.633538
v 0.919988 -5.439106 0.633538
v 0.919988 -5.439106 -0.633538
v 0.941629 -5.401084 0.633538
v 0.941629 -5.401084 -0.633538
v 0.963764 -5.363447 0.633538
v 0.963764 -5.363447 -0.633538
v 0.986361 -5.326273 0.633538
v 0.986361 -5.326273 -0.633538
v 1.009388 -5.289637 0.633538
v 1.009388 -5.289638 -0.633538
v 1.032810 -5.253618 0.633538
v 1.032810 -5.253618 -0.633538
v 1.056595 -5.218291 0.633538
v 1.056595 -5.218291 -0.633538
v 1.080711 -5.183734 0.633538
v 1.080711 -5.183734 -0.633538
v 1.105123 -5.150024 0.633538
v 1.105123 -5.150024 -0.633538
v 0.949906 -5.077167 0.633538
v 0.949906 -5.077167 -0.633538
v 0.929904 -5.105066 0.633538
v 0.929904 -5.105066 -0.633538
v 0.908154 -5.136166 0.633538
v 0.908154 -5.136166 -0.633538
v 0.885018 -5.169971 0.633538
v 0.885018 -5.169971 -0.633538
v 0.860859 -5.205986 0.633538
v 0.860859 -5.205987 -0.633538
v 0.836040 -5.243719 0.633538
v 0.836040 -5.243719 -0.633538
v 0.810924 -5.282671 0.633538
v 0.810924 -5.282671 -0.633538
v 0.785874 -5.322350 0.633538
v 0.785874 -5.322350 -0.633538
v 0.761253 -5.362259 0.633538
v 0.761253 -5.362259 -0.633538
v 0.737424 -5.401905 0.633538
v 0.737424 -5.401905 -0.633538
v 0.714750 -5.440792 0.633538
v 0.714750 -5.440792 -0.633538
v 0.693593 -5.478425 0.633538
v 0.693593 -5.478425 -0.633538
v 0.674317 -5.514308 0.633538
v 0.674317 -5.514309 -0.633538
v -1.042571 -4.728722 0.633538
v -1.042571 -4.728722 -0.633538
v -1.901015 -4.728722 0.633538
v -1.901015 -4.728722 -0.633538
v -1.922067 -4.728522 0.633538
v -1.922067 -4.728522 -0.633538
v -1.942458 -4.727915 0.633538
v -1.942458 -4.727915 -0.633538
v -1.962191 -4.726890 0.633538
v -1.962191 -4.726890 -0.633538
v -1.981264 -4.725437 0.633538
v -1.981264 -4.725437 -0.633538
v -1.999676 -4.723543 0.633538
v -1.999676 -4.723543 -0.633538
v -2.017429 -4.721198 0.633538
v -2.017429 -4.721198 -0.633538
v -2.034521 -4.718391 0.633538
v -2.034521 -4.718391 -0.633538
v -2.050954 -4.715112 0.633538
v -2.050954 -4.715112 -0.633538
v -2.066726 -4.711349 0.633538
v -2.066726 -4.711349 -0.633538
v -2.081838 -4.707090 0.633538
v -2.081838 -4.707090 -0.633538
v -2.096291 -4.702326 0.633538
v -2.096291 -4.702326 -0.633538
v -2.110083 -4.697044 0.633538
v -2.110083 -4.697044 -0.633538
v -2.319150 -4.823752 0.633538
v -2.319150 -4.823752 -0.633538
v -2.312027 -4.835466 0.633538
v -2.312027 -4.835466 -0.633538
v -2.304938 -4.848302 0.633538
v -2.304938 -4.848302 -0.633538
v -2.297916 -4.862062 0.633538
v -2.297916 -4.862062 -0.633538
v -2.290992 -4.876547 0.633538
v -2.290992 -4.876547 -0.633538
v -2.284199 -4.891561 0.633538
v -2.284199 -4.891561 -0.633538
v -2.277573 -4.906904 0.633538
v -2.277573 -4.906904 -0.633538
v -2.271144 -4.922379 0.633538
v -2.271144 -4.922379 -0.633538
v -2.264947 -4.937789 0.633538
v -2.264947 -4.937789 -0.633538
v -2.259014 -4.952935 0.633538
v -2.259014 -4.952935 -0.633538
v -2.253377 -4.967618 0.633538
v -2.253377 -4.967618 -0.633538
v -2.248070 -4.981642 0.633538
v -2.248070 -4.981642 -0.633538
v -2.243127 -4.994807 0.633538
v -2.243127 -4.994807 -0.633538
v -2.220701 -5.069241 0.633538
v -2.220701 -5.069241 -0.633538
v -2.194643 -5.146534 0.633538
v -2.194643 -5.146534 -0.633538
v -2.165023 -5.226247 0.633538
v -2.165023 -5.226247 -0.633538
v -2.131906 -5.307940 0.633538
v -2.131906 -5.307940 -0.633538
v -2.095357 -5.391172 0.633538
v -2.095357 -5.391172 -0.633538
v -2.055441 -5.475504 0.633538
v -2.055441 -5.475504 -0.633538
v -2.012227 -5.560497 0.633538
v -2.012227 -5.560497 -0.633538
v -1.965778 -5.645709 0.633538
v -1.965778 -5.645709 -0.633538
v -1.916162 -5.730701 0.633538
v -1.916162 -5.730701 -0.633538
v -1.863444 -5.815034 0.633538
v -1.863444 -5.815034 -0.633538
v -1.807691 -5.898266 0.633538
v -1.807691 -5.898266 -0.633538
v -1.748966 -5.979959 0.633538
v -1.748966 -5.979959 -0.633538
v -1.782085 -6.004499 0.633538
v -1.782085 -6.004499 -0.633538
v -1.814873 -6.028985 0.633538
v -1.814873 -6.028985 -0.633538
v -1.847265 -6.053360 0.633538
v -1.847265 -6.053360 -0.633538
v -1.879195 -6.077571 0.633538
v -1.879195 -6.077571 -0.633538
v -1.910596 -6.101562 0.633538
v -1.910596 -6.101562 -0.633538
v -1.941404 -6.125277 0.633538
v -1.941404 -6.125277 -0.633538
v -1.971551 -6.148663 0.633538
v -1.971551 -6.148663 -0.633538
v -2.000974 -6.171663 0.633538
v -2.000974 -6.171663 -0.633538
v -2.029603 -6.194224 0.633538
v -2.029603 -6.194224 -0.633538
v -2.057376 -6.216290 0.633538
v -2.057376 -6.216290 -0.633538
v -2.084225 -6.237805 0.633538
v -2.084225 -6.237805 -0.633538
v -2.110083 -6.258716 0.633538
v -2.110083 -6.258716 -0.633538
v -1.923189 -6.477287 0.633538
v -1.923189 -6.477287 -0.633538
v -1.898914 -6.455645 0.633538
v -1.898914 -6.455645 -0.633538
v -1.873636 -6.433496 0.633538
v -1.873636 -6.433496 -0.633538
v -1.847413 -6.410864 0.633538
v -1.847413 -6.410864 -0.633538
v -1.820299 -6.387770 0.633538
v -1.820299 -6.387770 -0.633538
v -1.792349 -6.364236 0.633538
v -1.792349 -6.364236 -0.633538
v -1.763618 -6.340284 0.633538
v -1.763618 -6.340284 -0.633538
v -1.734161 -6.315936 0.633538
v -1.734161 -6.315936 -0.633538
v -1.704033 -6.291214 0.633538
v -1.704033 -6.291214 -0.633538
v -1.673289 -6.266140 0.633538
v -1.673289 -6.266140 -0.633538
v -1.641984 -6.240736 0.633538
v -1.641984 -6.240736 -0.633538
v -1.610174 -6.215024 0.633538
v -1.610174 -6.215024 -0.633538
v -1.577911 -6.189027 0.633538
v -1.577911 -6.189027 -0.633538
v -1.505161 -6.266925 0.633538
v -1.505161 -6.266925 -0.633538
v -1.427795 -6.343657 0.633538
v -1.427795 -6.343657 -0.633538
v -1.345676 -6.418981 0.633538
v -1.345676 -6.418981 -0.633538
v -1.258675 -6.492656 0.633538
v -1.258675 -6.492656 -0.633538
v -1.166658 -6.564438 0.633538
v -1.166658 -6.564438 -0.633538
v -1.069494 -6.634088 0.633538
v -1.069494 -6.634088 -0.633538
v -0.967051 -6.701361 0.633538
v -0.967051 -6.701361 -0.633538
v -0.859195 -6.766016 0.633538
v -0.859195 -6.766016 -0.633538
v -0.745797 -6.827811 0.633538
v -0.745797 -6.827811 -0.633538
v -0.626723 -6.886505 0.633538
v -0.626723 -6.886505 -0.633538
v -0.501842 -6.941855 0.633538
v -0.501842 -6.941855 -0.633538
v -0.371021 -6.993620 0.633538
v -0.371021 -6.993620 -0.633538
v -0.142947 -6.797224 0.633538
v -0.142947 -6.797224 -0.633538
v -0.274084 -6.753468 0.633538
v -0.274084 -6.753468 -0.633538
v -0.399839 -6.704818 0.633538
v -0.399840 -6.704818 -0.633538
v -0.520250 -6.651658 0.633538
v -0.520250 -6.651658 -0.633538
v -0.635348 -6.594374 0.633538
v -0.635348 -6.594374 -0.633538
v -0.745167 -6.533350 0.633538
v -0.745167 -6.533350 -0.633538
v -0.849740 -6.468971 0.633538
v -0.849740 -6.468971 -0.633538
v -0.949099 -6.401623 0.633538
v -0.949099 -6.401623 -0.633538
v -1.043277 -6.331690 0.633538
v -1.043277 -6.331690 -0.633538
v -1.132307 -6.259557 0.633538
v -1.132307 -6.259557 -0.633538
v -1.216223 -6.185610 0.633538
v -1.216223 -6.185610 -0.633538
v -1.295057 -6.110232 0.633538
v -1.295057 -6.110232 -0.633538
v -1.368844 -6.033810 0.633538
v -1.368844 -6.033810 -0.633538
v -1.311591 -5.992652 0.633538
v -1.311591 -5.992652 -0.633538
v -1.253986 -5.951626 0.633538
v -1.253986 -5.951626 -0.633538
v -1.196204 -5.910864 0.633538
v -1.196204 -5.910864 -0.633538
v -1.138423 -5.870498 0.633538
v -1.138423 -5.870498 -0.633538
v -1.080818 -5.830660 0.633538
v -1.080818 -5.830660 -0.633538
v -1.023565 -5.791481 0.633538
v -1.023565 -5.791481 -0.633538
v -0.966839 -5.753095 0.633538
v -0.966839 -5.753095 -0.633538
v -0.910817 -5.715633 0.633538
v -0.910817 -5.715633 -0.633538
v -0.855676 -5.679226 0.633538
v -0.855676 -5.679226 -0.633538
v -0.801590 -5.644008 0.633538
v -0.801591 -5.644008 -0.633538
v -0.748737 -5.610109 0.633538
v -0.748738 -5.610109 -0.633538
v -0.697292 -5.577662 0.633538
v -0.697292 -5.577662 -0.633538
v -0.868349 -5.403440 0.633538
v -0.868349 -5.403440 -0.633538
v -0.921182 -5.434176 0.633538
v -0.921182 -5.434176 -0.633538
v -0.975052 -5.466133 0.633538
v -0.975052 -5.466134 -0.633538
v -1.029800 -5.499213 0.633538
v -1.029800 -5.499213 -0.633538
v -1.085275 -5.533315 0.633538
v -1.085275 -5.533315 -0.633538
v -1.141321 -5.568341 0.633538
v -1.141321 -5.568341 -0.633538
v -1.197786 -5.604192 0.633538
v -1.197786 -5.604192 -0.633538
v -1.254515 -5.640769 0.633538
v -1.254515 -5.640769 -0.633538
v -1.311354 -5.677973 0.633538
v -1.311354 -5.677973 -0.633538
v -1.368149 -5.715704 0.633538
v -1.368149 -5.715704 -0.633538
v -1.424747 -5.753865 0.633538
v -1.424747 -5.753865 -0.633538
v -1.480992 -5.792356 0.633538
v -1.480992 -5.792356 -0.633538
v -1.536731 -5.831078 0.633538
v -1.536731 -5.831078 -0.633538
v -1.587249 -5.760881 0.633538
v -1.587249 -5.760881 -0.633538
v -1.635734 -5.688429 0.633538
v -1.635734 -5.688429 -0.633538
v -1.681997 -5.614239 0.633538
v -1.681997 -5.614240 -0.633538
v -1.725852 -5.538829 0.633538
v -1.725852 -5.538829 -0.633538
v -1.767110 -5.462715 0.633538
v -1.767110 -5.462715 -0.633538
v -1.805587 -5.386413 0.633538
v -1.805587 -5.386413 -0.633538
v -1.841093 -5.310442 0.633538
v -1.841093 -5.310442 -0.633538
v -1.873443 -5.235317 0.633538
v -1.873443 -5.235317 -0.633538
v -1.902449 -5.161557 0.633538
v -1.902449 -5.161557 -0.633538
v -1.927924 -5.089677 0.633538
v -1.927924 -5.089677 -0.633538
v -1.949683 -5.020195 0.633538
v -1.949683 -5.020195 -0.633538
v -1.967536 -4.953628 0.633538
v -1.967536 -4.953628 -0.633538
v -0.896857 -4.953628 0.633538
v -0.896858 -4.953628 -0.633538
v -0.844529 -5.025375 0.633538
v -0.844529 -5.025375 -0.633538
v -0.788922 -5.097860 0.633538
v -0.788922 -5.097860 -0.633538
v -0.730059 -5.170763 0.633538
v -0.730059 -5.170763 -0.633538
v -0.667963 -5.243764 0.633538
v -0.667964 -5.243764 -0.633538
v -0.602655 -5.316546 0.633538
v -0.602655 -5.316546 -0.633538
v -0.534158 -5.388789 0.633538
v -0.534158 -5.388789 -0.633538
v -0.462492 -5.460174 0.633538
v -0.462492 -5.460174 -0.633538
v -0.387682 -5.530382 0.633538
v -0.387682 -5.530382 -0.633538
v -0.309747 -5.599094 0.633538
v -0.309747 -5.599094 -0.633538
v -0.228710 -5.665991 0.633538
v -0.228711 -5.665991 -0.633538
v -0.144594 -5.730755 0.633538
v -0.144594 -5.730755 -0.633538
v -0.057420 -5.793066 0.633538
v -0.057420 -5.793066 -0.633538
v 0.154816 -5.628345 0.633538
v 0.154816 -5.628345 -0.633538
v 0.023199 -5.540959 0.633538
v 0.023199 -5.540959 -0.633538
v -0.099346 -5.449019 0.633538
v -0.099346 -5.449019 -0.633538
v -0.212982 -5.353647 0.633538
v -0.212982 -5.353647 -0.633538
v -0.317874 -5.255966 0.633538
v -0.317874 -5.255966 -0.633538
v -0.414186 -5.157096 0.633538
v -0.414186 -5.157096 -0.633538
v -0.502083 -5.058161 0.633538
v -0.502083 -5.058161 -0.633538
v -0.581732 -4.960281 0.633538
v -0.581732 -4.960281 -0.633538
v -0.653297 -4.864580 0.633538
v -0.653297 -4.864580 -0.633538
v -0.716942 -4.772178 0.633538
v -0.716942 -4.772178 -0.633538
v -0.772833 -4.684197 0.633538
v -0.772833 -4.684197 -0.633538
v -0.821134 -4.601761 0.633538
v -0.821135 -4.601761 -0.633538
v -0.862012 -4.525989 0.633538
v -0.862012 -4.525989 -0.633538
v -0.870299 -4.510660 0.633538
v -0.870299 -4.510660 -0.633538
v -0.879200 -4.493373 0.633538
v -0.879200 -4.493373 -0.633538
v -0.888542 -4.474415 0.633538
v -0.888542 -4.474415 -0.633538
v -0.898147 -4.454071 0.633538
v -0.898147 -4.454071 -0.633538
v -0.907842 -4.432627 0.633538
v -0.907842 -4.432627 -0.633538
v -0.917447 -4.410368 0.633538
v -0.917447 -4.410368 -0.633538
v -0.926789 -4.387582 0.633538
v -0.926789 -4.387582 -0.633538
v -0.935690 -4.364554 0.633538
v -0.935690 -4.364554 -0.633538
v -0.943977 -4.341570 0.633538
v -0.943977 -4.341570 -0.633538
v -0.951470 -4.318916 0.633538
v -0.951470 -4.318916 -0.633538
v -0.957997 -4.296878 0.633538
v -0.957997 -4.296878 -0.633538
v -0.963379 -4.275742 0.633538
v -0.963379 -4.275742 -0.633538
v -1.251639 -4.367605 0.633538
v -1.251639 -4.367605 -0.633538
v -1.238128 -4.388679 0.633538
v -1.238128 -4.388679 -0.633538
v -1.224583 -4.410544 0.633538
v -1.224583 -4.410544 -0.633538
v -1.211104 -4.432938 0.633538
v -1.211104 -4.432938 -0.633538
v -1.197789 -4.455596 0.633538
v -1.197789 -4.455596 -0.633538
v -1.184739 -4.478254 0.633538
v -1.184739 -4.478254 -0.633538
v -1.172050 -4.500648 0.633538
v -1.172050 -4.500648 -0.633538
v -1.159825 -4.522513 0.633538
v -1.159825 -4.522513 -0.633538
v -1.148161 -4.543587 0.633538
v -1.148161 -4.543587 -0.633538
v -1.137157 -4.563605 0.633538
v -1.137157 -4.563605 -0.633538
v -1.126912 -4.582304 0.633538
v -1.126912 -4.582304 -0.633538
v -1.117524 -4.599418 0.633538
v -1.117524 -4.599418 -0.633538
v -1.109092 -4.614685 0.633538
v -1.109092 -4.614685 -0.633538
v -4.460197 -5.065468 0.633539
v -4.460197 -5.065468 -0.633538
v -4.541418 -5.009971 0.633539
v -4.541418 -5.009971 -0.633538
v -4.621519 -4.952143 0.633539
v -4.621519 -4.952143 -0.633538
v -4.700199 -4.892268 0.633539
v -4.700199 -4.892268 -0.633538
v -4.777164 -4.830634 0.633539
v -4.777164 -4.830634 -0.633538
v -4.852116 -4.767526 0.633539
v -4.852116 -4.767526 -0.633538
v -4.924759 -4.703229 0.633539
v -4.924759 -4.703229 -0.633538
v -4.994795 -4.638031 0.633539
v -4.994795 -4.638031 -0.633538
v -5.061927 -4.572217 0.633539
v -5.061927 -4.572217 -0.633538
v -5.125858 -4.506073 0.633539
v -5.125858 -4.506073 -0.633538
v -5.186292 -4.439886 0.633539
v -5.186292 -4.439886 -0.633538
v -5.242930 -4.373940 0.633539
v -5.242930 -4.373940 -0.633538
v -5.455165 -4.570337 0.633539
v -5.455165 -4.570337 -0.633538
v -5.393936 -4.632691 0.633539
v -5.393936 -4.632691 -0.633538
v -5.330660 -4.694595 0.633539
v -5.330660 -4.694595 -0.633538
v -5.265403 -4.755993 0.633539
v -5.265403 -4.755993 -0.633538
v -5.198232 -4.816830 0.633539
v -5.198232 -4.816830 -0.633538
v -5.129214 -4.877051 0.633539
v -5.129214 -4.877051 -0.633538
v -5.058414 -4.936601 0.633539
v -5.058414 -4.936601 -0.633538
v -4.985897 -4.995425 0.633539
v -4.985897 -4.995425 -0.633538
v -4.911732 -5.053468 0.633539
v -4.911732 -5.053468 -0.633538
v -4.835981 -5.110675 0.633539
v -4.835981 -5.110676 -0.633538
v -4.758713 -5.166992 0.633539
v -4.758713 -5.166992 -0.633538
v -4.679993 -5.222363 0.633539
v -4.679993 -5.222363 -0.633538
v -4.599888 -5.276732 0.633539
v -4.599888 -5.276732 -0.633538
v -4.599888 -6.613497 0.633539
v -4.599888 -6.613497 -0.633538
v -4.600021 -6.644243 0.633539
v -4.600021 -6.644243 -0.633538
v -4.600417 -6.676001 0.633539
v -4.600417 -6.676001 -0.633538
v -4.601077 -6.708330 0.633539
v -4.601077 -6.708330 -0.633538
v -4.602002 -6.740791 0.633539
v -4.602002 -6.740791 -0.633538
v -4.603189 -6.772945 0.633539
v -4.603189 -6.772945 -0.633538
v -4.604640 -6.804351 0.633539
v -4.604640 -6.804351 -0.633538
v -4.606356 -6.834569 0.633539
v -4.606356 -6.834569 -0.633538
v -4.608336 -6.863158 0.633539
v -4.608336 -6.863158 -0.633538
v -4.610579 -6.889680 0.633539
v -4.610579 -6.889680 -0.633538
v -4.613087 -6.913695 0.633539
v -4.613087 -6.913695 -0.633538
v -4.615859 -6.934762 0.633539
v -4.615859 -6.934762 -0.633538
v -4.618895 -6.952440 0.633539
v -4.618895 -6.952440 -0.633538
v -4.308461 -6.952440 0.633539
v -4.308461 -6.952440 -0.633538
v -4.310831 -6.935427 0.633539
v -4.310831 -6.935427 -0.633538
v -4.313168 -6.914795 0.633539
v -4.313168 -6.914795 -0.633538
v -4.315439 -6.891017 0.633539
v -4.315439 -6.891017 -0.633538
v -4.317611 -6.864566 0.633539
v -4.317611 -6.864566 -0.633538
v -4.319652 -6.835916 0.633539
v -4.319652 -6.835916 -0.633538
v -4.321528 -6.805539 0.633539
v -4.321528 -6.805539 -0.633538
v -4.323205 -6.773908 0.633539
v -4.323205 -6.773908 -0.633538
v -4.324652 -6.741496 0.633539
v -4.324652 -6.741496 -0.633538
v -4.325834 -6.708776 0.633539
v -4.325834 -6.708776 -0.633538
v -4.326719 -6.676221 0.633539
v -4.326719 -6.676221 -0.633538
v -4.327275 -6.644303 0.633539
v -4.327275 -6.644303 -0.633538
v -4.327467 -6.613497 0.633539
v -4.327467 -6.613497 -0.633538
v -4.327467 -5.441452 0.633539
v -4.327467 -5.441452 -0.633538
v -4.242259 -5.488936 0.633539
v -4.242259 -5.488936 -0.633538
v -4.153156 -5.536233 0.633539
v -4.153156 -5.536233 -0.633538
v -4.060490 -5.583157 0.633539
v -4.060490 -5.583157 -0.633538
v -3.964590 -5.629519 0.633539
v -3.964590 -5.629519 -0.633538
v -3.865787 -5.675133 0.633539
v -3.865787 -5.675133 -0.633538
v -3.764410 -5.719812 0.633539
v -3.764410 -5.719813 -0.633538
v -3.660788 -5.763370 0.633538
v -3.660788 -5.763370 -0.633538
v -3.555253 -5.805619 0.633538
v -3.555253 -5.805619 -0.633538
v -3.448135 -5.846372 0.633538
v -3.448135 -5.846372 -0.633538
v -3.339763 -5.885442 0.633538
v -3.339763 -5.885442 -0.633538
v -3.230467 -5.922642 0.633538
v -3.230467 -5.922642 -0.633538
v -3.120577 -5.957785 0.633538
v -3.120577 -5.957786 -0.633538
v -2.993869 -5.710705 0.633538
v -2.993869 -5.710705 -0.633538
v -3.129514 -5.672009 0.633538
v -3.129514 -5.672009 -0.633538
v -3.262274 -5.630530 0.633538
v -3.262274 -5.630530 -0.633538
v -3.391911 -5.586522 0.633538
v -3.391911 -5.586522 -0.633538
v -3.518182 -5.540236 0.633538
v -3.518182 -5.540236 -0.633538
v -3.640846 -5.491928 0.633538
v -3.640846 -5.491928 -0.633538
v -3.759659 -5.441848 0.633538
v -3.759659 -5.441848 -0.633538
v -3.874381 -5.390250 0.633539
v -3.874381 -5.390250 -0.633538
v -3.984770 -5.337387 0.633539
v -3.984770 -5.337387 -0.633538
v -4.090583 -5.283513 0.633539
v -4.090583 -5.283513 -0.633538
v -4.191579 -5.228879 0.633539
v -4.191579 -5.228879 -0.633538
v -4.287515 -5.173739 0.633539
v -4.287515 -5.173740 -0.633538
v -4.378150 -5.118347 0.633539
v -4.378150 -5.118347 -0.633538
v -6.956511 -4.708651 0.633539
v -6.956511 -4.708651 -0.633538
v -6.956090 -4.683509 0.633539
v -6.956090 -4.683509 -0.633538
v -6.955360 -4.656805 0.633539
v -6.955360 -4.656805 -0.633538
v -6.954301 -4.628881 0.633539
v -6.954301 -4.628881 -0.633538
v -6.952891 -4.600076 0.633539
v -6.952891 -4.600076 -0.633538
v -6.951105 -4.570733 0.633539
v -6.951105 -4.570733 -0.633538
v -6.948924 -4.541192 0.633539
v -6.948924 -4.541192 -0.633538
v -6.946325 -4.511793 0.633539
v -6.946325 -4.511793 -0.633538
v -6.943285 -4.482879 0.633539
v -6.943285 -4.482879 -0.633538
v -6.939785 -4.454789 0.633539
v -6.939785 -4.454789 -0.633538
v -6.935800 -4.427866 0.633539
v -6.935800 -4.427866 -0.633538
v -6.931309 -4.402449 0.633539
v -6.931309 -4.402449 -0.633538
v -7.241743 -4.402449 0.633539
v -7.241743 -4.402449 -0.633538
v -7.239311 -4.427745 0.633539
v -7.239311 -4.427745 -0.633538
v -7.236801 -4.454350 0.633539
v -7.236801 -4.454350 -0.633538
v -7.234269 -4.481988 0.633539
v -7.234269 -4.481988 -0.633538
v -7.231771 -4.510385 0.633539
v -7.231771 -4.510385 -0.633538
v -7.229360 -4.539267 0.633539
v -7.229360 -4.539267 -0.633538
v -7.227093 -4.568357 0.633539
v -7.227093 -4.568357 -0.633538
v -7.225023 -4.597381 0.633539
v -7.225023 -4.597381 -0.633538
v -7.223207 -4.626064 0.633539
v -7.223207 -4.626064 -0.633538
v -7.221697 -4.654132 0.633539
v -7.221697 -4.654132 -0.633538
v -7.220552 -4.681309 0.633539
v -7.220552 -4.681309 -0.633538
v -7.219824 -4.707319 0.633539
v -7.219824 -4.707319 -0.633538
v -7.219569 -4.731889 0.633539
v -7.219569 -4.731889 -0.633538
v -7.219569 -5.248222 0.633539
v -7.219569 -5.248223 -0.633538
v -7.327669 -5.281918 0.633539
v -7.327669 -5.281918 -0.633538
v -7.441850 -5.319276 0.633539
v -7.441850 -5.319276 -0.633538
v -7.560542 -5.359735 0.633539
v -7.560542 -5.359735 -0.633538
v -7.682169 -5.402736 0.633539
v -7.682169 -5.402736 -0.633538
v -7.805161 -5.447716 0.633539
v -7.805161 -5.447716 -0.633538
v -7.927945 -5.494114 0.633539
v -7.927945 -5.494114 -0.633537
v -8.048945 -5.541371 0.633539
v -8.048945 -5.541371 -0.633537
v -8.166592 -5.588925 0.633539
v -8.166592 -5.588925 -0.633537
v -8.279311 -5.636215 0.633539
v -8.279311 -5.636215 -0.633537
v -8.385529 -5.682680 0.633539
v -8.385529 -5.682680 -0.633537
v -8.483675 -5.727759 0.633539
v -8.483675 -5.727759 -0.633537
v -8.572173 -5.770892 0.633539
v -8.572173 -5.770892 -0.633537
v -8.464472 -6.040145 0.633539
v -8.464472 -6.040145 -0.633537
v -8.374161 -5.992967 0.633539
v -8.374161 -5.992967 -0.633537
v -8.276787 -5.945173 0.633539
v -8.276787 -5.945173 -0.633537
v -8.173738 -5.897203 0.633539
v -8.173738 -5.897203 -0.633537
v -8.066399 -5.849497 0.633539
v -8.066399 -5.849497 -0.633537
v -7.956157 -5.802495 0.633539
v -7.956157 -5.802495 -0.633537
v -7.844398 -5.756637 0.633539
v -7.844398 -5.756637 -0.633537
v -7.732504 -5.712363 0.633539
v -7.732504 -5.712363 -0.633538
v -7.621867 -5.670112 0.633539
v -7.621867 -5.670112 -0.633538
v -7.513868 -5.630325 0.633539
v -7.513868 -5.630325 -0.633538
v -7.409895 -5.593442 0.633539
v -7.409895 -5.593442 -0.633538
v -7.311333 -5.559903 0.633539
v -7.311333 -5.559903 -0.633538
v -7.219569 -5.530147 0.633539
v -7.219569 -5.530147 -0.633538
v -7.222737 -6.575485 0.633539
v -7.222737 -6.575485 -0.633538
v -7.222868 -6.601472 0.633539
v -7.222868 -6.601472 -0.633538
v -7.223264 -6.630011 0.633539
v -7.223264 -6.630011 -0.633538
v -7.223924 -6.660617 0.633539
v -7.223924 -6.660617 -0.633538
v -7.224848 -6.692807 0.633539
v -7.224848 -6.692807 -0.633538
v -7.226036 -6.726097 0.633539
v -7.226036 -6.726097 -0.633538
v -7.227487 -6.760003 0.633539
v -7.227487 -6.760003 -0.633538
v -7.229203 -6.794041 0.633539
v -7.229203 -6.794041 -0.633538
v -7.231183 -6.827727 0.633539
v -7.231183 -6.827727 -0.633537
v -7.233428 -6.860577 0.633539
v -7.233428 -6.860577 -0.633537
v -7.235935 -6.892107 0.633539
v -7.235935 -6.892107 -0.633537
v -7.238707 -6.921834 0.633539
v -7.238707 -6.921834 -0.633537
v -7.241743 -6.949273 0.633539
v -7.241743 -6.949273 -0.633537
v -6.934476 -6.949273 0.633539
v -6.934476 -6.949273 -0.633538
v -6.938238 -6.922862 0.633539
v -6.938238 -6.922862 -0.633538
v -6.941617 -6.894527 0.633539
v -6.941617 -6.894527 -0.633538
v -6.944621 -6.864586 0.633539
v -6.944621 -6.864586 -0.633538
v -6.947263 -6.833359 0.633539
v -6.947263 -6.833359 -0.633538
v -6.949553 -6.801163 0.633539
v -6.949553 -6.801163 -0.633538
v -6.951501 -6.768318 0.633539
v -6.951501 -6.768318 -0.633538
v -6.953120 -6.735144 0.633539
v -6.953120 -6.735144 -0.633538
v -6.954419 -6.701958 0.633539
v -6.954419 -6.701958 -0.633538
v -6.955411 -6.669080 0.633539
v -6.955411 -6.669080 -0.633538
v -6.956107 -6.636830 0.633539
v -6.956107 -6.636830 -0.633538
v -6.956516 -6.605525 0.633539
v -6.956516 -6.605525 -0.633538
v -6.956650 -6.575485 0.633539
v -6.956650 -6.575485 -0.633538
v -6.956650 -6.507028 0.633539
v -6.956650 -6.507028 -0.633538
v -6.956650 -6.395807 0.633539
v -6.956650 -6.395807 -0.633538
v -6.956650 -6.250005 0.633539
v -6.956650 -6.250005 -0.633538
v -6.956650 -6.077806 0.633539
v -6.956650 -6.077806 -0.633538
v -6.956650 -5.887392 0.633539
v -6.956650 -5.887393 -0.633538
v -6.956650 -5.686948 0.633539
v -6.956650 -5.686948 -0.633538
v -6.956650 -5.484655 0.633539
v -6.956650 -5.484656 -0.633538
v -6.956650 -5.288699 0.633539
v -6.956650 -5.288699 -0.633538
v -6.956650 -5.107260 0.633539
v -6.956650 -5.107260 -0.633538
v -6.956650 -4.948524 0.633539
v -6.956650 -4.948524 -0.633538
v -6.956650 -4.820673 0.633539
v -6.956650 -4.820673 -0.633538
v -6.956650 -4.731889 0.633539
v -6.956650 -4.731889 -0.633538
v -10.735706 -6.546196 0.633539
v -10.735706 -6.546196 -0.633537
v -10.735706 -6.433041 0.633539
v -10.735706 -6.433041 -0.633537
v -10.735706 -6.280444 0.633539
v -10.735706 -6.280444 -0.633537
v -10.735706 -6.097985 0.633539
v -10.735706 -6.097985 -0.633537
v -10.735706 -5.895243 0.633539
v -10.735706 -5.895244 -0.633537
v -10.735706 -5.681800 0.633539
v -10.735706 -5.681800 -0.633537
v -10.735706 -5.467235 0.633539
v -10.735706 -5.467235 -0.633537
v -10.735706 -5.261128 0.633539
v -10.735706 -5.261128 -0.633537
v -10.735706 -5.073059 0.633539
v -10.735706 -5.073059 -0.633537
v -10.735706 -4.912609 0.633539
v -10.735706 -4.912609 -0.633537
v -10.735706 -4.789356 0.633539
v -10.735706 -4.789356 -0.633537
v -10.735706 -4.712883 0.633539
v -10.735706 -4.712883 -0.633537
v -10.735454 -4.683468 0.633539
v -10.735454 -4.683468 -0.633537
v -10.734752 -4.655483 0.633539
v -10.734752 -4.655483 -0.633537
v -10.733676 -4.629038 0.633539
v -10.733676 -4.629038 -0.633537
v -10.732304 -4.604243 0.633539
v -10.732304 -4.604243 -0.633537
v -10.730710 -4.581207 0.633539
v -10.730710 -4.581207 -0.633537
v -10.728974 -4.560041 0.633539
v -10.728974 -4.560041 -0.633537
v -10.727172 -4.540856 0.633539
v -10.727172 -4.540856 -0.633537
v -10.725381 -4.523760 0.633539
v -10.725381 -4.523760 -0.633537
v -10.723679 -4.508863 0.633539
v -10.723679 -4.508863 -0.633537
v -10.722140 -4.496277 0.633539
v -10.722140 -4.496277 -0.633537
v -10.720845 -4.486111 0.633539
v -10.720845 -4.486111 -0.633537
v -10.719868 -4.478474 0.633539
v -10.719868 -4.478474 -0.633537
v -11.011295 -4.478474 0.633539
v -11.011295 -4.478474 -0.633537
v -11.010382 -4.486111 0.633539
v -11.010382 -4.486111 -0.633537
v -11.009257 -4.496277 0.633539
v -11.009257 -4.496277 -0.633537
v -11.007979 -4.508863 0.633539
v -11.007979 -4.508863 -0.633537
v -11.006603 -4.523760 0.633539
v -11.006603 -4.523760 -0.633537
v -11.005182 -4.540856 0.633539
v -11.005182 -4.540856 -0.633537
v -11.003773 -4.560041 0.633539
v -11.003773 -4.560041 -0.633537
v -11.002429 -4.581207 0.633539
v -11.002429 -4.581207 -0.633537
v -11.001205 -4.604243 0.633539
v -11.001205 -4.604243 -0.633537
v -11.000158 -4.629038 0.633539
v -11.000158 -4.629038 -0.633537
v -10.999343 -4.655483 0.633539
v -10.999343 -4.655483 -0.633537
v -10.998813 -4.683468 0.633539
v -10.998813 -4.683468 -0.633537
v -10.998624 -4.712883 0.633539
v -10.998624 -4.712883 -0.633537
v -10.998624 -4.788893 0.633539
v -10.998624 -4.788893 -0.633537
v -10.998624 -4.910747 0.633539
v -10.998624 -4.910747 -0.633537
v -10.998624 -5.068852 0.633539
v -10.998624 -5.068852 -0.633537
v -10.998624 -5.253620 0.633539
v -10.998624 -5.253620 -0.633537
v -10.998624 -5.455457 0.633539
v -10.998624 -5.455457 -0.633537
v -10.998624 -5.664774 0.633539
v -10.998624 -5.664774 -0.633537
v -10.998624 -5.871979 0.633539
v -10.998624 -5.871979 -0.633537
v -10.998624 -6.067481 0.633539
v -10.998624 -6.067482 -0.633537
v -10.998624 -6.241690 0.633539
v -10.998624 -6.241690 -0.633537
v -10.998624 -6.385013 0.633539
v -10.998624 -6.385013 -0.633537
v -10.998624 -6.487860 0.633539
v -10.998624 -6.487860 -0.633537
v -10.998624 -6.540640 0.633539
v -10.998624 -6.540640 -0.633537
v -11.073383 -6.504195 0.633539
v -11.073383 -6.504195 -0.633537
v -11.151390 -6.461580 0.633539
v -11.151390 -6.461580 -0.633537
v -11.231793 -6.413091 0.633539
v -11.231793 -6.413091 -0.633537
v -11.313749 -6.359026 0.633539
v -11.313749 -6.359026 -0.633537
v -11.396408 -6.299681 0.633539
v -11.396408 -6.299681 -0.633537
v -11.478924 -6.235354 0.633539
v -11.478924 -6.235354 -0.633537
v -11.560450 -6.166341 0.633539
v -11.560450 -6.166341 -0.633537
v -11.640140 -6.092940 0.633539
v -11.640140 -6.092940 -0.633537
v -11.717145 -6.015447 0.633539
v -11.717145 -6.015447 -0.633537
v -11.790621 -5.934159 0.633539
v -11.790621 -5.934160 -0.633537
v -11.859717 -5.849374 0.633539
v -11.859717 -5.849374 -0.633537
v -11.923591 -5.761388 0.633539
v -11.923591 -5.761388 -0.633537
v -12.072472 -5.976791 0.633539
v -12.072472 -5.976791 -0.633537
v -12.001006 -6.068464 0.633539
v -12.001006 -6.068464 -0.633537
v -11.923384 -6.157937 0.633539
v -11.923384 -6.157937 -0.633537
v -11.840437 -6.244857 0.633539
v -11.840437 -6.244857 -0.633537
v -11.753004 -6.328875 0.633539
v -11.753004 -6.328875 -0.633537
v -11.661918 -6.409636 0.633539
v -11.661918 -6.409636 -0.633537
v -11.568016 -6.486790 0.633539
v -11.568016 -6.486790 -0.633537
v -11.472135 -6.559984 0.633539
v -11.472135 -6.559984 -0.633537
v -11.375109 -6.628867 0.633539
v -11.375109 -6.628867 -0.633537
v -11.277776 -6.693086 0.633539
v -11.277776 -6.693086 -0.633537
v -11.180971 -6.752289 0.633539
v -11.180971 -6.752289 -0.633537
v -11.085530 -6.806125 0.633539
v -11.085530 -6.806125 -0.633537
v -10.992289 -6.854242 0.633539
v -10.992289 -6.854242 -0.633537
v -10.979947 -6.861301 0.633539
v -10.979947 -6.861301 -0.633537
v -10.968252 -6.868218 0.633539
v -10.968252 -6.868218 -0.633537
v -10.957197 -6.874980 0.633539
v -10.957197 -6.874980 -0.633537
v -10.946769 -6.881578 0.633539
v -10.946769 -6.881578 -0.633537
v -10.936955 -6.888000 0.633539
v -10.936955 -6.888000 -0.633537
v -10.927748 -6.894234 0.633539
v -10.927748 -6.894234 -0.633537
v -10.919133 -6.900270 0.633539
v -10.919133 -6.900270 -0.633537
v -10.911102 -6.906098 0.633539
v -10.911102 -6.906098 -0.633537
v -10.903644 -6.911706 0.633539
v -10.903644 -6.911706 -0.633537
v -10.896746 -6.917082 0.633539
v -10.896746 -6.917082 -0.633537
v -10.890397 -6.922217 0.633539
v -10.890397 -6.922217 -0.633537
v -10.884587 -6.927099 0.633539
v -10.884587 -6.927099 -0.633537
v -10.716700 -6.787721 0.633539
v -10.716700 -6.787721 -0.633537
v -10.719738 -6.774793 0.633539
v -10.719738 -6.774793 -0.633537
v -10.722509 -6.761382 0.633539
v -10.722509 -6.761382 -0.633537
v -10.725017 -6.747530 0.633539
v -10.725017 -6.747530 -0.633537
v -10.727260 -6.733283 0.633539
v -10.727260 -6.733283 -0.633537
v -10.729240 -6.718684 0.633539
v -10.729240 -6.718684 -0.633537
v -10.730956 -6.703776 0.633539
v -10.730956 -6.703776 -0.633537
v -10.732408 -6.688605 0.633539
v -10.732408 -6.688605 -0.633537
v -10.733595 -6.673214 0.633539
v -10.733595 -6.673214 -0.633537
v -10.734519 -6.657647 0.633539
v -10.734519 -6.657647 -0.633537
v -10.735179 -6.641948 0.633539
v -10.735179 -6.641948 -0.633537
v -10.735575 -6.626161 0.633539
v -10.735575 -6.626161 -0.633537
v -10.735706 -6.610330 0.633539
v -10.735706 -6.610330 -0.633537
v -9.838245 -5.913734 0.633539
v -9.838245 -5.913735 -0.633537
v -9.856014 -5.822630 0.633539
v -9.856014 -5.822630 -0.633537
v -9.870681 -5.721495 0.633539
v -9.870681 -5.721496 -0.633537
v -9.882543 -5.612507 0.633539
v -9.882543 -5.612507 -0.633537
v -9.891897 -5.497843 0.633539
v -9.891897 -5.497843 -0.633537
v -9.899042 -5.379682 0.633539
v -9.899042 -5.379682 -0.633537
v -9.904271 -5.260201 0.633539
v -9.904271 -5.260201 -0.633537
v -9.907885 -5.141577 0.633539
v -9.907885 -5.141577 -0.633537
v -9.910177 -5.025989 0.633539
v -9.910177 -5.025989 -0.633537
v -9.911448 -4.915615 0.633539
v -9.911448 -4.915615 -0.633537
v -9.911991 -4.812632 0.633539
v -9.911991 -4.812632 -0.633537
v -9.912106 -4.719218 0.633539
v -9.912106 -4.719218 -0.633537
v -9.911914 -4.695976 0.633539
v -9.911914 -4.695976 -0.633537
v -9.911346 -4.673712 0.633539
v -9.911346 -4.673712 -0.633537
v -9.910426 -4.652350 0.633539
v -9.910426 -4.652350 -0.633537
v -9.909176 -4.631814 0.633539
v -9.909176 -4.631814 -0.633537
v -9.907617 -4.612025 0.633539
v -9.907617 -4.612025 -0.633537
v -9.905772 -4.592907 0.633539
v -9.905772 -4.592907 -0.633537
v -9.903664 -4.574383 0.633539
v -9.903664 -4.574383 -0.633537
v -9.901314 -4.556376 0.633539
v -9.901314 -4.556376 -0.633537
v -9.898743 -4.538808 0.633539
v -9.898743 -4.538808 -0.633537
v -9.895974 -4.521604 0.633539
v -9.895974 -4.521604 -0.633537
v -9.893030 -4.504686 0.633539
v -9.893030 -4.504686 -0.633537
v -9.889933 -4.487977 0.633539
v -9.889933 -4.487977 -0.633537
v -10.181360 -4.487977 0.633539
v -10.181360 -4.487977 -0.633537
v -10.180381 -4.498635 0.633539
v -10.180381 -4.498635 -0.633537
v -10.179085 -4.511470 0.633539
v -10.179085 -4.511470 -0.633537
v -10.177547 -4.526286 0.633539
v -10.177547 -4.526286 -0.633537
v -10.175845 -4.542883 0.633539
v -10.175845 -4.542883 -0.633537
v -10.174054 -4.561065 0.633539
v -10.174054 -4.561065 -0.633537
v -10.172252 -4.580632 0.633539
v -10.172252 -4.580632 -0.633537
v -10.170516 -4.601387 0.633539
v -10.170516 -4.601387 -0.633537
v -10.168922 -4.623132 0.633539
v -10.168922 -4.623132 -0.633537
v -10.167549 -4.645669 0.633539
v -10.167549 -4.645669 -0.633537
v -10.166474 -4.668799 0.633539
v -10.166474 -4.668799 -0.633537
v -10.165771 -4.692326 0.633539
v -10.165771 -4.692326 -0.633537
v -10.165521 -4.716051 0.633539
v -10.165521 -4.716051 -0.633537
v -10.165220 -4.810353 0.633539
v -10.165220 -4.810353 -0.633537
v -10.164185 -4.915864 0.633539
v -10.164185 -4.915864 -0.633537
v -10.162203 -5.030196 0.633539
v -10.162203 -5.030196 -0.633537
v -10.159067 -5.150963 0.633539
v -10.159067 -5.150963 -0.633537
v -10.154567 -5.275777 0.633539
v -10.154567 -5.275777 -0.633537
v -10.148494 -5.402252 0.633539
v -10.148494 -5.402252 -0.633537
v -10.140639 -5.528000 0.633539
v -10.140639 -5.528000 -0.633537
v -10.130794 -5.650637 0.633539
v -10.130794 -5.650637 -0.633537
v -10.118748 -5.767774 0.633539
v -10.118748 -5.767774 -0.633537
v -10.104294 -5.877024 0.633539
v -10.104294 -5.877024 -0.633537
v -10.087223 -5.976001 0.633539
v -10.087223 -5.976001 -0.633537
v -10.067324 -6.062319 0.633539
v -10.067324 -6.062319 -0.633537
v -10.041347 -6.146424 0.633539
v -10.041347 -6.146424 -0.633537
v -10.011038 -6.229122 0.633539
v -10.011038 -6.229122 -0.633537
v -9.976549 -6.310191 0.633539
v -9.976549 -6.310191 -0.633537
v -9.938035 -6.389413 0.633539
v -9.938035 -6.389413 -0.633537
v -9.895648 -6.466567 0.633539
v -9.895648 -6.466567 -0.633537
v -9.849544 -6.541432 0.633539
v -9.849544 -6.541432 -0.633537
v -9.799876 -6.613791 0.633539
v -9.799876 -6.613791 -0.633537
v -9.746799 -6.683421 0.633539
v -9.746799 -6.683421 -0.633537
v -9.690465 -6.750104 0.633539
v -9.690465 -6.750104 -0.633537
v -9.631031 -6.813619 0.633539
v -9.631031 -6.813619 -0.633537
v -9.568648 -6.873747 0.633539
v -9.568648 -6.873747 -0.633537
v -9.503473 -6.930266 0.633539
v -9.503473 -6.930266 -0.633537
v -9.265897 -6.771882 0.633539
v -9.265897 -6.771882 -0.633537
v -9.330822 -6.722491 0.633539
v -9.330822 -6.722491 -0.633537
v -9.392515 -6.669504 0.633539
v -9.392515 -6.669504 -0.633537
v -9.450909 -6.613151 0.633539
v -9.450909 -6.613151 -0.633537
v -9.505937 -6.553663 0.633539
v -9.505937 -6.553663 -0.633537
v -9.557533 -6.491272 0.633539
v -9.557533 -6.491272 -0.633537
v -9.605631 -6.426208 0.633539
v -9.605631 -6.426208 -0.633537
v -9.650166 -6.358702 0.633539
v -9.650166 -6.358702 -0.633537
v -9.691071 -6.288985 0.633539
v -9.691071 -6.288985 -0.633537
v -9.728280 -6.217288 0.633539
v -9.728280 -6.217288 -0.633537
v -9.761728 -6.143843 0.633539
v -9.761728 -6.143843 -0.633537
v -9.791348 -6.068880 0.633539
v -9.791348 -6.068880 -0.633537
v -9.817075 -5.992630 0.633539
v -9.817075 -5.992630 -0.633537
vn -0.0000 -0.0000 -1.0000
vn 0.0003 -0.0000 -1.0000
vn -0.0001 -0.0000 -1.0000
vn -0.0000 -0.0000 1.0000
vn 0.0003 -0.0000 1.0000
vn -0.0001 -0.0000 1.0000
vn 0.6452 -0.7641 -0.0000
vn 0.5982 -0.8014 -0.0000
vn 0.5472 -0.8370 -0.0000
vn 0.4924 -0.8703 -0.0000
vn 0.4344 -0.9007 -0.0000
vn 0.3738 -0.9275 -0.0000
vn 0.3113 -0.9503 -0.0000
vn 0.2478 -0.9688 -0.0000
vn 0.1842 -0.9829 -0.0000
vn 0.1212 -0.9926 -0.0000
vn 0.0598 -0.9982 -0.0000
vn -0.0072 -1.0000 -0.0000
vn -0.0900 -0.9959 -0.0000
vn -0.1842 -0.9829 -0.0000
vn -0.2828 -0.9592 -0.0000
vn -0.3856 -0.9227 -0.0000
vn -0.4915 -0.8709 -0.0000
vn -0.5986 -0.8011 -0.0000
vn -0.7033 -0.7109 -0.0000
vn -0.8007 -0.5990 -0.0000
vn -0.8845 -0.4665 -0.0000
vn -0.9482 -0.3175 -0.0000
vn -0.9872 -0.1593 -0.0000
vn -0.9985 0.0556 -0.0000
vn -0.9314 0.3641 -0.0000
vn -0.7737 0.6335 -0.0000
vn -0.6274 0.7787 -0.0000
vn -0.5367 0.8438 -0.0000
vn -0.5005 0.8657 -0.0000
vn -0.5106 0.8598 -0.0000
vn -0.5617 0.8274 -0.0000
vn -0.6501 0.7599 -0.0000
vn -0.7661 0.6427 -0.0000
vn -0.8854 0.4648 -0.0000
vn -0.9712 0.2381 -0.0000
vn -0.9997 0.0262 -0.0000
vn -0.9918 -0.1282 -0.0000
vn -0.9663 -0.2574 -0.0000
vn -0.9231 -0.3845 -0.0000
vn -0.8626 -0.5058 -0.0000
vn -0.7860 -0.6182 -0.0000
vn -0.6952 -0.7188 -0.0000
vn -0.5927 -0.8055 -0.0000
vn -0.4810 -0.8767 -0.0000
vn -0.3632 -0.9317 -0.0000
vn -0.2420 -0.9703 -0.0000
vn -0.1202 -0.9928 -0.0000
vn -0.0182 -0.9998 -0.0000
vn 0.0471 -0.9989 -0.0000
vn 0.0968 -0.9953 -0.0000
vn 0.1491 -0.9888 -0.0000
vn 0.2033 -0.9791 -0.0000
vn 0.2586 -0.9660 -0.0000
vn 0.3140 -0.9494 -0.0000
vn 0.3686 -0.9296 -0.0000
vn 0.4214 -0.9069 -0.0000
vn 0.4717 -0.8817 -0.0000
vn 0.5189 -0.8549 -0.0000
vn 0.5623 -0.8269 -0.0000
vn 0.8896 -0.4567 -0.0000
vn 0.3393 0.9407 -0.0000
vn -0.7500 0.6614 -0.0000
vn -0.7074 0.7068 -0.0000
vn -0.6596 0.7516 -0.0000
vn -0.6063 0.7953 -0.0000
vn -0.5473 0.8370 -0.0000
vn -0.4825 0.8759 -0.0000
vn -0.4122 0.9111 -0.0000
vn -0.3367 0.9416 -0.0000
vn -0.2566 0.9665 -0.0000
vn -0.1730 0.9849 -0.0000
vn -0.0870 0.9962 -0.0000
vn 0.0048 1.0000 -0.0000
vn 0.1096 0.9940 -0.0000
vn 0.2246 0.9744 -0.0000
vn 0.3426 0.9395 -0.0000
vn 0.4598 0.8880 -0.0000
vn 0.5721 0.8202 -0.0000
vn 0.6758 0.7371 -0.0000
vn 0.7680 0.6404 -0.0000
vn 0.8467 0.5321 -0.0000
vn 0.9105 0.4135 -0.0000
vn 0.9584 0.2853 -0.0000
vn 0.9891 0.1473 -0.0000
vn 0.9988 -0.0497 -0.0000
vn 0.9418 -0.3362 -0.0000
vn 0.8047 -0.5937 -0.0000
vn 0.6690 -0.7433 -0.0000
vn 0.5764 -0.8172 -0.0000
vn 0.5308 -0.8475 -0.0000
vn 0.5272 -0.8497 -0.0000
vn 0.5624 -0.8268 -0.0000
vn 0.6354 -0.7722 -0.0000
vn 0.7422 -0.6702 -0.0000
vn 0.8648 -0.5021 -0.0000
vn 0.9638 -0.2666 -0.0000
vn 0.9994 -0.0352 -0.0000
vn 0.9917 0.1285 -0.0000
vn 0.9650 0.2624 -0.0000
vn 0.9175 0.3977 -0.0000
vn 0.8490 0.5283 -0.0000
vn 0.7616 0.6481 -0.0000
vn 0.6592 0.7519 -0.0000
vn 0.5474 0.8369 -0.0000
vn 0.4315 0.9021 -0.0000
vn 0.3162 0.9487 -0.0000
vn 0.2047 0.9788 -0.0000
vn 0.0992 0.9951 -0.0000
vn 0.0112 0.9999 -0.0000
vn -0.0512 0.9987 -0.0000
vn -0.1022 0.9948 -0.0000
vn -0.1527 0.9883 -0.0000
vn -0.2026 0.9793 -0.0000
vn -0.2515 0.9679 -0.0000
vn -0.2993 0.9542 -0.0000
vn -0.3458 0.9383 -0.0000
vn -0.3909 0.9204 -0.0000
vn -0.4344 0.9007 -0.0000
vn -0.4763 0.8793 -0.0000
vn -0.5164 0.8564 -0.0000
vn -0.8763 0.4818 -0.0000
vn -0.4078 -0.9131 -0.0000
vn -0.1053 0.9944 -0.0000
vn -0.2200 0.9755 -0.0000
vn -0.3427 0.9395 -0.0000
vn -0.4688 0.8833 -0.0000
vn -0.5921 0.8058 -0.0000
vn -0.7056 0.7086 -0.0000
vn -0.8030 0.5960 -0.0000
vn -0.8804 0.4742 -0.0000
vn -0.9370 0.3494 -0.0000
vn -0.9739 0.2269 -0.0000
vn -0.9939 0.1102 -0.0000
vn -1.0000 -0.0019 -0.0000
vn -0.9930 -0.1183 -0.0000
vn -0.9698 -0.2437 -0.0000
vn -0.9273 -0.3743 -0.0000
vn -0.8631 -0.5050 -0.0000
vn -0.7775 -0.6289 -0.0000
vn -0.6734 -0.7393 -0.0000
vn -0.5568 -0.8307 -0.0000
vn -0.4348 -0.9005 -0.0000
vn -0.3142 -0.9494 -0.0000
vn -0.2000 -0.9798 -0.0000
vn -0.0952 -0.9955 -0.0000
vn -0.0227 -0.9997 -0.0000
vn -0.7071 -0.7071 -0.0000
vn 0.7071 -0.7071 -0.0000
vn 0.7071 0.7071 -0.0000
vn -0.0252 0.9997 -0.0000
vn 0.0228 0.9997 -0.0000
vn 0.0946 0.9955 -0.0000
vn 0.1970 0.9804 -0.0000
vn 0.3075 0.9516 -0.0000
vn 0.4241 0.9056 -0.0000
vn 0.5431 0.8397 -0.0000
vn 0.6588 0.7523 -0.0000
vn 0.7645 0.6446 -0.0000
vn 0.8536 0.5209 -0.0000
vn 0.9218 0.3876 -0.0000
vn 0.9676 0.2525 -0.0000
vn 0.9925 0.1222 -0.0000
vn 1.0000 0.0063 -0.0000
vn 0.9954 -0.0956 -0.0000
vn 0.9801 -0.1986 -0.0000
vn 0.9505 -0.3106 -0.0000
vn 0.9028 -0.4300 -0.0000
vn 0.8333 -0.5528 -0.0000
vn 0.7405 -0.6721 -0.0000
vn 0.6264 -0.7795 -0.0000
vn 0.4975 -0.8674 -0.0000
vn 0.3629 -0.9318 -0.0000
vn 0.2314 -0.9729 -0.0000
vn 0.1098 -0.9940 -0.0000
vn 0.0260 -0.9997 -0.0000
vn -0.7071 0.7071 -0.0000
vn 0.5420 -0.8404 -0.0000
vn -0.5507 -0.8347 -0.0000
vn 0.8345 -0.5510 -0.0000
vn 0.5510 0.8345 -0.0000
vn -0.5449 0.8385 -0.0000
vn -0.8385 -0.5449 -0.0000
vn 0.8387 0.5446 -0.0000
vn -0.0137 -0.9999 -0.0000
vn -0.8312 0.5560 -0.0000
vn 0.4763 -0.8793 -0.0000
vn 0.4457 -0.8952 -0.0000
vn 0.4117 -0.9113 -0.0000
vn 0.3742 -0.9273 -0.0000
vn 0.3334 -0.9428 -0.0000
vn 0.2897 -0.9571 -0.0000
vn 0.2434 -0.9699 -0.0000
vn 0.1952 -0.9808 -0.0000
vn 0.1460 -0.9893 -0.0000
vn 0.0965 -0.9953 -0.0000
vn 0.0477 -0.9989 -0.0000
vn -0.0180 -0.9998 -0.0000
vn -0.1203 -0.9927 -0.0000
vn -0.2418 -0.9703 -0.0000
vn -0.3623 -0.9320 -0.0000
vn -0.4793 -0.8776 -0.0000
vn -0.5902 -0.8073 -0.0000
vn -0.6922 -0.7217 -0.0000
vn -0.7829 -0.6221 -0.0000
vn -0.8599 -0.5105 -0.0000
vn -0.9212 -0.3892 -0.0000
vn -0.9652 -0.2614 -0.0000
vn -0.9915 -0.1305 -0.0000
vn -1.0000 -0.0015 -0.0000
vn -0.9921 0.1257 -0.0000
vn -0.9670 0.2546 -0.0000
vn -0.9234 0.3838 -0.0000
vn -0.8609 0.5087 -0.0000
vn -0.7808 0.6248 -0.0000
vn -0.6854 0.7282 -0.0000
vn -0.5784 0.8158 -0.0000
vn -0.4637 0.8860 -0.0000
vn -0.3454 0.9385 -0.0000
vn -0.2270 0.9739 -0.0000
vn -0.1113 0.9938 -0.0000
vn -0.0128 0.9999 -0.0000
vn 0.0569 0.9984 -0.0000
vn 0.1116 0.9938 -0.0000
vn 0.1639 0.9865 -0.0000
vn 0.2138 0.9769 -0.0000
vn 0.2616 0.9652 -0.0000
vn 0.3072 0.9516 -0.0000
vn 0.3509 0.9364 -0.0000
vn 0.3927 0.9196 -0.0000
vn 0.4329 0.9014 -0.0000
vn 0.4716 0.8818 -0.0000
vn 0.5088 0.8609 -0.0000
vn -0.4864 0.8738 -0.0000
vn -0.8517 -0.5240 -0.0000
vn -0.4374 -0.8993 -0.0000
vn -0.4081 -0.9129 -0.0000
vn -0.3749 -0.9271 -0.0000
vn -0.3381 -0.9411 -0.0000
vn -0.2984 -0.9544 -0.0000
vn -0.2565 -0.9666 -0.0000
vn -0.2131 -0.9770 -0.0000
vn -0.1690 -0.9856 -0.0000
vn -0.1251 -0.9922 -0.0000
vn -0.0819 -0.9966 -0.0000
vn -0.0401 -0.9992 -0.0000
vn 0.0226 -0.9997 -0.0000
vn 0.1330 -0.9911 -0.0000
vn 0.2704 -0.9628 -0.0000
vn 0.4061 -0.9138 -0.0000
vn 0.5336 -0.8457 -0.0000
vn 0.6474 -0.7621 -0.0000
vn 0.7446 -0.6675 -0.0000
vn 0.8243 -0.5661 -0.0000
vn 0.8876 -0.4607 -0.0000
vn 0.9358 -0.3524 -0.0000
vn 0.9705 -0.2409 -0.0000
vn 0.9923 -0.1241 -0.0000
vn 1.0000 -0.0004 -0.0000
vn 0.9918 0.1279 -0.0000
vn 0.9664 0.2571 -0.0000
vn 0.9232 0.3844 -0.0000
vn 0.8625 0.5061 -0.0000
vn 0.7855 0.6188 -0.0000
vn 0.6942 0.7198 -0.0000
vn 0.5911 0.8066 -0.0000
vn 0.4790 0.8778 -0.0000
vn 0.3610 0.9325 -0.0000
vn 0.2401 0.9708 -0.0000
vn 0.1190 0.9929 -0.0000
vn 0.0192 0.9998 -0.0000
vn -0.0408 0.9992 -0.0000
vn -0.0816 0.9967 -0.0000
vn -0.1217 0.9926 -0.0000
vn -0.1606 0.9870 -0.0000
vn -0.1976 0.9803 -0.0000
vn -0.2325 0.9726 -0.0000
vn -0.2648 0.9643 -0.0000
vn -0.2945 0.9557 -0.0000
vn -0.3214 0.9469 -0.0000
vn -0.3457 0.9384 -0.0000
vn -0.3673 0.9301 -0.0000
vn -0.8299 0.5579 -0.0000
vn -0.5046 -0.8633 -0.0000
vn 0.1044 0.9945 -0.0000
vn 0.1022 0.9948 -0.0000
vn 0.1004 0.9949 -0.0000
vn 0.0987 0.9951 -0.0000
vn 0.0970 0.9953 -0.0000
vn 0.0952 0.9955 -0.0000
vn 0.0934 0.9956 -0.0000
vn 0.0914 0.9958 -0.0000
vn 0.0893 0.9960 -0.0000
vn 0.0869 0.9962 -0.0000
vn 0.0842 0.9964 -0.0000
vn 0.0819 0.9966 -0.0000
vn 0.0796 0.9968 -0.0000
vn 0.0769 0.9970 -0.0000
vn 0.0742 0.9972 -0.0000
vn 0.0715 0.9974 -0.0000
vn 0.0687 0.9976 -0.0000
vn 0.0658 0.9978 -0.0000
vn 0.0628 0.9980 -0.0000
vn 0.0596 0.9982 -0.0000
vn 0.0563 0.9984 -0.0000
vn 0.0528 0.9986 -0.0000
vn 0.0489 0.9988 -0.0000
vn -0.6903 0.7235 -0.0000
vn -0.7078 -0.7064 -0.0000
vn -0.0046 -1.0000 -0.0000
vn -0.0110 -0.9999 -0.0000
vn -0.0196 -0.9998 -0.0000
vn -0.0305 -0.9995 -0.0000
vn -0.0440 -0.9990 -0.0000
vn -0.0603 -0.9982 -0.0000
vn -0.0803 -0.9968 -0.0000
vn -0.1047 -0.9945 -0.0000
vn -0.1350 -0.9908 -0.0000
vn -0.1730 -0.9849 -0.0000
vn -0.2217 -0.9751 -0.0000
vn -0.3096 -0.9509 -0.0000
vn -0.4262 -0.9046 -0.0000
vn -0.5325 -0.8464 -0.0000
vn -0.6250 -0.7806 -0.0000
vn -0.7044 -0.7098 -0.0000
vn -0.7719 -0.6358 -0.0000
vn -0.8290 -0.5593 -0.0000
vn -0.8772 -0.4802 -0.0000
vn -0.9175 -0.3978 -0.0000
vn -0.9505 -0.3106 -0.0000
vn -0.9763 -0.2166 -0.0000
vn -0.9936 -0.1134 -0.0000
vn -0.9999 0.0103 -0.0000
vn -0.9861 0.1659 -0.0000
vn -0.9408 0.3390 -0.0000
vn -0.8627 0.5057 -0.0000
vn -0.7594 0.6507 -0.0000
vn -0.6436 0.7654 -0.0000
vn -0.5277 0.8494 -0.0000
vn -0.4196 0.9077 -0.0000
vn -0.3229 0.9464 -0.0000
vn -0.2378 0.9713 -0.0000
vn -0.1631 0.9866 -0.0000
vn -0.0971 0.9953 -0.0000
vn -0.8341 0.5516 -0.0000
vn -0.5463 -0.8376 -0.0000
vn 0.1197 -0.9928 -0.0000
vn 0.2027 -0.9792 -0.0000
vn 0.2888 -0.9574 -0.0000
vn 0.3797 -0.9251 -0.0000
vn 0.5782 -0.8159 -0.0000
vn 0.6828 -0.7306 -0.0000
vn 0.7844 -0.6203 -0.0000
vn 0.8747 -0.4847 -0.0000
vn 0.9443 -0.3290 -0.0000
vn 0.9865 -0.1636 -0.0000
vn 0.9999 -0.0149 -0.0000
vn 0.9951 0.0992 -0.0000
vn 0.9809 0.1948 -0.0000
vn 0.9586 0.2848 -0.0000
vn 0.9295 0.3688 -0.0000
vn 0.8948 0.4464 -0.0000
vn 0.8553 0.5181 -0.0000
vn 0.8116 0.5843 -0.0000
vn 0.7635 0.6458 -0.0000
vn 0.7109 0.7033 -0.0000
vn 0.6526 0.7577 -0.0000
vn 0.5872 0.8094 -0.0000
vn 0.9405 -0.3398 -0.0000
vn -0.1072 -0.9942 -0.0000
vn -0.1053 -0.9944 -0.0000
vn -0.1054 -0.9944 -0.0000
vn -0.1069 -0.9943 -0.0000
vn -0.1098 -0.9940 -0.0000
vn -0.1140 -0.9935 -0.0000
vn -0.1198 -0.9928 -0.0000
vn -0.1277 -0.9918 -0.0000
vn -0.1384 -0.9904 -0.0000
vn -0.1535 -0.9881 -0.0000
vn -0.1759 -0.9844 -0.0000
vn 0.5961 -0.8029 -0.0000
vn 0.7522 0.6590 -0.0000
vn 0.0314 0.9995 -0.0000
vn 0.0364 0.9993 -0.0000
vn 0.0416 0.9991 -0.0000
vn 0.0468 0.9989 -0.0000
vn 0.0522 0.9986 -0.0000
vn 0.0578 0.9983 -0.0000
vn 0.0637 0.9980 -0.0000
vn 0.0701 0.9975 -0.0000
vn 0.0772 0.9970 -0.0000
vn 0.0851 0.9964 -0.0000
vn 0.0942 0.9956 -0.0000
vn 0.1023 0.9948 -0.0000
vn 0.3327 -0.9430 -0.0000
vn 0.8967 -0.4426 -0.0000
vn 0.8914 -0.4531 -0.0000
vn 0.8859 -0.4639 -0.0000
vn 0.8800 -0.4750 -0.0000
vn 0.8736 -0.4866 -0.0000
vn 0.8668 -0.4987 -0.0000
vn 0.8593 -0.5115 -0.0000
vn 0.8511 -0.5251 -0.0000
vn 0.8419 -0.5396 -0.0000
vn 0.8317 -0.5553 -0.0000
vn 0.8201 -0.5723 -0.0000
vn 0.9633 0.2684 -0.0000
vn -0.2779 0.9606 -0.0000
vn -0.8291 0.5592 -0.0000
vn -0.8362 0.5484 -0.0000
vn -0.8424 0.5389 -0.0000
vn -0.8480 0.5300 -0.0000
vn -0.8533 0.5214 -0.0000
vn -0.8587 0.5125 -0.0000
vn -0.8642 0.5032 -0.0000
vn -0.8701 0.4929 -0.0000
vn -0.8766 0.4812 -0.0000
vn -0.8840 0.4675 -0.0000
vn -0.8926 0.4508 -0.0000
vn -0.9438 -0.3304 -0.0000
vn 0.3242 -0.9460 -0.0000
vn 0.8920 -0.4521 -0.0000
vn 0.8857 -0.4643 -0.0000
vn 0.8792 -0.4764 -0.0000
vn 0.8725 -0.4886 -0.0000
vn 0.8656 -0.5008 -0.0000
vn 0.8583 -0.5132 -0.0000
vn 0.8506 -0.5258 -0.0000
vn 0.8425 -0.5387 -0.0000
vn 0.8339 -0.5518 -0.0000
vn 0.8248 -0.5654 -0.0000
vn 0.8150 -0.5794 -0.0000
vn 0.9683 0.2499 -0.0000
vn -0.2522 0.9677 -0.0000
vn -0.8161 0.5779 -0.0000
vn -0.8224 0.5690 -0.0000
vn -0.8279 0.5609 -0.0000
vn -0.8330 0.5533 -0.0000
vn -0.8380 0.5457 -0.0000
vn -0.8430 0.5379 -0.0000
vn -0.8483 0.5294 -0.0000
vn -0.8541 0.5201 -0.0000
vn -0.8605 0.5094 -0.0000
vn -0.8678 0.4969 -0.0000
vn -0.8764 0.4817 -0.0000
vn -0.9508 -0.3097 -0.0000
vn -0.8671 0.4981 -0.0000
vn 0.0047 1.0000 -0.0000
vn 0.0196 0.9998 -0.0000
vn 0.0408 0.9992 -0.0000
vn 0.0639 0.9980 -0.0000
vn 0.0892 0.9960 -0.0000
vn 0.1166 0.9932 -0.0000
vn 0.1465 0.9892 -0.0000
vn 0.1789 0.9839 -0.0000
vn 0.2139 0.9768 -0.0000
vn 0.2517 0.9678 -0.0000
vn 0.2922 0.9563 -0.0000
vn 0.3354 0.9421 -0.0000
vn -0.0895 0.9960 -0.0000
vn -0.9714 0.2375 -0.0000
vn -0.8651 -0.5016 -0.0000
vn -0.8832 -0.4691 -0.0000
vn -0.8965 -0.4430 -0.0000
vn -0.9067 -0.4218 -0.0000
vn -0.9146 -0.4043 -0.0000
vn -0.9208 -0.3901 -0.0000
vn -0.9257 -0.3784 -0.0000
vn -0.9295 -0.3689 -0.0000
vn -0.9323 -0.3616 -0.0000
vn -0.9344 -0.3562 -0.0000
vn -0.9357 -0.3527 -0.0000
vn -0.9474 -0.3202 -0.0000
vn -0.9527 -0.3040 -0.0000
vn -0.9426 -0.3339 -0.0000
vn -0.9322 -0.3620 -0.0000
vn -0.9213 -0.3889 -0.0000
vn -0.9098 -0.4150 -0.0000
vn -0.8977 -0.4406 -0.0000
vn -0.8848 -0.4660 -0.0000
vn -0.8709 -0.4914 -0.0000
vn -0.8559 -0.5172 -0.0000
vn -0.8395 -0.5434 -0.0000
vn -0.8215 -0.5702 -0.0000
vn -0.9880 0.1543 -0.0000
vn -0.5969 0.8024 -0.0000
vn -0.5998 0.8001 -0.0000
vn -0.6027 0.7979 -0.0000
vn -0.6056 0.7957 -0.0000
vn -0.6085 0.7935 -0.0000
vn -0.6115 0.7913 -0.0000
vn -0.6144 0.7890 -0.0000
vn -0.6174 0.7866 -0.0000
vn -0.6205 0.7842 -0.0000
vn -0.6237 0.7817 -0.0000
vn -0.6271 0.7790 -0.0000
vn -0.9958 0.0915 -0.0000
vn -0.0676 -0.9977 -0.0000
vn 0.6623 -0.7493 -0.0000
vn 0.6562 -0.7546 -0.0000
vn 0.6509 -0.7592 -0.0000
vn 0.6463 -0.7631 -0.0000
vn 0.6422 -0.7665 -0.0000
vn 0.6387 -0.7694 -0.0000
vn 0.6357 -0.7719 -0.0000
vn 0.6332 -0.7740 -0.0000
vn 0.6311 -0.7757 -0.0000
vn 0.6294 -0.7771 -0.0000
vn 0.6280 -0.7782 -0.0000
vn -0.0706 -0.9975 -0.0000
vn -0.7176 -0.6964 -0.0000
vn -0.6902 -0.7236 -0.0000
vn -0.6612 -0.7502 -0.0000
vn -0.6308 -0.7760 -0.0000
vn -0.5990 -0.8008 -0.0000
vn -0.5659 -0.8245 -0.0000
vn -0.5316 -0.8470 -0.0000
vn -0.4964 -0.8681 -0.0000
vn -0.4604 -0.8877 -0.0000
vn -0.4238 -0.9058 -0.0000
vn -0.3866 -0.9222 -0.0000
vn 0.1663 -0.9861 -0.0000
vn 0.9812 0.1932 -0.0000
vn 0.3388 0.9409 -0.0000
vn 0.3824 0.9240 -0.0000
vn 0.4248 0.9053 -0.0000
vn 0.4658 0.8849 -0.0000
vn 0.5051 0.8631 -0.0000
vn 0.5428 0.8399 -0.0000
vn 0.5788 0.8155 -0.0000
vn 0.6130 0.7901 -0.0000
vn 0.6455 0.7638 -0.0000
vn 0.6762 0.7367 -0.0000
vn 0.7054 0.7088 -0.0000
vn 0.9960 -0.0897 -0.0000
vn 0.5819 -0.8133 -0.0000
vn 0.5783 -0.8158 -0.0000
vn 0.5746 -0.8185 -0.0000
vn 0.5707 -0.8211 -0.0000
vn 0.5668 -0.8239 -0.0000
vn 0.5626 -0.8267 -0.0000
vn 0.5582 -0.8297 -0.0000
vn 0.5534 -0.8329 -0.0000
vn 0.5483 -0.8363 -0.0000
vn 0.5428 -0.8399 -0.0000
vn 0.5367 -0.8438 -0.0000
vn 0.9933 -0.1157 -0.0000
vn 0.1334 0.9911 -0.0000
vn -0.5065 0.8622 -0.0000
vn -0.5137 0.8580 -0.0000
vn -0.5204 0.8539 -0.0000
vn -0.5268 0.8500 -0.0000
vn -0.5330 0.8461 -0.0000
vn -0.5390 0.8423 -0.0000
vn -0.5448 0.8386 -0.0000
vn -0.5505 0.8348 -0.0000
vn -0.5562 0.8310 -0.0000
vn -0.5619 0.8272 -0.0000
vn -0.5676 0.8233 -0.0000
vn 0.1691 0.9856 -0.0000
vn 0.8215 0.5702 -0.0000
vn 0.8399 0.5427 -0.0000
vn 0.8566 0.5160 -0.0000
vn 0.8719 0.4897 -0.0000
vn 0.8861 0.4635 -0.0000
vn 0.8995 0.4369 -0.0000
vn 0.9123 0.4095 -0.0000
vn 0.9247 0.3808 -0.0000
vn 0.9367 0.3501 -0.0000
vn 0.9486 0.3165 -0.0000
vn 0.9603 0.2790 -0.0000
vn 0.7934 -0.6087 -0.0000
vn -0.4532 -0.8914 -0.0000
vn -0.7858 -0.6185 -0.0000
vn -0.7699 -0.6381 -0.0000
vn -0.7531 -0.6579 -0.0000
vn -0.7350 -0.6780 -0.0000
vn -0.7158 -0.6983 -0.0000
vn -0.6951 -0.7189 -0.0000
vn -0.6729 -0.7397 -0.0000
vn -0.6491 -0.7607 -0.0000
vn -0.6234 -0.7819 -0.0000
vn -0.5959 -0.8031 -0.0000
vn 0.0197 -0.9998 -0.0000
vn 0.9993 0.0369 -0.0000
vn 0.5769 0.8168 -0.0000
vn 0.6217 0.7832 -0.0000
vn 0.6624 0.7491 -0.0000
vn 0.6991 0.7150 -0.0000
vn 0.7321 0.6812 -0.0000
vn 0.7618 0.6478 -0.0000
vn 0.7884 0.6151 -0.0000
vn 0.8124 0.5832 -0.0000
vn 0.8340 0.5518 -0.0000
vn 0.8536 0.5210 -0.0000
vn 0.8716 0.4902 -0.0000
vn 0.8799 0.4752 -0.0000
vn 0.8844 0.4667 -0.0000
vn 0.8931 0.4499 -0.0000
vn 0.9007 0.4345 -0.0000
vn 0.9078 0.4194 -0.0000
vn 0.9147 0.4041 -0.0000
vn 0.9217 0.3878 -0.0000
vn 0.9291 0.3700 -0.0000
vn 0.9368 0.3499 -0.0000
vn 0.9451 0.3266 -0.0000
vn 0.9542 0.2990 -0.0000
vn 0.9641 0.2654 -0.0000
vn 0.4851 0.8745 -0.0000
vn -0.9407 0.3392 -0.0000
vn -0.8460 -0.5332 -0.0000
vn -0.8535 -0.5212 -0.0000
vn -0.8595 -0.5112 -0.0000
vn -0.8644 -0.5029 -0.0000
vn -0.8683 -0.4960 -0.0000
vn -0.8714 -0.4905 -0.0000
vn -0.8739 -0.4861 -0.0000
vn -0.8756 -0.4830 -0.0000
vn -0.8767 -0.4811 -0.0000
vn -0.8769 -0.4807 -0.0000
vn -0.8761 -0.4822 -0.0000
vn -0.8696 -0.4937 -0.0000
vn 0.5530 0.8332 -0.0000
vn 0.5748 0.8183 -0.0000
vn 0.5955 0.8033 -0.0000
vn 0.6154 0.7882 -0.0000
vn 0.6346 0.7728 -0.0000
vn 0.6535 0.7569 -0.0000
vn 0.6721 0.7404 -0.0000
vn 0.6908 0.7231 -0.0000
vn 0.7096 0.7046 -0.0000
vn 0.7288 0.6847 -0.0000
vn 0.7486 0.6630 -0.0000
vn 0.0572 0.9984 -0.0000
vn -0.9997 0.0239 -0.0000
vn -0.7065 -0.7078 -0.0000
vn -0.6923 -0.7216 -0.0000
vn -0.6783 -0.7348 -0.0000
vn -0.6644 -0.7474 -0.0000
vn -0.6506 -0.7594 -0.0000
vn -0.6369 -0.7710 -0.0000
vn -0.6232 -0.7821 -0.0000
vn -0.6095 -0.7928 -0.0000
vn -0.5822 -0.8131 -0.0000
vn -0.5685 -0.8227 -0.0000
vn -0.8836 -0.4682 -0.0000
vn -1.0000 0.0022 -0.0000
vn -1.0000 0.0084 -0.0000
vn -0.9999 0.0164 -0.0000
vn -0.9997 0.0245 -0.0000
vn -0.9995 0.0327 -0.0000
vn -0.9991 0.0415 -0.0000
vn -0.9987 0.0514 -0.0000
vn -0.9980 0.0629 -0.0000
vn -0.9971 0.0767 -0.0000
vn -0.9956 0.0941 -0.0000
vn -0.9931 0.1172 -0.0000
vn -0.9887 0.1499 -0.0000
vn -0.7646 -0.6445 -0.0000
vn 0.7543 -0.6565 -0.0000
vn 0.9921 0.1253 -0.0000
vn 0.9946 0.1038 -0.0000
vn 0.9961 0.0885 -0.0000
vn 0.9971 0.0764 -0.0000
vn 0.9978 0.0664 -0.0000
vn 0.9984 0.0573 -0.0000
vn 0.9988 0.0488 -0.0000
vn 0.9992 0.0404 -0.0000
vn 0.9995 0.0316 -0.0000
vn 0.9998 0.0223 -0.0000
vn 0.9999 0.0118 -0.0000
vn 1.0000 0.0031 -0.0000
vn 0.5066 -0.8622 -0.0000
vn -0.4778 -0.8784 -0.0000
vn -0.4603 -0.8877 -0.0000
vn -0.4435 -0.8963 -0.0000
vn -0.4272 -0.9041 -0.0000
vn -0.4112 -0.9115 -0.0000
vn -0.3954 -0.9185 -0.0000
vn -0.3796 -0.9252 -0.0000
vn -0.3636 -0.9315 -0.0000
vn -0.3474 -0.9377 -0.0000
vn -0.3307 -0.9437 -0.0000
vn -0.3134 -0.9496 -0.0000
vn 0.3836 -0.9235 -0.0000
vn 0.9173 0.3982 -0.0000
vn 0.2863 0.9581 -0.0000
vn 0.3099 0.9508 -0.0000
vn 0.3328 0.9430 -0.0000
vn 0.3553 0.9347 -0.0000
vn 0.3774 0.9260 -0.0000
vn 0.3993 0.9168 -0.0000
vn 0.4211 0.9070 -0.0000
vn 0.4428 0.8966 -0.0000
vn 0.4648 0.8854 -0.0000
vn 0.4871 0.8734 -0.0000
vn 0.5099 0.8602 -0.0000
vn 0.5316 0.8470 -0.0000
vn 0.9999 -0.0114 -0.0000
vn 0.9998 -0.0221 -0.0000
vn 0.9995 -0.0326 -0.0000
vn 0.9991 -0.0434 -0.0000
vn 0.9985 -0.0548 -0.0000
vn 0.9977 -0.0672 -0.0000
vn 0.9967 -0.0809 -0.0000
vn 0.9954 -0.0963 -0.0000
vn 0.9935 -0.1141 -0.0000
vn 0.9908 -0.1351 -0.0000
vn 0.9871 -0.1602 -0.0000
vn 0.7661 0.6427 -0.0000
vn -0.7402 0.6724 -0.0000
vn -0.9955 -0.0948 -0.0000
vn -0.9957 -0.0926 -0.0000
vn -0.9960 -0.0894 -0.0000
vn -0.9963 -0.0854 -0.0000
vn -0.9968 -0.0805 -0.0000
vn -0.9972 -0.0744 -0.0000
vn -0.9977 -0.0672 -0.0000
vn -0.9983 -0.0584 -0.0000
vn -0.9989 -0.0479 -0.0000
vn -0.9994 -0.0350 -0.0000
vn -0.9998 -0.0192 -0.0000
vn -1.0000 -0.0052 -0.0000
vn -0.8055 0.5926 -0.0000
vn -0.3043 0.9526 -0.0000
vn -0.3168 0.9485 -0.0000
vn -0.3280 0.9447 -0.0000
vn -0.3384 0.9410 -0.0000
vn -0.3485 0.9373 -0.0000
vn -0.3586 0.9335 -0.0000
vn -0.3693 0.9293 -0.0000
vn -0.3808 0.9246 -0.0000
vn -0.3938 0.9192 -0.0000
vn -0.4091 0.9125 -0.0000
vn -0.4278 0.9039 -0.0000
vn -0.9329 0.3601 -0.0000
vn -0.3471 -0.9378 -0.0000
vn 0.4519 -0.8921 -0.0000
vn 0.4313 -0.9022 -0.0000
vn 0.4141 -0.9102 -0.0000
vn 0.3992 -0.9169 -0.0000
vn 0.3859 -0.9225 -0.0000
vn 0.3623 -0.9320 -0.0000
vn 0.3512 -0.9363 -0.0000
vn 0.3400 -0.9404 -0.0000
vn 0.3282 -0.9446 -0.0000
vn 0.3153 -0.9490 -0.0000
vn -0.5893 -0.8079 -0.0000
vn -1.0000 0.0041 -0.0000
vn -1.0000 0.0095 -0.0000
vn -0.9998 0.0177 -0.0000
vn -0.9997 0.0251 -0.0000
vn -0.9995 0.0322 -0.0000
vn -0.9992 0.0392 -0.0000
vn -0.9989 0.0466 -0.0000
vn -0.9985 0.0545 -0.0000
vn -0.9980 0.0634 -0.0000
vn -0.9973 0.0737 -0.0000
vn -0.9963 0.0861 -0.0000
vn -0.9948 0.1014 -0.0000
vn -0.7450 -0.6671 -0.0000
vn 0.7553 -0.6554 -0.0000
vn 0.9916 0.1297 -0.0000
vn 0.9940 0.1091 -0.0000
vn 0.9958 0.0921 -0.0000
vn 0.9970 0.0776 -0.0000
vn 0.9979 0.0651 -0.0000
vn 0.9985 0.0540 -0.0000
vn 0.9990 0.0439 -0.0000
vn 0.9994 0.0346 -0.0000
vn 0.9997 0.0258 -0.0000
vn 0.9999 0.0173 -0.0000
vn 1.0000 0.0088 -0.0000
vn 1.0000 0.0022 -0.0000
vn 1.0000 -0.0000 -0.0000
vn 1.0000 -0.0030 -0.0000
vn 1.0000 -0.0043 -0.0000
vn 0.9999 -0.0168 -0.0000
vn 0.9995 -0.0329 -0.0000
vn 0.9988 -0.0480 -0.0000
vn 0.9981 -0.0621 -0.0000
vn 0.9972 -0.0754 -0.0000
vn 0.9962 -0.0876 -0.0000
vn 0.9951 -0.0989 -0.0000
vn 0.9941 -0.1089 -0.0000
vn 0.9931 -0.1174 -0.0000
vn 0.9923 -0.1239 -0.0000
vn 0.9919 -0.1267 -0.0000
vn 0.7506 0.6608 -0.0000
vn -0.7479 0.6638 -0.0000
vn -0.9934 -0.1143 -0.0000
vn -0.9944 -0.1054 -0.0000
vn -0.9953 -0.0965 -0.0000
vn -0.9962 -0.0874 -0.0000
vn -0.9970 -0.0780 -0.0000
vn -0.9977 -0.0684 -0.0000
vn -0.9983 -0.0582 -0.0000
vn -0.9989 -0.0476 -0.0000
vn -0.9993 -0.0365 -0.0000
vn -0.9997 -0.0249 -0.0000
vn -0.9999 -0.0127 -0.0000
vn -1.0000 -0.0032 -0.0000
vn -1.0000 -0.0000 -0.0000
vn -0.5300 0.8480 -0.0000
vn 0.4589 0.8885 -0.0000
vn 0.4980 0.8672 -0.0000
vn 0.5336 0.8457 -0.0000
vn 0.5670 0.8237 -0.0000
vn 0.5991 0.8006 -0.0000
vn 0.6306 0.7761 -0.0000
vn 0.6619 0.7496 -0.0000
vn 0.6936 0.7204 -0.0000
vn 0.7258 0.6879 -0.0000
vn 0.7588 0.6514 -0.0000
vn 0.7925 0.6098 -0.0000
vn -0.0116 0.9999 -0.0000
vn -0.9996 -0.0287 -0.0000
vn -0.7723 -0.6353 -0.0000
vn -0.7396 -0.6730 -0.0000
vn -0.7083 -0.7059 -0.0000
vn -0.6492 -0.7606 -0.0000
vn -0.6209 -0.7839 -0.0000
vn -0.5929 -0.8053 -0.0000
vn -0.5649 -0.8252 -0.0000
vn -0.5363 -0.8440 -0.0000
vn -0.5066 -0.8622 -0.0000
vn -0.4750 -0.8800 -0.0000
vn -0.4776 -0.8786 -0.0000
vn -0.5028 -0.8644 -0.0000
vn -0.5155 -0.8569 -0.0000
vn -0.5283 -0.8491 -0.0000
vn -0.5411 -0.8410 -0.0000
vn -0.5541 -0.8324 -0.0000
vn -0.5673 -0.8235 -0.0000
vn -0.5806 -0.8142 -0.0000
vn -0.5941 -0.8044 -0.0000
vn -0.6079 -0.7940 -0.0000
vn -0.6218 -0.7832 -0.0000
vn -0.6361 -0.7716 -0.0000
vn -0.0030 -1.0000 -0.0000
vn 0.9481 -0.3179 -0.0000
vn 0.9765 0.2156 -0.0000
vn 0.9817 0.1903 -0.0000
vn 0.9860 0.1668 -0.0000
vn 0.9894 0.1450 -0.0000
vn 0.9922 0.1244 -0.0000
vn 0.9945 0.1048 -0.0000
vn 0.9963 0.0860 -0.0000
vn 0.9977 0.0681 -0.0000
vn 0.9987 0.0506 -0.0000
vn 0.9994 0.0335 -0.0000
vn 0.9999 0.0167 -0.0000
vn 1.0000 0.0042 -0.0000
vn 0.9743 0.2254 -0.0000
vn 0.9859 0.1675 -0.0000
vn 0.9920 0.1259 -0.0000
vn 0.9955 0.0948 -0.0000
vn 0.9975 0.0708 -0.0000
vn 0.9986 0.0520 -0.0000
vn 0.9993 0.0371 -0.0000
vn 0.9997 0.0251 -0.0000
vn 0.9999 0.0157 -0.0000
vn 1.0000 0.0084 -0.0000
vn 1.0000 0.0033 -0.0000
vn 1.0000 -0.0035 -0.0000
vn 0.9999 -0.0169 -0.0000
vn 0.9994 -0.0343 -0.0000
vn 0.9987 -0.0519 -0.0000
vn 0.9976 -0.0697 -0.0000
vn 0.9962 -0.0873 -0.0000
vn 0.9945 -0.1046 -0.0000
vn 0.9926 -0.1212 -0.0000
vn 0.9906 -0.1371 -0.0000
vn 0.9884 -0.1518 -0.0000
vn 0.9863 -0.1652 -0.0000
vn 0.9842 -0.1769 -0.0000
vn 0.7688 0.6394 -0.0000
vn -0.7387 0.6740 -0.0000
vn -0.9954 -0.0960 -0.0000
vn -0.9948 -0.1019 -0.0000
vn -0.9947 -0.1026 -0.0000
vn -0.9950 -0.1001 -0.0000
vn -0.9955 -0.0949 -0.0000
vn -0.9962 -0.0875 -0.0000
vn -0.9969 -0.0782 -0.0000
vn -0.9978 -0.0669 -0.0000
vn -0.9986 -0.0536 -0.0000
vn -0.9993 -0.0382 -0.0000
vn -0.9998 -0.0202 -0.0000
vn -1.0000 -0.0069 -0.0000
vn -1.0000 -0.0065 -0.0000
vn -0.9999 -0.0136 -0.0000
vn -0.9998 -0.0216 -0.0000
vn -0.9995 -0.0310 -0.0000
vn -0.9991 -0.0420 -0.0000
vn -0.9985 -0.0552 -0.0000
vn -0.9975 -0.0712 -0.0000
vn -0.9958 -0.0912 -0.0000
vn -0.9932 -0.1167 -0.0000
vn -0.9886 -0.1506 -0.0000
vn -0.9803 -0.1974 -0.0000
vn -0.9656 -0.2601 -0.0000
vn -0.9475 -0.3197 -0.0000
vn -0.9299 -0.3679 -0.0000
vn -0.9101 -0.4145 -0.0000
vn -0.8882 -0.4595 -0.0000
vn -0.8642 -0.5031 -0.0000
vn -0.8382 -0.5453 -0.0000
vn -0.8101 -0.5863 -0.0000
vn -0.7798 -0.6260 -0.0000
vn -0.7473 -0.6645 -0.0000
vn -0.7123 -0.7019 -0.0000
vn -0.6748 -0.7380 -0.0000
vn -0.0632 -0.9980 -0.0000
vn 0.9995 -0.0312 -0.0000
vn 0.6288 0.7776 -0.0000
vn 0.6733 0.7394 -0.0000
vn 0.7145 0.6996 -0.0000
vn 0.7526 0.6584 -0.0000
vn 0.7877 0.6161 -0.0000
vn 0.8197 0.5728 -0.0000
vn 0.8489 0.5286 -0.0000
vn 0.8753 0.4835 -0.0000
vn 0.8991 0.4377 -0.0000
vn 0.9203 0.3911 -0.0000
vn 0.9391 0.3437 -0.0000
vn 0.9572 0.2896 -0.0000
vt 0.558140 0.000000
vt 0.569767 0.000000
vt 0.563953 0.000000
vt 0.575581 0.000000
vt 0.552326 0.000000
vt 0.581395 0.000000
vt 0.546512 0.000000
vt 0.587209 0.000000
vt 0.540698 0.000000
vt 0.593023 0.000000
vt 0.534884 0.000000
vt 0.598837 0.000000
vt 0.529070 0.000000
vt 0.604651 0.000000
vt 0.523256 0.000000
vt 0.610465 0.000000
vt 0.517442 0.000000
vt 0.616279 0.000000
vt 0.511628 0.000000
vt 0.622093 0.000000
vt 0.505814 0.000000
vt 0.627907 0.000000
vt 0.500000 0.000000
vt 0.633721 0.000000
vt 0.494186 0.000000
vt 0.639535 0.000000
vt 0.488372 0.000000
vt 0.645349 0.000000
vt 0.651163 0.000000
vt 0.482558 0.000000
vt 0.656977 0.000000
vt 0.476744 0.000000
vt 0.662791 0.000000
vt 0.470930 0.000000
vt 0.668605 0.000000
vt 0.465116 0.000000
vt 0.674419 0.000000
vt 0.459302 0.000000
vt 0.680233 0.000000
vt 0.453488 0.000000
vt 0.773256 0.000000
vt 0.784884 0.000000
vt 0.779070 0.000000
vt 0.767442 0.000000
vt 0.686047 0.000000
vt 0.447674 0.000000
vt 0.761628 0.000000
vt 0.790698 0.000000
vt 0.755814 0.000000
vt 0.691860 0.000000
vt 0.796512 0.000000
vt 0.750000 0.000000
vt 0.441860 0.000000
vt 0.802326 0.000000
vt 0.744186 0.000000
vt 0.738372 0.000000
vt 0.697674 0.000000
vt 0.808140 0.000000
vt 0.436047 0.000000
vt 0.732558 0.000000
vt 0.813953 0.000000
vt 0.726744 0.000000
vt 0.703488 0.000000
vt 0.819767 0.000000
vt 0.720930 0.000000
vt 0.430233 0.000000
vt 0.715116 0.000000
vt 0.825581 0.000000
vt 0.709302 0.000000
vt 1.000000 0.000000
vt 0.831395 0.000000
vt 0.994186 0.000000
vt 0.988372 0.000000
vt 0.837209 0.000000
vt 0.982558 0.000000
vt 0.976744 0.000000
vt 0.970930 0.000000
vt 0.965116 0.000000
vt 0.843023 0.000000
vt 0.959302 0.000000
vt 0.953488 0.000000
vt 0.947674 0.000000
vt 0.941860 0.000000
vt 0.848837 0.000000
vt 0.936047 0.000000
vt 0.930233 0.000000
vt 0.924419 0.000000
vt 0.918605 0.000000
vt 0.912791 0.000000
vt 0.906977 0.000000
vt 0.901163 0.000000
vt 0.895349 0.000000
vt 0.889535 0.000000
vt 0.883721 0.000000
vt 0.877907 0.000000
vt 0.872093 0.000000
vt 0.866279 0.000000
vt 0.860465 0.000000
vt 0.854651 0.000000
vt 0.127907 0.000000
vt 0.139535 0.000000
vt 0.133721 0.000000
vt 0.145349 0.000000
vt 0.151163 0.000000
vt 0.122093 0.000000
vt 0.156977 0.000000
vt 0.116279 0.000000
vt 0.162791 0.000000
vt 0.110465 0.000000
vt 0.168605 0.000000
vt 0.104651 0.000000
vt 0.174419 0.000000
vt 0.098837 0.000000
vt 0.180233 0.000000
vt 0.093023 0.000000
vt 0.186047 0.000000
vt 0.087209 0.000000
vt 0.191860 0.000000
vt 0.081395 0.000000
vt 0.197674 0.000000
vt 0.075581 0.000000
vt 0.203488 0.000000
vt 0.069767 0.000000
vt 0.209302 0.000000
vt 0.063953 0.000000
vt 0.215116 0.000000
vt 0.058140 0.000000
vt 0.220930 0.000000
vt 0.052326 0.000000
vt 0.046512 0.000000
vt 0.226744 0.000000
vt 0.040698 0.000000
vt 0.232558 0.000000
vt 0.034884 0.000000
vt 0.238372 0.000000
vt 0.029070 0.000000
vt 0.244186 0.000000
vt 0.023256 0.000000
vt 0.250000 0.000000
vt 0.017442 0.000000
vt 0.255814 0.000000
vt 0.011628 0.000000
vt 0.261628 0.000000
vt 0.005814 0.000000
vt 0.267442 0.000000
vt 0.000000 0.000000
vt 0.273256 0.000000
vt 0.424419 0.000000
vt 0.279070 0.000000
vt 0.418605 0.000000
vt 0.284884 0.000000
vt 0.412791 0.000000
vt 0.406977 0.000000
vt 0.290698 0.000000
vt 0.401163 0.000000
vt 0.296512 0.000000
vt 0.395349 0.000000
vt 0.302326 0.000000
vt 0.389535 0.000000
vt 0.308140 0.000000
vt 0.383721 0.000000
vt 0.313953 0.000000
vt 0.377907 0.000000
vt 0.319767 0.000000
vt 0.372093 0.000000
vt 0.366279 0.000000
vt 0.325581 0.000000
vt 0.360465 0.000000
vt 0.331395 0.000000
vt 0.354651 0.000000
vt 0.337209 0.000000
vt 0.348837 0.000000
vt 0.343023 0.000000
vt 0.113636 0.000000
vt 0.136364 0.000000
vt 0.125000 0.000000
vt 0.147727 0.000000
vt 0.159091 0.000000
vt 0.102273 0.000000
vt 0.170455 0.000000
vt 0.090909 0.000000
vt 0.181818 0.000000
vt 0.079545 0.000000
vt 0.193182 0.000000
vt 0.068182 0.000000
vt 0.204545 0.000000
vt 0.056818 0.000000
vt 0.215909 0.000000
vt 0.045455 0.000000
vt 0.227273 0.000000
vt 0.034091 0.000000
vt 0.238636 0.000000
vt 0.022727 0.000000
vt 0.011364 0.000000
vt 0.261364 0.000000
vt 0.272727 0.000000
vt 0.988636 0.000000
vt 0.284091 0.000000
vt 0.977273 0.000000
vt 0.965909 0.000000
vt 0.954545 0.000000
vt 0.295455 0.000000
vt 0.306818 0.000000
vt 0.943182 0.000000
vt 0.318182 0.000000
vt 0.329545 0.000000
vt 0.340909 0.000000
vt 0.352273 0.000000
vt 0.931818 0.000000
vt 0.568182 0.000000
vt 0.363636 0.000000
vt 0.579545 0.000000
vt 0.556818 0.000000
vt 0.375000 0.000000
vt 0.545455 0.000000
vt 0.386364 0.000000
vt 0.534091 0.000000
vt 0.522727 0.000000
vt 0.397727 0.000000
vt 0.511364 0.000000
vt 0.409091 0.000000
vt 0.920455 0.000000
vt 0.420455 0.000000
vt 0.488636 0.000000
vt 0.477273 0.000000
vt 0.465909 0.000000
vt 0.454545 0.000000
vt 0.443182 0.000000
vt 0.431818 0.000000
vt 0.909091 0.000000
vt 0.897727 0.000000
vt 0.886364 0.000000
vt 0.875000 0.000000
vt 0.863636 0.000000
vt 0.852273 0.000000
vt 0.590909 0.000000
vt 0.602273 0.000000
vt 0.840909 0.000000
vt 0.613636 0.000000
vt 0.829545 0.000000
vt 0.625000 0.000000
vt 0.818182 0.000000
vt 0.636364 0.000000
vt 0.806818 0.000000
vt 0.647727 0.000000
vt 0.795455 0.000000
vt 0.659091 0.000000
vt 0.784091 0.000000
vt 0.670455 0.000000
vt 0.772727 0.000000
vt 0.681818 0.000000
vt 0.761364 0.000000
vt 0.693182 0.000000
vt 0.704545 0.000000
vt 0.738636 0.000000
vt 0.715909 0.000000
vt 0.727273 0.000000
vt 0.131579 0.000000
vt 0.157895 0.000000
vt 0.144737 0.000000
vt 0.118421 0.000000
vt 0.105263 0.000000
vt 0.171053 0.000000
vt 0.092105 0.000000
vt 0.184211 0.000000
vt 0.078947 0.000000
vt 0.197368 0.000000
vt 0.065789 0.000000
vt 0.210526 0.000000
vt 0.052632 0.000000
vt 0.223684 0.000000
vt 0.039474 0.000000
vt 0.236842 0.000000
vt 0.026316 0.000000
vt 0.013158 0.000000
vt 0.263158 0.000000
vt 0.276316 0.000000
vt 0.289474 0.000000
vt 0.986842 0.000000
vt 0.302632 0.000000
vt 0.973684 0.000000
vt 0.315789 0.000000
vt 0.960526 0.000000
vt 0.671053 0.000000
vt 0.328947 0.000000
vt 0.947368 0.000000
vt 0.934211 0.000000
vt 0.921053 0.000000
vt 0.684211 0.000000
vt 0.657895 0.000000
vt 0.907895 0.000000
vt 0.697368 0.000000
vt 0.894737 0.000000
vt 0.710526 0.000000
vt 0.881579 0.000000
vt 0.723684 0.000000
vt 0.868421 0.000000
vt 0.736842 0.000000
vt 0.855263 0.000000
vt 0.842105 0.000000
vt 0.828947 0.000000
vt 0.763158 0.000000
vt 0.776316 0.000000
vt 0.789474 0.000000
vt 0.802632 0.000000
vt 0.815789 0.000000
vt 0.644737 0.000000
vt 0.342105 0.000000
vt 0.355263 0.000000
vt 0.631579 0.000000
vt 0.368421 0.000000
vt 0.618421 0.000000
vt 0.381579 0.000000
vt 0.605263 0.000000
vt 0.394737 0.000000
vt 0.592105 0.000000
vt 0.407895 0.000000
vt 0.578947 0.000000
vt 0.421053 0.000000
vt 0.565789 0.000000
vt 0.434211 0.000000
vt 0.552632 0.000000
vt 0.447368 0.000000
vt 0.539474 0.000000
vt 0.460526 0.000000
vt 0.526316 0.000000
vt 0.473684 0.000000
vt 0.513158 0.000000
vt 0.486842 0.000000
vt 0.926136 0.000000
vt 0.914773 0.000000
vt 0.903409 0.000000
vt 0.937500 0.000000
vt 0.892045 0.000000
vt 0.948864 0.000000
vt 0.880682 0.000000
vt 0.960227 0.000000
vt 0.869318 0.000000
vt 0.971591 0.000000
vt 0.857955 0.000000
vt 0.982955 0.000000
vt 0.994318 0.000000
vt 0.846591 0.000000
vt 0.073864 0.000000
vt 0.062500 0.000000
vt 0.051136 0.000000
vt 0.039773 0.000000
vt 0.028409 0.000000
vt 0.017045 0.000000
vt 0.005682 0.000000
vt 0.835227 0.000000
vt 0.085227 0.000000
vt 0.096591 0.000000
vt 0.107955 0.000000
vt 0.119318 0.000000
vt 0.130682 0.000000
vt 0.710227 0.000000
vt 0.721591 0.000000
vt 0.823864 0.000000
vt 0.142045 0.000000
vt 0.153409 0.000000
vt 0.698864 0.000000
vt 0.732955 0.000000
vt 0.164773 0.000000
vt 0.812500 0.000000
vt 0.687500 0.000000
vt 0.744318 0.000000
vt 0.176136 0.000000
vt 0.676136 0.000000
vt 0.801136 0.000000
vt 0.755682 0.000000
vt 0.573864 0.000000
vt 0.585227 0.000000
vt 0.664773 0.000000
vt 0.187500 0.000000
vt 0.596591 0.000000
vt 0.767045 0.000000
vt 0.789773 0.000000
vt 0.607955 0.000000
vt 0.562500 0.000000
vt 0.653409 0.000000
vt 0.619318 0.000000
vt 0.551136 0.000000
vt 0.198864 0.000000
vt 0.778409 0.000000
vt 0.539773 0.000000
vt 0.630682 0.000000
vt 0.642045 0.000000
vt 0.528409 0.000000
vt 0.210227 0.000000
vt 0.517045 0.000000
vt 0.505682 0.000000
vt 0.221591 0.000000
vt 0.232955 0.000000
vt 0.494318 0.000000
vt 0.244318 0.000000
vt 0.255682 0.000000
vt 0.357955 0.000000
vt 0.267045 0.000000
vt 0.482955 0.000000
vt 0.346591 0.000000
vt 0.278409 0.000000
vt 0.335227 0.000000
vt 0.323864 0.000000
vt 0.312500 0.000000
vt 0.301136 0.000000
vt 0.289773 0.000000
vt 0.369318 0.000000
vt 0.471591 0.000000
vt 0.380682 0.000000
vt 0.460227 0.000000
vt 0.392045 0.000000
vt 0.448864 0.000000
vt 0.403409 0.000000
vt 0.437500 0.000000
vt 0.426136 0.000000
vt 0.414773 0.000000
vt 0.135802 0.000000
vt 0.148148 0.000000
vt 0.141975 0.000000
vt 0.129630 0.000000
vt 0.123457 0.000000
vt 0.117284 0.000000
vt 0.111111 0.000000
vt 0.104938 0.000000
vt 0.098765 0.000000
vt 0.092593 0.000000
vt 0.086420 0.000000
vt 0.080247 0.000000
vt 0.074074 0.000000
vt 0.067901 0.000000
vt 0.061728 0.000000
vt 0.055556 0.000000
vt 0.049383 0.000000
vt 0.043210 0.000000
vt 0.037037 0.000000
vt 0.030864 0.000000
vt 0.024691 0.000000
vt 0.018519 0.000000
vt 0.012346 0.000000
vt 0.006173 0.000000
vt 0.679012 0.000000
vt 0.672840 0.000000
vt 0.666667 0.000000
vt 0.660494 0.000000
vt 0.654321 0.000000
vt 0.648148 0.000000
vt 0.641975 0.000000
vt 0.635802 0.000000
vt 0.629630 0.000000
vt 0.623457 0.000000
vt 0.617284 0.000000
vt 0.611111 0.000000
vt 0.604938 0.000000
vt 0.598765 0.000000
vt 0.592593 0.000000
vt 0.586420 0.000000
vt 0.580247 0.000000
vt 0.574074 0.000000
vt 0.567901 0.000000
vt 0.561728 0.000000
vt 0.555556 0.000000
vt 0.549383 0.000000
vt 0.524691 0.000000
vt 0.179012 0.000000
vt 0.172840 0.000000
vt 0.166667 0.000000
vt 0.160494 0.000000
vt 0.154321 0.000000
vt 0.185185 0.000000
vt 0.191358 0.000000
vt 0.197531 0.000000
vt 0.203704 0.000000
vt 0.209877 0.000000
vt 0.216049 0.000000
vt 0.543210 0.000000
vt 0.530864 0.000000
vt 0.518519 0.000000
vt 0.222222 0.000000
vt 0.537037 0.000000
vt 0.228395 0.000000
vt 0.512346 0.000000
vt 0.234568 0.000000
vt 0.506173 0.000000
vt 0.240741 0.000000
vt 0.246914 0.000000
vt 0.919753 0.000000
vt 0.932099 0.000000
vt 0.925926 0.000000
vt 0.493827 0.000000
vt 0.938272 0.000000
vt 0.253086 0.000000
vt 0.944444 0.000000
vt 0.913580 0.000000
vt 0.950617 0.000000
vt 0.907407 0.000000
vt 0.487654 0.000000
vt 0.259259 0.000000
vt 0.956790 0.000000
vt 0.759259 0.000000
vt 0.771605 0.000000
vt 0.765432 0.000000
vt 0.901235 0.000000
vt 0.777778 0.000000
vt 0.962963 0.000000
vt 0.895062 0.000000
vt 0.783951 0.000000
vt 0.481481 0.000000
vt 0.753086 0.000000
vt 0.969136 0.000000
vt 0.265432 0.000000
vt 0.888889 0.000000
vt 0.790123 0.000000
vt 0.746914 0.000000
vt 0.975309 0.000000
vt 0.882716 0.000000
vt 0.796296 0.000000
vt 0.740741 0.000000
vt 0.981481 0.000000
vt 0.876543 0.000000
vt 0.475309 0.000000
vt 0.802469 0.000000
vt 0.271605 0.000000
vt 0.734568 0.000000
vt 0.870370 0.000000
vt 0.987654 0.000000
vt 0.808642 0.000000
vt 0.728395 0.000000
vt 0.864198 0.000000
vt 0.993827 0.000000
vt 0.722222 0.000000
vt 0.814815 0.000000
vt 0.469136 0.000000
vt 0.858025 0.000000
vt 0.277778 0.000000
vt 0.716049 0.000000
vt 0.820988 0.000000
vt 0.851852 0.000000
vt 0.845679 0.000000
vt 0.709877 0.000000
vt 0.827160 0.000000
vt 0.703704 0.000000
vt 0.833333 0.000000
vt 0.462963 0.000000
vt 0.283951 0.000000
vt 0.697531 0.000000
vt 0.839506 0.000000
vt 0.691358 0.000000
vt 0.685185 0.000000
vt 0.290123 0.000000
vt 0.456790 0.000000
vt 0.296296 0.000000
vt 0.450617 0.000000
vt 0.302469 0.000000
vt 0.444444 0.000000
vt 0.308642 0.000000
vt 0.438272 0.000000
vt 0.314815 0.000000
vt 0.432099 0.000000
vt 0.320988 0.000000
vt 0.327161 0.000000
vt 0.425926 0.000000
vt 0.333333 0.000000
vt 0.419753 0.000000
vt 0.339506 0.000000
vt 0.345679 0.000000
vt 0.413580 0.000000
vt 0.351852 0.000000
vt 0.358025 0.000000
vt 0.364198 0.000000
vt 0.370370 0.000000
vt 0.407407 0.000000
vt 0.376543 0.000000
vt 0.401235 0.000000
vt 0.395062 0.000000
vt 0.388889 0.000000
vt 0.382716 0.000000
vt 0.855670 0.000000
vt 0.876289 0.000000
vt 0.865979 0.000000
vt 0.886598 0.000000
vt 0.896907 0.000000
vt 0.845361 0.000000
vt 0.907216 0.000000
vt 0.917526 0.000000
vt 0.927835 0.000000
vt 0.835052 0.000000
vt 0.938144 0.000000
vt 0.948454 0.000000
vt 0.958763 0.000000
vt 0.824742 0.000000
vt 0.969072 0.000000
vt 0.979381 0.000000
vt 0.989691 0.000000
vt 0.814433 0.000000
vt 0.092784 0.000000
vt 0.082474 0.000000
vt 0.072165 0.000000
vt 0.061856 0.000000
vt 0.051546 0.000000
vt 0.041237 0.000000
vt 0.030928 0.000000
vt 0.020619 0.000000
vt 0.010309 0.000000
vt 0.804124 0.000000
vt 0.113402 0.000000
vt 0.103093 0.000000
vt 0.123711 0.000000
vt 0.134021 0.000000
vt 0.144330 0.000000
vt 0.793814 0.000000
vt 0.154639 0.000000
vt 0.164948 0.000000
vt 0.783505 0.000000
vt 0.175258 0.000000
vt 0.185567 0.000000
vt 0.773196 0.000000
vt 0.195876 0.000000
vt 0.762887 0.000000
vt 0.206186 0.000000
vt 0.216495 0.000000
vt 0.752577 0.000000
vt 0.226804 0.000000
vt 0.742268 0.000000
vt 0.237113 0.000000
vt 0.247423 0.000000
vt 0.731959 0.000000
vt 0.257732 0.000000
vt 0.721649 0.000000
vt 0.268041 0.000000
vt 0.711340 0.000000
vt 0.278351 0.000000
vt 0.701031 0.000000
vt 0.288660 0.000000
vt 0.690722 0.000000
vt 0.298969 0.000000
vt 0.474227 0.000000
vt 0.494845 0.000000
vt 0.484536 0.000000
vt 0.309278 0.000000
vt 0.463918 0.000000
vt 0.680412 0.000000
vt 0.453608 0.000000
vt 0.319588 0.000000
vt 0.443299 0.000000
vt 0.432990 0.000000
vt 0.329897 0.000000
vt 0.422680 0.000000
vt 0.670103 0.000000
vt 0.412371 0.000000
vt 0.340206 0.000000
vt 0.402062 0.000000
vt 0.391753 0.000000
vt 0.350515 0.000000
vt 0.381443 0.000000
vt 0.371134 0.000000
vt 0.360825 0.000000
vt 0.659794 0.000000
vt 0.505155 0.000000
vt 0.649485 0.000000
vt 0.515464 0.000000
vt 0.525773 0.000000
vt 0.536082 0.000000
vt 0.639175 0.000000
vt 0.546392 0.000000
vt 0.556701 0.000000
vt 0.567010 0.000000
vt 0.628866 0.000000
vt 0.577320 0.000000
vt 0.587629 0.000000
vt 0.597938 0.000000
vt 0.618557 0.000000
vt 0.608247 0.000000
vt 0.400000 0.000000
vt 0.600000 0.000000
vt 0.900000 0.000000
vt 0.700000 0.000000
vt 0.800000 0.000000
vt 0.200000 0.000000
vt 0.100000 0.000000
vt 0.300000 0.000000
vt 0.472727 0.000000
vt 0.981818 0.000000
vt 0.490909 0.000000
vt 0.509091 0.000000
vt 0.018182 0.000000
vt 0.036364 0.000000
vt 0.054545 0.000000
vt 0.072727 0.000000
vt 0.109091 0.000000
vt 0.963636 0.000000
vt 0.127273 0.000000
vt 0.945455 0.000000
vt 0.927273 0.000000
vt 0.145455 0.000000
vt 0.890909 0.000000
vt 0.872727 0.000000
vt 0.854545 0.000000
vt 0.163636 0.000000
vt 0.836364 0.000000
vt 0.781818 0.000000
vt 0.763636 0.000000
vt 0.745455 0.000000
vt 0.218182 0.000000
vt 0.709091 0.000000
vt 0.236364 0.000000
vt 0.690909 0.000000
vt 0.672727 0.000000
vt 0.254545 0.000000
vt 0.654545 0.000000
vt 0.618182 0.000000
vt 0.581818 0.000000
vt 0.563636 0.000000
vt 0.290909 0.000000
vt 0.527273 0.000000
vt 0.436364 0.000000
vt 0.309091 0.000000
vt 0.327273 0.000000
vt 0.345455 0.000000
vt 0.381818 0.000000
vt 0.418182 0.000000
vt 0.884298 0.000000
vt 0.900826 0.000000
vt 0.892562 0.000000
vt 0.917355 0.000000
vt 0.876033 0.000000
vt 0.925620 0.000000
vt 0.933884 0.000000
vt 0.867769 0.000000
vt 0.942149 0.000000
vt 0.950413 0.000000
vt 0.859504 0.000000
vt 0.958678 0.000000
vt 0.966942 0.000000
vt 0.851240 0.000000
vt 0.975207 0.000000
vt 0.983471 0.000000
vt 0.842975 0.000000
vt 0.991736 0.000000
vt 0.057851 0.000000
vt 0.049587 0.000000
vt 0.041322 0.000000
vt 0.033058 0.000000
vt 0.024793 0.000000
vt 0.016529 0.000000
vt 0.008264 0.000000
vt 0.834711 0.000000
vt 0.074380 0.000000
vt 0.066116 0.000000
vt 0.826446 0.000000
vt 0.082645 0.000000
vt 0.099174 0.000000
vt 0.107438 0.000000
vt 0.115702 0.000000
vt 0.123967 0.000000
vt 0.132231 0.000000
vt 0.140496 0.000000
vt 0.809917 0.000000
vt 0.148760 0.000000
vt 0.157025 0.000000
vt 0.165289 0.000000
vt 0.801653 0.000000
vt 0.173554 0.000000
vt 0.793388 0.000000
vt 0.190083 0.000000
vt 0.198347 0.000000
vt 0.785124 0.000000
vt 0.206612 0.000000
vt 0.214876 0.000000
vt 0.776860 0.000000
vt 0.223140 0.000000
vt 0.768595 0.000000
vt 0.231405 0.000000
vt 0.239669 0.000000
vt 0.760331 0.000000
vt 0.247934 0.000000
vt 0.752066 0.000000
vt 0.256198 0.000000
vt 0.743802 0.000000
vt 0.264463 0.000000
vt 0.735537 0.000000
vt 0.719008 0.000000
vt 0.280992 0.000000
vt 0.710744 0.000000
vt 0.702479 0.000000
vt 0.289256 0.000000
vt 0.694215 0.000000
vt 0.487603 0.000000
vt 0.504132 0.000000
vt 0.495868 0.000000
vt 0.297521 0.000000
vt 0.685950 0.000000
vt 0.512397 0.000000
vt 0.677686 0.000000
vt 0.305785 0.000000
vt 0.520661 0.000000
vt 0.669421 0.000000
vt 0.528926 0.000000
vt 0.661157 0.000000
vt 0.652893 0.000000
vt 0.314050 0.000000
vt 0.537190 0.000000
vt 0.644628 0.000000
vt 0.553719 0.000000
vt 0.322314 0.000000
vt 0.628099 0.000000
vt 0.561983 0.000000
vt 0.619835 0.000000
vt 0.570248 0.000000
vt 0.611570 0.000000
vt 0.578512 0.000000
vt 0.603306 0.000000
vt 0.586777 0.000000
vt 0.330579 0.000000
vt 0.595041 0.000000
vt 0.338843 0.000000
vt 0.479339 0.000000
vt 0.471074 0.000000
vt 0.347107 0.000000
vt 0.462810 0.000000
vt 0.355372 0.000000
vt 0.446281 0.000000
vt 0.438017 0.000000
vt 0.429752 0.000000
vt 0.371901 0.000000
vt 0.421488 0.000000
vt 0.413223 0.000000
vt 0.380165 0.000000
vt 0.404959 0.000000
vt 0.396694 0.000000
vt 0.388430 0.000000
vt 0.000000 1.000000
vt 0.008197 1.000000
vt 0.008197 0.000000
vt 0.016393 1.000000
vt 0.016393 0.000000
vt 0.024590 1.000000
vt 0.024590 0.000000
vt 0.032787 1.000000
vt 0.032787 0.000000
vt 0.040984 1.000000
vt 0.040984 0.000000
vt 0.049180 1.000000
vt 0.049180 0.000000
vt 0.057377 1.000000
vt 0.057377 0.000000
vt 0.065574 1.000000
vt 0.065574 0.000000
vt 0.073770 1.000000
vt 0.073770 0.000000
vt 0.081967 1.000000
vt 0.081967 0.000000
vt 0.090164 1.000000
vt 0.090164 0.000000
vt 0.098361 1.000000
vt 0.098361 0.000000
vt 0.106557 1.000000
vt 0.106557 0.000000
vt 0.114754 1.000000
vt 0.114754 0.000000
vt 0.122951 1.000000
vt 0.122951 0.000000
vt 0.131148 1.000000
vt 0.131148 0.000000
vt 0.139344 1.000000
vt 0.139344 0.000000
vt 0.147541 1.000000
vt 0.147541 0.000000
vt 0.155738 1.000000
vt 0.155738 0.000000
vt 0.163934 1.000000
vt 0.163934 0.000000
vt 0.172131 1.000000
vt 0.172131 0.000000
vt 0.180328 1.000000
vt 0.180328 0.000000
vt 0.188525 1.000000
vt 0.188525 0.000000
vt 0.196721 1.000000
vt 0.196721 0.000000
vt 0.204918 1.000000
vt 0.204918 0.000000
vt 0.213115 1.000000
vt 0.213115 0.000000
vt 0.221311 1.000000
vt 0.221311 0.000000
vt 0.229508 1.000000
vt 0.229508 0.000000
vt 0.237705 1.000000
vt 0.237705 0.000000
vt 0.245902 1.000000
vt 0.245902 0.000000
vt 0.254098 1.000000
vt 0.254098 0.000000
vt 0.262295 1.000000
vt 0.262295 0.000000
vt 0.270492 1.000000
vt 0.270492 0.000000
vt 0.278689 1.000000
vt 0.278689 0.000000
vt 0.286885 1.000000
vt 0.286885 0.000000
vt 0.295082 1.000000
vt 0.295082 0.000000
vt 0.303279 1.000000
vt 0.303279 0.000000
vt 0.311475 1.000000
vt 0.311475 0.000000
vt 0.319672 1.000000
vt 0.319672 0.000000
vt 0.327869 1.000000
vt 0.327869 0.000000
vt 0.336066 1.000000
vt 0.336066 0.000000
vt 0.344262 1.000000
vt 0.344262 0.000000
vt 0.352459 1.000000
vt 0.352459 0.000000
vt 0.360656 1.000000
vt 0.360656 0.000000
vt 0.368852 1.000000
vt 0.368852 0.000000
vt 0.377049 1.000000
vt 0.377049 0.000000
vt 0.385246 1.000000
vt 0.385246 0.000000
vt 0.393443 1.000000
vt 0.393443 0.000000
vt 0.401639 1.000000
vt 0.401639 0.000000
vt 0.409836 1.000000
vt 0.409836 0.000000
vt 0.418033 1.000000
vt 0.418033 0.000000
vt 0.426230 1.000000
vt 0.426230 0.000000
vt 0.434426 1.000000
vt 0.434426 0.000000
vt 0.442623 1.000000
vt 0.442623 0.000000
vt 0.450820 1.000000
vt 0.450820 0.000000
vt 0.459016 1.000000
vt 0.459016 0.000000
vt 0.467213 1.000000
vt 0.467213 0.000000
vt 0.475410 1.000000
vt 0.475410 0.000000
vt 0.483607 1.000000
vt 0.483607 0.000000
vt 0.491803 1.000000
vt 0.491803 0.000000
vt 0.500000 1.000000
vt 0.508197 1.000000
vt 0.508197 0.000000
vt 0.516393 1.000000
vt 0.516393 0.000000
vt 0.524590 1.000000
vt 0.524590 0.000000
vt 0.532787 1.000000
vt 0.532787 0.000000
vt 0.540984 1.000000
vt 0.540984 0.000000
vt 0.549180 1.000000
vt 0.549180 0.000000
vt 0.557377 1.000000
vt 0.557377 0.000000
vt 0.565574 1.000000
vt 0.565574 0.000000
vt 0.573770 1.000000
vt 0.573770 0.000000
vt 0.581967 1.000000
vt 0.581967 0.000000
vt 0.590164 1.000000
vt 0.590164 0.000000
vt 0.598361 1.000000
vt 0.598361 0.000000
vt 0.606557 1.000000
vt 0.606557 0.000000
vt 0.614754 1.000000
vt 0.614754 0.000000
vt 0.622951 1.000000
vt 0.622951 0.000000
vt 0.631148 1.000000
vt 0.631148 0.000000
vt 0.639344 1.000000
vt 0.639344 0.000000
vt 0.647541 1.000000
vt 0.647541 0.000000
vt 0.655738 1.000000
vt 0.655738 0.000000
vt 0.663934 1.000000
vt 0.663934 0.000000
vt 0.672131 1.000000
vt 0.672131 0.000000
vt 0.680328 1.000000
vt 0.680328 0.000000
vt 0.688525 1.000000
vt 0.688525 0.000000
vt 0.696721 1.000000
vt 0.696721 0.000000
vt 0.704918 1.000000
vt 0.704918 0.000000
vt 0.713115 1.000000
vt 0.713115 0.000000
vt 0.721311 1.000000
vt 0.721311 0.000000
vt 0.729508 1.000000
vt 0.729508 0.000000
vt 0.737705 1.000000
vt 0.737705 0.000000
vt 0.745902 1.000000
vt 0.745902 0.000000
vt 0.754098 1.000000
vt 0.754098 0.000000
vt 0.762295 1.000000
vt 0.762295 0.000000
vt 0.770492 1.000000
vt 0.770492 0.000000
vt 0.778689 1.000000
vt 0.778689 0.000000
vt 0.786885 1.000000
vt 0.786885 0.000000
vt 0.795082 1.000000
vt 0.795082 0.000000
vt 0.803279 1.000000
vt 0.803279 0.000000
vt 0.811475 1.000000
vt 0.811475 0.000000
vt 0.819672 1.000000
vt 0.819672 0.000000
vt 0.827869 1.000000
vt 0.827869 0.000000
vt 0.836066 1.000000
vt 0.836066 0.000000
vt 0.844262 1.000000
vt 0.844262 0.000000
vt 0.852459 1.000000
vt 0.852459 0.000000
vt 0.860656 1.000000
vt 0.860656 0.000000
vt 0.868852 1.000000
vt 0.868852 0.000000
vt 0.877049 1.000000
vt 0.877049 0.000000
vt 0.885246 1.000000
vt 0.885246 0.000000
vt 0.893443 1.000000
vt 0.893443 0.000000
vt 0.901639 1.000000
vt 0.901639 0.000000
vt 0.909836 1.000000
vt 0.909836 0.000000
vt 0.918033 1.000000
vt 0.918033 0.000000
vt 0.926230 1.000000
vt 0.926230 0.000000
vt 0.934426 1.000000
vt 0.934426 0.000000
vt 0.942623 1.000000
vt 0.942623 0.000000
vt 0.950820 1.000000
vt 0.950820 0.000000
vt 0.959016 1.000000
vt 0.959016 0.000000
vt 0.967213 1.000000
vt 0.967213 0.000000
vt 0.975410 1.000000
vt 0.975410 0.000000
vt 0.983607 1.000000
vt 0.983607 0.000000
vt 0.991803 1.000000
vt 0.991803 0.000000
vt 1.000000 1.000000
vt 0.034483 1.000000
vt 0.034483 0.000000
vt 0.068966 1.000000
vt 0.068966 0.000000
vt 0.103448 1.000000
vt 0.103448 0.000000
vt 0.137931 1.000000
vt 0.137931 0.000000
vt 0.172414 1.000000
vt 0.172414 0.000000
vt 0.206897 1.000000
vt 0.206897 0.000000
vt 0.241379 1.000000
vt 0.241379 0.000000
vt 0.275862 1.000000
vt 0.275862 0.000000
vt 0.310345 1.000000
vt 0.310345 0.000000
vt 0.344828 1.000000
vt 0.344828 0.000000
vt 0.379310 1.000000
vt 0.379310 0.000000
vt 0.413793 1.000000
vt 0.413793 0.000000
vt 0.448276 1.000000
vt 0.448276 0.000000
vt 0.482759 1.000000
vt 0.482759 0.000000
vt 0.517241 1.000000
vt 0.517241 0.000000
vt 0.551724 1.000000
vt 0.551724 0.000000
vt 0.586207 1.000000
vt 0.586207 0.000000
vt 0.620690 1.000000
vt 0.620690 0.000000
vt 0.655172 1.000000
vt 0.655172 0.000000
vt 0.689655 1.000000
vt 0.689655 0.000000
vt 0.724138 1.000000
vt 0.724138 0.000000
vt 0.758621 1.000000
vt 0.758621 0.000000
vt 0.793103 1.000000
vt 0.793103 0.000000
vt 0.827586 1.000000
vt 0.827586 0.000000
vt 0.862069 1.000000
vt 0.862069 0.000000
vt 0.896552 1.000000
vt 0.896552 0.000000
vt 0.931035 1.000000
vt 0.931035 0.000000
vt 0.965517 1.000000
vt 0.965517 0.000000
vt 0.037037 1.000000
vt 0.074074 1.000000
vt 0.111111 1.000000
vt 0.148148 1.000000
vt 0.185185 1.000000
vt 0.222222 1.000000
vt 0.259259 1.000000
vt 0.296296 1.000000
vt 0.333333 1.000000
vt 0.370370 1.000000
vt 0.407407 1.000000
vt 0.444444 1.000000
vt 0.481481 1.000000
vt 0.518519 1.000000
vt 0.555556 1.000000
vt 0.592593 1.000000
vt 0.629630 1.000000
vt 0.666667 1.000000
vt 0.703704 1.000000
vt 0.740741 1.000000
vt 0.777778 1.000000
vt 0.814815 1.000000
vt 0.851852 1.000000
vt 0.888889 1.000000
vt 0.925926 1.000000
vt 0.962963 1.000000
vt 0.125000 1.000000
vt 0.250000 1.000000
vt 0.375000 1.000000
vt 0.625000 1.000000
vt 0.750000 1.000000
vt 0.875000 1.000000
vt 0.010204 1.000000
vt 0.010204 0.000000
vt 0.020408 1.000000
vt 0.020408 0.000000
vt 0.030612 1.000000
vt 0.030612 0.000000
vt 0.040816 1.000000
vt 0.040816 0.000000
vt 0.051020 1.000000
vt 0.051020 0.000000
vt 0.061224 1.000000
vt 0.061224 0.000000
vt 0.071429 1.000000
vt 0.071429 0.000000
vt 0.081633 1.000000
vt 0.081633 0.000000
vt 0.091837 1.000000
vt 0.091837 0.000000
vt 0.102041 1.000000
vt 0.102041 0.000000
vt 0.112245 1.000000
vt 0.112245 0.000000
vt 0.122449 1.000000
vt 0.122449 0.000000
vt 0.132653 1.000000
vt 0.132653 0.000000
vt 0.142857 1.000000
vt 0.142857 0.000000
vt 0.153061 1.000000
vt 0.153061 0.000000
vt 0.163265 1.000000
vt 0.163265 0.000000
vt 0.173469 1.000000
vt 0.173469 0.000000
vt 0.183673 1.000000
vt 0.183673 0.000000
vt 0.193878 1.000000
vt 0.193878 0.000000
vt 0.204082 1.000000
vt 0.204082 0.000000
vt 0.214286 1.000000
vt 0.214286 0.000000
vt 0.224490 1.000000
vt 0.224490 0.000000
vt 0.234694 1.000000
vt 0.234694 0.000000
vt 0.244898 1.000000
vt 0.244898 0.000000
vt 0.255102 1.000000
vt 0.255102 0.000000
vt 0.265306 1.000000
vt 0.265306 0.000000
vt 0.275510 1.000000
vt 0.275510 0.000000
vt 0.285714 1.000000
vt 0.285714 0.000000
vt 0.295918 1.000000
vt 0.295918 0.000000
vt 0.306122 1.000000
vt 0.306122 0.000000
vt 0.316327 1.000000
vt 0.316327 0.000000
vt 0.326531 1.000000
vt 0.326531 0.000000
vt 0.336735 1.000000
vt 0.336735 0.000000
vt 0.346939 1.000000
vt 0.346939 0.000000
vt 0.357143 1.000000
vt 0.357143 0.000000
vt 0.367347 1.000000
vt 0.367347 0.000000
vt 0.377551 1.000000
vt 0.377551 0.000000
vt 0.387755 1.000000
vt 0.387755 0.000000
vt 0.397959 1.000000
vt 0.397959 0.000000
vt 0.408163 1.000000
vt 0.408163 0.000000
vt 0.418367 1.000000
vt 0.418367 0.000000
vt 0.428571 1.000000
vt 0.428571 0.000000
vt 0.438776 1.000000
vt 0.438776 0.000000
vt 0.448980 1.000000
vt 0.448980 0.000000
vt 0.459184 1.000000
vt 0.459184 0.000000
vt 0.469388 1.000000
vt 0.469388 0.000000
vt 0.479592 1.000000
vt 0.479592 0.000000
vt 0.489796 1.000000
vt 0.489796 0.000000
vt 0.510204 1.000000
vt 0.510204 0.000000
vt 0.520408 1.000000
vt 0.520408 0.000000
vt 0.530612 1.000000
vt 0.530612 0.000000
vt 0.540816 1.000000
vt 0.540816 0.000000
vt 0.551020 1.000000
vt 0.551020 0.000000
vt 0.561224 1.000000
vt 0.561224 0.000000
vt 0.571429 1.000000
vt 0.571429 0.000000
vt 0.581633 1.000000
vt 0.581633 0.000000
vt 0.591837 1.000000
vt 0.591837 0.000000
vt 0.602041 1.000000
vt 0.602041 0.000000
vt 0.612245 1.000000
vt 0.612245 0.000000
vt 0.622449 1.000000
vt 0.622449 0.000000
vt 0.632653 1.000000
vt 0.632653 0.000000
vt 0.642857 1.000000
vt 0.642857 0.000000
vt 0.653061 1.000000
vt 0.653061 0.000000
vt 0.663265 1.000000
vt 0.663265 0.000000
vt 0.673469 1.000000
vt 0.673469 0.000000
vt 0.683673 1.000000
vt 0.683673 0.000000
vt 0.693878 1.000000
vt 0.693878 0.000000
vt 0.704082 1.000000
vt 0.704082 0.000000
vt 0.714286 1.000000
vt 0.714286 0.000000
vt 0.724490 1.000000
vt 0.724490 0.000000
vt 0.734694 1.000000
vt 0.734694 0.000000
vt 0.744898 1.000000
vt 0.744898 0.000000
vt 0.755102 1.000000
vt 0.755102 0.000000
vt 0.765306 1.000000
vt 0.765306 0.000000
vt 0.775510 1.000000
vt 0.775510 0.000000
vt 0.785714 1.000000
vt 0.785714 0.000000
vt 0.795918 1.000000
vt 0.795918 0.000000
vt 0.806122 1.000000
vt 0.806122 0.000000
vt 0.816327 1.000000
vt 0.816327 0.000000
vt 0.826531 1.000000
vt 0.826531 0.000000
vt 0.836735 1.000000
vt 0.836735 0.000000
vt 0.846939 1.000000
vt 0.846939 0.000000
vt 0.857143 1.000000
vt 0.857143 0.000000
vt 0.867347 1.000000
vt 0.867347 0.000000
vt 0.877551 1.000000
vt 0.877551 0.000000
vt 0.887755 1.000000
vt 0.887755 0.000000
vt 0.897959 1.000000
vt 0.897959 0.000000
vt 0.908163 1.000000
vt 0.908163 0.000000
vt 0.918367 1.000000
vt 0.918367 0.000000
vt 0.928571 1.000000
vt 0.928571 0.000000
vt 0.938776 1.000000
vt 0.938776 0.000000
vt 0.948980 1.000000
vt 0.948980 0.000000
vt 0.959184 1.000000
vt 0.959184 0.000000
vt 0.969388 1.000000
vt 0.969388 0.000000
vt 0.979592 1.000000
vt 0.979592 0.000000
vt 0.989796 1.000000
vt 0.989796 0.000000
vt 0.083333 1.000000
vt 0.083333 0.000000
vt 0.166667 1.000000
vt 0.416667 1.000000
vt 0.416667 0.000000
vt 0.583333 1.000000
vt 0.583333 0.000000
vt 0.833333 1.000000
vt 0.916667 1.000000
vt 0.916667 0.000000
vt 0.009009 1.000000
vt 0.009009 0.000000
vt 0.018018 1.000000
vt 0.018018 0.000000
vt 0.027027 1.000000
vt 0.027027 0.000000
vt 0.036036 1.000000
vt 0.036036 0.000000
vt 0.045045 1.000000
vt 0.045045 0.000000
vt 0.054054 1.000000
vt 0.054054 0.000000
vt 0.063063 1.000000
vt 0.063063 0.000000
vt 0.072072 1.000000
vt 0.072072 0.000000
vt 0.081081 1.000000
vt 0.081081 0.000000
vt 0.090090 1.000000
vt 0.090090 0.000000
vt 0.099099 1.000000
vt 0.099099 0.000000
vt 0.108108 1.000000
vt 0.108108 0.000000
vt 0.117117 1.000000
vt 0.117117 0.000000
vt 0.126126 1.000000
vt 0.126126 0.000000
vt 0.135135 1.000000
vt 0.135135 0.000000
vt 0.144144 1.000000
vt 0.144144 0.000000
vt 0.153153 1.000000
vt 0.153153 0.000000
vt 0.162162 1.000000
vt 0.162162 0.000000
vt 0.171171 1.000000
vt 0.171171 0.000000
vt 0.180180 1.000000
vt 0.180180 0.000000
vt 0.189189 1.000000
vt 0.189189 0.000000
vt 0.198198 1.000000
vt 0.198198 0.000000
vt 0.207207 1.000000
vt 0.207207 0.000000
vt 0.216216 1.000000
vt 0.216216 0.000000
vt 0.225225 1.000000
vt 0.225225 0.000000
vt 0.234234 1.000000
vt 0.234234 0.000000
vt 0.243243 1.000000
vt 0.243243 0.000000
vt 0.252252 1.000000
vt 0.252252 0.000000
vt 0.261261 1.000000
vt 0.261261 0.000000
vt 0.270270 1.000000
vt 0.270270 0.000000
vt 0.279279 1.000000
vt 0.279279 0.000000
vt 0.288288 1.000000
vt 0.288288 0.000000
vt 0.297297 1.000000
vt 0.297297 0.000000
vt 0.306306 1.000000
vt 0.306306 0.000000
vt 0.315315 1.000000
vt 0.315315 0.000000
vt 0.324324 1.000000
vt 0.324324 0.000000
vt 0.342342 1.000000
vt 0.342342 0.000000
vt 0.351351 1.000000
vt 0.351351 0.000000
vt 0.360360 1.000000
vt 0.360360 0.000000
vt 0.369369 1.000000
vt 0.369369 0.000000
vt 0.378378 1.000000
vt 0.378378 0.000000
vt 0.387387 1.000000
vt 0.387387 0.000000
vt 0.396396 1.000000
vt 0.396396 0.000000
vt 0.405405 1.000000
vt 0.405405 0.000000
vt 0.414414 1.000000
vt 0.414414 0.000000
vt 0.423423 1.000000
vt 0.423423 0.000000
vt 0.432432 1.000000
vt 0.432432 0.000000
vt 0.441441 1.000000
vt 0.441441 0.000000
vt 0.450450 1.000000
vt 0.450450 0.000000
vt 0.459459 1.000000
vt 0.459459 0.000000
vt 0.468468 1.000000
vt 0.468468 0.000000
vt 0.477477 1.000000
vt 0.477477 0.000000
vt 0.486486 1.000000
vt 0.486486 0.000000
vt 0.495495 1.000000
vt 0.495495 0.000000
vt 0.504505 1.000000
vt 0.504505 0.000000
vt 0.513514 1.000000
vt 0.513514 0.000000
vt 0.522523 1.000000
vt 0.522523 0.000000
vt 0.531532 1.000000
vt 0.531532 0.000000
vt 0.540541 1.000000
vt 0.540541 0.000000
vt 0.549550 1.000000
vt 0.549550 0.000000
vt 0.558559 1.000000
vt 0.558559 0.000000
vt 0.567568 1.000000
vt 0.567568 0.000000
vt 0.576577 1.000000
vt 0.576577 0.000000
vt 0.585586 1.000000
vt 0.585586 0.000000
vt 0.594595 1.000000
vt 0.594595 0.000000
vt 0.603604 1.000000
vt 0.603604 0.000000
vt 0.612613 1.000000
vt 0.612613 0.000000
vt 0.621622 1.000000
vt 0.621622 0.000000
vt 0.630631 1.000000
vt 0.630631 0.000000
vt 0.639640 1.000000
vt 0.639640 0.000000
vt 0.648649 1.000000
vt 0.648649 0.000000
vt 0.657658 1.000000
vt 0.657658 0.000000
vt 0.675676 1.000000
vt 0.675676 0.000000
vt 0.684685 1.000000
vt 0.684685 0.000000
vt 0.693694 1.000000
vt 0.693694 0.000000
vt 0.702703 1.000000
vt 0.702703 0.000000
vt 0.711712 1.000000
vt 0.711712 0.000000
vt 0.720721 1.000000
vt 0.720721 0.000000
vt 0.729730 1.000000
vt 0.729730 0.000000
vt 0.738739 1.000000
vt 0.738739 0.000000
vt 0.747748 1.000000
vt 0.747748 0.000000
vt 0.756757 1.000000
vt 0.756757 0.000000
vt 0.765766 1.000000
vt 0.765766 0.000000
vt 0.774775 1.000000
vt 0.774775 0.000000
vt 0.783784 1.000000
vt 0.783784 0.000000
vt 0.792793 1.000000
vt 0.792793 0.000000
vt 0.801802 1.000000
vt 0.801802 0.000000
vt 0.810811 1.000000
vt 0.810811 0.000000
vt 0.819820 1.000000
vt 0.819820 0.000000
vt 0.828829 1.000000
vt 0.828829 0.000000
vt 0.837838 1.000000
vt 0.837838 0.000000
vt 0.846847 1.000000
vt 0.846847 0.000000
vt 0.855856 1.000000
vt 0.855856 0.000000
vt 0.864865 1.000000
vt 0.864865 0.000000
vt 0.873874 1.000000
vt 0.873874 0.000000
vt 0.882883 1.000000
vt 0.882883 0.000000
vt 0.891892 1.000000
vt 0.891892 0.000000
vt 0.900901 1.000000
vt 0.900901 0.000000
vt 0.909910 1.000000
vt 0.909910 0.000000
vt 0.918919 1.000000
vt 0.918919 0.000000
vt 0.927928 1.000000
vt 0.927928 0.000000
vt 0.936937 1.000000
vt 0.936937 0.000000
vt 0.945946 1.000000
vt 0.945946 0.000000
vt 0.954955 1.000000
vt 0.954955 0.000000
vt 0.963964 1.000000
vt 0.963964 0.000000
vt 0.972973 1.000000
vt 0.972973 0.000000
vt 0.981982 1.000000
vt 0.981982 0.000000
vt 0.990991 1.000000
vt 0.990991 0.000000
vt 0.038462 1.000000
vt 0.038462 0.000000
vt 0.076923 1.000000
vt 0.076923 0.000000
vt 0.115385 1.000000
vt 0.115385 0.000000
vt 0.153846 1.000000
vt 0.153846 0.000000
vt 0.192308 1.000000
vt 0.192308 0.000000
vt 0.230769 1.000000
vt 0.230769 0.000000
vt 0.269231 1.000000
vt 0.269231 0.000000
vt 0.307692 1.000000
vt 0.307692 0.000000
vt 0.346154 1.000000
vt 0.346154 0.000000
vt 0.384615 1.000000
vt 0.384615 0.000000
vt 0.423077 1.000000
vt 0.423077 0.000000
vt 0.461538 1.000000
vt 0.461538 0.000000
vt 0.538462 1.000000
vt 0.538462 0.000000
vt 0.576923 1.000000
vt 0.576923 0.000000
vt 0.615385 1.000000
vt 0.615385 0.000000
vt 0.653846 1.000000
vt 0.653846 0.000000
vt 0.692308 1.000000
vt 0.692308 0.000000
vt 0.730769 1.000000
vt 0.730769 0.000000
vt 0.769231 1.000000
vt 0.769231 0.000000
vt 0.807692 1.000000
vt 0.807692 0.000000
vt 0.846154 1.000000
vt 0.846154 0.000000
vt 0.884615 1.000000
vt 0.884615 0.000000
vt 0.923077 1.000000
vt 0.923077 0.000000
vt 0.961538 1.000000
vt 0.961538 0.000000
vt 0.005650 1.000000
vt 0.005650 0.000000
vt 0.011299 1.000000
vt 0.011299 0.000000
vt 0.016949 1.000000
vt 0.016949 0.000000
vt 0.022599 1.000000
vt 0.022599 0.000000
vt 0.028249 1.000000
vt 0.028249 0.000000
vt 0.033898 1.000000
vt 0.033898 0.000000
vt 0.039548 1.000000
vt 0.039548 0.000000
vt 0.045198 1.000000
vt 0.045198 0.000000
vt 0.050847 1.000000
vt 0.050847 0.000000
vt 0.056497 1.000000
vt 0.056497 0.000000
vt 0.062147 1.000000
vt 0.062147 0.000000
vt 0.067797 1.000000
vt 0.067797 0.000000
vt 0.073446 1.000000
vt 0.073446 0.000000
vt 0.079096 1.000000
vt 0.079096 0.000000
vt 0.084746 1.000000
vt 0.084746 0.000000
vt 0.090395 1.000000
vt 0.090395 0.000000
vt 0.096045 1.000000
vt 0.096045 0.000000
vt 0.101695 1.000000
vt 0.101695 0.000000
vt 0.107345 1.000000
vt 0.107345 0.000000
vt 0.112994 1.000000
vt 0.112994 0.000000
vt 0.118644 1.000000
vt 0.118644 0.000000
vt 0.124294 1.000000
vt 0.124294 0.000000
vt 0.129944 1.000000
vt 0.129944 0.000000
vt 0.135593 1.000000
vt 0.135593 0.000000
vt 0.141243 1.000000
vt 0.141243 0.000000
vt 0.146893 1.000000
vt 0.146893 0.000000
vt 0.152542 1.000000
vt 0.152542 0.000000
vt 0.158192 1.000000
vt 0.158192 0.000000
vt 0.163842 1.000000
vt 0.163842 0.000000
vt 0.169492 1.000000
vt 0.169492 0.000000
vt 0.175141 1.000000
vt 0.175141 0.000000
vt 0.180791 1.000000
vt 0.180791 0.000000
vt 0.186441 1.000000
vt 0.186441 0.000000
vt 0.192090 1.000000
vt 0.192090 0.000000
vt 0.197740 1.000000
vt 0.197740 0.000000
vt 0.203390 1.000000
vt 0.203390 0.000000
vt 0.209040 1.000000
vt 0.209040 0.000000
vt 0.214689 1.000000
vt 0.214689 0.000000
vt 0.220339 1.000000
vt 0.220339 0.000000
vt 0.225989 1.000000
vt 0.225989 0.000000
vt 0.231638 1.000000
vt 0.231638 0.000000
vt 0.237288 1.000000
vt 0.237288 0.000000
vt 0.242938 1.000000
vt 0.242938 0.000000
vt 0.248588 1.000000
vt 0.248588 0.000000
vt 0.254237 1.000000
vt 0.254237 0.000000
vt 0.259887 1.000000
vt 0.259887 0.000000
vt 0.265537 1.000000
vt 0.265537 0.000000
vt 0.271186 1.000000
vt 0.271186 0.000000
vt 0.276836 1.000000
vt 0.276836 0.000000
vt 0.282486 1.000000
vt 0.282486 0.000000
vt 0.288136 1.000000
vt 0.288136 0.000000
vt 0.293785 1.000000
vt 0.293785 0.000000
vt 0.299435 1.000000
vt 0.299435 0.000000
vt 0.305085 1.000000
vt 0.305085 0.000000
vt 0.310734 1.000000
vt 0.310734 0.000000
vt 0.316384 1.000000
vt 0.316384 0.000000
vt 0.322034 1.000000
vt 0.322034 0.000000
vt 0.327684 1.000000
vt 0.327684 0.000000
vt 0.338983 1.000000
vt 0.338983 0.000000
vt 0.344633 1.000000
vt 0.344633 0.000000
vt 0.350282 1.000000
vt 0.350282 0.000000
vt 0.355932 1.000000
vt 0.355932 0.000000
vt 0.361582 1.000000
vt 0.361582 0.000000
vt 0.367232 1.000000
vt 0.367232 0.000000
vt 0.372881 1.000000
vt 0.372881 0.000000
vt 0.378531 1.000000
vt 0.378531 0.000000
vt 0.384181 1.000000
vt 0.384181 0.000000
vt 0.389830 1.000000
vt 0.389830 0.000000
vt 0.395480 1.000000
vt 0.395480 0.000000
vt 0.401130 1.000000
vt 0.401130 0.000000
vt 0.406780 1.000000
vt 0.406780 0.000000
vt 0.412429 1.000000
vt 0.412429 0.000000
vt 0.418079 1.000000
vt 0.418079 0.000000
vt 0.423729 1.000000
vt 0.423729 0.000000
vt 0.429379 1.000000
vt 0.429379 0.000000
vt 0.435028 1.000000
vt 0.435028 0.000000
vt 0.440678 1.000000
vt 0.440678 0.000000
vt 0.446328 1.000000
vt 0.446328 0.000000
vt 0.451977 1.000000
vt 0.451977 0.000000
vt 0.457627 1.000000
vt 0.457627 0.000000
vt 0.463277 1.000000
vt 0.463277 0.000000
vt 0.468927 1.000000
vt 0.468927 0.000000
vt 0.474576 1.000000
vt 0.474576 0.000000
vt 0.480226 1.000000
vt 0.480226 0.000000
vt 0.485876 1.000000
vt 0.485876 0.000000
vt 0.491525 1.000000
vt 0.491525 0.000000
vt 0.497175 1.000000
vt 0.497175 0.000000
vt 0.502825 1.000000
vt 0.502825 0.000000
vt 0.508475 1.000000
vt 0.508475 0.000000
vt 0.514124 1.000000
vt 0.514124 0.000000
vt 0.519774 1.000000
vt 0.519774 0.000000
vt 0.525424 1.000000
vt 0.525424 0.000000
vt 0.531073 1.000000
vt 0.531073 0.000000
vt 0.536723 1.000000
vt 0.536723 0.000000
vt 0.542373 1.000000
vt 0.542373 0.000000
vt 0.548023 1.000000
vt 0.548023 0.000000
vt 0.553672 1.000000
vt 0.553672 0.000000
vt 0.559322 1.000000
vt 0.559322 0.000000
vt 0.564972 1.000000
vt 0.564972 0.000000
vt 0.570621 1.000000
vt 0.570621 0.000000
vt 0.576271 1.000000
vt 0.576271 0.000000
vt 0.581921 1.000000
vt 0.581921 0.000000
vt 0.587571 1.000000
vt 0.587571 0.000000
vt 0.593220 1.000000
vt 0.593220 0.000000
vt 0.598870 1.000000
vt 0.598870 0.000000
vt 0.604520 1.000000
vt 0.604520 0.000000
vt 0.610169 1.000000
vt 0.610169 0.000000
vt 0.615819 1.000000
vt 0.615819 0.000000
vt 0.621469 1.000000
vt 0.621469 0.000000
vt 0.627119 1.000000
vt 0.627119 0.000000
vt 0.632768 1.000000
vt 0.632768 0.000000
vt 0.638418 1.000000
vt 0.638418 0.000000
vt 0.644068 1.000000
vt 0.644068 0.000000
vt 0.649718 1.000000
vt 0.649718 0.000000
vt 0.655367 1.000000
vt 0.655367 0.000000
vt 0.661017 1.000000
vt 0.661017 0.000000
vt 0.672316 1.000000
vt 0.672316 0.000000
vt 0.677966 1.000000
vt 0.677966 0.000000
vt 0.683616 1.000000
vt 0.683616 0.000000
vt 0.689266 1.000000
vt 0.689266 0.000000
vt 0.694915 1.000000
vt 0.694915 0.000000
vt 0.700565 1.000000
vt 0.700565 0.000000
vt 0.706215 1.000000
vt 0.706215 0.000000
vt 0.711864 1.000000
vt 0.711864 0.000000
vt 0.717514 1.000000
vt 0.717514 0.000000
vt 0.723164 1.000000
vt 0.723164 0.000000
vt 0.728814 1.000000
vt 0.728814 0.000000
vt 0.734463 1.000000
vt 0.734463 0.000000
vt 0.740113 1.000000
vt 0.740113 0.000000
vt 0.745763 1.000000
vt 0.745763 0.000000
vt 0.751412 1.000000
vt 0.751412 0.000000
vt 0.757062 1.000000
vt 0.757062 0.000000
vt 0.762712 1.000000
vt 0.762712 0.000000
vt 0.768362 1.000000
vt 0.768362 0.000000
vt 0.774011 1.000000
vt 0.774011 0.000000
vt 0.779661 1.000000
vt 0.779661 0.000000
vt 0.785311 1.000000
vt 0.785311 0.000000
vt 0.790960 1.000000
vt 0.790960 0.000000
vt 0.796610 1.000000
vt 0.796610 0.000000
vt 0.802260 1.000000
vt 0.802260 0.000000
vt 0.807910 1.000000
vt 0.807910 0.000000
vt 0.813559 1.000000
vt 0.813559 0.000000
vt 0.819209 1.000000
vt 0.819209 0.000000
vt 0.824859 1.000000
vt 0.824859 0.000000
vt 0.830508 1.000000
vt 0.830508 0.000000
vt 0.836158 1.000000
vt 0.836158 0.000000
vt 0.841808 1.000000
vt 0.841808 0.000000
vt 0.847458 1.000000
vt 0.847458 0.000000
vt 0.853107 1.000000
vt 0.853107 0.000000
vt 0.858757 1.000000
vt 0.858757 0.000000
vt 0.864407 1.000000
vt 0.864407 0.000000
vt 0.870057 1.000000
vt 0.870057 0.000000
vt 0.875706 1.000000
vt 0.875706 0.000000
vt 0.881356 1.000000
vt 0.881356 0.000000
vt 0.887006 1.000000
vt 0.887006 0.000000
vt 0.892655 1.000000
vt 0.892655 0.000000
vt 0.898305 1.000000
vt 0.898305 0.000000
vt 0.903955 1.000000
vt 0.903955 0.000000
vt 0.909605 1.000000
vt 0.909605 0.000000
vt 0.915254 1.000000
vt 0.915254 0.000000
vt 0.920904 1.000000
vt 0.920904 0.000000
vt 0.926554 1.000000
vt 0.926554 0.000000
vt 0.932203 1.000000
vt 0.932203 0.000000
vt 0.937853 1.000000
vt 0.937853 0.000000
vt 0.943503 1.000000
vt 0.943503 0.000000
vt 0.949153 1.000000
vt 0.949153 0.000000
vt 0.954802 1.000000
vt 0.954802 0.000000
vt 0.960452 1.000000
vt 0.960452 0.000000
vt 0.966102 1.000000
vt 0.966102 0.000000
vt 0.971751 1.000000
vt 0.971751 0.000000
vt 0.977401 1.000000
vt 0.977401 0.000000
vt 0.983051 1.000000
vt 0.983051 0.000000
vt 0.988701 1.000000
vt 0.988701 0.000000
vt 0.994350 1.000000
vt 0.994350 0.000000
vt 0.012987 1.000000
vt 0.012987 0.000000
vt 0.025974 1.000000
vt 0.025974 0.000000
vt 0.038961 1.000000
vt 0.038961 0.000000
vt 0.051948 1.000000
vt 0.051948 0.000000
vt 0.064935 1.000000
vt 0.064935 0.000000
vt 0.077922 1.000000
vt 0.077922 0.000000
vt 0.090909 1.000000
vt 0.103896 1.000000
vt 0.103896 0.000000
vt 0.116883 1.000000
vt 0.116883 0.000000
vt 0.129870 1.000000
vt 0.129870 0.000000
vt 0.155844 1.000000
vt 0.155844 0.000000
vt 0.168831 1.000000
vt 0.168831 0.000000
vt 0.181818 1.000000
vt 0.194805 1.000000
vt 0.194805 0.000000
vt 0.207792 1.000000
vt 0.207792 0.000000
vt 0.220779 1.000000
vt 0.220779 0.000000
vt 0.233766 1.000000
vt 0.233766 0.000000
vt 0.246753 1.000000
vt 0.246753 0.000000
vt 0.259740 1.000000
vt 0.259740 0.000000
vt 0.272727 1.000000
vt 0.298701 1.000000
vt 0.298701 0.000000
vt 0.311688 1.000000
vt 0.311688 0.000000
vt 0.324675 1.000000
vt 0.324675 0.000000
vt 0.337662 1.000000
vt 0.337662 0.000000
vt 0.350649 1.000000
vt 0.350649 0.000000
vt 0.363636 1.000000
vt 0.376623 1.000000
vt 0.376623 0.000000
vt 0.389610 1.000000
vt 0.389610 0.000000
vt 0.402597 1.000000
vt 0.402597 0.000000
vt 0.415584 1.000000
vt 0.415584 0.000000
vt 0.441558 1.000000
vt 0.441558 0.000000
vt 0.454545 1.000000
vt 0.467532 1.000000
vt 0.467532 0.000000
vt 0.480519 1.000000
vt 0.480519 0.000000
vt 0.493506 1.000000
vt 0.493506 0.000000
vt 0.506494 1.000000
vt 0.506494 0.000000
vt 0.519481 1.000000
vt 0.519481 0.000000
vt 0.532468 1.000000
vt 0.532468 0.000000
vt 0.545455 1.000000
vt 0.558442 1.000000
vt 0.558442 0.000000
vt 0.584416 1.000000
vt 0.584416 0.000000
vt 0.597403 1.000000
vt 0.597403 0.000000
vt 0.610390 1.000000
vt 0.610390 0.000000
vt 0.623377 1.000000
vt 0.623377 0.000000
vt 0.636364 1.000000
vt 0.649351 1.000000
vt 0.649351 0.000000
vt 0.662338 1.000000
vt 0.662338 0.000000
vt 0.675325 1.000000
vt 0.675325 0.000000
vt 0.688312 1.000000
vt 0.688312 0.000000
vt 0.701299 1.000000
vt 0.701299 0.000000
vt 0.727273 1.000000
vt 0.740260 1.000000
vt 0.740260 0.000000
vt 0.753247 1.000000
vt 0.753247 0.000000
vt 0.766234 1.000000
vt 0.766234 0.000000
vt 0.779221 1.000000
vt 0.779221 0.000000
vt 0.792208 1.000000
vt 0.792208 0.000000
vt 0.805195 1.000000
vt 0.805195 0.000000
vt 0.818182 1.000000
vt 0.831169 1.000000
vt 0.831169 0.000000
vt 0.844156 1.000000
vt 0.844156 0.000000
vt 0.870130 1.000000
vt 0.870130 0.000000
vt 0.883117 1.000000
vt 0.883117 0.000000
vt 0.896104 1.000000
vt 0.896104 0.000000
vt 0.909091 1.000000
vt 0.922078 1.000000
vt 0.922078 0.000000
vt 0.935065 1.000000
vt 0.935065 0.000000
vt 0.948052 1.000000
vt 0.948052 0.000000
vt 0.961039 1.000000
vt 0.961039 0.000000
vt 0.974026 1.000000
vt 0.974026 0.000000
vt 0.987013 1.000000
vt 0.987013 0.000000
vt 0.011236 1.000000
vt 0.011236 0.000000
vt 0.022472 1.000000
vt 0.022472 0.000000
vt 0.033708 1.000000
vt 0.033708 0.000000
vt 0.044944 1.000000
vt 0.044944 0.000000
vt 0.056180 1.000000
vt 0.056180 0.000000
vt 0.067416 1.000000
vt 0.067416 0.000000
vt 0.078652 1.000000
vt 0.078652 0.000000
vt 0.089888 1.000000
vt 0.089888 0.000000
vt 0.101124 1.000000
vt 0.101124 0.000000
vt 0.112360 1.000000
vt 0.112360 0.000000
vt 0.123596 1.000000
vt 0.123596 0.000000
vt 0.134831 1.000000
vt 0.134831 0.000000
vt 0.146067 1.000000
vt 0.146067 0.000000
vt 0.157303 1.000000
vt 0.157303 0.000000
vt 0.168539 1.000000
vt 0.168539 0.000000
vt 0.179775 1.000000
vt 0.179775 0.000000
vt 0.191011 1.000000
vt 0.191011 0.000000
vt 0.202247 1.000000
vt 0.202247 0.000000
vt 0.213483 1.000000
vt 0.213483 0.000000
vt 0.224719 1.000000
vt 0.224719 0.000000
vt 0.235955 1.000000
vt 0.235955 0.000000
vt 0.247191 1.000000
vt 0.247191 0.000000
vt 0.258427 1.000000
vt 0.258427 0.000000
vt 0.269663 1.000000
vt 0.269663 0.000000
vt 0.280899 1.000000
vt 0.280899 0.000000
vt 0.292135 1.000000
vt 0.292135 0.000000
vt 0.303371 1.000000
vt 0.303371 0.000000
vt 0.314607 1.000000
vt 0.314607 0.000000
vt 0.325843 1.000000
vt 0.325843 0.000000
vt 0.337079 1.000000
vt 0.337079 0.000000
vt 0.348315 1.000000
vt 0.348315 0.000000
vt 0.359551 1.000000
vt 0.359551 0.000000
vt 0.370787 1.000000
vt 0.370787 0.000000
vt 0.382022 1.000000
vt 0.382022 0.000000
vt 0.393258 1.000000
vt 0.393258 0.000000
vt 0.404494 1.000000
vt 0.404494 0.000000
vt 0.415730 1.000000
vt 0.415730 0.000000
vt 0.426966 1.000000
vt 0.426966 0.000000
vt 0.438202 1.000000
vt 0.438202 0.000000
vt 0.449438 1.000000
vt 0.449438 0.000000
vt 0.460674 1.000000
vt 0.460674 0.000000
vt 0.471910 1.000000
vt 0.471910 0.000000
vt 0.483146 1.000000
vt 0.483146 0.000000
vt 0.494382 1.000000
vt 0.494382 0.000000
vt 0.505618 1.000000
vt 0.505618 0.000000
vt 0.516854 1.000000
vt 0.516854 0.000000
vt 0.528090 1.000000
vt 0.528090 0.000000
vt 0.539326 1.000000
vt 0.539326 0.000000
vt 0.550562 1.000000
vt 0.550562 0.000000
vt 0.561798 1.000000
vt 0.561798 0.000000
vt 0.573034 1.000000
vt 0.573034 0.000000
vt 0.584270 1.000000
vt 0.584270 0.000000
vt 0.595506 1.000000
vt 0.595506 0.000000
vt 0.606742 1.000000
vt 0.606742 0.000000
vt 0.617977 1.000000
vt 0.617977 0.000000
vt 0.629214 1.000000
vt 0.629214 0.000000
vt 0.640449 1.000000
vt 0.640449 0.000000
vt 0.651685 1.000000
vt 0.651685 0.000000
vt 0.662921 1.000000
vt 0.662921 0.000000
vt 0.674157 1.000000
vt 0.674157 0.000000
vt 0.685393 1.000000
vt 0.685393 0.000000
vt 0.696629 1.000000
vt 0.696629 0.000000
vt 0.707865 1.000000
vt 0.707865 0.000000
vt 0.719101 1.000000
vt 0.719101 0.000000
vt 0.730337 1.000000
vt 0.730337 0.000000
vt 0.741573 1.000000
vt 0.741573 0.000000
vt 0.752809 1.000000
vt 0.752809 0.000000
vt 0.764045 1.000000
vt 0.764045 0.000000
vt 0.775281 1.000000
vt 0.775281 0.000000
vt 0.786517 1.000000
vt 0.786517 0.000000
vt 0.797753 1.000000
vt 0.797753 0.000000
vt 0.808989 1.000000
vt 0.808989 0.000000
vt 0.820225 1.000000
vt 0.820225 0.000000
vt 0.831461 1.000000
vt 0.831461 0.000000
vt 0.842697 1.000000
vt 0.842697 0.000000
vt 0.853933 1.000000
vt 0.853933 0.000000
vt 0.865169 1.000000
vt 0.865169 0.000000
vt 0.876405 1.000000
vt 0.876405 0.000000
vt 0.887640 1.000000
vt 0.887640 0.000000
vt 0.898876 1.000000
vt 0.898876 0.000000
vt 0.910112 1.000000
vt 0.910112 0.000000
vt 0.921348 1.000000
vt 0.921348 0.000000
vt 0.932584 1.000000
vt 0.932584 0.000000
vt 0.943820 1.000000
vt 0.943820 0.000000
vt 0.955056 1.000000
vt 0.955056 0.000000
vt 0.966292 1.000000
vt 0.966292 0.000000
vt 0.977528 1.000000
vt 0.977528 0.000000
vt 0.988764 1.000000
vt 0.988764 0.000000
vt 0.010101 1.000000
vt 0.010101 0.000000
vt 0.020202 1.000000
vt 0.020202 0.000000
vt 0.030303 1.000000
vt 0.030303 0.000000
vt 0.040404 1.000000
vt 0.040404 0.000000
vt 0.050505 1.000000
vt 0.050505 0.000000
vt 0.060606 1.000000
vt 0.060606 0.000000
vt 0.070707 1.000000
vt 0.070707 0.000000
vt 0.080808 1.000000
vt 0.080808 0.000000
vt 0.101010 1.000000
vt 0.101010 0.000000
vt 0.121212 1.000000
vt 0.121212 0.000000
vt 0.131313 1.000000
vt 0.131313 0.000000
vt 0.141414 1.000000
vt 0.141414 0.000000
vt 0.151515 1.000000
vt 0.151515 0.000000
vt 0.161616 1.000000
vt 0.161616 0.000000
vt 0.171717 1.000000
vt 0.171717 0.000000
vt 0.191919 1.000000
vt 0.191919 0.000000
vt 0.202020 1.000000
vt 0.202020 0.000000
vt 0.212121 1.000000
vt 0.212121 0.000000
vt 0.232323 1.000000
vt 0.232323 0.000000
vt 0.242424 1.000000
vt 0.242424 0.000000
vt 0.252525 1.000000
vt 0.252525 0.000000
vt 0.262626 1.000000
vt 0.262626 0.000000
vt 0.282828 1.000000
vt 0.282828 0.000000
vt 0.292929 1.000000
vt 0.292929 0.000000
vt 0.303030 1.000000
vt 0.303030 0.000000
vt 0.313131 1.000000
vt 0.313131 0.000000
vt 0.323232 1.000000
vt 0.323232 0.000000
vt 0.343434 1.000000
vt 0.343434 0.000000
vt 0.353535 1.000000
vt 0.353535 0.000000
vt 0.373737 1.000000
vt 0.373737 0.000000
vt 0.383838 1.000000
vt 0.383838 0.000000
vt 0.393939 1.000000
vt 0.393939 0.000000
vt 0.404040 1.000000
vt 0.404040 0.000000
vt 0.414141 1.000000
vt 0.414141 0.000000
vt 0.424242 1.000000
vt 0.424242 0.000000
vt 0.434343 1.000000
vt 0.434343 0.000000
vt 0.464646 1.000000
vt 0.464646 0.000000
vt 0.474747 1.000000
vt 0.474747 0.000000
vt 0.484848 1.000000
vt 0.484848 0.000000
vt 0.494949 1.000000
vt 0.494949 0.000000
vt 0.505050 1.000000
vt 0.505050 0.000000
vt 0.515152 1.000000
vt 0.515152 0.000000
vt 0.525253 1.000000
vt 0.525253 0.000000
vt 0.535354 1.000000
vt 0.535354 0.000000
vt 0.565657 1.000000
vt 0.565657 0.000000
vt 0.575758 1.000000
vt 0.575758 0.000000
vt 0.585859 1.000000
vt 0.585859 0.000000
vt 0.595960 1.000000
vt 0.595960 0.000000
vt 0.606061 1.000000
vt 0.606061 0.000000
vt 0.616162 1.000000
vt 0.616162 0.000000
vt 0.626263 1.000000
vt 0.626263 0.000000
vt 0.646465 1.000000
vt 0.646465 0.000000
vt 0.656566 1.000000
vt 0.656566 0.000000
vt 0.676768 1.000000
vt 0.676768 0.000000
vt 0.686869 1.000000
vt 0.686869 0.000000
vt 0.696970 1.000000
vt 0.696970 0.000000
vt 0.707071 1.000000
vt 0.707071 0.000000
vt 0.717172 1.000000
vt 0.717172 0.000000
vt 0.737374 1.000000
vt 0.737374 0.000000
vt 0.747475 1.000000
vt 0.747475 0.000000
vt 0.757576 1.000000
vt 0.757576 0.000000
vt 0.767677 1.000000
vt 0.767677 0.000000
vt 0.787879 1.000000
vt 0.787879 0.000000
vt 0.797980 1.000000
vt 0.797980 0.000000
vt 0.808081 1.000000
vt 0.808081 0.000000
vt 0.828283 1.000000
vt 0.828283 0.000000
vt 0.838384 1.000000
vt 0.838384 0.000000
vt 0.848485 1.000000
vt 0.848485 0.000000
vt 0.858586 1.000000
vt 0.858586 0.000000
vt 0.868687 1.000000
vt 0.868687 0.000000
vt 0.878788 1.000000
vt 0.878788 0.000000
vt 0.898990 1.000000
vt 0.898990 0.000000
vt 0.919192 1.000000
vt 0.919192 0.000000
vt 0.929293 1.000000
vt 0.929293 0.000000
vt 0.939394 1.000000
vt 0.939394 0.000000
vt 0.949495 1.000000
vt 0.949495 0.000000
vt 0.959596 1.000000
vt 0.959596 0.000000
vt 0.969697 1.000000
vt 0.969697 0.000000
vt 0.979798 1.000000
vt 0.979798 0.000000
vt 0.989899 1.000000
vt 0.989899 0.000000
vt 0.013514 1.000000
vt 0.013514 0.000000
vt 0.040541 1.000000
vt 0.040541 0.000000
vt 0.067568 1.000000
vt 0.067568 0.000000
vt 0.094595 1.000000
vt 0.094595 0.000000
vt 0.121622 1.000000
vt 0.121622 0.000000
vt 0.148649 1.000000
vt 0.148649 0.000000
vt 0.175676 1.000000
vt 0.175676 0.000000
vt 0.202703 1.000000
vt 0.202703 0.000000
vt 0.229730 1.000000
vt 0.229730 0.000000
vt 0.256757 1.000000
vt 0.256757 0.000000
vt 0.283784 1.000000
vt 0.283784 0.000000
vt 0.310811 1.000000
vt 0.310811 0.000000
vt 0.337838 1.000000
vt 0.337838 0.000000
vt 0.364865 1.000000
vt 0.364865 0.000000
vt 0.391892 1.000000
vt 0.391892 0.000000
vt 0.418919 1.000000
vt 0.418919 0.000000
vt 0.445946 1.000000
vt 0.445946 0.000000
vt 0.472973 1.000000
vt 0.472973 0.000000
vt 0.527027 1.000000
vt 0.527027 0.000000
vt 0.554054 1.000000
vt 0.554054 0.000000
vt 0.581081 1.000000
vt 0.581081 0.000000
vt 0.608108 1.000000
vt 0.608108 0.000000
vt 0.635135 1.000000
vt 0.635135 0.000000
vt 0.662162 1.000000
vt 0.662162 0.000000
vt 0.689189 1.000000
vt 0.689189 0.000000
vt 0.716216 1.000000
vt 0.716216 0.000000
vt 0.743243 1.000000
vt 0.743243 0.000000
vt 0.770270 1.000000
vt 0.770270 0.000000
vt 0.797297 1.000000
vt 0.797297 0.000000
vt 0.824324 1.000000
vt 0.824324 0.000000
vt 0.851351 1.000000
vt 0.851351 0.000000
vt 0.878378 1.000000
vt 0.878378 0.000000
vt 0.905405 1.000000
vt 0.905405 0.000000
vt 0.932432 1.000000
vt 0.932432 0.000000
vt 0.959459 1.000000
vt 0.959459 0.000000
vt 0.986486 1.000000
vt 0.986486 0.000000
s 0
f 97/1/1 99/2/1 98/3/1
f 97/1/1 100/4/1 99/2/1
f 96/5/1 100/4/1 97/1/1
f 96/5/1 101/6/1 100/4/1
f 95/7/1 101/6/1 96/5/1
f 95/7/1 102/8/1 101/6/1
f 94/9/1 102/8/1 95/7/1
f 94/9/1 103/10/1 102/8/1
f 93/11/1 103/10/1 94/9/1
f 93/11/1 104/12/1 103/10/1
f 92/13/1 104/12/1 93/11/1
f 92/13/1 105/14/1 104/12/1
f 91/15/1 105/14/1 92/13/1
f 91/15/1 106/16/1 105/14/1
f 90/17/1 106/16/1 91/15/1
f 90/17/1 107/18/1 106/16/1
f 89/19/1 107/18/1 90/17/1
f 89/19/1 108/20/1 107/18/1
f 88/21/1 108/20/1 89/19/1
f 88/21/1 109/22/1 108/20/1
f 87/23/1 109/22/1 88/21/1
f 87/23/1 110/24/1 109/22/1
f 86/25/1 110/24/1 87/23/1
f 86/25/1 111/26/1 110/24/1
f 85/27/1 111/26/1 86/25/1
f 85/27/1 112/28/1 111/26/1
f 85/27/1 113/29/1 112/28/1
f 84/30/1 113/29/1 85/27/1
f 84/30/1 114/31/1 113/29/1
f 83/32/1 114/31/1 84/30/1
f 83/32/1 115/33/1 114/31/1
f 82/34/1 115/33/1 83/32/1
f 82/34/1 116/35/1 115/33/1
f 81/36/1 116/35/1 82/34/1
f 81/36/1 117/37/1 116/35/1
f 80/38/1 117/37/1 81/36/1
f 80/38/1 118/39/1 117/37/1
f 79/40/1 118/39/1 80/38/1
f 134/41/1 136/42/1 135/43/1
f 133/44/1 136/42/1 134/41/1
f 79/40/1 119/45/1 118/39/1
f 78/46/1 119/45/1 79/40/1
f 132/47/1 136/42/1 133/44/1
f 132/47/1 137/48/1 136/42/1
f 131/49/1 137/48/1 132/47/1
f 78/46/1 120/50/1 119/45/1
f 131/49/1 138/51/1 137/48/1
f 130/52/1 138/51/1 131/49/1
f 77/53/1 120/50/1 78/46/1
f 130/52/1 139/54/1 138/51/1
f 129/55/1 139/54/1 130/52/1
f 128/56/1 139/54/1 129/55/1
f 77/53/1 121/57/1 120/50/1
f 128/56/1 140/58/1 139/54/1
f 76/59/1 121/57/1 77/53/1
f 127/60/1 140/58/1 128/56/1
f 127/60/1 141/61/1 140/58/1
f 126/62/1 141/61/1 127/60/1
f 76/59/1 122/63/1 121/57/1
f 126/62/1 142/64/1 141/61/1
f 125/65/1 142/64/1 126/62/1
f 75/66/1 122/63/1 76/59/1
f 124/67/1 142/64/1 125/65/1
f 124/67/1 143/68/1 142/64/1
f 75/66/1 123/69/1 122/63/1
f 123/69/1 143/68/1 124/67/1
f 75/66/1 143/68/1 123/69/1
f 173/70/1 143/68/1 75/66/1
f 173/70/1 144/71/1 143/68/1
f 172/72/1 144/71/1 173/70/1
f 171/73/1 144/71/1 172/72/1
f 171/73/1 145/74/1 144/71/1
f 170/75/1 145/74/1 171/73/1
f 169/76/1 145/74/1 170/75/1
f 168/77/1 145/74/1 169/76/1
f 167/78/1 145/74/1 168/77/1
f 167/78/1 146/79/1 145/74/1
f 166/80/1 146/79/1 167/78/1
f 165/81/1 146/79/1 166/80/1
f 164/82/1 146/79/1 165/81/1
f 163/83/1 146/79/1 164/82/1
f 163/83/1 147/84/1 146/79/1
f 162/85/1 147/84/1 163/83/1
f 161/86/1 147/84/1 162/85/1
f 160/87/1 159/88/1 161/86/1
f 159/88/1 158/89/1 161/86/1
f 158/89/1 157/90/1 161/86/1
f 157/90/1 156/91/1 161/86/1
f 156/91/1 155/92/1 161/86/1
f 155/92/1 154/93/1 161/86/1
f 154/93/1 153/94/1 161/86/1
f 153/94/1 152/95/1 161/86/1
f 152/95/1 151/96/1 161/86/1
f 151/96/1 150/97/1 161/86/1
f 150/97/1 149/98/1 161/86/1
f 149/98/1 148/99/1 161/86/1
f 148/99/1 147/84/1 161/86/1
f 23/100/1 25/101/1 24/102/1
f 23/100/1 26/103/1 25/101/1
f 23/100/1 27/104/1 26/103/1
f 22/105/1 27/104/1 23/100/1
f 22/105/1 28/106/1 27/104/1
f 21/107/1 28/106/1 22/105/1
f 21/107/1 29/108/1 28/106/1
f 20/109/1 29/108/1 21/107/1
f 20/109/1 30/110/1 29/108/1
f 19/111/1 30/110/1 20/109/1
f 19/111/1 31/112/1 30/110/1
f 18/113/1 31/112/1 19/111/1
f 18/113/1 32/114/1 31/112/1
f 17/115/1 32/114/1 18/113/1
f 17/115/1 33/116/1 32/114/1
f 16/117/1 33/116/1 17/115/1
f 16/117/1 34/118/1 33/116/1
f 15/119/1 34/118/1 16/117/1
f 15/119/1 35/120/1 34/118/1
f 14/121/1 35/120/1 15/119/1
f 14/121/1 36/122/1 35/120/1
f 13/123/1 36/122/1 14/121/1
f 13/123/1 37/124/1 36/122/1
f 12/125/1 37/124/1 13/123/1
f 12/125/1 38/126/1 37/124/1
f 11/127/1 38/126/1 12/125/1
f 11/127/1 39/128/1 38/126/1
f 10/129/1 39/128/1 11/127/1
f 9/130/1 39/128/1 10/129/1
f 9/130/1 40/131/1 39/128/1
f 8/132/1 40/131/1 9/130/1
f 8/132/1 41/133/1 40/131/1
f 7/134/1 41/133/1 8/132/1
f 7/134/1 42/135/1 41/133/1
f 6/136/1 42/135/1 7/134/1
f 6/136/1 43/137/1 42/135/1
f 5/138/1 43/137/1 6/136/1
f 5/138/1 44/139/1 43/137/1
f 4/140/1 44/139/1 5/138/1
f 4/140/1 45/141/1 44/139/1
f 3/142/1 45/141/1 4/140/1
f 3/142/1 46/143/1 45/141/1
f 2/144/1 46/143/1 3/142/1
f 2/144/1 47/145/1 46/143/1
f 1/146/1 47/145/1 2/144/1
f 1/146/1 48/147/1 47/145/1
f 74/148/1 48/147/1 1/146/1
f 74/148/1 49/149/1 48/147/1
f 73/150/1 49/149/1 74/148/1
f 73/150/1 50/151/1 49/149/1
f 72/152/1 50/151/1 73/150/1
f 71/153/1 50/151/1 72/152/1
f 71/153/1 51/154/1 50/151/1
f 70/155/1 51/154/1 71/153/1
f 70/155/1 52/156/1 51/154/1
f 69/157/1 52/156/1 70/155/1
f 69/157/1 53/158/1 52/156/1
f 68/159/1 53/158/1 69/157/1
f 68/159/1 54/160/1 53/158/1
f 67/161/1 54/160/1 68/159/1
f 67/161/1 55/162/1 54/160/1
f 66/163/1 55/162/1 67/161/1
f 66/163/1 56/164/1 55/162/1
f 65/165/1 56/164/1 66/163/1
f 64/166/1 56/164/1 65/165/1
f 64/166/1 57/167/1 56/164/1
f 63/168/1 57/167/1 64/166/1
f 63/168/1 58/169/1 57/167/1
f 62/170/1 58/169/1 63/168/1
f 62/170/1 59/171/1 58/169/1
f 61/172/1 59/171/1 62/170/1
f 61/172/1 60/173/1 59/171/1
f 184/174/1 186/175/1 185/176/1
f 184/174/1 187/177/1 186/175/1
f 184/174/1 188/178/1 187/177/1
f 183/179/1 188/178/1 184/174/1
f 183/179/1 189/180/1 188/178/1
f 182/181/1 189/180/1 183/179/1
f 182/181/1 190/182/1 189/180/1
f 181/183/1 190/182/1 182/181/1
f 181/183/1 191/184/1 190/182/1
f 180/185/1 191/184/1 181/183/1
f 180/185/1 192/186/1 191/184/1
f 179/187/1 192/186/1 180/185/1
f 179/187/1 193/188/1 192/186/1
f 178/189/1 193/188/1 179/187/1
f 178/189/1 194/190/1 193/188/1
f 177/191/1 194/190/1 178/189/1
f 177/191/1 195/192/1 194/190/1
f 176/193/1 195/192/1 177/191/1
f 176/193/1 196/139/1 195/192/1
f 175/194/1 196/139/1 176/193/1
f 175/194/1 197/195/1 196/139/1
f 174/146/1 197/195/1 175/194/1
f 174/146/1 198/196/1 197/195/1
f 262/70/1 198/196/1 174/146/1
f 261/197/1 198/196/1 262/70/1
f 261/197/1 199/198/1 198/196/1
f 260/199/1 199/198/1 261/197/1
f 259/200/1 199/198/1 260/199/1
f 258/201/1 199/198/1 259/200/1
f 258/201/1 200/202/1 199/198/1
f 258/201/1 201/203/1 200/202/1
f 257/204/1 201/203/1 258/201/1
f 257/204/1 202/205/1 201/203/1
f 257/204/1 203/206/1 202/205/1
f 257/204/1 204/207/1 203/206/1
f 257/204/1 205/208/1 204/207/1
f 256/209/1 224/210/1 257/204/1
f 224/210/1 205/208/1 257/204/1
f 224/210/1 206/211/1 205/208/1
f 256/209/1 225/212/1 224/210/1
f 223/213/1 206/211/1 224/210/1
f 223/213/1 207/214/1 206/211/1
f 222/215/1 207/214/1 223/213/1
f 222/215/1 208/216/1 207/214/1
f 221/217/1 208/216/1 222/215/1
f 220/218/1 208/216/1 221/217/1
f 220/218/1 209/219/1 208/216/1
f 219/220/1 209/219/1 220/218/1
f 219/220/1 210/221/1 209/219/1
f 255/222/1 225/212/1 256/209/1
f 218/23/1 210/221/1 219/220/1
f 218/23/1 211/223/1 210/221/1
f 217/224/1 211/223/1 218/23/1
f 217/224/1 216/225/1 211/223/1
f 216/225/1 215/226/1 211/223/1
f 215/226/1 214/227/1 211/223/1
f 214/227/1 213/228/1 211/223/1
f 213/228/1 212/229/1 211/223/1
f 254/230/1 225/212/1 255/222/1
f 253/231/1 225/212/1 254/230/1
f 252/232/1 225/212/1 253/231/1
f 251/233/1 225/212/1 252/232/1
f 250/234/1 225/212/1 251/233/1
f 249/235/1 225/212/1 250/234/1
f 249/235/1 226/236/1 225/212/1
f 249/235/1 227/237/1 226/236/1
f 248/238/1 227/237/1 249/235/1
f 248/238/1 228/239/1 227/237/1
f 247/240/1 228/239/1 248/238/1
f 247/240/1 229/241/1 228/239/1
f 246/242/1 229/241/1 247/240/1
f 246/242/1 230/243/1 229/241/1
f 245/244/1 230/243/1 246/242/1
f 245/244/1 231/245/1 230/243/1
f 244/246/1 231/245/1 245/244/1
f 244/246/1 232/247/1 231/245/1
f 243/248/1 232/247/1 244/246/1
f 243/248/1 233/249/1 232/247/1
f 242/250/1 233/249/1 243/248/1
f 242/250/1 234/251/1 233/249/1
f 241/252/1 234/251/1 242/250/1
f 241/252/1 235/253/1 234/251/1
f 240/52/1 235/253/1 241/252/1
f 240/52/1 236/254/1 235/253/1
f 239/255/1 236/254/1 240/52/1
f 239/255/1 237/256/1 236/254/1
f 238/257/1 237/256/1 239/255/1
f 273/258/1 275/259/1 274/260/1
f 272/261/1 275/259/1 273/258/1
f 271/262/1 275/259/1 272/261/1
f 271/262/1 276/263/1 275/259/1
f 270/264/1 276/263/1 271/262/1
f 270/264/1 277/265/1 276/263/1
f 269/266/1 277/265/1 270/264/1
f 269/266/1 278/267/1 277/265/1
f 268/268/1 278/267/1 269/266/1
f 268/268/1 279/269/1 278/267/1
f 267/270/1 279/269/1 268/268/1
f 267/270/1 280/271/1 279/269/1
f 266/272/1 280/271/1 267/270/1
f 266/272/1 281/273/1 280/271/1
f 265/274/1 281/273/1 266/272/1
f 265/274/1 282/139/1 281/273/1
f 264/275/1 282/139/1 265/274/1
f 264/275/1 283/276/1 282/139/1
f 263/146/1 283/276/1 264/275/1
f 263/146/1 284/277/1 283/276/1
f 339/70/1 284/277/1 263/146/1
f 339/70/1 285/278/1 284/277/1
f 338/279/1 285/278/1 339/70/1
f 338/279/1 286/280/1 285/278/1
f 337/281/1 286/280/1 338/279/1
f 337/281/1 287/282/1 286/280/1
f 336/283/1 287/282/1 337/281/1
f 336/283/1 314/284/1 287/282/1
f 314/284/1 288/285/1 287/282/1
f 335/286/1 314/284/1 336/283/1
f 334/287/1 314/284/1 335/286/1
f 333/288/1 314/284/1 334/287/1
f 333/288/1 315/289/1 314/284/1
f 313/290/1 288/285/1 314/284/1
f 332/291/1 315/289/1 333/288/1
f 332/291/1 316/292/1 315/289/1
f 331/293/1 316/292/1 332/291/1
f 331/293/1 317/294/1 316/292/1
f 330/295/1 317/294/1 331/293/1
f 330/295/1 318/296/1 317/294/1
f 329/297/1 318/296/1 330/295/1
f 329/297/1 319/298/1 318/296/1
f 328/299/1 319/298/1 329/297/1
f 327/300/1 319/298/1 328/299/1
f 327/300/1 320/52/1 319/298/1
f 326/301/1 320/52/1 327/300/1
f 326/301/1 321/302/1 320/52/1
f 326/301/1 322/303/1 321/302/1
f 326/301/1 323/304/1 322/303/1
f 326/301/1 324/305/1 323/304/1
f 326/301/1 325/306/1 324/305/1
f 312/307/1 288/285/1 313/290/1
f 312/307/1 289/308/1 288/285/1
f 312/307/1 290/309/1 289/308/1
f 311/310/1 290/309/1 312/307/1
f 311/310/1 291/311/1 290/309/1
f 310/312/1 291/311/1 311/310/1
f 310/312/1 292/313/1 291/311/1
f 309/314/1 292/313/1 310/312/1
f 309/314/1 293/315/1 292/313/1
f 308/316/1 293/315/1 309/314/1
f 308/316/1 294/317/1 293/315/1
f 307/318/1 294/317/1 308/316/1
f 307/318/1 295/319/1 294/317/1
f 306/320/1 295/319/1 307/318/1
f 306/320/1 296/321/1 295/319/1
f 305/322/1 296/321/1 306/320/1
f 305/322/1 297/323/1 296/321/1
f 304/324/1 297/323/1 305/322/1
f 304/324/1 298/325/1 297/323/1
f 303/326/1 298/325/1 304/324/1
f 303/326/1 299/327/1 298/325/1
f 302/328/1 299/327/1 303/326/1
f 302/328/1 300/329/1 299/327/1
f 301/23/1 300/329/1 302/328/1
f 502/222/1 504/209/1 503/330/1
f 501/331/1 504/209/1 502/222/1
f 500/230/1 504/209/1 501/331/1
f 499/332/1 504/209/1 500/230/1
f 498/231/1 504/209/1 499/332/1
f 498/231/1 505/333/1 504/209/1
f 497/334/1 505/333/1 498/231/1
f 497/334/1 506/204/1 505/333/1
f 496/232/1 506/204/1 497/334/1
f 496/232/1 507/335/1 506/204/1
f 495/336/1 507/335/1 496/232/1
f 495/336/1 508/201/1 507/335/1
f 494/233/1 508/201/1 495/336/1
f 494/233/1 509/337/1 508/201/1
f 493/338/1 509/337/1 494/233/1
f 493/338/1 510/200/1 509/337/1
f 492/234/1 510/200/1 493/338/1
f 492/234/1 511/339/1 510/200/1
f 491/340/1 511/339/1 492/234/1
f 491/340/1 512/199/1 511/339/1
f 490/235/1 512/199/1 491/340/1
f 490/235/1 513/341/1 512/199/1
f 490/235/1 514/197/1 513/341/1
f 490/235/1 515/342/1 514/197/1
f 490/235/1 516/70/1 515/342/1
f 489/343/1 516/70/1 490/235/1
f 489/343/1 340/146/1 516/70/1
f 488/238/1 340/146/1 489/343/1
f 352/185/1 354/183/1 353/344/1
f 351/345/1 354/183/1 352/185/1
f 350/187/1 354/183/1 351/345/1
f 349/346/1 354/183/1 350/187/1
f 348/189/1 354/183/1 349/346/1
f 347/347/1 354/183/1 348/189/1
f 346/191/1 354/183/1 347/347/1
f 345/348/1 354/183/1 346/191/1
f 344/193/1 354/183/1 345/348/1
f 343/349/1 354/183/1 344/193/1
f 342/194/1 354/183/1 343/349/1
f 341/350/1 354/183/1 342/194/1
f 488/238/1 341/350/1 340/146/1
f 488/238/1 354/183/1 341/350/1
f 487/351/1 354/183/1 488/238/1
f 487/351/1 355/352/1 354/183/1
f 487/351/1 356/181/1 355/352/1
f 487/351/1 357/353/1 356/181/1
f 487/351/1 358/179/1 357/353/1
f 486/240/1 358/179/1 487/351/1
f 486/240/1 359/354/1 358/179/1
f 486/240/1 360/174/1 359/354/1
f 486/240/1 361/355/1 360/174/1
f 486/240/1 466/256/1 361/355/1
f 466/256/1 362/176/1 361/355/1
f 466/256/1 363/356/1 362/176/1
f 466/256/1 465/357/1 363/356/1
f 465/357/1 364/175/1 363/356/1
f 486/240/1 467/358/1 466/256/1
f 464/254/1 364/175/1 465/357/1
f 485/359/1 467/358/1 486/240/1
f 464/254/1 365/360/1 364/175/1
f 464/254/1 366/177/1 365/360/1
f 464/254/1 367/361/1 366/177/1
f 463/362/1 367/361/1 464/254/1
f 485/359/1 468/257/1 467/358/1
f 484/242/1 468/257/1 485/359/1
f 463/362/1 368/178/1 367/361/1
f 462/253/1 368/178/1 463/362/1
f 484/242/1 469/363/1 468/257/1
f 462/253/1 369/364/1 368/178/1
f 483/365/1 469/363/1 484/242/1
f 461/366/1 369/364/1 462/253/1
f 483/365/1 470/255/1 469/363/1
f 461/366/1 370/180/1 369/364/1
f 460/251/1 370/180/1 461/366/1
f 483/365/1 471/367/1 470/255/1
f 482/244/1 471/367/1 483/365/1
f 460/251/1 371/368/1 370/180/1
f 459/369/1 371/368/1 460/251/1
f 482/244/1 472/52/1 471/367/1
f 481/370/1 472/52/1 482/244/1
f 458/249/1 371/368/1 459/369/1
f 481/370/1 473/371/1 472/52/1
f 458/249/1 372/182/1 371/368/1
f 440/210/1 442/212/1 441/372/1
f 440/210/1 443/373/1 442/212/1
f 480/246/1 473/371/1 481/370/1
f 480/246/1 474/252/1 473/371/1
f 457/374/1 372/182/1 458/249/1
f 440/210/1 444/236/1 443/373/1
f 457/374/1 373/375/1 372/182/1
f 440/210/1 445/376/1 444/236/1
f 480/246/1 475/377/1 474/252/1
f 440/210/1 446/237/1 445/376/1
f 456/247/1 373/375/1 457/374/1
f 479/378/1 475/377/1 480/246/1
f 456/247/1 374/184/1 373/375/1
f 440/210/1 447/379/1 446/237/1
f 439/380/1 447/379/1 440/210/1
f 479/378/1 476/250/1 475/377/1
f 439/380/1 448/239/1 447/379/1
f 438/213/1 448/239/1 439/380/1
f 455/381/1 374/184/1 456/247/1
f 478/248/1 476/250/1 479/378/1
f 438/213/1 449/382/1 448/239/1
f 437/383/1 449/382/1 438/213/1
f 455/381/1 375/384/1 374/184/1
f 478/248/1 477/385/1 476/250/1
f 437/383/1 450/241/1 449/382/1
f 436/215/1 450/241/1 437/383/1
f 454/245/1 375/384/1 455/381/1
f 435/386/1 450/241/1 436/215/1
f 435/386/1 451/387/1 450/241/1
f 454/245/1 376/186/1 375/384/1
f 434/217/1 451/387/1 435/386/1
f 434/217/1 452/243/1 451/387/1
f 453/388/1 376/186/1 454/245/1
f 433/389/1 452/243/1 434/217/1
f 433/389/1 453/388/1 452/243/1
f 453/388/1 377/390/1 376/186/1
f 432/218/1 453/388/1 433/389/1
f 432/218/1 377/390/1 453/388/1
f 431/391/1 377/390/1 432/218/1
f 431/391/1 378/188/1 377/390/1
f 430/220/1 378/188/1 431/391/1
f 429/392/1 378/188/1 430/220/1
f 429/392/1 379/393/1 378/188/1
f 428/23/1 379/393/1 429/392/1
f 428/23/1 380/190/1 379/393/1
f 428/23/1 381/394/1 380/190/1
f 427/395/1 381/394/1 428/23/1
f 427/395/1 382/192/1 381/394/1
f 427/395/1 383/396/1 382/192/1
f 427/395/1 384/139/1 383/396/1
f 426/224/1 384/139/1 427/395/1
f 426/224/1 385/397/1 384/139/1
f 426/224/1 386/195/1 385/397/1
f 426/224/1 403/398/1 386/195/1
f 403/398/1 387/399/1 386/195/1
f 425/400/1 403/398/1 426/224/1
f 425/400/1 404/211/1 403/398/1
f 402/208/1 387/399/1 403/398/1
f 402/208/1 388/196/1 387/399/1
f 401/401/1 388/196/1 402/208/1
f 401/401/1 389/402/1 388/196/1
f 401/401/1 390/198/1 389/402/1
f 400/207/1 390/198/1 401/401/1
f 400/207/1 399/403/1 390/198/1
f 399/403/1 398/206/1 390/198/1
f 398/206/1 397/404/1 390/198/1
f 397/404/1 396/205/1 390/198/1
f 396/205/1 395/405/1 390/198/1
f 395/405/1 394/203/1 390/198/1
f 394/203/1 393/406/1 390/198/1
f 393/406/1 392/202/1 390/198/1
f 392/202/1 391/407/1 390/198/1
f 424/225/1 404/211/1 425/400/1
f 424/225/1 405/408/1 404/211/1
f 423/409/1 405/408/1 424/225/1
f 423/409/1 406/214/1 405/408/1
f 422/226/1 406/214/1 423/409/1
f 422/226/1 407/410/1 406/214/1
f 421/411/1 407/410/1 422/226/1
f 421/411/1 408/216/1 407/410/1
f 420/227/1 408/216/1 421/411/1
f 420/227/1 409/412/1 408/216/1
f 419/413/1 409/412/1 420/227/1
f 419/413/1 410/219/1 409/412/1
f 418/228/1 410/219/1 419/413/1
f 418/228/1 411/414/1 410/219/1
f 417/415/1 411/414/1 418/228/1
f 416/229/1 411/414/1 417/415/1
f 416/229/1 412/221/1 411/414/1
f 415/416/1 412/221/1 416/229/1
f 415/416/1 413/417/1 412/221/1
f 415/416/1 414/223/1 413/417/1
f 539/418/1 541/419/1 540/420/1
f 538/421/1 541/419/1 539/418/1
f 537/422/1 541/419/1 538/421/1
f 536/423/1 541/419/1 537/422/1
f 535/424/1 541/419/1 536/423/1
f 534/425/1 541/419/1 535/424/1
f 533/426/1 541/419/1 534/425/1
f 532/427/1 541/419/1 533/426/1
f 531/428/1 541/419/1 532/427/1
f 530/429/1 541/419/1 531/428/1
f 529/430/1 541/419/1 530/429/1
f 528/431/1 541/419/1 529/430/1
f 527/432/1 541/419/1 528/431/1
f 526/433/1 541/419/1 527/432/1
f 525/434/1 541/419/1 526/433/1
f 524/435/1 541/419/1 525/434/1
f 523/436/1 541/419/1 524/435/1
f 522/437/1 541/419/1 523/436/1
f 521/438/1 541/419/1 522/437/1
f 520/439/1 541/419/1 521/438/1
f 519/440/1 541/419/1 520/439/1
f 518/441/1 541/419/1 519/440/1
f 517/146/1 541/419/1 518/441/1
f 627/442/1 541/419/1 517/146/1
f 626/443/1 541/419/1 627/442/1
f 625/444/1 541/419/1 626/443/1
f 624/445/1 541/419/1 625/444/1
f 623/446/1 541/419/1 624/445/1
f 622/447/1 541/419/1 623/446/1
f 621/448/1 541/419/1 622/447/1
f 620/449/1 541/419/1 621/448/1
f 619/450/1 541/419/1 620/449/1
f 618/451/1 541/419/1 619/450/1
f 617/452/1 541/419/1 618/451/1
f 616/453/1 541/419/1 617/452/1
f 615/454/1 541/419/1 616/453/1
f 614/455/1 613/456/1 615/454/1
f 613/456/1 612/457/1 615/454/1
f 612/457/1 611/458/1 615/454/1
f 611/458/1 610/459/1 615/454/1
f 610/459/1 609/460/1 615/454/1
f 609/460/1 608/461/1 615/454/1
f 608/461/1 607/462/1 615/454/1
f 607/462/1 606/463/1 615/454/1
f 606/463/1 602/464/1 615/454/1
f 602/464/1 546/465/1 615/454/1
f 546/465/1 545/466/1 615/454/1
f 545/466/1 544/467/1 615/454/1
f 544/467/1 543/468/1 615/454/1
f 543/468/1 542/469/1 615/454/1
f 542/469/1 541/419/1 615/454/1
f 602/464/1 547/470/1 546/465/1
f 602/464/1 548/471/1 547/470/1
f 602/464/1 549/472/1 548/471/1
f 602/464/1 550/473/1 549/472/1
f 602/464/1 551/474/1 550/473/1
f 602/464/1 552/475/1 551/474/1
f 606/463/2 605/476/2 602/464/2
f 605/476/1 603/477/1 602/464/1
f 601/478/1 552/475/1 602/464/1
f 601/478/1 553/479/1 552/475/1
f 605/476/3 604/480/3 603/477/3
f 601/478/1 554/481/1 553/479/1
f 600/482/1 554/481/1 601/478/1
f 600/482/1 555/483/1 554/481/1
f 599/484/1 555/483/1 600/482/1
f 599/484/1 556/485/1 555/483/1
f 598/23/1 556/485/1 599/484/1
f 598/23/1 557/486/1 556/485/1
f 666/487/1 668/488/1 667/489/1
f 597/490/1 557/486/1 598/23/1
f 666/487/1 669/491/1 668/488/1
f 597/490/1 558/492/1 557/486/1
f 666/487/1 670/493/1 669/491/1
f 665/494/1 670/493/1 666/487/1
f 665/494/1 671/495/1 670/493/1
f 664/496/1 671/495/1 665/494/1
f 596/497/1 558/492/1 597/490/1
f 596/497/1 559/498/1 558/492/1
f 664/496/1 672/499/1 671/495/1
f 640/500/1 642/501/1 641/502/1
f 663/503/1 672/499/1 664/496/1
f 640/500/1 643/504/1 642/501/1
f 663/503/1 673/505/1 672/499/1
f 662/506/1 673/505/1 663/503/1
f 640/500/1 644/507/1 643/504/1
f 595/508/1 559/498/1 596/497/1
f 639/509/1 644/507/1 640/500/1
f 662/506/1 674/510/1 673/505/1
f 595/508/1 560/511/1 559/498/1
f 661/512/1 674/510/1 662/506/1
f 639/509/1 645/513/1 644/507/1
f 638/514/1 645/513/1 639/509/1
f 661/512/1 675/515/1 674/510/1
f 660/516/1 675/515/1 661/512/1
f 638/514/1 646/517/1 645/513/1
f 637/518/1 646/517/1 638/514/1
f 660/516/1 676/519/1 675/515/1
f 659/520/1 676/519/1 660/516/1
f 594/521/1 560/511/1 595/508/1
f 637/518/1 647/522/1 646/517/1
f 594/521/1 561/523/1 560/511/1
f 636/524/1 647/522/1 637/518/1
f 658/525/1 676/519/1 659/520/1
f 658/525/1 677/526/1 676/519/1
f 636/524/1 648/527/1 647/522/1
f 635/528/1 648/527/1 636/524/1
f 657/529/1 677/526/1 658/525/1
f 657/529/1 678/530/1 677/526/1
f 634/531/1 648/527/1 635/528/1
f 634/531/1 649/532/1 648/527/1
f 593/533/1 561/523/1 594/521/1
f 656/534/1 678/530/1 657/529/1
f 656/534/1 679/70/1 678/530/1
f 593/533/1 562/535/1 561/523/1
f 633/536/1 649/532/1 634/531/1
f 633/536/1 650/537/1 649/532/1
f 656/534/1 655/538/1 679/70/1
f 655/538/1 654/539/1 679/70/1
f 632/540/1 650/537/1 633/536/1
f 632/540/1 651/541/1 650/537/1
f 631/542/1 651/541/1 632/540/1
f 631/542/1 652/543/1 651/541/1
f 592/544/1 562/535/1 593/533/1
f 592/544/1 563/545/1 562/535/1
f 630/546/1 652/543/1 631/542/1
f 630/546/1 653/547/1 652/543/1
f 629/548/1 653/547/1 630/546/1
f 629/548/1 628/549/1 653/547/1
f 592/544/1 564/550/1 563/545/1
f 591/551/1 564/550/1 592/544/1
f 591/551/1 565/552/1 564/550/1
f 590/553/1 565/552/1 591/551/1
f 590/553/1 566/554/1 565/552/1
f 589/555/1 566/554/1 590/553/1
f 589/555/1 567/556/1 566/554/1
f 588/557/1 567/556/1 589/555/1
f 588/557/1 568/558/1 567/556/1
f 587/559/1 568/558/1 588/557/1
f 587/559/1 569/560/1 568/558/1
f 587/559/1 570/561/1 569/560/1
f 586/562/1 570/561/1 587/559/1
f 586/562/1 571/563/1 570/561/1
f 585/564/1 571/563/1 586/562/1
f 585/564/1 572/565/1 571/563/1
f 585/564/1 573/566/1 572/565/1
f 584/567/1 573/566/1 585/564/1
f 584/567/1 574/568/1 573/566/1
f 584/567/1 575/569/1 574/568/1
f 584/567/1 576/570/1 575/569/1
f 584/567/1 577/571/1 576/570/1
f 583/572/1 577/571/1 584/567/1
f 583/572/1 578/573/1 577/571/1
f 582/574/1 578/573/1 583/572/1
f 581/575/1 578/573/1 582/574/1
f 580/576/1 578/573/1 581/575/1
f 579/577/1 578/573/1 580/576/1
f 688/257/1 680/146/1 689/242/1
f 680/146/1 690/230/1 689/242/1
f 680/146/1 691/70/1 690/230/1
f 688/257/1 681/181/1 680/146/1
f 688/257/1 684/211/1 681/181/1
f 684/211/1 682/182/1 681/181/1
f 684/211/1 683/196/1 682/182/1
f 688/257/1 685/227/1 684/211/1
f 688/257/1 686/215/1 685/227/1
f 688/257/1 687/243/1 686/215/1
f 775/578/1 777/579/1 776/580/1
f 775/578/1 778/581/1 777/579/1
f 775/578/1 779/582/1 778/581/1
f 774/583/1 779/582/1 775/578/1
f 774/583/1 780/584/1 779/582/1
f 774/583/1 781/585/1 780/584/1
f 774/583/1 782/586/1 781/585/1
f 773/587/1 782/586/1 774/583/1
f 773/587/1 783/588/1 782/586/1
f 773/587/1 784/589/1 783/588/1
f 773/587/1 785/590/1 784/589/1
f 772/591/1 785/590/1 773/587/1
f 772/591/1 786/592/1 785/590/1
f 772/591/1 787/593/1 786/592/1
f 772/591/1 788/594/1 787/593/1
f 771/595/1 788/594/1 772/591/1
f 771/595/1 701/596/1 788/594/1
f 701/596/1 700/597/1 788/594/1
f 700/597/1 699/598/1 788/594/1
f 699/598/1 698/599/1 788/594/1
f 698/599/1 697/600/1 788/594/1
f 697/600/1 696/601/1 788/594/1
f 696/601/1 695/602/1 788/594/1
f 695/602/1 694/603/1 788/594/1
f 694/603/1 693/604/1 788/594/1
f 693/604/1 692/146/1 788/594/1
f 692/146/1 789/70/1 788/594/1
f 770/605/1 703/606/1 771/595/1
f 703/606/1 702/607/1 771/595/1
f 702/607/1 701/596/1 771/595/1
f 770/605/1 704/608/1 703/606/1
f 770/605/1 705/609/1 704/608/1
f 770/605/1 706/610/1 705/609/1
f 769/611/1 706/610/1 770/605/1
f 769/611/1 707/612/1 706/610/1
f 769/611/1 708/613/1 707/612/1
f 768/614/1 708/613/1 769/611/1
f 768/614/1 709/615/1 708/613/1
f 768/614/1 710/616/1 709/615/1
f 767/617/1 710/616/1 768/614/1
f 767/617/1 711/618/1 710/616/1
f 766/619/1 711/618/1 767/617/1
f 766/619/1 712/620/1 711/618/1
f 766/619/1 713/621/1 712/620/1
f 765/622/1 713/621/1 766/619/1
f 765/622/1 714/623/1 713/621/1
f 764/624/1 714/623/1 765/622/1
f 764/624/1 715/625/1 714/623/1
f 764/624/1 716/626/1 715/625/1
f 763/627/1 716/626/1 764/624/1
f 763/627/1 717/628/1 716/626/1
f 762/629/1 717/628/1 763/627/1
f 762/629/1 718/630/1 717/628/1
f 761/631/1 718/630/1 762/629/1
f 761/631/1 719/632/1 718/630/1
f 760/633/1 719/632/1 761/631/1
f 760/633/1 720/634/1 719/632/1
f 759/635/1 720/634/1 760/633/1
f 759/635/1 721/636/1 720/634/1
f 738/637/1 740/638/1 739/639/1
f 759/635/1 722/640/1 721/636/1
f 737/641/1 740/638/1 738/637/1
f 758/642/1 722/640/1 759/635/1
f 736/643/1 740/638/1 737/641/1
f 758/642/1 723/644/1 722/640/1
f 735/645/1 740/638/1 736/643/1
f 734/646/1 740/638/1 735/645/1
f 758/642/1 724/647/1 723/644/1
f 733/648/1 740/638/1 734/646/1
f 757/649/1 724/647/1 758/642/1
f 732/650/1 740/638/1 733/648/1
f 757/649/1 725/651/1 724/647/1
f 731/652/1 740/638/1 732/650/1
f 730/653/1 740/638/1 731/652/1
f 757/649/1 726/654/1 725/651/1
f 729/655/1 740/638/1 730/653/1
f 728/656/1 740/638/1 729/655/1
f 757/649/1 727/657/1 726/654/1
f 727/657/1 740/638/1 728/656/1
f 757/649/1 740/638/1 727/657/1
f 756/658/1 740/638/1 757/649/1
f 756/658/1 741/659/1 740/638/1
f 755/660/1 741/659/1 756/658/1
f 755/660/1 742/661/1 741/659/1
f 755/660/1 743/662/1 742/661/1
f 755/660/1 744/663/1 743/662/1
f 754/664/1 744/663/1 755/660/1
f 754/664/1 745/665/1 744/663/1
f 754/664/1 746/666/1 745/665/1
f 754/664/1 747/667/1 746/666/1
f 753/668/1 747/667/1 754/664/1
f 753/668/1 748/669/1 747/667/1
f 753/668/1 749/670/1 748/669/1
f 753/668/1 750/671/1 749/670/1
f 752/672/1 750/671/1 753/668/1
f 752/672/1 751/673/1 750/671/1
f 794/674/1 796/675/1 795/23/1
f 794/674/1 799/676/1 796/675/1
f 799/676/1 797/677/1 796/675/1
f 794/674/1 800/70/1 799/676/1
f 798/678/1 797/677/1 799/676/1
f 794/674/1 792/679/1 800/70/1
f 792/679/1 798/678/1 800/70/1
f 792/679/1 791/680/1 798/678/1
f 791/680/1 797/677/1 798/678/1
f 794/674/1 793/681/1 792/679/1
f 790/146/1 797/677/1 791/680/1
f 827/682/1 855/683/1 828/684/1
f 855/683/1 829/685/1 828/684/1
f 855/683/1 801/146/1 829/685/1
f 855/683/1 802/686/1 801/146/1
f 855/683/1 803/687/1 802/686/1
f 855/683/1 804/688/1 803/687/1
f 855/683/1 805/689/1 804/688/1
f 855/683/1 806/181/1 805/689/1
f 855/683/1 807/690/1 806/181/1
f 855/683/1 854/691/1 807/690/1
f 854/691/1 808/692/1 807/690/1
f 827/682/1 856/70/1 855/683/1
f 853/693/1 808/692/1 854/691/1
f 852/694/1 808/692/1 853/693/1
f 851/230/1 808/692/1 852/694/1
f 851/230/1 809/695/1 808/692/1
f 850/696/1 809/695/1 851/230/1
f 849/697/1 809/695/1 850/696/1
f 848/698/1 809/695/1 849/697/1
f 848/698/1 810/699/1 809/695/1
f 847/700/1 810/699/1 848/698/1
f 846/242/1 810/699/1 847/700/1
f 845/678/1 810/699/1 846/242/1
f 845/678/1 811/182/1 810/699/1
f 844/701/1 811/182/1 845/678/1
f 843/702/1 811/182/1 844/701/1
f 843/702/1 812/679/1 811/182/1
f 842/703/1 812/679/1 843/702/1
f 841/257/1 812/679/1 842/703/1
f 841/257/1 813/704/1 812/679/1
f 840/705/1 813/704/1 841/257/1
f 840/705/1 814/706/1 813/704/1
f 839/707/1 814/706/1 840/705/1
f 838/708/1 814/706/1 839/707/1
f 838/708/1 815/709/1 814/706/1
f 837/710/1 815/709/1 838/708/1
f 836/243/1 815/709/1 837/710/1
f 836/243/1 816/196/1 815/709/1
f 835/711/1 816/196/1 836/243/1
f 834/675/1 816/196/1 835/711/1
f 833/712/1 816/196/1 834/675/1
f 832/713/1 816/196/1 833/712/1
f 832/713/1 817/714/1 816/196/1
f 831/215/1 817/714/1 832/713/1
f 830/715/1 817/714/1 831/215/1
f 827/682/1 825/716/1 856/70/1
f 825/716/1 830/715/1 856/70/1
f 825/716/1 817/714/1 830/715/1
f 825/716/1 818/717/1 817/714/1
f 825/716/1 819/718/1 818/717/1
f 825/716/1 820/719/1 819/718/1
f 825/716/1 821/211/1 820/719/1
f 825/716/1 822/720/1 821/211/1
f 825/716/1 823/674/1 822/720/1
f 825/716/1 824/721/1 823/674/1
f 827/682/1 826/227/1 825/716/1
f 964/722/1 966/723/1 965/724/1
f 964/722/1 967/230/1 966/723/1
f 964/722/1 968/725/1 967/230/1
f 963/726/1 968/725/1 964/722/1
f 963/726/1 969/727/1 968/725/1
f 963/726/1 970/728/1 969/727/1
f 962/729/1 970/728/1 963/726/1
f 962/729/1 971/730/1 970/728/1
f 962/729/1 972/731/1 971/730/1
f 961/732/1 972/731/1 962/729/1
f 961/732/1 973/733/1 972/731/1
f 961/732/1 974/734/1 973/733/1
f 960/735/1 974/734/1 961/732/1
f 960/735/1 975/736/1 974/734/1
f 960/735/1 976/737/1 975/736/1
f 959/738/1 976/737/1 960/735/1
f 959/738/1 977/739/1 976/737/1
f 959/738/1 864/740/1 977/739/1
f 864/740/1 863/741/1 977/739/1
f 863/741/1 862/742/1 977/739/1
f 862/742/1 861/743/1 977/739/1
f 861/743/1 860/744/1 977/739/1
f 860/744/1 859/745/1 977/739/1
f 859/745/1 858/746/1 977/739/1
f 858/746/1 857/146/1 977/739/1
f 857/146/1 978/70/1 977/739/1
f 958/747/1 866/748/1 959/738/1
f 866/748/1 865/749/1 959/738/1
f 865/749/1 864/740/1 959/738/1
f 957/750/1 868/181/1 958/747/1
f 868/181/1 867/751/1 958/747/1
f 867/751/1 866/748/1 958/747/1
f 956/242/1 869/752/1 957/750/1
f 869/752/1 868/181/1 957/750/1
f 956/242/1 870/753/1 869/752/1
f 956/242/1 871/754/1 870/753/1
f 956/242/1 872/755/1 871/754/1
f 956/242/1 873/756/1 872/755/1
f 956/242/1 874/757/1 873/756/1
f 955/758/1 874/757/1 956/242/1
f 955/758/1 875/759/1 874/757/1
f 955/758/1 876/760/1 875/759/1
f 955/758/1 877/761/1 876/760/1
f 954/762/1 877/761/1 955/758/1
f 954/762/1 878/763/1 877/761/1
f 954/762/1 879/182/1 878/763/1
f 953/764/1 879/182/1 954/762/1
f 953/764/1 880/765/1 879/182/1
f 953/764/1 881/766/1 880/765/1
f 952/767/1 881/766/1 953/764/1
f 952/767/1 882/768/1 881/766/1
f 952/767/1 883/769/1 882/768/1
f 951/770/1 883/769/1 952/767/1
f 951/770/1 884/771/1 883/769/1
f 950/772/1 884/771/1 951/770/1
f 950/772/1 885/773/1 884/771/1
f 950/772/1 886/774/1 885/773/1
f 949/775/1 886/774/1 950/772/1
f 949/775/1 887/776/1 886/774/1
f 948/777/1 887/776/1 949/775/1
f 948/777/1 888/778/1 887/776/1
f 947/779/1 888/778/1 948/777/1
f 947/779/1 889/780/1 888/778/1
f 946/781/1 889/780/1 947/779/1
f 946/781/1 890/196/1 889/780/1
f 945/257/1 890/196/1 946/781/1
f 944/782/1 890/196/1 945/257/1
f 944/782/1 891/783/1 890/196/1
f 943/784/1 891/783/1 944/782/1
f 942/785/1 891/783/1 943/784/1
f 942/785/1 892/786/1 891/783/1
f 941/787/1 892/786/1 942/785/1
f 916/788/1 918/789/1 917/790/1
f 941/787/1 893/791/1 892/786/1
f 940/792/1 893/791/1 941/787/1
f 916/788/1 919/793/1 918/789/1
f 939/794/1 893/791/1 940/792/1
f 939/794/1 894/795/1 893/791/1
f 916/788/1 920/796/1 919/793/1
f 938/797/1 894/795/1 939/794/1
f 916/788/1 921/798/1 920/796/1
f 937/799/1 894/795/1 938/797/1
f 936/800/1 894/795/1 937/799/1
f 936/800/1 895/801/1 894/795/1
f 916/788/1 922/802/1 921/798/1
f 935/803/1 895/801/1 936/800/1
f 916/788/1 923/215/1 922/802/1
f 934/243/1 895/801/1 935/803/1
f 916/788/1 924/804/1 923/215/1
f 934/243/1 896/805/1 895/801/1
f 933/806/1 896/805/1 934/243/1
f 916/788/1 925/807/1 924/804/1
f 932/808/1 896/805/1 933/806/1
f 916/788/1 926/809/1 925/807/1
f 931/810/1 896/805/1 932/808/1
f 916/788/1 927/811/1 926/809/1
f 930/812/1 896/805/1 931/810/1
f 916/788/1 928/813/1 927/811/1
f 930/812/1 897/814/1 896/805/1
f 929/815/1 897/814/1 930/812/1
f 916/788/1 929/815/1 928/813/1
f 916/788/1 897/814/1 929/815/1
f 916/788/1 898/816/1 897/814/1
f 915/817/1 898/816/1 916/788/1
f 914/818/1 898/816/1 915/817/1
f 914/818/1 899/819/1 898/816/1
f 913/820/1 899/819/1 914/818/1
f 913/820/1 900/821/1 899/819/1
f 912/227/1 900/821/1 913/820/1
f 911/822/1 900/821/1 912/227/1
f 911/822/1 901/211/1 900/821/1
f 910/823/1 901/211/1 911/822/1
f 909/824/1 901/211/1 910/823/1
f 909/824/1 902/825/1 901/211/1
f 908/826/1 902/825/1 909/824/1
f 907/827/1 902/825/1 908/826/1
f 907/827/1 903/828/1 902/825/1
f 906/829/1 903/828/1 907/827/1
f 905/830/1 903/828/1 906/829/1
f 905/830/1 904/831/1 903/828/1
f 1075/1/4 1076/3/4 1077/2/4
f 1075/1/4 1077/2/4 1078/4/4
f 1074/5/4 1075/1/4 1078/4/4
f 1074/5/4 1078/4/4 1079/6/4
f 1073/7/4 1074/5/4 1079/6/4
f 1073/7/4 1079/6/4 1080/8/4
f 1072/9/4 1073/7/4 1080/8/4
f 1072/9/4 1080/8/4 1081/10/4
f 1071/11/4 1072/9/4 1081/10/4
f 1071/11/4 1081/10/4 1082/12/4
f 1070/13/4 1071/11/4 1082/12/4
f 1070/13/4 1082/12/4 1083/14/4
f 1069/15/4 1070/13/4 1083/14/4
f 1069/15/4 1083/14/4 1084/16/4
f 1068/17/4 1069/15/4 1084/16/4
f 1068/17/4 1084/16/4 1085/18/4
f 1067/19/4 1068/17/4 1085/18/4
f 1067/19/4 1085/18/4 1086/20/4
f 1066/21/4 1067/19/4 1086/20/4
f 1066/21/4 1086/20/4 1087/22/4
f 1065/23/4 1066/21/4 1087/22/4
f 1065/23/4 1087/22/4 1088/24/4
f 1064/25/4 1065/23/4 1088/24/4
f 1064/25/4 1088/24/4 1089/26/4
f 1063/27/4 1064/25/4 1089/26/4
f 1063/27/4 1089/26/4 1090/28/4
f 1063/27/4 1090/28/4 1091/29/4
f 1062/30/4 1063/27/4 1091/29/4
f 1062/30/4 1091/29/4 1092/31/4
f 1061/32/4 1062/30/4 1092/31/4
f 1061/32/4 1092/31/4 1093/33/4
f 1060/34/4 1061/32/4 1093/33/4
f 1060/34/4 1093/33/4 1094/35/4
f 1059/36/4 1060/34/4 1094/35/4
f 1059/36/4 1094/35/4 1095/37/4
f 1058/38/4 1059/36/4 1095/37/4
f 1058/38/4 1095/37/4 1096/39/4
f 1057/40/4 1058/38/4 1096/39/4
f 1112/41/4 1113/43/4 1114/42/4
f 1111/44/4 1112/41/4 1114/42/4
f 1057/40/4 1096/39/4 1097/45/4
f 1056/46/4 1057/40/4 1097/45/4
f 1110/47/4 1111/44/4 1114/42/4
f 1110/47/4 1114/42/4 1115/48/4
f 1109/49/4 1110/47/4 1115/48/4
f 1056/46/4 1097/45/4 1098/50/4
f 1109/49/4 1115/48/4 1116/51/4
f 1108/52/4 1109/49/4 1116/51/4
f 1055/53/4 1056/46/4 1098/50/4
f 1108/52/4 1116/51/4 1117/54/4
f 1107/55/4 1108/52/4 1117/54/4
f 1106/56/4 1107/55/4 1117/54/4
f 1055/53/4 1098/50/4 1099/57/4
f 1106/56/4 1117/54/4 1118/58/4
f 1054/59/4 1055/53/4 1099/57/4
f 1105/60/4 1106/56/4 1118/58/4
f 1105/60/4 1118/58/4 1119/61/4
f 1104/62/4 1105/60/4 1119/61/4
f 1054/59/4 1099/57/4 1100/63/4
f 1104/62/4 1119/61/4 1120/64/4
f 1103/65/4 1104/62/4 1120/64/4
f 1053/66/4 1054/59/4 1100/63/4
f 1102/67/4 1103/65/4 1120/64/4
f 1102/67/4 1120/64/4 1121/68/4
f 1053/66/4 1100/63/4 1101/69/4
f 1101/69/4 1102/67/4 1121/68/4
f 1053/66/4 1101/69/4 1121/68/4
f 1151/70/4 1053/66/4 1121/68/4
f 1151/70/4 1121/68/4 1122/71/4
f 1150/72/4 1151/70/4 1122/71/4
f 1149/73/4 1150/72/4 1122/71/4
f 1149/73/4 1122/71/4 1123/74/4
f 1148/75/4 1149/73/4 1123/74/4
f 1147/76/4 1148/75/4 1123/74/4
f 1146/77/4 1147/76/4 1123/74/4
f 1145/78/4 1146/77/4 1123/74/4
f 1145/78/4 1123/74/4 1124/79/4
f 1144/80/4 1145/78/4 1124/79/4
f 1143/81/4 1144/80/4 1124/79/4
f 1142/82/4 1143/81/4 1124/79/4
f 1141/83/4 1142/82/4 1124/79/4
f 1141/83/4 1124/79/4 1125/84/4
f 1140/85/4 1141/83/4 1125/84/4
f 1139/86/4 1140/85/4 1125/84/4
f 1138/87/4 1139/86/4 1137/88/4
f 1137/88/4 1139/86/4 1136/89/4
f 1136/89/4 1139/86/4 1135/90/4
f 1135/90/4 1139/86/4 1134/91/4
f 1134/91/4 1139/86/4 1133/92/4
f 1133/92/4 1139/86/4 1132/93/4
f 1132/93/4 1139/86/4 1131/94/4
f 1131/94/4 1139/86/4 1130/95/4
f 1130/95/4 1139/86/4 1129/96/4
f 1129/96/4 1139/86/4 1128/97/4
f 1128/97/4 1139/86/4 1127/98/4
f 1127/98/4 1139/86/4 1126/99/4
f 1126/99/4 1139/86/4 1125/84/4
f 1001/100/4 1002/102/4 1003/101/4
f 1001/100/4 1003/101/4 1004/103/4
f 1001/100/4 1004/103/4 1005/104/4
f 1000/105/4 1001/100/4 1005/104/4
f 1000/105/4 1005/104/4 1006/106/4
f 999/107/4 1000/105/4 1006/106/4
f 999/107/4 1006/106/4 1007/108/4
f 998/109/4 999/107/4 1007/108/4
f 998/109/4 1007/108/4 1008/110/4
f 997/111/4 998/109/4 1008/110/4
f 997/111/4 1008/110/4 1009/112/4
f 996/113/4 997/111/4 1009/112/4
f 996/113/4 1009/112/4 1010/114/4
f 995/115/4 996/113/4 1010/114/4
f 995/115/4 1010/114/4 1011/116/4
f 994/117/4 995/115/4 1011/116/4
f 994/117/4 1011/116/4 1012/118/4
f 993/119/4 994/117/4 1012/118/4
f 993/119/4 1012/118/4 1013/120/4
f 992/121/4 993/119/4 1013/120/4
f 992/121/4 1013/120/4 1014/122/4
f 991/123/4 992/121/4 1014/122/4
f 991/123/4 1014/122/4 1015/124/4
f 990/125/4 991/123/4 1015/124/4
f 990/125/4 1015/124/4 1016/126/4
f 989/127/4 990/125/4 1016/126/4
f 989/127/4 1016/126/4 1017/128/4
f 988/129/4 989/127/4 1017/128/4
f 987/130/4 988/129/4 1017/128/4
f 987/130/4 1017/128/4 1018/131/4
f 986/132/4 987/130/4 1018/131/4
f 986/132/4 1018/131/4 1019/133/4
f 985/134/4 986/132/4 1019/133/4
f 985/134/4 1019/133/4 1020/135/4
f 984/136/4 985/134/4 1020/135/4
f 984/136/4 1020/135/4 1021/137/4
f 983/138/4 984/136/4 1021/137/4
f 983/138/4 1021/137/4 1022/139/4
f 982/140/4 983/138/4 1022/139/4
f 982/140/4 1022/139/4 1023/141/4
f 981/142/4 982/140/4 1023/141/4
f 981/142/4 1023/141/4 1024/143/4
f 980/144/4 981/142/4 1024/143/4
f 980/144/4 1024/143/4 1025/145/4
f 979/146/4 980/144/4 1025/145/4
f 979/146/4 1025/145/4 1026/147/4
f 1052/148/4 979/146/4 1026/147/4
f 1052/148/4 1026/147/4 1027/149/4
f 1051/150/4 1052/148/4 1027/149/4
f 1051/150/4 1027/149/4 1028/151/4
f 1050/152/4 1051/150/4 1028/151/4
f 1049/153/4 1050/152/4 1028/151/4
f 1049/153/4 1028/151/4 1029/154/4
f 1048/155/4 1049/153/4 1029/154/4
f 1048/155/4 1029/154/4 1030/156/4
f 1047/157/4 1048/155/4 1030/156/4
f 1047/157/4 1030/156/4 1031/158/4
f 1046/159/4 1047/157/4 1031/158/4
f 1046/159/4 1031/158/4 1032/160/4
f 1045/161/4 1046/159/4 1032/160/4
f 1045/161/4 1032/160/4 1033/162/4
f 1044/163/4 1045/161/4 1033/162/4
f 1044/163/4 1033/162/4 1034/164/4
f 1043/165/4 1044/163/4 1034/164/4
f 1042/166/4 1043/165/4 1034/164/4
f 1042/166/4 1034/164/4 1035/167/4
f 1041/168/4 1042/166/4 1035/167/4
f 1041/168/4 1035/167/4 1036/169/4
f 1040/170/4 1041/168/4 1036/169/4
f 1040/170/4 1036/169/4 1037/171/4
f 1039/172/4 1040/170/4 1037/171/4
f 1039/172/4 1037/171/4 1038/173/4
f 1162/174/4 1163/176/4 1164/175/4
f 1162/174/4 1164/175/4 1165/177/4
f 1162/174/4 1165/177/4 1166/178/4
f 1161/179/4 1162/174/4 1166/178/4
f 1161/179/4 1166/178/4 1167/180/4
f 1160/181/4 1161/179/4 1167/180/4
f 1160/181/4 1167/180/4 1168/182/4
f 1159/183/4 1160/181/4 1168/182/4
f 1159/183/4 1168/182/4 1169/184/4
f 1158/185/4 1159/183/4 1169/184/4
f 1158/185/4 1169/184/4 1170/186/4
f 1157/187/4 1158/185/4 1170/186/4
f 1157/187/4 1170/186/4 1171/188/4
f 1156/189/4 1157/187/4 1171/188/4
f 1156/189/4 1171/188/4 1172/190/4
f 1155/191/4 1156/189/4 1172/190/4
f 1155/191/4 1172/190/4 1173/192/4
f 1154/193/4 1155/191/4 1173/192/4
f 1154/193/4 1173/192/4 1174/139/4
f 1153/194/4 1154/193/4 1174/139/4
f 1153/194/4 1174/139/4 1175/195/4
f 1152/146/4 1153/194/4 1175/195/4
f 1152/146/4 1175/195/4 1176/196/4
f 1240/70/4 1152/146/4 1176/196/4
f 1239/197/4 1240/70/4 1176/196/4
f 1239/197/4 1176/196/4 1177/198/4
f 1238/199/4 1239/197/4 1177/198/4
f 1237/200/4 1238/199/4 1177/198/4
f 1236/201/4 1237/200/4 1177/198/4
f 1236/201/4 1177/198/4 1178/202/4
f 1236/201/4 1178/202/4 1179/203/4
f 1235/204/4 1236/201/4 1179/203/4
f 1235/204/4 1179/203/4 1180/205/4
f 1235/204/4 1180/205/4 1181/206/4
f 1235/204/4 1181/206/4 1182/207/4
f 1235/204/4 1182/207/4 1183/208/4
f 1234/209/4 1235/204/4 1202/210/4
f 1202/210/4 1235/204/4 1183/208/4
f 1202/210/4 1183/208/4 1184/211/4
f 1234/209/4 1202/210/4 1203/212/4
f 1201/213/4 1202/210/4 1184/211/4
f 1201/213/4 1184/211/4 1185/214/4
f 1200/215/4 1201/213/4 1185/214/4
f 1200/215/4 1185/214/4 1186/216/4
f 1199/217/4 1200/215/4 1186/216/4
f 1198/218/4 1199/217/4 1186/216/4
f 1198/218/4 1186/216/4 1187/219/4
f 1197/220/4 1198/218/4 1187/219/4
f 1197/220/4 1187/219/4 1188/221/4
f 1233/222/4 1234/209/4 1203/212/4
f 1196/23/4 1197/220/4 1188/221/4
f 1196/23/4 1188/221/4 1189/223/4
f 1195/224/4 1196/23/4 1189/223/4
f 1195/224/4 1189/223/4 1194/225/4
f 1194/225/4 1189/223/4 1193/226/4
f 1193/226/4 1189/223/4 1192/227/4
f 1192/227/4 1189/223/4 1191/228/4
f 1191/228/4 1189/223/4 1190/229/4
f 1232/230/4 1233/222/4 1203/212/4
f 1231/231/4 1232/230/4 1203/212/4
f 1230/232/4 1231/231/4 1203/212/4
f 1229/233/4 1230/232/4 1203/212/4
f 1228/234/4 1229/233/4 1203/212/4
f 1227/235/4 1228/234/4 1203/212/4
f 1227/235/4 1203/212/4 1204/236/4
f 1227/235/4 1204/236/4 1205/237/4
f 1226/238/4 1227/235/4 1205/237/4
f 1226/238/4 1205/237/4 1206/239/4
f 1225/240/4 1226/238/4 1206/239/4
f 1225/240/4 1206/239/4 1207/241/4
f 1224/242/4 1225/240/4 1207/241/4
f 1224/242/4 1207/241/4 1208/243/4
f 1223/244/4 1224/242/4 1208/243/4
f 1223/244/4 1208/243/4 1209/245/4
f 1222/246/4 1223/244/4 1209/245/4
f 1222/246/4 1209/245/4 1210/247/4
f 1221/248/4 1222/246/4 1210/247/4
f 1221/248/4 1210/247/4 1211/249/4
f 1220/250/4 1221/248/4 1211/249/4
f 1220/250/4 1211/249/4 1212/251/4
f 1219/252/4 1220/250/4 1212/251/4
f 1219/252/4 1212/251/4 1213/253/4
f 1218/52/4 1219/252/4 1213/253/4
f 1218/52/4 1213/253/4 1214/254/4
f 1217/255/4 1218/52/4 1214/254/4
f 1217/255/4 1214/254/4 1215/256/4
f 1216/257/4 1217/255/4 1215/256/4
f 1251/258/4 1252/260/4 1253/259/4
f 1250/261/4 1251/258/4 1253/259/4
f 1249/262/4 1250/261/4 1253/259/4
f 1249/262/4 1253/259/4 1254/263/4
f 1248/264/4 1249/262/4 1254/263/4
f 1248/264/4 1254/263/4 1255/265/4
f 1247/266/4 1248/264/4 1255/265/4
f 1247/266/4 1255/265/4 1256/267/4
f 1246/268/4 1247/266/4 1256/267/4
f 1246/268/4 1256/267/4 1257/269/4
f 1245/270/4 1246/268/4 1257/269/4
f 1245/270/4 1257/269/4 1258/271/4
f 1244/272/4 1245/270/4 1258/271/4
f 1244/272/4 1258/271/4 1259/273/4
f 1243/274/4 1244/272/4 1259/273/4
f 1243/274/4 1259/273/4 1260/139/4
f 1242/275/4 1243/274/4 1260/139/4
f 1242/275/4 1260/139/4 1261/276/4
f 1241/146/4 1242/275/4 1261/276/4
f 1241/146/4 1261/276/4 1262/277/4
f 1317/70/4 1241/146/4 1262/277/4
f 1317/70/4 1262/277/4 1263/278/4
f 1316/279/4 1317/70/4 1263/278/4
f 1316/279/4 1263/278/4 1264/280/4
f 1315/281/4 1316/279/4 1264/280/4
f 1315/281/4 1264/280/4 1265/282/4
f 1314/283/4 1315/281/4 1265/282/4
f 1314/283/4 1265/282/4 1292/284/4
f 1292/284/4 1265/282/4 1266/285/4
f 1313/286/4 1314/283/4 1292/284/4
f 1312/287/4 1313/286/4 1292/284/4
f 1311/288/4 1312/287/4 1292/284/4
f 1311/288/4 1292/284/4 1293/289/4
f 1291/290/4 1292/284/4 1266/285/4
f 1310/291/4 1311/288/4 1293/289/4
f 1310/291/4 1293/289/4 1294/292/4
f 1309/293/4 1310/291/4 1294/292/4
f 1309/293/4 1294/292/4 1295/294/4
f 1308/295/4 1309/293/4 1295/294/4
f 1308/295/4 1295/294/4 1296/296/4
f 1307/297/4 1308/295/4 1296/296/4
f 1307/297/4 1296/296/4 1297/298/4
f 1306/299/4 1307/297/4 1297/298/4
f 1305/300/4 1306/299/4 1297/298/4
f 1305/300/4 1297/298/4 1298/52/4
f 1304/301/4 1305/300/4 1298/52/4
f 1304/301/4 1298/52/4 1299/302/4
f 1304/301/4 1299/302/4 1300/303/4
f 1304/301/4 1300/303/4 1301/304/4
f 1304/301/4 1301/304/4 1302/305/4
f 1304/301/4 1302/305/4 1303/306/4
f 1290/307/4 1291/290/4 1266/285/4
f 1290/307/4 1266/285/4 1267/308/4
f 1290/307/4 1267/308/4 1268/309/4
f 1289/310/4 1290/307/4 1268/309/4
f 1289/310/4 1268/309/4 1269/311/4
f 1288/312/4 1289/310/4 1269/311/4
f 1288/312/4 1269/311/4 1270/313/4
f 1287/314/4 1288/312/4 1270/313/4
f 1287/314/4 1270/313/4 1271/315/4
f 1286/316/4 1287/314/4 1271/315/4
f 1286/316/4 1271/315/4 1272/317/4
f 1285/318/4 1286/316/4 1272/317/4
f 1285/318/4 1272/317/4 1273/319/4
f 1284/320/4 1285/318/4 1273/319/4
f 1284/320/4 1273/319/4 1274/321/4
f 1283/322/4 1284/320/4 1274/321/4
f 1283/322/4 1274/321/4 1275/323/4
f 1282/324/4 1283/322/4 1275/323/4
f 1282/324/4 1275/323/4 1276/325/4
f 1281/326/4 1282/324/4 1276/325/4
f 1281/326/4 1276/325/4 1277/327/4
f 1280/328/4 1281/326/4 1277/327/4
f 1280/328/4 1277/327/4 1278/329/4
f 1279/23/4 1280/328/4 1278/329/4
f 1480/222/4 1481/330/4 1482/209/4
f 1479/331/4 1480/222/4 1482/209/4
f 1478/230/4 1479/331/4 1482/209/4
f 1477/332/4 1478/230/4 1482/209/4
f 1476/231/4 1477/332/4 1482/209/4
f 1476/231/4 1482/209/4 1483/333/4
f 1475/334/4 1476/231/4 1483/333/4
f 1475/334/4 1483/333/4 1484/204/4
f 1474/232/4 1475/334/4 1484/204/4
f 1474/232/4 1484/204/4 1485/335/4
f 1473/336/4 1474/232/4 1485/335/4
f 1473/336/4 1485/335/4 1486/201/4
f 1472/233/4 1473/336/4 1486/201/4
f 1472/233/4 1486/201/4 1487/337/4
f 1471/338/4 1472/233/4 1487/337/4
f 1471/338/4 1487/337/4 1488/200/4
f 1470/234/4 1471/338/4 1488/200/4
f 1470/234/4 1488/200/4 1489/339/4
f 1469/340/4 1470/234/4 1489/339/4
f 1469/340/4 1489/339/4 1490/199/4
f 1468/235/4 1469/340/4 1490/199/4
f 1468/235/4 1490/199/4 1491/341/4
f 1468/235/4 1491/341/4 1492/197/4
f 1468/235/4 1492/197/4 1493/342/4
f 1468/235/4 1493/342/4 1494/70/4
f 1467/343/4 1468/235/4 1494/70/4
f 1467/343/4 1494/70/4 1318/146/4
f 1466/238/4 1467/343/4 1318/146/4
f 1330/185/4 1331/344/4 1332/183/4
f 1329/345/4 1330/185/4 1332/183/4
f 1328/187/4 1329/345/4 1332/183/4
f 1327/346/4 1328/187/4 1332/183/4
f 1326/189/4 1327/346/4 1332/183/4
f 1325/347/4 1326/189/4 1332/183/4
f 1324/191/4 1325/347/4 1332/183/4
f 1323/348/4 1324/191/4 1332/183/4
f 1322/193/4 1323/348/4 1332/183/4
f 1321/349/4 1322/193/4 1332/183/4
f 1320/194/4 1321/349/4 1332/183/4
f 1319/350/4 1320/194/4 1332/183/4
f 1466/238/4 1318/146/4 1319/350/4
f 1466/238/4 1319/350/4 1332/183/4
f 1465/351/4 1466/238/4 1332/183/4
f 1465/351/4 1332/183/4 1333/352/4
f 1465/351/4 1333/352/4 1334/181/4
f 1465/351/4 1334/181/4 1335/353/4
f 1465/351/4 1335/353/4 1336/179/4
f 1464/240/4 1465/351/4 1336/179/4
f 1464/240/4 1336/179/4 1337/354/4
f 1464/240/4 1337/354/4 1338/174/4
f 1464/240/4 1338/174/4 1339/355/4
f 1464/240/4 1339/355/4 1444/256/4
f 1444/256/4 1339/355/4 1340/176/4
f 1444/256/4 1340/176/4 1341/356/4
f 1444/256/4 1341/356/4 1443/357/4
f 1443/357/4 1341/356/4 1342/175/4
f 1464/240/4 1444/256/4 1445/358/4
f 1442/254/4 1443/357/4 1342/175/4
f 1463/359/4 1464/240/4 1445/358/4
f 1442/254/4 1342/175/4 1343/360/4
f 1442/254/4 1343/360/4 1344/177/4
f 1442/254/4 1344/177/4 1345/361/4
f 1441/362/4 1442/254/4 1345/361/4
f 1463/359/4 1445/358/4 1446/257/4
f 1462/242/4 1463/359/4 1446/257/4
f 1441/362/4 1345/361/4 1346/178/4
f 1440/253/4 1441/362/4 1346/178/4
f 1462/242/4 1446/257/4 1447/363/4
f 1440/253/4 1346/178/4 1347/364/4
f 1461/365/4 1462/242/4 1447/363/4
f 1439/366/4 1440/253/4 1347/364/4
f 1461/365/4 1447/363/4 1448/255/4
f 1439/366/4 1347/364/4 1348/180/4
f 1438/251/4 1439/366/4 1348/180/4
f 1461/365/4 1448/255/4 1449/367/4
f 1460/244/4 1461/365/4 1449/367/4
f 1438/251/4 1348/180/4 1349/368/4
f 1437/369/4 1438/251/4 1349/368/4
f 1460/244/4 1449/367/4 1450/52/4
f 1459/370/4 1460/244/4 1450/52/4
f 1436/249/4 1437/369/4 1349/368/4
f 1459/370/4 1450/52/4 1451/371/4
f 1436/249/4 1349/368/4 1350/182/4
f 1418/210/4 1419/372/4 1420/212/4
f 1418/210/4 1420/212/4 1421/373/4
f 1458/246/4 1459/370/4 1451/371/4
f 1458/246/4 1451/371/4 1452/252/4
f 1435/374/4 1436/249/4 1350/182/4
f 1418/210/4 1421/373/4 1422/236/4
f 1435/374/4 1350/182/4 1351/375/4
f 1418/210/4 1422/236/4 1423/376/4
f 1458/246/4 1452/252/4 1453/377/4
f 1418/210/4 1423/376/4 1424/237/4
f 1434/247/4 1435/374/4 1351/375/4
f 1457/378/4 1458/246/4 1453/377/4
f 1434/247/4 1351/375/4 1352/184/4
f 1418/210/4 1424/237/4 1425/379/4
f 1417/380/4 1418/210/4 1425/379/4
f 1457/378/4 1453/377/4 1454/250/4
f 1417/380/4 1425/379/4 1426/239/4
f 1416/213/4 1417/380/4 1426/239/4
f 1433/381/4 1434/247/4 1352/184/4
f 1456/248/4 1457/378/4 1454/250/4
f 1416/213/4 1426/239/4 1427/382/4
f 1415/383/4 1416/213/4 1427/382/4
f 1433/381/4 1352/184/4 1353/384/4
f 1456/248/4 1454/250/4 1455/385/4
f 1415/383/4 1427/382/4 1428/241/4
f 1414/215/4 1415/383/4 1428/241/4
f 1432/245/4 1433/381/4 1353/384/4
f 1413/386/4 1414/215/4 1428/241/4
f 1413/386/4 1428/241/4 1429/387/4
f 1432/245/4 1353/384/4 1354/186/4
f 1412/217/4 1413/386/4 1429/387/4
f 1412/217/4 1429/387/4 1430/243/4
f 1431/388/4 1432/245/4 1354/186/4
f 1411/389/4 1412/217/4 1430/243/4
f 1411/389/4 1430/243/4 1431/388/4
f 1431/388/4 1354/186/4 1355/390/4
f 1410/218/4 1411/389/4 1431/388/4
f 1410/218/4 1431/388/4 1355/390/4
f 1409/391/4 1410/218/4 1355/390/4
f 1409/391/4 1355/390/4 1356/188/4
f 1408/220/4 1409/391/4 1356/188/4
f 1407/392/4 1408/220/4 1356/188/4
f 1407/392/4 1356/188/4 1357/393/4
f 1406/23/4 1407/392/4 1357/393/4
f 1406/23/4 1357/393/4 1358/190/4
f 1406/23/4 1358/190/4 1359/394/4
f 1405/395/4 1406/23/4 1359/394/4
f 1405/395/4 1359/394/4 1360/192/4
f 1405/395/4 1360/192/4 1361/396/4
f 1405/395/4 1361/396/4 1362/139/4
f 1404/224/4 1405/395/4 1362/139/4
f 1404/224/4 1362/139/4 1363/397/4
f 1404/224/4 1363/397/4 1364/195/4
f 1404/224/4 1364/195/4 1381/398/4
f 1381/398/4 1364/195/4 1365/399/4
f 1403/400/4 1404/224/4 1381/398/4
f 1403/400/4 1381/398/4 1382/211/4
f 1380/208/4 1381/398/4 1365/399/4
f 1380/208/4 1365/399/4 1366/196/4
f 1379/401/4 1380/208/4 1366/196/4
f 1379/401/4 1366/196/4 1367/402/4
f 1379/401/4 1367/402/4 1368/198/4
f 1378/207/4 1379/401/4 1368/198/4
f 1378/207/4 1368/198/4 1377/403/4
f 1377/403/4 1368/198/4 1376/206/4
f 1376/206/4 1368/198/4 1375/404/4
f 1375/404/4 1368/198/4 1374/205/4
f 1374/205/4 1368/198/4 1373/405/4
f 1373/405/4 1368/198/4 1372/203/4
f 1372/203/4 1368/198/4 1371/406/4
f 1371/406/4 1368/198/4 1370/202/4
f 1370/202/4 1368/198/4 1369/407/4
f 1402/225/4 1403/400/4 1382/211/4
f 1402/225/4 1382/211/4 1383/408/4
f 1401/409/4 1402/225/4 1383/408/4
f 1401/409/4 1383/408/4 1384/214/4
f 1400/226/4 1401/409/4 1384/214/4
f 1400/226/4 1384/214/4 1385/410/4
f 1399/411/4 1400/226/4 1385/410/4
f 1399/411/4 1385/410/4 1386/216/4
f 1398/227/4 1399/411/4 1386/216/4
f 1398/227/4 1386/216/4 1387/412/4
f 1397/413/4 1398/227/4 1387/412/4
f 1397/413/4 1387/412/4 1388/219/4
f 1396/228/4 1397/413/4 1388/219/4
f 1396/228/4 1388/219/4 1389/414/4
f 1395/415/4 1396/228/4 1389/414/4
f 1394/229/4 1395/415/4 1389/414/4
f 1394/229/4 1389/414/4 1390/221/4
f 1393/416/4 1394/229/4 1390/221/4
f 1393/416/4 1390/221/4 1391/417/4
f 1393/416/4 1391/417/4 1392/223/4
f 1517/418/4 1518/420/4 1519/419/4
f 1516/421/4 1517/418/4 1519/419/4
f 1515/422/4 1516/421/4 1519/419/4
f 1514/423/4 1515/422/4 1519/419/4
f 1513/424/4 1514/423/4 1519/419/4
f 1512/425/4 1513/424/4 1519/419/4
f 1511/426/4 1512/425/4 1519/419/4
f 1510/427/4 1511/426/4 1519/419/4
f 1509/428/4 1510/427/4 1519/419/4
f 1508/429/4 1509/428/4 1519/419/4
f 1507/430/4 1508/429/4 1519/419/4
f 1506/431/4 1507/430/4 1519/419/4
f 1505/432/4 1506/431/4 1519/419/4
f 1504/433/4 1505/432/4 1519/419/4
f 1503/434/4 1504/433/4 1519/419/4
f 1502/435/4 1503/434/4 1519/419/4
f 1501/436/4 1502/435/4 1519/419/4
f 1500/437/4 1501/436/4 1519/419/4
f 1499/438/4 1500/437/4 1519/419/4
f 1498/439/4 1499/438/4 1519/419/4
f 1497/440/4 1498/439/4 1519/419/4
f 1496/441/4 1497/440/4 1519/419/4
f 1495/146/4 1496/441/4 1519/419/4
f 1605/442/4 1495/146/4 1519/419/4
f 1604/443/4 1605/442/4 1519/419/4
f 1603/444/4 1604/443/4 1519/419/4
f 1602/445/4 1603/444/4 1519/419/4
f 1601/446/4 1602/445/4 1519/419/4
f 1600/447/4 1601/446/4 1519/419/4
f 1599/448/4 1600/447/4 1519/419/4
f 1598/449/4 1599/448/4 1519/419/4
f 1597/450/4 1598/449/4 1519/419/4
f 1596/451/4 1597/450/4 1519/419/4
f 1595/452/4 1596/451/4 1519/419/4
f 1594/453/4 1595/452/4 1519/419/4
f 1593/454/4 1594/453/4 1519/419/4
f 1592/455/4 1593/454/4 1591/456/4
f 1591/456/4 1593/454/4 1590/457/4
f 1590/457/4 1593/454/4 1589/458/4
f 1589/458/4 1593/454/4 1588/459/4
f 1588/459/4 1593/454/4 1587/460/4
f 1587/460/4 1593/454/4 1586/461/4
f 1586/461/4 1593/454/4 1585/462/4
f 1585/462/4 1593/454/4 1584/463/4
f 1584/463/4 1593/454/4 1580/464/4
f 1580/464/4 1593/454/4 1524/465/4
f 1524/465/4 1593/454/4 1523/466/4
f 1523/466/4 1593/454/4 1522/467/4
f 1522/467/4 1593/454/4 1521/468/4
f 1521/468/4 1593/454/4 1520/469/4
f 1520/469/4 1593/454/4 1519/419/4
f 1580/464/4 1524/465/4 1525/470/4
f 1580/464/4 1525/470/4 1526/471/4
f 1580/464/4 1526/471/4 1527/472/4
f 1580/464/4 1527/472/4 1528/473/4
f 1580/464/4 1528/473/4 1529/474/4
f 1580/464/4 1529/474/4 1530/475/4
f 1584/463/5 1580/464/5 1583/476/5
f 1583/476/4 1580/464/4 1581/477/4
f 1579/478/4 1580/464/4 1530/475/4
f 1579/478/4 1530/475/4 1531/479/4
f 1583/476/6 1581/477/6 1582/480/6
f 1579/478/4 1531/479/4 1532/481/4
f 1578/482/4 1579/478/4 1532/481/4
f 1578/482/4 1532/481/4 1533/483/4
f 1577/484/4 1578/482/4 1533/483/4
f 1577/484/4 1533/483/4 1534/485/4
f 1576/23/4 1577/484/4 1534/485/4
f 1576/23/4 1534/485/4 1535/486/4
f 1644/487/4 1645/489/4 1646/488/4
f 1575/490/4 1576/23/4 1535/486/4
f 1644/487/4 1646/488/4 1647/491/4
f 1575/490/4 1535/486/4 1536/492/4
f 1644/487/4 1647/491/4 1648/493/4
f 1643/494/4 1644/487/4 1648/493/4
f 1643/494/4 1648/493/4 1649/495/4
f 1642/496/4 1643/494/4 1649/495/4
f 1574/497/4 1575/490/4 1536/492/4
f 1574/497/4 1536/492/4 1537/498/4
f 1642/496/4 1649/495/4 1650/499/4
f 1618/500/4 1619/502/4 1620/501/4
f 1641/503/4 1642/496/4 1650/499/4
f 1618/500/4 1620/501/4 1621/504/4
f 1641/503/4 1650/499/4 1651/505/4
f 1640/506/4 1641/503/4 1651/505/4
f 1618/500/4 1621/504/4 1622/507/4
f 1573/508/4 1574/497/4 1537/498/4
f 1617/509/4 1618/500/4 1622/507/4
f 1640/506/4 1651/505/4 1652/510/4
f 1573/508/4 1537/498/4 1538/511/4
f 1639/512/4 1640/506/4 1652/510/4
f 1617/509/4 1622/507/4 1623/513/4
f 1616/514/4 1617/509/4 1623/513/4
f 1639/512/4 1652/510/4 1653/515/4
f 1638/516/4 1639/512/4 1653/515/4
f 1616/514/4 1623/513/4 1624/517/4
f 1615/518/4 1616/514/4 1624/517/4
f 1638/516/4 1653/515/4 1654/519/4
f 1637/520/4 1638/516/4 1654/519/4
f 1572/521/4 1573/508/4 1538/511/4
f 1615/518/4 1624/517/4 1625/522/4
f 1572/521/4 1538/511/4 1539/523/4
f 1614/524/4 1615/518/4 1625/522/4
f 1636/525/4 1637/520/4 1654/519/4
f 1636/525/4 1654/519/4 1655/526/4
f 1614/524/4 1625/522/4 1626/527/4
f 1613/528/4 1614/524/4 1626/527/4
f 1635/529/4 1636/525/4 1655/526/4
f 1635/529/4 1655/526/4 1656/530/4
f 1612/531/4 1613/528/4 1626/527/4
f 1612/531/4 1626/527/4 1627/532/4
f 1571/533/4 1572/521/4 1539/523/4
f 1634/534/4 1635/529/4 1656/530/4
f 1634/534/4 1656/530/4 1657/70/4
f 1571/533/4 1539/523/4 1540/535/4
f 1611/536/4 1612/531/4 1627/532/4
f 1611/536/4 1627/532/4 1628/537/4
f 1634/534/4 1657/70/4 1633/538/4
f 1633/538/4 1657/70/4 1632/539/4
f 1610/540/4 1611/536/4 1628/537/4
f 1610/540/4 1628/537/4 1629/541/4
f 1609/542/4 1610/540/4 1629/541/4
f 1609/542/4 1629/541/4 1630/543/4
f 1570/544/4 1571/533/4 1540/535/4
f 1570/544/4 1540/535/4 1541/545/4
f 1608/546/4 1609/542/4 1630/543/4
f 1608/546/4 1630/543/4 1631/547/4
f 1607/548/4 1608/546/4 1631/547/4
f 1607/548/4 1631/547/4 1606/549/4
f 1570/544/4 1541/545/4 1542/550/4
f 1569/551/4 1570/544/4 1542/550/4
f 1569/551/4 1542/550/4 1543/552/4
f 1568/553/4 1569/551/4 1543/552/4
f 1568/553/4 1543/552/4 1544/554/4
f 1567/555/4 1568/553/4 1544/554/4
f 1567/555/4 1544/554/4 1545/556/4
f 1566/557/4 1567/555/4 1545/556/4
f 1566/557/4 1545/556/4 1546/558/4
f 1565/559/4 1566/557/4 1546/558/4
f 1565/559/4 1546/558/4 1547/560/4
f 1565/559/4 1547/560/4 1548/561/4
f 1564/562/4 1565/559/4 1548/561/4
f 1564/562/4 1548/561/4 1549/563/4
f 1563/564/4 1564/562/4 1549/563/4
f 1563/564/4 1549/563/4 1550/565/4
f 1563/564/4 1550/565/4 1551/566/4
f 1562/567/4 1563/564/4 1551/566/4
f 1562/567/4 1551/566/4 1552/568/4
f 1562/567/4 1552/568/4 1553/569/4
f 1562/567/4 1553/569/4 1554/570/4
f 1562/567/4 1554/570/4 1555/571/4
f 1561/572/4 1562/567/4 1555/571/4
f 1561/572/4 1555/571/4 1556/573/4
f 1560/574/4 1561/572/4 1556/573/4
f 1559/575/4 1560/574/4 1556/573/4
f 1558/576/4 1559/575/4 1556/573/4
f 1557/577/4 1558/576/4 1556/573/4
f 1666/257/4 1667/242/4 1658/146/4
f 1658/146/4 1667/242/4 1668/230/4
f 1658/146/4 1668/230/4 1669/70/4
f 1666/257/4 1658/146/4 1659/181/4
f 1666/257/4 1659/181/4 1662/211/4
f 1662/211/4 1659/181/4 1660/182/4
f 1662/211/4 1660/182/4 1661/196/4
f 1666/257/4 1662/211/4 1663/227/4
f 1666/257/4 1663/227/4 1664/215/4
f 1666/257/4 1664/215/4 1665/243/4
f 1753/578/4 1754/580/4 1755/579/4
f 1753/578/4 1755/579/4 1756/581/4
f 1753/578/4 1756/581/4 1757/582/4
f 1752/583/4 1753/578/4 1757/582/4
f 1752/583/4 1757/582/4 1758/584/4
f 1752/583/4 1758/584/4 1759/585/4
f 1752/583/4 1759/585/4 1760/586/4
f 1751/587/4 1752/583/4 1760/586/4
f 1751/587/4 1760/586/4 1761/588/4
f 1751/587/4 1761/588/4 1762/589/4
f 1751/587/4 1762/589/4 1763/590/4
f 1750/591/4 1751/587/4 1763/590/4
f 1750/591/4 1763/590/4 1764/592/4
f 1750/591/4 1764/592/4 1765/593/4
f 1750/591/4 1765/593/4 1766/594/4
f 1749/595/4 1750/591/4 1766/594/4
f 1749/595/4 1766/594/4 1679/596/4
f 1679/596/4 1766/594/4 1678/597/4
f 1678/597/4 1766/594/4 1677/598/4
f 1677/598/4 1766/594/4 1676/599/4
f 1676/599/4 1766/594/4 1675/600/4
f 1675/600/4 1766/594/4 1674/601/4
f 1674/601/4 1766/594/4 1673/602/4
f 1673/602/4 1766/594/4 1672/603/4
f 1672/603/4 1766/594/4 1671/604/4
f 1671/604/4 1766/594/4 1670/146/4
f 1670/146/4 1766/594/4 1767/70/4
f 1748/605/4 1749/595/4 1681/606/4
f 1681/606/4 1749/595/4 1680/607/4
f 1680/607/4 1749/595/4 1679/596/4
f 1748/605/4 1681/606/4 1682/608/4
f 1748/605/4 1682/608/4 1683/609/4
f 1748/605/4 1683/609/4 1684/610/4
f 1747/611/4 1748/605/4 1684/610/4
f 1747/611/4 1684/610/4 1685/612/4
f 1747/611/4 1685/612/4 1686/613/4
f 1746/614/4 1747/611/4 1686/613/4
f 1746/614/4 1686/613/4 1687/615/4
f 1746/614/4 1687/615/4 1688/616/4
f 1745/617/4 1746/614/4 1688/616/4
f 1745/617/4 1688/616/4 1689/618/4
f 1744/619/4 1745/617/4 1689/618/4
f 1744/619/4 1689/618/4 1690/620/4
f 1744/619/4 1690/620/4 1691/621/4
f 1743/622/4 1744/619/4 1691/621/4
f 1743/622/4 1691/621/4 1692/623/4
f 1742/624/4 1743/622/4 1692/623/4
f 1742/624/4 1692/623/4 1693/625/4
f 1742/624/4 1693/625/4 1694/626/4
f 1741/627/4 1742/624/4 1694/626/4
f 1741/627/4 1694/626/4 1695/628/4
f 1740/629/4 1741/627/4 1695/628/4
f 1740/629/4 1695/628/4 1696/630/4
f 1739/631/4 1740/629/4 1696/630/4
f 1739/631/4 1696/630/4 1697/632/4
f 1738/633/4 1739/631/4 1697/632/4
f 1738/633/4 1697/632/4 1698/634/4
f 1737/635/4 1738/633/4 1698/634/4
f 1737/635/4 1698/634/4 1699/636/4
f 1716/637/4 1717/639/4 1718/638/4
f 1737/635/4 1699/636/4 1700/640/4
f 1715/641/4 1716/637/4 1718/638/4
f 1736/642/4 1737/635/4 1700/640/4
f 1714/643/4 1715/641/4 1718/638/4
f 1736/642/4 1700/640/4 1701/644/4
f 1713/645/4 1714/643/4 1718/638/4
f 1712/646/4 1713/645/4 1718/638/4
f 1736/642/4 1701/644/4 1702/647/4
f 1711/648/4 1712/646/4 1718/638/4
f 1735/649/4 1736/642/4 1702/647/4
f 1710/650/4 1711/648/4 1718/638/4
f 1735/649/4 1702/647/4 1703/651/4
f 1709/652/4 1710/650/4 1718/638/4
f 1708/653/4 1709/652/4 1718/638/4
f 1735/649/4 1703/651/4 1704/654/4
f 1707/655/4 1708/653/4 1718/638/4
f 1706/656/4 1707/655/4 1718/638/4
f 1735/649/4 1704/654/4 1705/657/4
f 1705/657/4 1706/656/4 1718/638/4
f 1735/649/4 1705/657/4 1718/638/4
f 1734/658/4 1735/649/4 1718/638/4
f 1734/658/4 1718/638/4 1719/659/4
f 1733/660/4 1734/658/4 1719/659/4
f 1733/660/4 1719/659/4 1720/661/4
f 1733/660/4 1720/661/4 1721/662/4
f 1733/660/4 1721/662/4 1722/663/4
f 1732/664/4 1733/660/4 1722/663/4
f 1732/664/4 1722/663/4 1723/665/4
f 1732/664/4 1723/665/4 1724/666/4
f 1732/664/4 1724/666/4 1725/667/4
f 1731/668/4 1732/664/4 1725/667/4
f 1731/668/4 1725/667/4 1726/669/4
f 1731/668/4 1726/669/4 1727/670/4
f 1731/668/4 1727/670/4 1728/671/4
f 1730/672/4 1731/668/4 1728/671/4
f 1730/672/4 1728/671/4 1729/673/4
f 1772/674/4 1773/23/4 1774/675/4
f 1772/674/4 1774/675/4 1777/676/4
f 1777/676/4 1774/675/4 1775/677/4
f 1772/674/4 1777/676/4 1778/70/4
f 1776/678/4 1777/676/4 1775/677/4
f 1772/674/4 1778/70/4 1770/679/4
f 1770/679/4 1778/70/4 1776/678/4
f 1770/679/4 1776/678/4 1769/680/4
f 1769/680/4 1776/678/4 1775/677/4
f 1772/674/4 1770/679/4 1771/681/4
f 1768/146/4 1769/680/4 1775/677/4
f 1805/682/4 1806/684/4 1833/683/4
f 1833/683/4 1806/684/4 1807/685/4
f 1833/683/4 1807/685/4 1779/146/4
f 1833/683/4 1779/146/4 1780/686/4
f 1833/683/4 1780/686/4 1781/687/4
f 1833/683/4 1781/687/4 1782/688/4
f 1833/683/4 1782/688/4 1783/689/4
f 1833/683/4 1783/689/4 1784/181/4
f 1833/683/4 1784/181/4 1785/690/4
f 1833/683/4 1785/690/4 1832/691/4
f 1832/691/4 1785/690/4 1786/692/4
f 1805/682/4 1833/683/4 1834/70/4
f 1831/693/4 1832/691/4 1786/692/4
f 1830/694/4 1831/693/4 1786/692/4
f 1829/230/4 1830/694/4 1786/692/4
f 1829/230/4 1786/692/4 1787/695/4
f 1828/696/4 1829/230/4 1787/695/4
f 1827/697/4 1828/696/4 1787/695/4
f 1826/698/4 1827/697/4 1787/695/4
f 1826/698/4 1787/695/4 1788/699/4
f 1825/700/4 1826/698/4 1788/699/4
f 1824/242/4 1825/700/4 1788/699/4
f 1823/678/4 1824/242/4 1788/699/4
f 1823/678/4 1788/699/4 1789/182/4
f 1822/701/4 1823/678/4 1789/182/4
f 1821/702/4 1822/701/4 1789/182/4
f 1821/702/4 1789/182/4 1790/679/4
f 1820/703/4 1821/702/4 1790/679/4
f 1819/257/4 1820/703/4 1790/679/4
f 1819/257/4 1790/679/4 1791/704/4
f 1818/705/4 1819/257/4 1791/704/4
f 1818/705/4 1791/704/4 1792/706/4
f 1817/707/4 1818/705/4 1792/706/4
f 1816/708/4 1817/707/4 1792/706/4
f 1816/708/4 1792/706/4 1793/709/4
f 1815/710/4 1816/708/4 1793/709/4
f 1814/243/4 1815/710/4 1793/709/4
f 1814/243/4 1793/709/4 1794/196/4
f 1813/711/4 1814/243/4 1794/196/4
f 1812/675/4 1813/711/4 1794/196/4
f 1811/712/4 1812/675/4 1794/196/4
f 1810/713/4 1811/712/4 1794/196/4
f 1810/713/4 1794/196/4 1795/714/4
f 1809/215/4 1810/713/4 1795/714/4
f 1808/715/4 1809/215/4 1795/714/4
f 1805/682/4 1834/70/4 1803/716/4
f 1803/716/4 1834/70/4 1808/715/4
f 1803/716/4 1808/715/4 1795/714/4
f 1803/716/4 1795/714/4 1796/717/4
f 1803/716/4 1796/717/4 1797/718/4
f 1803/716/4 1797/718/4 1798/719/4
f 1803/716/4 1798/719/4 1799/211/4
f 1803/716/4 1799/211/4 1800/720/4
f 1803/716/4 1800/720/4 1801/674/4
f 1803/716/4 1801/674/4 1802/721/4
f 1805/682/4 1803/716/4 1804/227/4
f 1942/722/4 1943/724/4 1944/723/4
f 1942/722/4 1944/723/4 1945/230/4
f 1942/722/4 1945/230/4 1946/725/4
f 1941/726/4 1942/722/4 1946/725/4
f 1941/726/4 1946/725/4 1947/727/4
f 1941/726/4 1947/727/4 1948/728/4
f 1940/729/4 1941/726/4 1948/728/4
f 1940/729/4 1948/728/4 1949/730/4
f 1940/729/4 1949/730/4 1950/731/4
f 1939/732/4 1940/729/4 1950/731/4
f 1939/732/4 1950/731/4 1951/733/4
f 1939/732/4 1951/733/4 1952/734/4
f 1938/735/4 1939/732/4 1952/734/4
f 1938/735/4 1952/734/4 1953/736/4
f 1938/735/4 1953/736/4 1954/737/4
f 1937/738/4 1938/735/4 1954/737/4
f 1937/738/4 1954/737/4 1955/739/4
f 1937/738/4 1955/739/4 1842/740/4
f 1842/740/4 1955/739/4 1841/741/4
f 1841/741/4 1955/739/4 1840/742/4
f 1840/742/4 1955/739/4 1839/743/4
f 1839/743/4 1955/739/4 1838/744/4
f 1838/744/4 1955/739/4 1837/745/4
f 1837/745/4 1955/739/4 1836/746/4
f 1836/746/4 1955/739/4 1835/146/4
f 1835/146/4 1955/739/4 1956/70/4
f 1936/747/4 1937/738/4 1844/748/4
f 1844/748/4 1937/738/4 1843/749/4
f 1843/749/4 1937/738/4 1842/740/4
f 1935/750/4 1936/747/4 1846/181/4
f 1846/181/4 1936/747/4 1845/751/4
f 1845/751/4 1936/747/4 1844/748/4
f 1934/242/4 1935/750/4 1847/752/4
f 1847/752/4 1935/750/4 1846/181/4
f 1934/242/4 1847/752/4 1848/753/4
f 1934/242/4 1848/753/4 1849/754/4
f 1934/242/4 1849/754/4 1850/755/4
f 1934/242/4 1850/755/4 1851/756/4
f 1934/242/4 1851/756/4 1852/757/4
f 1933/758/4 1934/242/4 1852/757/4
f 1933/758/4 1852/757/4 1853/759/4
f 1933/758/4 1853/759/4 1854/760/4
f 1933/758/4 1854/760/4 1855/761/4
f 1932/762/4 1933/758/4 1855/761/4
f 1932/762/4 1855/761/4 1856/763/4
f 1932/762/4 1856/763/4 1857/182/4
f 1931/764/4 1932/762/4 1857/182/4
f 1931/764/4 1857/182/4 1858/765/4
f 1931/764/4 1858/765/4 1859/766/4
f 1930/767/4 1931/764/4 1859/766/4
f 1930/767/4 1859/766/4 1860/768/4
f 1930/767/4 1860/768/4 1861/769/4
f 1929/770/4 1930/767/4 1861/769/4
f 1929/770/4 1861/769/4 1862/771/4
f 1928/772/4 1929/770/4 1862/771/4
f 1928/772/4 1862/771/4 1863/773/4
f 1928/772/4 1863/773/4 1864/774/4
f 1927/775/4 1928/772/4 1864/774/4
f 1927/775/4 1864/774/4 1865/776/4
f 1926/777/4 1927/775/4 1865/776/4
f 1926/777/4 1865/776/4 1866/778/4
f 1925/779/4 1926/777/4 1866/778/4
f 1925/779/4 1866/778/4 1867/780/4
f 1924/781/4 1925/779/4 1867/780/4
f 1924/781/4 1867/780/4 1868/196/4
f 1923/257/4 1924/781/4 1868/196/4
f 1922/782/4 1923/257/4 1868/196/4
f 1922/782/4 1868/196/4 1869/783/4
f 1921/784/4 1922/782/4 1869/783/4
f 1920/785/4 1921/784/4 1869/783/4
f 1920/785/4 1869/783/4 1870/786/4
f 1919/787/4 1920/785/4 1870/786/4
f 1894/788/4 1895/790/4 1896/789/4
f 1919/787/4 1870/786/4 1871/791/4
f 1918/792/4 1919/787/4 1871/791/4
f 1894/788/4 1896/789/4 1897/793/4
f 1917/794/4 1918/792/4 1871/791/4
f 1917/794/4 1871/791/4 1872/795/4
f 1894/788/4 1897/793/4 1898/796/4
f 1916/797/4 1917/794/4 1872/795/4
f 1894/788/4 1898/796/4 1899/798/4
f 1915/799/4 1916/797/4 1872/795/4
f 1914/800/4 1915/799/4 1872/795/4
f 1914/800/4 1872/795/4 1873/801/4
f 1894/788/4 1899/798/4 1900/802/4
f 1913/803/4 1914/800/4 1873/801/4
f 1894/788/4 1900/802/4 1901/215/4
f 1912/243/4 1913/803/4 1873/801/4
f 1894/788/4 1901/215/4 1902/804/4
f 1912/243/4 1873/801/4 1874/805/4
f 1911/806/4 1912/243/4 1874/805/4
f 1894/788/4 1902/804/4 1903/807/4
f 1910/808/4 1911/806/4 1874/805/4
f 1894/788/4 1903/807/4 1904/809/4
f 1909/810/4 1910/808/4 1874/805/4
f 1894/788/4 1904/809/4 1905/811/4
f 1908/812/4 1909/810/4 1874/805/4
f 1894/788/4 1905/811/4 1906/813/4
f 1908/812/4 1874/805/4 1875/814/4
f 1907/815/4 1908/812/4 1875/814/4
f 1894/788/4 1906/813/4 1907/815/4
f 1894/788/4 1907/815/4 1875/814/4
f 1894/788/4 1875/814/4 1876/816/4
f 1893/817/4 1894/788/4 1876/816/4
f 1892/818/4 1893/817/4 1876/816/4
f 1892/818/4 1876/816/4 1877/819/4
f 1891/820/4 1892/818/4 1877/819/4
f 1891/820/4 1877/819/4 1878/821/4
f 1890/227/4 1891/820/4 1878/821/4
f 1889/822/4 1890/227/4 1878/821/4
f 1889/822/4 1878/821/4 1879/211/4
f 1888/823/4 1889/822/4 1879/211/4
f 1887/824/4 1888/823/4 1879/211/4
f 1887/824/4 1879/211/4 1880/825/4
f 1886/826/4 1887/824/4 1880/825/4
f 1885/827/4 1886/826/4 1880/825/4
f 1885/827/4 1880/825/4 1881/828/4
f 1884/829/4 1885/827/4 1881/828/4
f 1883/830/4 1884/829/4 1881/828/4
f 1883/830/4 1881/828/4 1882/831/4
s 1
f 1958/832/7 1960/833/8 1959/834/8 1957/146/7
f 1960/833/8 1962/835/9 1961/836/9 1959/834/8
f 1962/835/9 1964/837/10 1963/838/10 1961/836/9
f 1964/837/10 1966/839/11 1965/840/11 1963/838/10
f 1966/839/11 1968/841/12 1967/842/12 1965/840/11
f 1968/841/12 1970/843/13 1969/844/13 1967/842/12
f 1970/843/13 1972/845/14 1971/846/14 1969/844/13
f 1972/845/14 1974/847/15 1973/848/15 1971/846/14
f 1974/847/15 1976/849/16 1975/850/16 1973/848/15
f 1976/849/16 1978/851/17 1977/852/17 1975/850/16
f 1978/851/17 1980/853/18 1979/854/18 1977/852/17
f 1980/853/18 1982/855/19 1981/856/19 1979/854/18
f 1982/855/19 1984/857/20 1983/858/20 1981/856/19
f 1984/857/20 1986/859/21 1985/860/21 1983/858/20
f 1986/859/21 1988/861/22 1987/862/22 1985/860/21
f 1988/861/22 1990/863/23 1989/864/23 1987/862/22
f 1990/863/23 1992/865/24 1991/866/24 1989/864/23
f 1992/865/24 1994/867/25 1993/868/25 1991/866/24
f 1994/867/25 1996/869/26 1995/870/26 1993/868/25
f 1996/869/26 1998/871/27 1997/872/27 1995/870/26
f 1998/871/27 2000/873/28 1999/874/28 1997/872/27
f 2000/873/28 2002/875/29 2001/876/29 1999/874/28
f 2002/875/29 2004/877/30 2003/878/30 2001/876/29
f 2004/877/30 2006/879/31 2005/880/31 2003/878/30
f 2006/879/31 2008/881/32 2007/882/32 2005/880/31
f 2008/881/32 2010/883/33 2009/884/33 2007/882/32
f 2010/883/33 2012/885/34 2011/886/34 2009/884/33
f 2012/885/34 2014/887/35 2013/888/35 2011/886/34
f 2014/887/35 2016/889/36 2015/890/36 2013/888/35
f 2016/889/36 2018/891/37 2017/892/37 2015/890/36
f 2018/891/37 2020/893/38 2019/894/38 2017/892/37
f 2020/893/38 2022/895/39 2021/896/39 2019/894/38
f 2022/895/39 2024/897/40 2023/898/40 2021/896/39
f 2024/897/40 2026/899/41 2025/900/41 2023/898/40
f 2026/899/41 2028/901/42 2027/902/42 2025/900/41
f 2028/901/42 2030/903/43 2029/904/43 2027/902/42
f 2030/903/43 2032/905/44 2031/906/44 2029/904/43
f 2032/905/44 2034/907/45 2033/908/45 2031/906/44
f 2034/907/45 2036/909/46 2035/910/46 2033/908/45
f 2036/909/46 2038/911/47 2037/912/47 2035/910/46
f 2038/911/47 2040/913/48 2039/914/48 2037/912/47
f 2040/913/48 2042/915/49 2041/916/49 2039/914/48
f 2042/915/49 2044/917/50 2043/918/50 2041/916/49
f 2044/917/50 2046/919/51 2045/920/51 2043/918/50
f 2046/919/51 2048/921/52 2047/922/52 2045/920/51
f 2048/921/52 2050/923/53 2049/924/53 2047/922/52
f 2050/923/53 2052/925/54 2051/926/54 2049/924/53
f 2052/925/54 2054/927/55 2053/928/55 2051/926/54
f 2054/927/55 2056/929/56 2055/930/56 2053/928/55
f 2056/929/56 2058/931/57 2057/932/57 2055/930/56
f 2058/931/57 2060/933/58 2059/934/58 2057/932/57
f 2060/933/58 2062/935/59 2061/936/59 2059/934/58
f 2062/935/59 2064/937/60 2063/938/60 2061/936/59
f 2064/937/60 2066/939/61 2065/940/61 2063/938/60
f 2066/939/61 2068/941/62 2067/942/62 2065/940/61
f 2068/941/62 2070/943/63 2069/944/63 2067/942/62
f 2070/943/63 2072/945/64 2071/946/64 2069/944/63
f 2072/945/64 2074/947/65 2073/948/65 2071/946/64
f 2074/947/65 2076/949/66 2075/950/66 2073/948/65
f 2076/949/66 2078/951/67 2077/952/67 2075/950/66
f 2078/951/67 2080/953/68 2079/23/68 2077/952/67
f 2080/953/68 2082/954/69 2081/955/69 2079/23/68
f 2082/954/69 2084/956/70 2083/957/70 2081/955/69
f 2084/956/70 2086/958/71 2085/959/71 2083/957/70
f 2086/958/71 2088/960/72 2087/961/72 2085/959/71
f 2088/960/72 2090/962/73 2089/963/73 2087/961/72
f 2090/962/73 2092/964/74 2091/965/74 2089/963/73
f 2092/964/74 2094/966/75 2093/967/75 2091/965/74
f 2094/966/75 2096/968/76 2095/969/76 2093/967/75
f 2096/968/76 2098/970/77 2097/971/77 2095/969/76
f 2098/970/77 2100/972/78 2099/973/78 2097/971/77
f 2100/972/78 2102/974/79 2101/975/79 2099/973/78
f 2102/974/79 2104/976/80 2103/977/80 2101/975/79
f 2104/976/80 2106/978/81 2105/979/81 2103/977/80
f 2106/978/81 2108/980/82 2107/981/82 2105/979/81
f 2108/980/82 2110/982/83 2109/983/83 2107/981/82
f 2110/982/83 2112/984/84 2111/985/84 2109/983/83
f 2112/984/84 2114/986/85 2113/987/85 2111/985/84
f 2114/986/85 2116/988/86 2115/989/86 2113/987/85
f 2116/988/86 2118/990/87 2117/991/87 2115/989/86
f 2118/990/87 2120/992/88 2119/993/88 2117/991/87
f 2120/992/88 2122/994/89 2121/995/89 2119/993/88
f 2122/994/89 2124/996/90 2123/997/90 2121/995/89
f 2124/996/90 2126/998/91 2125/999/91 2123/997/90
f 2126/998/91 2128/1000/92 2127/1001/92 2125/999/91
f 2128/1000/92 2130/1002/93 2129/1003/93 2127/1001/92
f 2130/1002/93 2132/1004/94 2131/1005/94 2129/1003/93
f 2132/1004/94 2134/1006/95 2133/1007/95 2131/1005/94
f 2134/1006/95 2136/1008/96 2135/1009/96 2133/1007/95
f 2136/1008/96 2138/1010/97 2137/1011/97 2135/1009/96
f 2138/1010/97 2140/1012/98 2139/1013/98 2137/1011/97
f 2140/1012/98 2142/1014/99 2141/1015/99 2139/1013/98
f 2142/1014/99 2144/1016/100 2143/1017/100 2141/1015/99
f 2144/1016/100 2146/1018/101 2145/1019/101 2143/1017/100
f 2146/1018/101 2148/1020/102 2147/1021/102 2145/1019/101
f 2148/1020/102 2150/1022/103 2149/1023/103 2147/1021/102
f 2150/1022/103 2152/1024/104 2151/1025/104 2149/1023/103
f 2152/1024/104 2154/1026/105 2153/1027/105 2151/1025/104
f 2154/1026/105 2156/1028/106 2155/1029/106 2153/1027/105
f 2156/1028/106 2158/1030/107 2157/1031/107 2155/1029/106
f 2158/1030/107 2160/1032/108 2159/1033/108 2157/1031/107
f 2160/1032/108 2162/1034/109 2161/1035/109 2159/1033/108
f 2162/1034/109 2164/1036/110 2163/1037/110 2161/1035/109
f 2164/1036/110 2166/1038/111 2165/1039/111 2163/1037/110
f 2166/1038/111 2168/1040/112 2167/1041/112 2165/1039/111
f 2168/1040/112 2170/1042/113 2169/1043/113 2167/1041/112
f 2170/1042/113 2172/1044/114 2171/1045/114 2169/1043/113
f 2172/1044/114 2174/1046/115 2173/1047/115 2171/1045/114
f 2174/1046/115 2176/1048/116 2175/1049/116 2173/1047/115
f 2176/1048/116 2178/1050/117 2177/1051/117 2175/1049/116
f 2178/1050/117 2180/1052/118 2179/1053/118 2177/1051/117
f 2180/1052/118 2182/1054/119 2181/1055/119 2179/1053/118
f 2182/1054/119 2184/1056/120 2183/1057/120 2181/1055/119
f 2184/1056/120 2186/1058/121 2185/1059/121 2183/1057/120
f 2186/1058/121 2188/1060/122 2187/1061/122 2185/1059/121
f 2188/1060/122 2190/1062/123 2189/1063/123 2187/1061/122
f 2190/1062/123 2192/1064/124 2191/1065/124 2189/1063/123
f 2192/1064/124 2194/1066/125 2193/1067/125 2191/1065/124
f 2194/1066/125 2196/1068/126 2195/1069/126 2193/1067/125
f 2196/1068/126 2198/1070/127 2197/1071/127 2195/1069/126
f 2198/1070/127 2200/1072/128 2199/1073/128 2197/1071/127
f 2200/1072/128 1958/1074/7 1957/70/7 2199/1073/128
f 2202/832/129 2204/1075/130 2203/1076/130 2201/146/129
f 2204/1075/130 2206/1077/131 2205/1078/131 2203/1076/130
f 2206/1077/131 2208/1079/132 2207/1080/132 2205/1078/131
f 2208/1079/132 2210/1081/133 2209/1082/133 2207/1080/132
f 2210/1081/133 2212/1083/134 2211/1084/134 2209/1082/133
f 2212/1083/134 2214/1085/135 2213/1086/135 2211/1084/134
f 2214/1085/135 2216/1087/136 2215/1088/136 2213/1086/135
f 2216/1087/136 2218/1089/137 2217/1090/137 2215/1088/136
f 2218/1089/137 2220/1091/138 2219/1092/138 2217/1090/137
f 2220/1091/138 2222/1093/139 2221/1094/139 2219/1092/138
f 2222/1093/139 2224/1095/140 2223/1096/140 2221/1094/139
f 2224/1095/140 2226/1097/141 2225/1098/141 2223/1096/140
f 2226/1097/141 2228/1099/142 2227/1100/142 2225/1098/141
f 2228/1099/142 2230/1101/143 2229/1102/143 2227/1100/142
f 2230/1101/143 2232/1103/144 2231/1104/144 2229/1102/143
f 2232/1103/144 2234/1105/145 2233/1106/145 2231/1104/144
f 2234/1105/145 2236/1107/146 2235/1108/146 2233/1106/145
f 2236/1107/146 2238/1109/147 2237/1110/147 2235/1108/146
f 2238/1109/147 2240/1111/148 2239/1112/148 2237/1110/147
f 2240/1111/148 2242/1113/149 2241/1114/149 2239/1112/148
f 2242/1113/149 2244/1115/150 2243/1116/150 2241/1114/149
f 2244/1115/150 2246/1117/151 2245/1118/151 2243/1116/150
f 2246/1117/151 2248/1119/152 2247/1120/152 2245/1118/151
f 2248/1119/152 2250/1121/153 2249/1122/153 2247/1120/152
f 2250/1121/153 2252/1123/153 2251/1124/153 2249/1122/153
f 2252/1123/153 2254/1125/154 2253/1126/154 2251/1124/153
f 2254/1125/154 2256/1127/155 2255/1128/155 2253/1126/154
f 2256/1127/155 2258/1129/156 2257/1130/156 2255/1128/155
f 2258/1129/156 2202/1074/129 2201/70/129 2257/1130/156
f 2260/832/157 2262/1131/158 2261/436/158 2259/146/157
f 2262/1131/158 2264/1132/159 2263/430/159 2261/436/158
f 2264/1132/159 2266/1133/160 2265/424/160 2263/430/159
f 2266/1133/160 2268/1134/161 2267/419/161 2265/424/160
f 2268/1134/161 2270/1135/162 2269/470/162 2267/419/161
f 2270/1135/162 2272/1136/163 2271/479/163 2269/470/162
f 2272/1136/163 2274/1137/164 2273/498/164 2271/479/163
f 2274/1137/164 2276/1138/165 2275/552/165 2273/498/164
f 2276/1138/165 2278/1139/166 2277/563/166 2275/552/165
f 2278/1139/166 2280/1140/167 2279/571/167 2277/563/166
f 2280/1140/167 2282/1141/168 2281/572/168 2279/571/167
f 2282/1141/168 2284/1142/169 2283/555/169 2281/572/168
f 2284/1142/169 2286/1143/170 2285/508/170 2283/555/169
f 2286/1143/170 2288/1144/171 2287/478/171 2285/508/170
f 2288/1144/171 2290/1145/172 2289/462/172 2287/478/171
f 2290/1145/172 2292/1146/173 2291/456/173 2289/462/172
f 2292/1146/173 2294/1147/174 2293/450/174 2291/456/173
f 2294/1147/174 2296/1148/175 2295/444/175 2293/450/174
f 2296/1148/175 2298/1149/176 2297/542/176 2295/444/175
f 2298/1149/176 2300/1150/177 2299/518/177 2297/542/176
f 2300/1150/177 2302/1151/178 2301/504/178 2299/518/177
f 2302/1151/178 2304/1152/179 2303/532/179 2301/504/178
f 2304/1152/179 2306/1153/180 2305/538/180 2303/532/179
f 2306/1153/180 2308/1154/181 2307/512/181 2305/538/180
f 2308/1154/181 2310/1155/153 2309/489/153 2307/512/181
f 2310/1155/153 2312/1156/182 2311/505/182 2309/489/153
f 2312/1156/182 2260/1074/157 2259/70/157 2311/505/182
f 2314/832/183 2316/1157/183 2315/176/183 2313/146/183
f 2316/1157/183 2318/1158/184 2317/139/184 2315/176/183
f 2318/1158/184 2320/1159/184 2319/214/184 2317/139/184
f 2320/1159/184 2322/953/185 2321/23/185 2319/214/184
f 2322/953/185 2324/1160/186 2323/241/186 2321/23/185
f 2324/1160/186 2326/1161/187 2325/52/187 2323/241/186
f 2326/1161/187 2328/1162/188 2327/233/188 2325/52/187
f 2328/1162/188 2314/1074/183 2313/70/183 2327/233/188
f 2330/832/189 2332/1139/190 2331/563/190 2329/146/189
f 2332/1139/190 2334/1148/191 2333/444/191 2331/563/190
f 2334/1148/191 2330/1074/189 2329/70/189 2333/444/191
f 2336/832/192 2338/1163/193 2337/1164/193 2335/146/192
f 2338/1163/193 2340/1165/194 2339/1166/194 2337/1164/193
f 2340/1165/194 2342/1167/195 2341/1168/195 2339/1166/194
f 2342/1167/195 2344/1169/196 2343/1170/196 2341/1168/195
f 2344/1169/196 2346/1171/197 2345/1172/197 2343/1170/196
f 2346/1171/197 2348/1173/198 2347/1174/198 2345/1172/197
f 2348/1173/198 2350/1175/199 2349/1176/199 2347/1174/198
f 2350/1175/199 2352/1177/200 2351/1178/200 2349/1176/199
f 2352/1177/200 2354/1179/201 2353/1180/201 2351/1178/200
f 2354/1179/201 2356/1181/202 2355/1182/202 2353/1180/201
f 2356/1181/202 2358/1183/203 2357/1184/203 2355/1182/202
f 2358/1183/203 2360/1185/204 2359/1186/204 2357/1184/203
f 2360/1185/204 2362/1187/205 2361/1188/205 2359/1186/204
f 2362/1187/205 2364/1189/206 2363/1190/206 2361/1188/205
f 2364/1189/206 2366/1191/207 2365/1192/207 2363/1190/206
f 2366/1191/207 2368/1193/208 2367/1194/208 2365/1192/207
f 2368/1193/208 2370/1195/209 2369/1196/209 2367/1194/208
f 2370/1195/209 2372/1197/210 2371/1198/210 2369/1196/209
f 2372/1197/210 2374/1199/211 2373/1200/211 2371/1198/210
f 2374/1199/211 2376/1201/212 2375/1202/212 2373/1200/211
f 2376/1201/212 2378/1203/213 2377/1204/213 2375/1202/212
f 2378/1203/213 2380/1205/214 2379/1206/214 2377/1204/213
f 2380/1205/214 2382/1207/215 2381/1208/215 2379/1206/214
f 2382/1207/215 2384/1209/216 2383/1210/216 2381/1208/215
f 2384/1209/216 2386/1211/217 2385/1212/217 2383/1210/216
f 2386/1211/217 2388/1213/218 2387/1214/218 2385/1212/217
f 2388/1213/218 2390/1215/219 2389/1216/219 2387/1214/218
f 2390/1215/219 2392/1217/220 2391/1218/220 2389/1216/219
f 2392/1217/220 2394/1219/221 2393/1220/221 2391/1218/220
f 2394/1219/221 2396/1221/222 2395/1222/222 2393/1220/221
f 2396/1221/222 2398/1223/223 2397/1224/223 2395/1222/222
f 2398/1223/223 2400/1225/224 2399/1226/224 2397/1224/223
f 2400/1225/224 2402/1227/225 2401/1228/225 2399/1226/224
f 2402/1227/225 2404/1229/226 2403/1230/226 2401/1228/225
f 2404/1229/226 2406/1231/227 2405/1232/227 2403/1230/226
f 2406/1231/227 2408/1233/228 2407/1234/228 2405/1232/227
f 2408/1233/228 2410/1235/229 2409/1236/229 2407/1234/228
f 2410/1235/229 2412/1237/230 2411/1238/230 2409/1236/229
f 2412/1237/230 2414/1239/231 2413/1240/231 2411/1238/230
f 2414/1239/231 2416/1241/232 2415/1242/232 2413/1240/231
f 2416/1241/232 2418/1243/233 2417/1244/233 2415/1242/232
f 2418/1243/233 2420/1245/234 2419/1246/234 2417/1244/233
f 2420/1245/234 2422/1247/235 2421/1248/235 2419/1246/234
f 2422/1247/235 2424/1249/236 2423/1250/236 2421/1248/235
f 2424/1249/236 2426/1251/237 2425/1252/237 2423/1250/236
f 2426/1251/237 2428/1253/238 2427/1254/238 2425/1252/237
f 2428/1253/238 2430/1255/239 2429/1256/239 2427/1254/238
f 2430/1255/239 2432/1257/240 2431/1258/240 2429/1256/239
f 2432/1257/240 2434/953/241 2433/23/241 2431/1258/240
f 2434/953/241 2436/1259/242 2435/1260/242 2433/23/241
f 2436/1259/242 2438/1261/243 2437/1262/243 2435/1260/242
f 2438/1261/243 2440/1263/244 2439/1264/244 2437/1262/243
f 2440/1263/244 2442/1265/245 2441/1266/245 2439/1264/244
f 2442/1265/245 2444/1267/246 2443/1268/246 2441/1266/245
f 2444/1267/246 2446/1269/247 2445/1270/247 2443/1268/246
f 2446/1269/247 2448/1271/248 2447/1272/248 2445/1270/247
f 2448/1271/248 2450/1273/249 2449/1274/249 2447/1272/248
f 2450/1273/249 2452/1275/250 2451/1276/250 2449/1274/249
f 2452/1275/250 2454/1277/251 2453/1278/251 2451/1276/250
f 2454/1277/251 2456/1279/252 2455/1280/252 2453/1278/251
f 2456/1279/252 2458/1281/253 2457/1282/253 2455/1280/252
f 2458/1281/253 2460/1283/254 2459/1284/254 2457/1282/253
f 2460/1283/254 2462/1285/255 2461/1286/255 2459/1284/254
f 2462/1285/255 2464/1287/256 2463/1288/256 2461/1286/255
f 2464/1287/256 2466/1289/257 2465/1290/257 2463/1288/256
f 2466/1289/257 2468/1291/258 2467/1292/258 2465/1290/257
f 2468/1291/258 2470/1293/259 2469/1294/259 2467/1292/258
f 2470/1293/259 2472/1295/260 2471/1296/260 2469/1294/259
f 2472/1295/260 2474/1297/261 2473/1298/261 2471/1296/260
f 2474/1297/261 2476/1299/262 2475/1300/262 2473/1298/261
f 2476/1299/262 2478/1301/263 2477/1302/263 2475/1300/262
f 2478/1301/263 2480/1303/264 2479/1304/264 2477/1302/263
f 2480/1303/264 2482/1305/265 2481/1306/265 2479/1304/264
f 2482/1305/265 2484/1307/266 2483/1308/266 2481/1306/265
f 2484/1307/266 2486/1309/267 2485/1310/267 2483/1308/266
f 2486/1309/267 2488/1311/268 2487/1312/268 2485/1310/267
f 2488/1311/268 2490/1313/269 2489/1314/269 2487/1312/268
f 2490/1313/269 2492/1315/270 2491/1316/270 2489/1314/269
f 2492/1315/270 2494/1317/271 2493/1318/271 2491/1316/270
f 2494/1317/271 2496/1319/272 2495/1320/272 2493/1318/271
f 2496/1319/272 2498/1321/273 2497/1322/273 2495/1320/272
f 2498/1321/273 2500/1323/274 2499/1324/274 2497/1322/273
f 2500/1323/274 2502/1325/275 2501/1326/275 2499/1324/274
f 2502/1325/275 2504/1327/276 2503/1328/276 2501/1326/275
f 2504/1327/276 2506/1329/277 2505/1330/277 2503/1328/276
f 2506/1329/277 2508/1331/278 2507/1332/278 2505/1330/277
f 2508/1331/278 2510/1333/279 2509/1334/279 2507/1332/278
f 2510/1333/279 2512/1335/280 2511/1336/280 2509/1334/279
f 2512/1335/280 2514/1337/281 2513/1338/281 2511/1336/280
f 2514/1337/281 2516/1339/282 2515/1340/282 2513/1338/281
f 2516/1339/282 2518/1341/283 2517/1342/283 2515/1340/282
f 2518/1341/283 2520/1343/284 2519/1344/284 2517/1342/283
f 2520/1343/284 2522/1345/285 2521/1346/285 2519/1344/284
f 2522/1345/285 2524/1347/286 2523/1348/286 2521/1346/285
f 2524/1347/286 2526/1349/287 2525/1350/287 2523/1348/286
f 2526/1349/287 2528/1351/288 2527/1352/288 2525/1350/287
f 2528/1351/288 2530/1353/289 2529/1354/289 2527/1352/288
f 2530/1353/289 2336/1074/192 2335/70/192 2529/1354/289
f 2532/832/153 2534/1355/182 2533/1356/182 2531/146/153
f 2534/1355/182 2536/1357/182 2535/467/182 2533/1356/182
f 2536/1357/182 2538/1158/153 2537/139/153 2535/467/182
f 2538/1158/153 2540/1139/153 2539/563/153 2537/139/153
f 2540/1139/153 2542/1358/182 2541/1359/182 2539/563/153
f 2542/1358/182 2544/953/182 2543/23/182 2541/1359/182
f 2544/953/182 2546/1360/153 2545/1361/153 2543/23/182
f 2546/1360/153 2548/1148/154 2547/444/154 2545/1361/153
f 2548/1148/154 2550/1161/155 2549/52/155 2547/444/154
f 2550/1161/155 2552/1362/182 2551/543/182 2549/52/155
f 2552/1362/182 2554/1363/153 2553/1364/153 2551/543/182
f 2554/1363/153 2532/1074/153 2531/70/153 2553/1364/153
f 2556/832/290 2558/1365/291 2557/1366/291 2555/146/290
f 2558/1365/291 2560/1367/292 2559/1368/292 2557/1366/291
f 2560/1367/292 2562/1369/293 2561/1370/293 2559/1368/292
f 2562/1369/293 2564/1371/294 2563/1372/294 2561/1370/293
f 2564/1371/294 2566/1373/295 2565/1374/295 2563/1372/294
f 2566/1373/295 2568/1375/296 2567/1376/296 2565/1374/295
f 2568/1375/296 2570/1377/297 2569/1378/297 2567/1376/296
f 2570/1377/297 2572/1379/298 2571/1380/298 2569/1378/297
f 2572/1379/298 2574/1381/299 2573/1382/299 2571/1380/298
f 2574/1381/299 2576/1383/300 2575/1384/300 2573/1382/299
f 2576/1383/300 2578/1385/301 2577/1386/301 2575/1384/300
f 2578/1385/301 2580/1387/302 2579/1388/302 2577/1386/301
f 2580/1387/302 2582/1389/303 2581/1390/303 2579/1388/302
f 2582/1389/303 2584/1391/304 2583/1392/304 2581/1390/303
f 2584/1391/304 2586/1393/305 2585/1394/305 2583/1392/304
f 2586/1393/305 2588/1395/306 2587/1396/306 2585/1394/305
f 2588/1395/306 2590/1397/307 2589/1398/307 2587/1396/306
f 2590/1397/307 2592/1399/308 2591/1400/308 2589/1398/307
f 2592/1399/308 2594/1401/309 2593/1402/309 2591/1400/308
f 2594/1401/309 2596/1403/310 2595/1404/310 2593/1402/309
f 2596/1403/310 2598/1405/311 2597/1406/311 2595/1404/310
f 2598/1405/311 2600/1407/312 2599/1408/312 2597/1406/311
f 2600/1407/312 2602/1409/313 2601/1410/313 2599/1408/312
f 2602/1409/313 2604/1411/314 2603/1412/314 2601/1410/313
f 2604/1411/314 2606/1413/315 2605/1414/315 2603/1412/314
f 2606/1413/315 2608/1415/316 2607/1416/316 2605/1414/315
f 2608/1415/316 2610/1417/317 2609/1418/317 2607/1416/316
f 2610/1417/317 2612/1419/318 2611/1420/318 2609/1418/317
f 2612/1419/318 2614/1421/319 2613/1422/319 2611/1420/318
f 2614/1421/319 2616/1423/320 2615/1424/320 2613/1422/319
f 2616/1423/320 2618/1425/321 2617/1426/321 2615/1424/320
f 2618/1425/321 2620/1427/322 2619/1428/322 2617/1426/321
f 2620/1427/322 2622/1429/323 2621/1430/323 2619/1428/322
f 2622/1429/323 2624/1431/324 2623/1432/324 2621/1430/323
f 2624/1431/324 2626/1433/325 2625/1434/325 2623/1432/324
f 2626/1433/325 2628/1435/326 2627/1436/326 2625/1434/325
f 2628/1435/326 2630/1139/327 2629/563/327 2627/1436/326
f 2630/1139/327 2632/1437/328 2631/1438/328 2629/563/327
f 2632/1437/328 2634/1439/329 2633/1440/329 2631/1438/328
f 2634/1439/329 2636/1441/330 2635/1442/330 2633/1440/329
f 2636/1441/330 2638/1443/331 2637/1444/331 2635/1442/330
f 2638/1443/331 2640/1445/332 2639/1446/332 2637/1444/331
f 2640/1445/332 2642/1447/333 2641/1448/333 2639/1446/332
f 2642/1447/333 2644/1449/334 2643/1450/334 2641/1448/333
f 2644/1449/334 2646/1451/335 2645/1452/335 2643/1450/334
f 2646/1451/335 2648/1453/336 2647/1454/336 2645/1452/335
f 2648/1453/336 2650/1455/337 2649/1456/337 2647/1454/336
f 2650/1455/337 2652/1457/338 2651/1458/338 2649/1456/337
f 2652/1457/338 2654/1459/339 2653/1460/339 2651/1458/338
f 2654/1459/339 2656/1461/340 2655/1462/340 2653/1460/339
f 2656/1461/340 2658/1463/341 2657/1464/341 2655/1462/340
f 2658/1463/341 2660/1465/342 2659/1466/342 2657/1464/341
f 2660/1465/342 2662/1467/343 2661/1468/343 2659/1466/342
f 2662/1467/343 2664/1469/344 2663/1470/344 2661/1468/343
f 2664/1469/344 2666/1471/345 2665/1472/345 2663/1470/344
f 2666/1471/345 2668/1473/346 2667/1474/346 2665/1472/345
f 2668/1473/346 2670/1475/347 2669/1476/347 2667/1474/346
f 2670/1475/347 2672/1477/348 2671/1478/348 2669/1476/347
f 2672/1477/348 2674/1479/349 2673/1480/349 2671/1478/348
f 2674/1479/349 2676/1481/350 2675/1482/350 2673/1480/349
f 2676/1481/350 2678/1483/351 2677/1484/351 2675/1482/350
f 2678/1483/351 2680/1485/352 2679/1486/352 2677/1484/351
f 2680/1485/352 2682/1487/353 2681/1488/353 2679/1486/352
f 2682/1487/353 2684/1489/354 2683/1490/354 2681/1488/353
f 2684/1489/354 2686/1491/355 2685/1492/355 2683/1490/354
f 2686/1491/355 2688/1493/192 2687/1494/192 2685/1492/355
f 2688/1493/192 2690/1495/356 2689/1496/356 2687/1494/192
f 2690/1495/356 2692/1497/357 2691/1498/357 2689/1496/356
f 2692/1497/357 2694/1499/358 2693/1500/358 2691/1498/357
f 2694/1499/358 2696/1501/359 2695/1502/359 2693/1500/358
f 2696/1501/359 2698/1503/360 2697/1504/360 2695/1502/359
f 2698/1503/360 2700/1505/361 2699/1506/361 2697/1504/360
f 2700/1505/361 2702/1507/362 2701/1508/362 2699/1506/361
f 2702/1507/362 2704/1148/363 2703/444/363 2701/1508/362
f 2704/1148/363 2706/1509/364 2705/1510/364 2703/444/363
f 2706/1509/364 2708/1511/365 2707/1512/365 2705/1510/364
f 2708/1511/365 2710/1513/366 2709/1514/366 2707/1512/365
f 2710/1513/366 2712/1515/367 2711/1516/367 2709/1514/366
f 2712/1515/367 2714/1517/368 2713/1518/368 2711/1516/367
f 2714/1517/368 2716/1519/369 2715/1520/369 2713/1518/368
f 2716/1519/369 2718/1521/370 2717/1522/370 2715/1520/369
f 2718/1521/370 2720/1523/371 2719/1524/371 2717/1522/370
f 2720/1523/371 2722/1525/372 2721/1526/372 2719/1524/371
f 2722/1525/372 2724/1527/373 2723/1528/373 2721/1526/372
f 2724/1527/373 2726/1529/374 2725/1530/374 2723/1528/373
f 2726/1529/374 2728/1531/375 2727/1532/375 2725/1530/374
f 2728/1531/375 2730/1533/376 2729/1534/376 2727/1532/375
f 2730/1533/376 2732/1535/377 2731/1536/377 2729/1534/376
f 2732/1535/377 2734/1537/378 2733/1538/378 2731/1536/377
f 2734/1537/378 2736/1539/379 2735/1540/379 2733/1538/378
f 2736/1539/379 2738/1541/380 2737/1542/380 2735/1540/379
f 2738/1541/380 2740/1543/381 2739/1544/381 2737/1542/380
f 2740/1543/381 2742/1545/382 2741/1546/382 2739/1544/381
f 2742/1545/382 2744/1547/383 2743/1548/383 2741/1546/382
f 2744/1547/383 2746/1549/384 2745/1550/384 2743/1548/383
f 2746/1549/384 2748/1551/385 2747/1552/385 2745/1550/384
f 2748/1551/385 2750/1553/386 2749/1554/386 2747/1552/385
f 2750/1553/386 2752/1555/387 2751/1556/387 2749/1554/386
f 2752/1555/387 2754/1557/388 2753/1558/388 2751/1556/387
f 2754/1557/388 2756/1559/389 2755/1560/389 2753/1558/388
f 2756/1559/389 2758/1561/390 2757/1562/390 2755/1560/389
f 2758/1561/390 2760/1563/391 2759/1564/391 2757/1562/390
f 2760/1563/391 2762/1565/392 2761/1566/392 2759/1564/391
f 2762/1565/392 2764/1567/393 2763/1568/393 2761/1566/392
f 2764/1567/393 2766/1569/394 2765/1570/394 2763/1568/393
f 2766/1569/394 2768/1571/395 2767/1572/395 2765/1570/394
f 2768/1571/395 2770/1573/396 2769/1574/396 2767/1572/395
f 2770/1573/396 2772/1575/397 2771/1576/397 2769/1574/396
f 2772/1575/397 2774/1577/398 2773/1578/398 2771/1576/397
f 2774/1577/398 2776/1579/399 2775/1580/399 2773/1578/398
f 2776/1579/399 2556/1074/290 2555/70/290 2775/1580/399
f 2778/832/400 2780/1581/401 2779/1582/401 2777/146/400
f 2780/1581/401 2782/1583/402 2781/1584/402 2779/1582/401
f 2782/1583/402 2784/1585/403 2783/1586/403 2781/1584/402
f 2784/1585/403 2786/1587/404 2785/1588/404 2783/1586/403
f 2786/1587/404 2788/1589/405 2787/1590/405 2785/1588/404
f 2788/1589/405 2790/1591/406 2789/1592/406 2787/1590/405
f 2790/1591/406 2792/1593/407 2791/1594/407 2789/1592/406
f 2792/1593/407 2794/1595/408 2793/1596/408 2791/1594/407
f 2794/1595/408 2796/1597/409 2795/1598/409 2793/1596/408
f 2796/1597/409 2798/1599/410 2797/1600/410 2795/1598/409
f 2798/1599/410 2800/1601/411 2799/1602/411 2797/1600/410
f 2800/1601/411 2802/1603/412 2801/1604/412 2799/1602/411
f 2802/1603/412 2804/953/413 2803/23/413 2801/1604/412
f 2804/953/413 2806/1605/414 2805/1606/414 2803/23/413
f 2806/1605/414 2808/1607/415 2807/1608/415 2805/1606/414
f 2808/1607/415 2810/1609/416 2809/1610/416 2807/1608/415
f 2810/1609/416 2812/1611/417 2811/1612/417 2809/1610/416
f 2812/1611/417 2814/1613/418 2813/1614/418 2811/1612/417
f 2814/1613/418 2816/1615/419 2815/1616/419 2813/1614/418
f 2816/1615/419 2818/1617/420 2817/1618/420 2815/1616/419
f 2818/1617/420 2820/1619/421 2819/1620/421 2817/1618/420
f 2820/1619/421 2822/1621/422 2821/1622/422 2819/1620/421
f 2822/1621/422 2824/1623/423 2823/1624/423 2821/1622/422
f 2824/1623/423 2826/1625/424 2825/1626/424 2823/1624/423
f 2826/1625/424 2828/1627/425 2827/1628/425 2825/1626/424
f 2828/1627/425 2778/1074/400 2777/70/400 2827/1628/425
f 2830/832/426 2832/1581/427 2831/1582/427 2829/146/426
f 2832/1581/427 2834/1583/428 2833/1584/428 2831/1582/427
f 2834/1583/428 2836/1585/429 2835/1586/429 2833/1584/428
f 2836/1585/429 2838/1587/430 2837/1588/430 2835/1586/429
f 2838/1587/430 2840/1589/431 2839/1590/431 2837/1588/430
f 2840/1589/431 2842/1591/432 2841/1592/432 2839/1590/431
f 2842/1591/432 2844/1593/433 2843/1594/433 2841/1592/432
f 2844/1593/433 2846/1595/434 2845/1596/434 2843/1594/433
f 2846/1595/434 2848/1597/435 2847/1598/435 2845/1596/434
f 2848/1597/435 2850/1599/436 2849/1600/436 2847/1598/435
f 2850/1599/436 2852/1601/437 2851/1602/437 2849/1600/436
f 2852/1601/437 2854/1603/438 2853/1604/438 2851/1602/437
f 2854/1603/438 2856/953/439 2855/23/439 2853/1604/438
f 2856/953/439 2858/1605/440 2857/1606/440 2855/23/439
f 2858/1605/440 2860/1607/441 2859/1608/441 2857/1606/440
f 2860/1607/441 2862/1609/442 2861/1610/442 2859/1608/441
f 2862/1609/442 2864/1611/443 2863/1612/443 2861/1610/442
f 2864/1611/443 2866/1613/444 2865/1614/444 2863/1612/443
f 2866/1613/444 2868/1615/445 2867/1616/445 2865/1614/444
f 2868/1615/445 2870/1617/446 2869/1618/446 2867/1616/445
f 2870/1617/446 2872/1619/447 2871/1620/447 2869/1618/446
f 2872/1619/447 2874/1621/448 2873/1622/448 2871/1620/447
f 2874/1621/448 2876/1623/449 2875/1624/449 2873/1622/448
f 2876/1623/449 2878/1625/450 2877/1626/450 2875/1624/449
f 2878/1625/450 2880/1627/451 2879/1628/451 2877/1626/450
f 2880/1627/451 2830/1074/426 2829/70/426 2879/1628/451
f 2882/832/452 2884/1629/453 2883/1630/453 2881/146/452
f 2884/1629/453 2886/1631/454 2885/1632/454 2883/1630/453
f 2886/1631/454 2888/1633/455 2887/1634/455 2885/1632/454
f 2888/1633/455 2890/1635/456 2889/1636/456 2887/1634/455
f 2890/1635/456 2892/1637/457 2891/1638/457 2889/1636/456
f 2892/1637/457 2894/1639/458 2893/1640/458 2891/1638/457
f 2894/1639/458 2896/1641/459 2895/1642/459 2893/1640/458
f 2896/1641/459 2898/1643/460 2897/1644/460 2895/1642/459
f 2898/1643/460 2900/1645/461 2899/1646/461 2897/1644/460
f 2900/1645/461 2902/1647/462 2901/1648/462 2899/1646/461
f 2902/1647/462 2904/1649/463 2903/1650/463 2901/1648/462
f 2904/1649/463 2906/1651/464 2905/1652/464 2903/1650/463
f 2906/1651/464 2908/1653/465 2907/1654/465 2905/1652/464
f 2908/1653/465 2910/1655/466 2909/1656/466 2907/1654/465
f 2910/1655/466 2912/1657/467 2911/1658/467 2909/1656/466
f 2912/1657/467 2914/1659/468 2913/1660/468 2911/1658/467
f 2914/1659/468 2916/1661/469 2915/1662/469 2913/1660/468
f 2916/1661/469 2918/1663/470 2917/1664/470 2915/1662/469
f 2918/1663/470 2920/1665/471 2919/1666/471 2917/1664/470
f 2920/1665/471 2922/1667/472 2921/1668/472 2919/1666/471
f 2922/1667/472 2924/1669/473 2923/1670/473 2921/1668/472
f 2924/1669/473 2926/1671/474 2925/1672/474 2923/1670/473
f 2926/1671/474 2928/1673/475 2927/1674/475 2925/1672/474
f 2928/1673/475 2930/1675/476 2929/1676/476 2927/1674/475
f 2930/1675/476 2932/1677/477 2931/1678/477 2929/1676/476
f 2932/1677/477 2934/1679/478 2933/1680/478 2931/1678/477
f 2934/1679/478 2936/1681/479 2935/1682/479 2933/1680/478
f 2936/1681/479 2938/1683/480 2937/1684/480 2935/1682/479
f 2938/1683/480 2940/1685/481 2939/1686/481 2937/1684/480
f 2940/1685/481 2942/1687/482 2941/1688/482 2939/1686/481
f 2942/1687/482 2944/1689/483 2943/1690/483 2941/1688/482
f 2944/1689/483 2946/1691/484 2945/1692/484 2943/1690/483
f 2946/1691/484 2948/1693/485 2947/1694/485 2945/1692/484
f 2948/1693/485 2950/1695/486 2949/1696/486 2947/1694/485
f 2950/1695/486 2952/1697/487 2951/1698/487 2949/1696/486
f 2952/1697/487 2954/1699/488 2953/1700/488 2951/1698/487
f 2954/1699/488 2956/1701/489 2955/1702/489 2953/1700/488
f 2956/1701/489 2958/1703/490 2957/1704/490 2955/1702/489
f 2958/1703/490 2960/1705/491 2959/1706/491 2957/1704/490
f 2960/1705/491 2962/1707/492 2961/1708/492 2959/1706/491
f 2962/1707/492 2964/1709/493 2963/1710/493 2961/1708/492
f 2964/1709/493 2966/1711/494 2965/1712/494 2963/1710/493
f 2966/1711/494 2968/1713/495 2967/1714/495 2965/1712/494
f 2968/1713/495 2970/1715/496 2969/1716/496 2967/1714/495
f 2970/1715/496 2972/1717/497 2971/1718/497 2969/1716/496
f 2972/1717/497 2974/1719/498 2973/1720/498 2971/1718/497
f 2974/1719/498 2976/1721/499 2975/1722/499 2973/1720/498
f 2976/1721/499 2978/1723/500 2977/1724/500 2975/1722/499
f 2978/1723/500 2980/1725/501 2979/1726/501 2977/1724/500
f 2980/1725/501 2982/1727/502 2981/1728/502 2979/1726/501
f 2982/1727/502 2984/1729/503 2983/1730/503 2981/1728/502
f 2984/1729/503 2986/1731/504 2985/1732/504 2983/1730/503
f 2986/1731/504 2988/1733/505 2987/1734/505 2985/1732/504
f 2988/1733/505 2990/1735/506 2989/1736/506 2987/1734/505
f 2990/1735/506 2992/1737/507 2991/1738/507 2989/1736/506
f 2992/1737/507 2994/1739/508 2993/1740/508 2991/1738/507
f 2994/1739/508 2996/1741/509 2995/1742/509 2993/1740/508
f 2996/1741/509 2998/1743/510 2997/1744/510 2995/1742/509
f 2998/1743/510 3000/1139/511 2999/563/511 2997/1744/510
f 3000/1139/511 3002/1745/512 3001/1746/512 2999/563/511
f 3002/1745/512 3004/1747/513 3003/1748/513 3001/1746/512
f 3004/1747/513 3006/1749/514 3005/1750/514 3003/1748/513
f 3006/1749/514 3008/1751/515 3007/1752/515 3005/1750/514
f 3008/1751/515 3010/1753/516 3009/1754/516 3007/1752/515
f 3010/1753/516 3012/1755/517 3011/1756/517 3009/1754/516
f 3012/1755/517 3014/1757/518 3013/1758/518 3011/1756/517
f 3014/1757/518 3016/1759/519 3015/1760/519 3013/1758/518
f 3016/1759/519 3018/1761/520 3017/1762/520 3015/1760/519
f 3018/1761/520 3020/1763/521 3019/1764/521 3017/1762/520
f 3020/1763/521 3022/1765/522 3021/1766/522 3019/1764/521
f 3022/1765/522 3024/1767/523 3023/1768/523 3021/1766/522
f 3024/1767/523 3026/1769/524 3025/1770/524 3023/1768/523
f 3026/1769/524 3028/1771/525 3027/1772/525 3025/1770/524
f 3028/1771/525 3030/1773/526 3029/1774/526 3027/1772/525
f 3030/1773/526 3032/1775/527 3031/1776/527 3029/1774/526
f 3032/1775/527 3034/1777/528 3033/1778/528 3031/1776/527
f 3034/1777/528 3036/1779/529 3035/1780/529 3033/1778/528
f 3036/1779/529 3038/1781/530 3037/1782/530 3035/1780/529
f 3038/1781/530 3040/1783/531 3039/1784/531 3037/1782/530
f 3040/1783/531 3042/1785/532 3041/1786/532 3039/1784/531
f 3042/1785/532 3044/1787/533 3043/1788/533 3041/1786/532
f 3044/1787/533 3046/1789/534 3045/1790/534 3043/1788/533
f 3046/1789/534 3048/1791/535 3047/1792/535 3045/1790/534
f 3048/1791/535 3050/1793/536 3049/1794/536 3047/1792/535
f 3050/1793/536 3052/1795/537 3051/1796/537 3049/1794/536
f 3052/1795/537 3054/1797/538 3053/1798/538 3051/1796/537
f 3054/1797/538 3056/1799/539 3055/1800/539 3053/1798/538
f 3056/1799/539 3058/1801/540 3057/1802/540 3055/1800/539
f 3058/1801/540 3060/1803/541 3059/1804/541 3057/1802/540
f 3060/1803/541 3062/1805/542 3061/1806/542 3059/1804/541
f 3062/1805/542 3064/1807/543 3063/1808/543 3061/1806/542
f 3064/1807/543 3066/1809/544 3065/1810/544 3063/1808/543
f 3066/1809/544 3068/1811/545 3067/1812/545 3065/1810/544
f 3068/1811/545 3070/1813/546 3069/1814/546 3067/1812/545
f 3070/1813/546 3072/1815/547 3071/1816/547 3069/1814/546
f 3072/1815/547 3074/1817/548 3073/1818/548 3071/1816/547
f 3074/1817/548 3076/1819/549 3075/1820/549 3073/1818/548
f 3076/1819/549 3078/1821/550 3077/1822/550 3075/1820/549
f 3078/1821/550 3080/1823/551 3079/1824/551 3077/1822/550
f 3080/1823/551 3082/1825/552 3081/1826/552 3079/1824/551
f 3082/1825/552 3084/1827/553 3083/1828/553 3081/1826/552
f 3084/1827/553 3086/1829/554 3085/1830/554 3083/1828/553
f 3086/1829/554 3088/1831/555 3087/1832/555 3085/1830/554
f 3088/1831/555 3090/1833/556 3089/1834/556 3087/1832/555
f 3090/1833/556 3092/1835/557 3091/1836/557 3089/1834/556
f 3092/1835/557 3094/1837/558 3093/1838/558 3091/1836/557
f 3094/1837/558 3096/1839/559 3095/1840/559 3093/1838/558
f 3096/1839/559 3098/1841/560 3097/1842/560 3095/1840/559
f 3098/1841/560 3100/1843/561 3099/1844/561 3097/1842/560
f 3100/1843/561 3102/1845/562 3101/1846/562 3099/1844/561
f 3102/1845/562 3104/1847/563 3103/1848/563 3101/1846/562
f 3104/1847/563 3106/1849/564 3105/1850/564 3103/1848/563
f 3106/1849/564 3108/1851/565 3107/1852/565 3105/1850/564
f 3108/1851/565 3110/1853/566 3109/1854/566 3107/1852/565
f 3110/1853/566 3112/1855/567 3111/1856/567 3109/1854/566
f 3112/1855/567 3114/1857/568 3113/1858/568 3111/1856/567
f 3114/1857/568 3116/1859/569 3115/1860/569 3113/1858/568
f 3116/1859/569 3118/1148/570 3117/444/570 3115/1860/569
f 3118/1148/570 3120/1861/571 3119/1862/571 3117/444/570
f 3120/1861/571 3122/1863/572 3121/1864/572 3119/1862/571
f 3122/1863/572 3124/1865/573 3123/1866/573 3121/1864/572
f 3124/1865/573 3126/1867/574 3125/1868/574 3123/1866/573
f 3126/1867/574 3128/1869/575 3127/1870/575 3125/1868/574
f 3128/1869/575 3130/1871/576 3129/1872/576 3127/1870/575
f 3130/1871/576 3132/1873/577 3131/1874/577 3129/1872/576
f 3132/1873/577 3134/1875/578 3133/1876/578 3131/1874/577
f 3134/1875/578 3136/1877/26 3135/1878/26 3133/1876/578
f 3136/1877/26 3138/1879/579 3137/1880/579 3135/1878/26
f 3138/1879/579 3140/1881/580 3139/1882/580 3137/1880/579
f 3140/1881/580 3142/1883/581 3141/1884/581 3139/1882/580
f 3142/1883/581 3144/1885/582 3143/1886/582 3141/1884/581
f 3144/1885/582 3146/1887/583 3145/1888/583 3143/1886/582
f 3146/1887/583 3148/1889/584 3147/1890/584 3145/1888/583
f 3148/1889/584 3150/1891/585 3149/1892/585 3147/1890/584
f 3150/1891/585 3152/1893/586 3151/1894/586 3149/1892/585
f 3152/1893/586 3154/1895/587 3153/1896/587 3151/1894/586
f 3154/1895/587 3156/1897/588 3155/1898/588 3153/1896/587
f 3156/1897/588 3158/1899/589 3157/1900/589 3155/1898/588
f 3158/1899/589 3160/1901/590 3159/1902/590 3157/1900/589
f 3160/1901/590 3162/1903/591 3161/1904/591 3159/1902/590
f 3162/1903/591 3164/1905/592 3163/1906/592 3161/1904/591
f 3164/1905/592 3166/1907/593 3165/1908/593 3163/1906/592
f 3166/1907/593 3168/1909/594 3167/1910/594 3165/1908/593
f 3168/1909/594 3170/1911/595 3169/1912/595 3167/1910/594
f 3170/1911/595 3172/1913/596 3171/1914/596 3169/1912/595
f 3172/1913/596 3174/1915/597 3173/1916/597 3171/1914/596
f 3174/1915/597 3176/1917/598 3175/1918/598 3173/1916/597
f 3176/1917/598 3178/1919/599 3177/1920/599 3175/1918/598
f 3178/1919/599 3180/1921/600 3179/1922/600 3177/1920/599
f 3180/1921/600 3182/1923/601 3181/1924/601 3179/1922/600
f 3182/1923/601 3184/1925/602 3183/1926/602 3181/1924/601
f 3184/1925/602 3186/1927/603 3185/1928/603 3183/1926/602
f 3186/1927/603 3188/1929/604 3187/1930/604 3185/1928/603
f 3188/1929/604 3190/1931/605 3189/1932/605 3187/1930/604
f 3190/1931/605 3192/1933/606 3191/1934/606 3189/1932/605
f 3192/1933/606 3194/1935/607 3193/1936/607 3191/1934/606
f 3194/1935/607 3196/1937/608 3195/1938/608 3193/1936/607
f 3196/1937/608 3198/1939/609 3197/1940/609 3195/1938/608
f 3198/1939/609 3200/1941/610 3199/1942/610 3197/1940/609
f 3200/1941/610 3202/1943/611 3201/1944/611 3199/1942/610
f 3202/1943/611 3204/1945/612 3203/1946/612 3201/1944/611
f 3204/1945/612 3206/1947/613 3205/1948/613 3203/1946/612
f 3206/1947/613 3208/1949/614 3207/1950/614 3205/1948/613
f 3208/1949/614 3210/1951/615 3209/1952/615 3207/1950/614
f 3210/1951/615 3212/1953/616 3211/1954/616 3209/1952/615
f 3212/1953/616 3214/1955/617 3213/1956/617 3211/1954/616
f 3214/1955/617 3216/1957/618 3215/1958/618 3213/1956/617
f 3216/1957/618 3218/1959/619 3217/1960/619 3215/1958/618
f 3218/1959/619 3220/1961/620 3219/1962/620 3217/1960/619
f 3220/1961/620 3222/1963/621 3221/1964/621 3219/1962/620
f 3222/1963/621 3224/1965/622 3223/1966/622 3221/1964/621
f 3224/1965/622 3226/1967/623 3225/1968/623 3223/1966/622
f 3226/1967/623 3228/1969/624 3227/1970/624 3225/1968/623
f 3228/1969/624 3230/1971/625 3229/1972/625 3227/1970/624
f 3230/1971/625 3232/1973/626 3231/1974/626 3229/1972/625
f 3232/1973/626 3234/1975/627 3233/1976/627 3231/1974/626
f 3234/1975/627 2882/1074/452 2881/70/452 3233/1976/627
f 3236/832/628 3238/1977/629 3237/1978/629 3235/146/628
f 3238/1977/629 3240/1979/630 3239/1980/630 3237/1978/629
f 3240/1979/630 3242/1981/631 3241/1982/631 3239/1980/630
f 3242/1981/631 3244/1983/632 3243/1984/632 3241/1982/631
f 3244/1983/632 3246/1985/633 3245/1986/633 3243/1984/632
f 3246/1985/633 3248/1987/634 3247/1988/634 3245/1986/633
f 3248/1987/634 3250/1989/635 3249/181/635 3247/1988/634
f 3250/1989/635 3252/1990/636 3251/1991/636 3249/181/635
f 3252/1990/636 3254/1992/637 3253/1993/637 3251/1991/636
f 3254/1992/637 3256/1994/638 3255/1995/638 3253/1993/637
f 3256/1994/638 3258/1189/639 3257/1190/639 3255/1995/638
f 3258/1189/639 3260/1996/640 3259/1997/640 3257/1190/639
f 3260/1996/640 3262/1998/641 3261/1999/641 3259/1997/640
f 3262/1998/641 3264/2000/642 3263/182/642 3261/1999/641
f 3264/2000/642 3266/2001/643 3265/2002/643 3263/182/642
f 3266/2001/643 3268/2003/644 3267/2004/644 3265/2002/643
f 3268/2003/644 3270/2005/645 3269/2006/645 3267/2004/644
f 3270/2005/645 3272/2007/646 3271/2008/646 3269/2006/645
f 3272/2007/646 3274/2009/647 3273/2010/647 3271/2008/646
f 3274/2009/647 3276/2011/648 3275/2012/648 3273/2010/647
f 3276/2011/648 3278/2013/588 3277/196/588 3275/2012/648
f 3278/2013/588 3280/1217/649 3279/1218/649 3277/196/588
f 3280/1217/649 3282/2014/650 3281/2015/650 3279/1218/649
f 3282/2014/650 3284/2016/651 3283/2017/651 3281/2015/650
f 3284/2016/651 3286/2018/652 3285/2019/652 3283/2017/651
f 3286/2018/652 3288/2020/653 3287/2021/653 3285/2019/652
f 3288/2020/653 3290/2022/654 3289/2023/654 3287/2021/653
f 3290/2022/654 3292/2024/655 3291/211/655 3289/2023/654
f 3292/2024/655 3294/2025/656 3293/2026/656 3291/211/655
f 3294/2025/656 3296/2027/657 3295/2028/657 3293/2026/656
f 3296/2027/657 3298/2029/658 3297/2030/658 3295/2028/657
f 3298/2029/658 3300/2031/659 3299/2032/659 3297/2030/658
f 3300/2031/659 3302/1245/660 3301/1246/660 3299/2032/659
f 3302/1245/660 3304/2033/661 3303/2034/661 3301/1246/660
f 3304/2033/661 3306/2035/662 3305/227/662 3303/2034/661
f 3306/2035/662 3308/2036/663 3307/2037/663 3305/227/662
f 3308/2036/663 3310/2038/664 3309/2039/664 3307/2037/663
f 3310/2038/664 3312/2040/665 3311/2041/665 3309/2039/664
f 3312/2040/665 3314/2042/666 3313/2043/666 3311/2041/665
f 3314/2042/666 3316/2044/667 3315/2045/667 3313/2043/666
f 3316/2044/667 3318/2046/668 3317/2047/668 3315/2045/667
f 3318/2046/668 3320/2048/669 3319/215/669 3317/2047/668
f 3320/2048/669 3322/2049/670 3321/2050/670 3319/215/669
f 3322/2049/670 3324/1271/671 3323/1272/671 3321/2050/670
f 3324/1271/671 3326/2051/672 3325/2052/672 3323/1272/671
f 3326/2051/672 3328/2053/673 3327/2054/673 3325/2052/672
f 3328/2053/673 3330/2055/674 3329/2056/674 3327/2054/673
f 3330/2055/674 3332/2057/675 3331/2058/675 3329/2056/674
f 3332/2057/675 3334/2059/676 3333/243/676 3331/2058/675
f 3334/2059/676 3336/2060/677 3335/2061/677 3333/243/676
f 3336/2060/677 3338/2062/678 3337/2063/678 3335/2061/677
f 3338/2062/678 3340/2064/679 3339/2065/679 3337/2063/678
f 3340/2064/679 3342/2066/680 3341/2067/680 3339/2065/679
f 3342/2066/680 3344/2068/681 3343/2069/681 3341/2067/680
f 3344/2068/681 3346/1299/682 3345/1300/682 3343/2069/681
f 3346/1299/682 3348/2070/683 3347/257/683 3345/1300/682
f 3348/2070/683 3350/2071/684 3349/2072/684 3347/257/683
f 3350/2071/684 3352/2073/685 3351/2074/685 3349/2072/684
f 3352/2073/685 3354/2075/686 3353/2076/686 3351/2074/685
f 3354/2075/686 3356/2077/687 3355/2078/687 3353/2076/686
f 3356/2077/687 3358/2079/688 3357/2080/688 3355/2078/687
f 3358/2079/688 3360/2081/689 3359/2082/689 3357/2080/688
f 3360/2081/689 3362/2083/690 3361/242/690 3359/2082/689
f 3362/2083/690 3364/2084/691 3363/2085/691 3361/242/690
f 3364/2084/691 3366/2086/692 3365/2087/692 3363/2085/691
f 3366/2086/692 3368/1327/693 3367/1328/693 3365/2087/692
f 3368/1327/693 3370/2088/694 3369/2089/694 3367/1328/693
f 3370/2088/694 3372/2090/695 3371/2091/695 3369/2089/694
f 3372/2090/695 3374/2092/696 3373/2093/696 3371/2091/695
f 3374/2092/696 3376/2094/697 3375/230/697 3373/2093/696
f 3376/2094/697 3378/2095/698 3377/2096/698 3375/230/697
f 3378/2095/698 3380/2097/699 3379/2098/699 3377/2096/698
f 3380/2097/699 3382/2099/700 3381/2100/700 3379/2098/699
f 3382/2099/700 3384/2101/701 3383/2102/701 3381/2100/700
f 3384/2101/701 3386/2103/702 3385/2104/702 3383/2102/701
f 3386/2103/702 3388/2105/703 3387/2106/703 3385/2104/702
f 3388/2105/703 3236/1074/628 3235/70/628 3387/2106/703
f 3390/832/704 3392/2107/705 3391/2108/705 3389/146/704
f 3392/2107/705 3394/2109/706 3393/2110/706 3391/2108/705
f 3394/2109/706 3396/2111/707 3395/2112/707 3393/2110/706
f 3396/2111/707 3398/2113/708 3397/2114/708 3395/2112/707
f 3398/2113/708 3400/2115/709 3399/2116/709 3397/2114/708
f 3400/2115/709 3402/2117/710 3401/2118/710 3399/2116/709
f 3402/2117/710 3404/2119/711 3403/2120/711 3401/2118/710
f 3404/2119/711 3406/2121/712 3405/2122/712 3403/2120/711
f 3406/2121/712 3408/2123/713 3407/2124/713 3405/2122/712
f 3408/2123/713 3410/2125/714 3409/2126/714 3407/2124/713
f 3410/2125/714 3412/2127/715 3411/2128/715 3409/2126/714
f 3412/2127/715 3414/2129/716 3413/2130/716 3411/2128/715
f 3414/2129/716 3416/2131/717 3415/2132/717 3413/2130/716
f 3416/2131/717 3418/2133/718 3417/2134/718 3415/2132/717
f 3418/2133/718 3420/2135/719 3419/2136/719 3417/2134/718
f 3420/2135/719 3422/2137/720 3421/2138/720 3419/2136/719
f 3422/2137/720 3424/2139/721 3423/2140/721 3421/2138/720
f 3424/2139/721 3426/2141/722 3425/2142/722 3423/2140/721
f 3426/2141/722 3428/2143/723 3427/2144/723 3425/2142/722
f 3428/2143/723 3430/2145/724 3429/2146/724 3427/2144/723
f 3430/2145/724 3432/2147/725 3431/2148/725 3429/2146/724
f 3432/2147/725 3434/2149/726 3433/2150/726 3431/2148/725
f 3434/2149/726 3436/2151/727 3435/2152/727 3433/2150/726
f 3436/2151/727 3438/2153/728 3437/2154/728 3435/2152/727
f 3438/2153/728 3440/2155/729 3439/2156/729 3437/2154/728
f 3440/2155/729 3442/2157/730 3441/2158/730 3439/2156/729
f 3442/2157/730 3444/2159/731 3443/2160/731 3441/2158/730
f 3444/2159/731 3446/2161/732 3445/2162/732 3443/2160/731
f 3446/2161/732 3448/2163/733 3447/2164/733 3445/2162/732
f 3448/2163/733 3450/2165/734 3449/2166/734 3447/2164/733
f 3450/2165/734 3452/2167/735 3451/2168/735 3449/2166/734
f 3452/2167/735 3454/2169/736 3453/2170/736 3451/2168/735
f 3454/2169/736 3456/2171/737 3455/2172/737 3453/2170/736
f 3456/2171/737 3458/2173/738 3457/2174/738 3455/2172/737
f 3458/2173/738 3460/2175/739 3459/2176/739 3457/2174/738
f 3460/2175/739 3462/2177/740 3461/2178/740 3459/2176/739
f 3462/2177/740 3464/2179/741 3463/2180/741 3461/2178/740
f 3464/2179/741 3466/2181/742 3465/2182/742 3463/2180/741
f 3466/2181/742 3468/2183/743 3467/2184/743 3465/2182/742
f 3468/2183/743 3470/2185/744 3469/2186/744 3467/2184/743
f 3470/2185/744 3472/2187/745 3471/2188/745 3469/2186/744
f 3472/2187/745 3474/2189/746 3473/2190/746 3471/2188/745
f 3474/2189/746 3476/2191/747 3475/2192/747 3473/2190/746
f 3476/2191/747 3478/2193/12 3477/2194/12 3475/2192/747
f 3478/2193/12 3480/2195/748 3479/2196/748 3477/2194/12
f 3480/2195/748 3482/2197/749 3481/2198/749 3479/2196/748
f 3482/2197/749 3484/2199/750 3483/2200/750 3481/2198/749
f 3484/2199/750 3486/2201/751 3485/2202/751 3483/2200/750
f 3486/2201/751 3488/2203/752 3487/2204/752 3485/2202/751
f 3488/2203/752 3490/2205/753 3489/2206/753 3487/2204/752
f 3490/2205/753 3492/2207/754 3491/2208/754 3489/2206/753
f 3492/2207/754 3494/2209/755 3493/2210/755 3491/2208/754
f 3494/2209/755 3496/2211/756 3495/2212/756 3493/2210/755
f 3496/2211/756 3498/2213/757 3497/2214/757 3495/2212/756
f 3498/2213/757 3500/2215/758 3499/2216/758 3497/2214/757
f 3500/2215/758 3502/2217/759 3501/2218/759 3499/2216/758
f 3502/2217/759 3504/2219/760 3503/2220/760 3501/2218/759
f 3504/2219/760 3506/2221/761 3505/2222/761 3503/2220/760
f 3506/2221/761 3508/2223/762 3507/2224/762 3505/2222/761
f 3508/2223/762 3510/2225/763 3509/2226/763 3507/2224/762
f 3510/2225/763 3512/2227/764 3511/2228/764 3509/2226/763
f 3512/2227/764 3514/2229/765 3513/2230/765 3511/2228/764
f 3514/2229/765 3516/2231/766 3515/2232/766 3513/2230/765
f 3516/2231/766 3518/2233/767 3517/2234/767 3515/2232/766
f 3518/2233/767 3520/2235/768 3519/2236/768 3517/2234/767
f 3520/2235/768 3522/2237/769 3521/2238/769 3519/2236/768
f 3522/2237/769 3524/2239/770 3523/2240/770 3521/2238/769
f 3524/2239/770 3526/2241/771 3525/2242/771 3523/2240/770
f 3526/2241/771 3528/2243/772 3527/2244/772 3525/2242/771
f 3528/2243/772 3530/2245/773 3529/2246/773 3527/2244/772
f 3530/2245/773 3532/2247/774 3531/2248/774 3529/2246/773
f 3532/2247/774 3534/2249/775 3533/2250/775 3531/2248/774
f 3534/2249/775 3536/2251/776 3535/2252/776 3533/2250/775
f 3536/2251/776 3538/2253/777 3537/2254/777 3535/2252/776
f 3538/2253/777 3540/2255/778 3539/2256/778 3537/2254/777
f 3540/2255/778 3542/2257/779 3541/2258/779 3539/2256/778
f 3542/2257/779 3544/2259/780 3543/2260/780 3541/2258/779
f 3544/2259/780 3546/2261/780 3545/2262/780 3543/2260/780
f 3546/2261/780 3548/2263/780 3547/2264/780 3545/2262/780
f 3548/2263/780 3550/2265/780 3549/2266/780 3547/2264/780
f 3550/2265/780 3552/2267/780 3551/2268/780 3549/2266/780
f 3552/2267/780 3554/2269/780 3553/2270/780 3551/2268/780
f 3554/2269/780 3556/2271/780 3555/2272/780 3553/2270/780
f 3556/2271/780 3558/2273/780 3557/2274/780 3555/2272/780
f 3558/2273/780 3560/2275/780 3559/2276/780 3557/2274/780
f 3560/2275/780 3562/2277/780 3561/2278/780 3559/2276/780
f 3562/2277/780 3564/2279/780 3563/2280/780 3561/2278/780
f 3564/2279/780 3566/2281/781 3565/2282/781 3563/2280/780
f 3566/2281/781 3390/1074/704 3389/70/704 3565/2282/781
f 3568/832/780 3570/2283/780 3569/2284/780 3567/146/780
f 3570/2283/780 3572/2285/780 3571/2286/780 3569/2284/780
f 3572/2285/780 3574/2287/780 3573/2288/780 3571/2286/780
f 3574/2287/780 3576/2289/780 3575/2290/780 3573/2288/780
f 3576/2289/780 3578/2291/780 3577/2292/780 3575/2290/780
f 3578/2291/780 3580/2293/780 3579/2294/780 3577/2292/780
f 3580/2293/780 3582/2295/780 3581/2296/780 3579/2294/780
f 3582/2295/780 3584/2297/780 3583/2298/780 3581/2296/780
f 3584/2297/780 3586/1989/780 3585/181/780 3583/2298/780
f 3586/1989/780 3588/2299/780 3587/2300/780 3585/181/780
f 3588/2299/780 3590/1133/782 3589/424/782 3587/2300/780
f 3590/1133/782 3592/2301/783 3591/2302/783 3589/424/782
f 3592/2301/783 3594/2303/784 3593/2304/784 3591/2302/783
f 3594/2303/784 3596/2305/785 3595/2306/785 3593/2304/784
f 3596/2305/785 3598/2307/786 3597/2308/786 3595/2306/785
f 3598/2307/786 3600/2309/787 3599/2310/787 3597/2308/786
f 3600/2309/787 3602/2311/788 3601/2312/788 3599/2310/787
f 3602/2311/788 3604/2000/789 3603/182/789 3601/2312/788
f 3604/2000/789 3606/2313/790 3605/2314/790 3603/182/789
f 3606/2313/790 3608/2315/791 3607/2316/791 3605/2314/790
f 3608/2315/791 3610/2317/792 3609/2318/792 3607/2316/791
f 3610/2317/792 3612/1136/793 3611/479/793 3609/2318/792
f 3612/1136/793 3614/2319/794 3613/2320/794 3611/479/793
f 3614/2319/794 3616/2321/795 3615/2322/795 3613/2320/794
f 3616/2321/795 3618/2323/796 3617/2324/796 3615/2322/795
f 3618/2323/796 3620/2325/797 3619/2326/797 3617/2324/796
f 3620/2325/797 3622/2013/798 3621/196/798 3619/2326/797
f 3622/2013/798 3624/2327/799 3623/2328/799 3621/196/798
f 3624/2327/799 3626/2329/800 3625/2330/800 3623/2328/799
f 3626/2329/800 3628/2331/801 3627/2332/801 3625/2330/800
f 3628/2331/801 3630/2333/802 3629/2334/802 3627/2332/801
f 3630/2333/802 3632/2335/803 3631/2336/803 3629/2334/802
f 3632/2335/803 3634/1139/804 3633/563/804 3631/2336/803
f 3634/1139/804 3636/2337/805 3635/2338/805 3633/563/804
f 3636/2337/805 3638/2339/806 3637/2340/806 3635/2338/805
f 3638/2339/806 3640/2024/807 3639/211/807 3637/2340/806
f 3640/2024/807 3642/2341/808 3641/2342/808 3639/211/807
f 3642/2341/808 3644/2343/808 3643/2344/808 3641/2342/808
f 3644/2343/808 3646/2345/808 3645/2346/808 3643/2344/808
f 3646/2345/808 3648/2347/808 3647/2348/808 3645/2346/808
f 3648/2347/808 3650/2349/808 3649/2350/808 3647/2348/808
f 3650/2349/808 3652/2351/808 3651/2352/808 3649/2350/808
f 3652/2351/808 3654/2353/808 3653/2354/808 3651/2352/808
f 3654/2353/808 3656/1142/808 3655/555/808 3653/2354/808
f 3656/1142/808 3658/2035/808 3657/227/808 3655/555/808
f 3658/2035/808 3660/2355/808 3659/2356/808 3657/227/808
f 3660/2355/808 3662/2357/808 3661/2358/808 3659/2356/808
f 3662/2357/808 3664/2359/809 3663/2360/809 3661/2358/808
f 3664/2359/809 3666/2361/810 3665/2362/810 3663/2360/809
f 3666/2361/810 3668/2363/811 3667/2364/811 3665/2362/810
f 3668/2363/811 3670/2365/812 3669/2366/812 3667/2364/811
f 3670/2365/812 3672/2367/813 3671/2368/813 3669/2366/812
f 3672/2367/813 3674/2369/814 3673/2370/814 3671/2368/813
f 3674/2369/814 3676/2048/815 3675/215/815 3673/2370/814
f 3676/2048/815 3678/1145/816 3677/462/816 3675/215/815
f 3678/1145/816 3680/2371/817 3679/2372/817 3677/462/816
f 3680/2371/817 3682/2373/818 3681/2374/818 3679/2372/817
f 3682/2373/818 3684/2375/819 3683/2376/819 3681/2374/818
f 3684/2375/819 3686/2377/820 3685/2378/820 3683/2376/819
f 3686/2377/820 3688/2379/821 3687/2380/821 3685/2378/820
f 3688/2379/821 3690/2381/822 3689/2382/822 3687/2380/821
f 3690/2381/822 3692/2383/823 3691/2384/823 3689/2382/822
f 3692/2383/823 3694/2059/824 3693/243/824 3691/2384/823
f 3694/2059/824 3696/2385/825 3695/2386/825 3693/243/824
f 3696/2385/825 3698/2387/643 3697/2388/643 3695/2386/825
f 3698/2387/643 3700/1148/826 3699/444/826 3697/2388/643
f 3700/1148/826 3702/2389/827 3701/2390/827 3699/444/826
f 3702/2389/827 3704/2391/828 3703/2392/828 3701/2390/827
f 3704/2391/828 3706/2393/829 3705/2394/829 3703/2392/828
f 3706/2393/829 3708/2395/830 3707/2396/830 3705/2394/829
f 3708/2395/830 3710/2397/831 3709/2398/831 3707/2396/830
f 3710/2397/831 3712/2070/832 3711/257/832 3709/2398/831
f 3712/2070/832 3714/2399/833 3713/2400/833 3711/257/832
f 3714/2399/833 3716/2401/834 3715/2402/834 3713/2400/833
f 3716/2401/834 3718/2403/835 3717/2404/835 3715/2402/834
f 3718/2403/835 3720/2405/836 3719/2406/836 3717/2404/835
f 3720/2405/836 3722/1151/837 3721/504/837 3719/2406/836
f 3722/1151/837 3724/2407/838 3723/2408/838 3721/504/837
f 3724/2407/838 3726/2409/839 3725/2410/839 3723/2408/838
f 3726/2409/839 3728/2411/840 3727/2412/840 3725/2410/839
f 3728/2411/840 3730/2083/841 3729/242/841 3727/2412/840
f 3730/2083/841 3732/2413/842 3731/2414/842 3729/242/841
f 3732/2413/842 3734/2415/843 3733/2416/843 3731/2414/842
f 3734/2415/843 3736/2417/844 3735/2418/844 3733/2416/843
f 3736/2417/844 3738/2419/845 3737/2420/845 3735/2418/844
f 3738/2419/845 3740/2421/846 3739/2422/846 3737/2420/845
f 3740/2421/846 3742/2423/847 3741/2424/847 3739/2422/846
f 3742/2423/847 3744/1154/848 3743/512/848 3741/2424/847
f 3744/1154/848 3746/2425/849 3745/2426/849 3743/512/848
f 3746/2425/849 3748/2094/850 3747/230/850 3745/2426/849
f 3748/2094/850 3750/2427/851 3749/2428/851 3747/230/850
f 3750/2427/851 3752/2429/852 3751/2430/852 3749/2428/851
f 3752/2429/852 3754/2431/853 3753/2432/853 3751/2430/852
f 3754/2431/853 3756/2433/854 3755/2434/854 3753/2432/853
f 3756/2433/854 3758/2435/855 3757/2436/855 3755/2434/854
f 3758/2435/855 3760/2437/856 3759/2438/856 3757/2436/855
f 3760/2437/856 3762/2439/857 3761/2440/857 3759/2438/856
f 3762/2439/857 3764/2441/858 3763/2442/858 3761/2440/857
f 3764/2441/858 3568/1074/780 3567/70/780 3763/2442/858
f 3766/832/859 3768/2443/860 3767/2444/860 3765/146/859
f 3768/2443/860 3770/1369/861 3769/1370/861 3767/2444/860
f 3770/1369/861 3772/2445/862 3771/2446/862 3769/1370/861
f 3772/2445/862 3774/1375/863 3773/1376/863 3771/2446/862
f 3774/1375/863 3776/2447/864 3775/2448/864 3773/1376/863
f 3776/2447/864 3778/1381/865 3777/1382/865 3775/2448/864
f 3778/1381/865 3780/2449/866 3779/2450/866 3777/1382/865
f 3780/2449/866 3782/1387/867 3781/1388/867 3779/2450/866
f 3782/1387/867 3784/2451/868 3783/2452/868 3781/1388/867
f 3784/2451/868 3786/1393/869 3785/1394/869 3783/2452/868
f 3786/1393/869 3788/2453/870 3787/2454/870 3785/1394/869
f 3788/2453/870 3790/1399/871 3789/1400/871 3787/2454/870
f 3790/1399/871 3792/2455/872 3791/2456/872 3789/1400/871
f 3792/2455/872 3794/1405/873 3793/1406/873 3791/2456/872
f 3794/1405/873 3796/2457/874 3795/2458/874 3793/1406/873
f 3796/2457/874 3798/1411/875 3797/1412/875 3795/2458/874
f 3798/1411/875 3800/2459/876 3799/2460/876 3797/1412/875
f 3800/2459/876 3802/1417/877 3801/1418/877 3799/2460/876
f 3802/1417/877 3804/2461/878 3803/2462/878 3801/1418/877
f 3804/2461/878 3806/1423/879 3805/1424/879 3803/2462/878
f 3806/1423/879 3808/2463/880 3807/2464/880 3805/1424/879
f 3808/2463/880 3810/1429/881 3809/1430/881 3807/2464/880
f 3810/1429/881 3812/2465/882 3811/2466/882 3809/1430/881
f 3812/2465/882 3814/1435/883 3813/1436/883 3811/2466/882
f 3814/1435/883 3816/2467/884 3815/2468/884 3813/1436/883
f 3816/2467/884 3818/1439/885 3817/1440/885 3815/2468/884
f 3818/1439/885 3820/2469/886 3819/2470/886 3817/1440/885
f 3820/2469/886 3822/1445/887 3821/1446/887 3819/2470/886
f 3822/1445/887 3824/2471/888 3823/2472/888 3821/1446/887
f 3824/2471/888 3826/1451/889 3825/1452/889 3823/2472/888
f 3826/1451/889 3828/2473/890 3827/2474/890 3825/1452/889
f 3828/2473/890 3830/1457/891 3829/1458/891 3827/2474/890
f 3830/1457/891 3832/2475/892 3831/2476/892 3829/1458/891
f 3832/2475/892 3834/1463/893 3833/1464/893 3831/2476/892
f 3834/1463/893 3836/2477/894 3835/2478/894 3833/1464/893
f 3836/2477/894 3838/1469/895 3837/1470/895 3835/2478/894
f 3838/1469/895 3840/953/896 3839/23/896 3837/1470/895
f 3840/953/896 3842/1475/897 3841/1476/897 3839/23/896
f 3842/1475/897 3844/2479/898 3843/2480/898 3841/1476/897
f 3844/2479/898 3846/1481/899 3845/1482/899 3843/2480/898
f 3846/1481/899 3848/2481/900 3847/2482/900 3845/1482/899
f 3848/2481/900 3850/1487/901 3849/1488/901 3847/2482/900
f 3850/1487/901 3852/2483/902 3851/2484/902 3849/1488/901
f 3852/2483/902 3854/1493/903 3853/1494/903 3851/2484/902
f 3854/1493/903 3856/2485/904 3855/2486/904 3853/1494/903
f 3856/2485/904 3858/1499/905 3857/1500/905 3855/2486/904
f 3858/1499/905 3860/2487/906 3859/2488/906 3857/1500/905
f 3860/2487/906 3862/1505/907 3861/1506/907 3859/2488/906
f 3862/1505/907 3864/2489/908 3863/2490/908 3861/1506/907
f 3864/2489/908 3866/1509/909 3865/1510/909 3863/2490/908
f 3866/1509/909 3868/2491/910 3867/2492/910 3865/1510/909
f 3868/2491/910 3870/1515/911 3869/1516/911 3867/2492/910
f 3870/1515/911 3872/2493/912 3871/2494/912 3869/1516/911
f 3872/2493/912 3874/1521/913 3873/1522/913 3871/2494/912
f 3874/1521/913 3876/2495/914 3875/2496/914 3873/1522/913
f 3876/2495/914 3878/1527/915 3877/1528/915 3875/2496/914
f 3878/1527/915 3880/2497/916 3879/2498/916 3877/1528/915
f 3880/2497/916 3882/1533/917 3881/1534/917 3879/2498/916
f 3882/1533/917 3884/2499/918 3883/2500/918 3881/1534/917
f 3884/2499/918 3886/1539/919 3885/1540/919 3883/2500/918
f 3886/1539/919 3888/2501/920 3887/2502/920 3885/1540/919
f 3888/2501/920 3890/1545/921 3889/1546/921 3887/2502/920
f 3890/1545/921 3892/2503/922 3891/2504/922 3889/1546/921
f 3892/2503/922 3894/1551/923 3893/1552/923 3891/2504/922
f 3894/1551/923 3896/2505/924 3895/2506/924 3893/1552/923
f 3896/2505/924 3898/1557/925 3897/1558/925 3895/2506/924
f 3898/1557/925 3900/2507/926 3899/2508/926 3897/1558/925
f 3900/2507/926 3902/1563/927 3901/1564/927 3899/2508/926
f 3902/1563/927 3904/2509/928 3903/2510/928 3901/1564/927
f 3904/2509/928 3906/1569/929 3905/1570/929 3903/2510/928
f 3906/1569/929 3908/2511/930 3907/2512/930 3905/1570/929
f 3908/2511/930 3910/1575/931 3909/1576/931 3907/2512/930
f 3910/1575/931 3912/2513/932 3911/2514/932 3909/1576/931
f 3912/2513/932 3766/1074/859 3765/70/859 3911/2514/932
