# Blender 4.4.0
# www.blender.org
mtllib GAMEOVERFont.mtl
o テキスト
v -15.920834 2.342644 -1.399999
v -16.138618 2.311500 -1.399999
v -16.339584 2.260426 -1.399999
v -16.522907 2.190102 -1.399999
v -16.687754 2.101208 -1.399999
v -16.833303 1.994426 -1.399999
v -16.958727 1.870435 -1.399999
v -17.063200 1.729917 -1.399999
v -17.145895 1.573551 -1.399999
v -17.205986 1.402018 -1.399999
v -17.242645 1.216000 -1.399999
v -17.255049 1.016176 -1.399999
v -17.249105 0.880883 -1.399999
v -17.231424 0.751667 -1.399999
v -17.202221 0.628770 -1.399999
v -17.161716 0.512435 -1.399999
v -17.110126 0.402906 -1.399999
v -17.047674 0.300426 -1.399999
v -16.974575 0.205237 -1.399999
v -16.891048 0.117583 -1.399999
v -16.797316 0.037707 -1.399999
v -16.693592 -0.034148 -1.399999
v -16.580097 -0.097740 -1.399999
v -16.457050 -0.152824 -1.399999
v -16.562206 -0.227782 -1.399999
v -16.661283 -0.309157 -1.399999
v -16.755209 -0.396949 -1.399999
v -16.844904 -0.491157 -1.399998
v -16.931293 -0.591782 -1.399998
v -17.015301 -0.698824 -1.399998
v -17.097849 -0.812283 -1.399998
v -17.179865 -0.932158 -1.399998
v -17.262270 -1.058449 -1.399998
v -17.345985 -1.191158 -1.399998
v -17.431940 -1.330283 -1.399998
v -17.521049 -1.475824 -1.399998
v -17.570227 -1.554842 -1.399998
v -17.616917 -1.628463 -1.399998
v -17.662148 -1.698293 -1.399998
v -17.706942 -1.765936 -1.399998
v -17.752321 -1.832995 -1.399998
v -17.799305 -1.901075 -1.399998
v -17.848911 -1.971779 -1.399998
v -17.902164 -2.046713 -1.399998
v -17.960083 -2.127481 -1.399998
v -18.023689 -2.215686 -1.399998
v -18.094004 -2.312932 -1.399998
v -18.172050 -2.420824 -1.399998
v -17.353048 -2.420824 -1.399998
v -16.723047 -1.440825 -1.399998
v -16.572454 -1.213470 -1.399998
v -16.434748 -1.019658 -1.399999
v -16.308512 -0.856762 -1.399999
v -16.192341 -0.722158 -1.399999
v -16.084822 -0.613220 -1.399999
v -15.984547 -0.527324 -1.399999
v -15.890101 -0.461845 -1.399999
v -15.800083 -0.414158 -1.399999
v -15.713078 -0.381637 -1.399999
v -15.627676 -0.361658 -1.399999
v -15.542470 -0.351595 -1.399999
v -15.456050 -0.348824 -1.399999
v -15.169050 -0.348824 -1.399999
v -15.169050 -2.420824 -1.399999
v -14.483050 -2.420824 -1.399999
v -14.483050 2.353176 -1.399999
v -15.687050 2.353176 -1.399999
v -15.610048 0.267176 -1.399999
v -15.783040 0.274844 -1.399999
v -15.935226 0.297023 -1.399999
v -16.067677 0.332473 -1.399999
v -16.181458 0.379953 -1.399999
v -16.277641 0.438226 -1.399999
v -16.357298 0.506051 -1.399999
v -16.421499 0.582188 -1.399999
v -16.471310 0.665398 -1.399999
v -16.507799 0.754441 -1.399999
v -16.532040 0.848079 -1.399999
v -16.545099 0.945070 -1.399999
v -16.548050 1.044176 -1.399999
v -16.540821 1.152473 -1.399999
v -16.522316 1.253139 -1.399999
v -16.492048 1.345832 -1.399999
v -16.449530 1.430212 -1.399999
v -16.394276 1.505941 -1.399999
v -16.325800 1.572676 -1.399999
v -16.243614 1.630077 -1.399999
v -16.147234 1.677805 -1.399999
v -16.036173 1.715519 -1.399999
v -15.909945 1.742879 -1.399999
v -15.768066 1.759545 -1.399999
v -15.610048 1.765176 -1.399999
v -15.169050 1.765176 -1.399999
v -15.169050 0.267176 -1.399999
v -11.655048 1.737176 -1.399999
v -11.655048 0.295176 -1.399999
v -13.608050 0.295176 -1.399999
v -13.608050 -0.320824 -1.399999
v -11.655048 -0.320824 -1.399999
v -11.655048 -1.804824 -1.399999
v -13.741051 -1.804824 -1.399999
v -13.741051 -2.420824 -1.399999
v -10.969048 -2.420824 -1.399999
v -10.969048 2.353176 -1.399999
v -13.678048 2.353176 -1.399999
v -13.678048 1.737176 -1.399999
v -8.281049 -2.462824 -1.399999
v -6.216050 2.353176 -1.399999
v -6.902050 2.353176 -1.399999
v -8.337051 -0.999824 -1.399999
v -9.765052 2.353176 -1.399999
v -10.444049 2.353176 -1.399999
v -8.421049 -2.462824 -1.399999
v -3.713458 2.393369 -1.400000
v -4.069222 2.327055 -1.400000
v -4.397909 2.220395 -1.400000
v -4.698087 2.076546 -1.400000
v -4.968320 1.898670 -1.400000
v -5.207175 1.689926 -1.400000
v -5.413218 1.453473 -1.400000
v -5.585014 1.192472 -1.399999
v -5.721129 0.910082 -1.399999
v -5.820130 0.609463 -1.399999
v -5.880582 0.293774 -1.399999
v -5.901052 -0.033824 -1.399999
v -5.881109 -0.352600 -1.399999
v -5.822011 -0.662528 -1.399999
v -5.724849 -0.960012 -1.399999
v -5.590719 -1.241454 -1.399999
v -5.420713 -1.503257 -1.399999
v -5.215927 -1.741825 -1.399999
v -4.977454 -1.953558 -1.399999
v -4.706386 -2.134861 -1.399999
v -4.403817 -2.282137 -1.399999
v -4.070843 -2.391787 -1.399999
v -3.708556 -2.460216 -1.399999
v -3.318050 -2.483824 -1.400000
v -2.939997 -2.460349 -1.400000
v -2.587296 -2.392273 -1.400000
v -2.261379 -2.283121 -1.400000
v -1.963680 -2.136417 -1.400000
v -1.695635 -1.955685 -1.400000
v -1.458677 -1.744449 -1.400000
v -1.254239 -1.506235 -1.400000
v -1.083757 -1.244565 -1.400000
v -0.948662 -0.962965 -1.400000
v -0.850390 -0.664959 -1.400000
v -0.790375 -0.354070 -1.400000
v -0.770051 -0.033824 -1.400000
v -0.790918 0.292303 -1.400000
v -0.852399 0.607032 -1.400000
v -0.952817 0.907129 -1.400000
v -1.090496 1.189361 -1.400000
v -1.263757 1.450496 -1.400000
v -1.470925 1.687301 -1.400000
v -1.710323 1.896543 -1.400000
v -1.980272 2.074991 -1.400000
v -2.279098 2.219410 -1.400000
v -2.605120 2.326570 -1.400000
v -2.956663 2.393236 -1.400000
v -3.332051 2.416176 -1.400000
v -3.593672 -1.837932 -1.400000
v -3.841852 -1.791440 -1.400000
v -4.074816 -1.716121 -1.399999
v -4.290791 -1.613750 -1.399999
v -4.488002 -1.486101 -1.399999
v -4.664675 -1.334949 -1.399999
v -4.819036 -1.162068 -1.399999
v -4.949309 -0.969232 -1.399999
v -5.053722 -0.758215 -1.399999
v -5.130500 -0.530792 -1.399999
v -5.177867 -0.288737 -1.399999
v -5.194051 -0.033824 -1.399999
v -5.177867 0.222559 -1.399999
v -5.130500 0.465574 -1.399999
v -5.053722 0.693520 -1.400000
v -4.949309 0.904694 -1.400000
v -4.819036 1.097397 -1.400000
v -4.664675 1.269926 -1.400000
v -4.488002 1.420580 -1.400000
v -4.290791 1.547657 -1.400000
v -4.074816 1.649457 -1.400000
v -3.841852 1.724277 -1.400000
v -3.593672 1.770418 -1.400000
v -3.332051 1.786176 -1.400000
v -3.072038 1.770417 -1.400000
v -2.825198 1.724277 -1.400000
v -2.593332 1.649456 -1.400000
v -2.378236 1.547657 -1.400000
v -2.181709 1.420579 -1.400000
v -2.005550 1.269925 -1.400000
v -1.851558 1.097396 -1.400000
v -1.721532 0.904694 -1.400000
v -1.617268 0.693519 -1.400000
v -1.540568 0.465574 -1.400000
v -1.493229 0.222559 -1.400000
v -1.477050 -0.033824 -1.400000
v -1.493229 -0.288737 -1.400000
v -1.540568 -0.530792 -1.400000
v -1.617268 -0.758215 -1.400000
v -1.721532 -0.969232 -1.400000
v -1.851558 -1.162068 -1.400000
v -2.005550 -1.334949 -1.400000
v -2.181709 -1.486102 -1.400000
v -2.378236 -1.613750 -1.400000
v -2.593332 -1.716121 -1.400000
v -2.825198 -1.791440 -1.400000
v -3.072038 -1.837933 -1.400000
v -3.332051 -1.853824 -1.400000
v 3.779949 1.737176 -1.400000
v 3.779949 0.295176 -1.400000
v 1.826949 0.295176 -1.400000
v 1.826949 -0.320824 -1.400000
v 3.779949 -0.320824 -1.400000
v 3.779949 -1.804824 -1.400000
v 1.693951 -1.804824 -1.400000
v 1.693951 -2.420824 -1.400000
v 4.465950 -2.420824 -1.400000
v 4.465950 2.353176 -1.400000
v 1.756951 2.353176 -1.400000
v 1.756951 1.737176 -1.400000
v 6.180951 -2.420824 -1.400000
v 6.180951 1.296176 -1.400001
v 6.194952 1.296176 -1.400001
v 7.664951 -0.551824 -1.400001
v 7.776951 -0.551824 -1.400001
v 9.246951 1.296176 -1.400001
v 9.260951 1.296176 -1.400001
v 9.260951 -2.420824 -1.400001
v 9.946952 -2.420824 -1.400001
v 9.946952 2.353176 -1.400001
v 9.302952 2.353176 -1.400001
v 7.720951 0.393176 -1.400001
v 6.131951 2.353176 -1.400001
v 5.494950 2.353176 -1.400001
v 5.494950 -2.420824 -1.400000
v 11.157951 -2.420824 -1.400001
v 11.794951 -1.013824 -1.400001
v 13.824952 -1.013824 -1.400001
v 14.426952 -2.420824 -1.400001
v 15.126951 -2.420824 -1.400001
v 13.075952 2.381176 -1.400001
v 12.592952 2.381176 -1.400001
v 10.457952 -2.420824 -1.400001
v 12.074952 -0.397824 -1.400001
v 12.844952 1.331176 -1.400001
v 13.558952 -0.397824 -1.400001
v 15.752877 -2.158357 -1.400001
v 15.905766 -2.218084 -1.400001
v 16.055546 -2.271199 -1.400001
v 16.203138 -2.317899 -1.400001
v 16.349464 -2.358375 -1.400001
v 16.495451 -2.392824 -1.400001
v 16.642023 -2.421440 -1.400001
v 16.790100 -2.444417 -1.400001
v 16.940609 -2.461949 -1.400001
v 17.094471 -2.474232 -1.400001
v 17.252609 -2.481459 -1.400001
v 17.415951 -2.483824 -1.400001
v 17.773281 -2.462905 -1.400001
v 18.112160 -2.401639 -1.400001
v 18.430187 -2.302261 -1.400002
v 18.724951 -2.167009 -1.400002
v 18.994051 -1.998118 -1.400002
v 19.235077 -1.797824 -1.400002
v 19.445623 -1.568363 -1.400002
v 19.623285 -1.311972 -1.400002
v 19.765654 -1.030887 -1.400002
v 19.870327 -0.727343 -1.400002
v 19.934895 -0.403577 -1.400002
v 19.956951 -0.061824 -1.400002
v 19.934349 0.282500 -1.400002
v 19.868286 0.610273 -1.400002
v 19.761391 0.918942 -1.400002
v 19.616285 1.205954 -1.400002
v 19.435598 1.468758 -1.400002
v 19.221952 1.704801 -1.400002
v 18.977972 1.911532 -1.400002
v 18.706285 2.086398 -1.400002
v 18.409513 2.226848 -1.400002
v 18.090286 2.330329 -1.400002
v 17.751223 2.394289 -1.400002
v 17.394951 2.416176 -1.400002
v 17.258146 2.414203 -1.400002
v 17.126520 2.407977 -1.400002
v 16.998247 2.397035 -1.400002
v 16.871508 2.380917 -1.400002
v 16.744474 2.359159 -1.400002
v 16.615326 2.331301 -1.400002
v 16.482241 2.296880 -1.400002
v 16.343397 2.255435 -1.400002
v 16.196966 2.206504 -1.400002
v 16.041132 2.149625 -1.400002
v 15.874068 2.084336 -1.400001
v 15.693951 2.010176 -1.400001
v 15.693951 1.317176 -1.400001
v 15.834373 1.391105 -1.400001
v 15.975573 1.458861 -1.400001
v 16.117451 1.520394 -1.400001
v 16.259914 1.575657 -1.400002
v 16.402864 1.624601 -1.400002
v 16.546202 1.667176 -1.400002
v 16.689831 1.703334 -1.400002
v 16.833656 1.733028 -1.400002
v 16.977577 1.756207 -1.400002
v 17.121498 1.772824 -1.400002
v 17.265322 1.782829 -1.400002
v 17.408951 1.786176 -1.400002
v 17.662807 1.770013 -1.400002
v 17.905045 1.722787 -1.400002
v 18.133671 1.646395 -1.400002
v 18.346691 1.542732 -1.400002
v 18.542116 1.413693 -1.400002
v 18.717953 1.261176 -1.400002
v 18.872202 1.087075 -1.400002
v 19.002878 0.893287 -1.400002
v 19.107983 0.681707 -1.400002
v 19.185526 0.454231 -1.400002
v 19.233513 0.212756 -1.400002
v 19.249952 -0.040824 -1.400002
v 19.233595 -0.300011 -1.400002
v 19.185591 -0.544565 -1.400002
v 19.107546 -0.772981 -1.400002
v 19.001062 -0.983750 -1.400002
v 18.867746 -1.175367 -1.400002
v 18.709202 -1.346324 -1.400002
v 18.527031 -1.495115 -1.400002
v 18.322842 -1.620232 -1.400002
v 18.098232 -1.720168 -1.400002
v 17.854813 -1.793417 -1.400001
v 17.594185 -1.838471 -1.400001
v 17.317951 -1.853824 -1.400001
v 17.225914 -1.852111 -1.400001
v 17.135239 -1.847116 -1.400001
v 17.045828 -1.839059 -1.400001
v 16.957581 -1.828158 -1.400001
v 16.870407 -1.814632 -1.400001
v 16.784203 -1.798699 -1.400001
v 16.698874 -1.780579 -1.400001
v 16.614323 -1.760491 -1.400001
v 16.530453 -1.738653 -1.400001
v 16.447166 -1.715283 -1.400001
v 16.364363 -1.690601 -1.400001
v 16.281952 -1.664824 -1.400001
v 16.281952 -0.684824 -1.400001
v 17.198952 -0.684824 -1.400001
v 17.198952 -0.068824 -1.400002
v 15.595951 -0.068824 -1.400001
v 15.595951 -2.091825 -1.400001
v -15.920834 2.342644 1.400001
v -16.138618 2.311500 1.400001
v -16.339584 2.260426 1.400001
v -16.522907 2.190102 1.400001
v -16.687754 2.101208 1.400001
v -16.833303 1.994426 1.400001
v -16.958727 1.870436 1.400001
v -17.063200 1.729917 1.400001
v -17.145895 1.573551 1.400001
v -17.205986 1.402019 1.400001
v -17.242645 1.216000 1.400001
v -17.255049 1.016176 1.400001
v -17.249105 0.880883 1.400001
v -17.231424 0.751667 1.400001
v -17.202221 0.628770 1.400001
v -17.161716 0.512435 1.400001
v -17.110126 0.402906 1.400001
v -17.047674 0.300426 1.400001
v -16.974575 0.205237 1.400001
v -16.891048 0.117583 1.400001
v -16.797316 0.037707 1.400001
v -16.693592 -0.034148 1.400001
v -16.580097 -0.097740 1.400001
v -16.457050 -0.152824 1.400001
v -16.562206 -0.227782 1.400001
v -16.661283 -0.309157 1.400001
v -16.755209 -0.396949 1.400001
v -16.844904 -0.491157 1.400002
v -16.931293 -0.591782 1.400002
v -17.015301 -0.698824 1.400002
v -17.097849 -0.812282 1.400002
v -17.179865 -0.932157 1.400002
v -17.262270 -1.058449 1.400002
v -17.345985 -1.191157 1.400002
v -17.431940 -1.330283 1.400002
v -17.521049 -1.475824 1.400002
v -17.570227 -1.554842 1.400002
v -17.616917 -1.628463 1.400002
v -17.662148 -1.698293 1.400002
v -17.706942 -1.765935 1.400002
v -17.752321 -1.832994 1.400002
v -17.799305 -1.901074 1.400002
v -17.848911 -1.971779 1.400002
v -17.902164 -2.046713 1.400002
v -17.960083 -2.127481 1.400002
v -18.023689 -2.215686 1.400002
v -18.094004 -2.312932 1.400002
v -18.172050 -2.420824 1.400002
v -17.353048 -2.420824 1.400002
v -16.723047 -1.440824 1.400002
v -16.572454 -1.213470 1.400002
v -16.434748 -1.019658 1.400001
v -16.308512 -0.856762 1.400001
v -16.192341 -0.722158 1.400001
v -16.084822 -0.613220 1.400001
v -15.984547 -0.527324 1.400001
v -15.890101 -0.461845 1.400001
v -15.800083 -0.414157 1.400001
v -15.713078 -0.381637 1.400001
v -15.627676 -0.361658 1.400001
v -15.542470 -0.351595 1.400001
v -15.456050 -0.348824 1.400001
v -15.169050 -0.348824 1.400001
v -15.169050 -2.420824 1.400001
v -14.483050 -2.420824 1.400001
v -14.483050 2.353176 1.400001
v -15.687050 2.353176 1.400001
v -15.610048 0.267176 1.400001
v -15.783040 0.274844 1.400001
v -15.935226 0.297023 1.400001
v -16.067677 0.332473 1.400001
v -16.181458 0.379953 1.400001
v -16.277641 0.438226 1.400001
v -16.357298 0.506051 1.400001
v -16.421499 0.582188 1.400001
v -16.471310 0.665398 1.400001
v -16.507799 0.754442 1.400001
v -16.532040 0.848079 1.400001
v -16.545099 0.945070 1.400001
v -16.548050 1.044176 1.400001
v -16.540821 1.152473 1.400001
v -16.522316 1.253139 1.400001
v -16.492048 1.345832 1.400001
v -16.449530 1.430213 1.400001
v -16.394276 1.505941 1.400001
v -16.325800 1.572676 1.400001
v -16.243614 1.630077 1.400001
v -16.147234 1.677806 1.400001
v -16.036173 1.715520 1.400001
v -15.909945 1.742880 1.400001
v -15.768066 1.759545 1.400001
v -15.610048 1.765176 1.400001
v -15.169050 1.765176 1.400001
v -15.169050 0.267176 1.400001
v -11.655048 1.737176 1.400001
v -11.655048 0.295176 1.400001
v -13.608050 0.295176 1.400001
v -13.608050 -0.320824 1.400001
v -11.655048 -0.320824 1.400001
v -11.655048 -1.804824 1.400001
v -13.741051 -1.804824 1.400001
v -13.741051 -2.420824 1.400001
v -10.969048 -2.420824 1.400001
v -10.969048 2.353176 1.400001
v -13.678048 2.353176 1.400001
v -13.678048 1.737176 1.400001
v -8.281049 -2.462824 1.400001
v -6.216050 2.353176 1.400000
v -6.902050 2.353176 1.400000
v -8.337051 -0.999824 1.400001
v -9.765052 2.353176 1.400001
v -10.444049 2.353176 1.400001
v -8.421049 -2.462824 1.400001
v -3.713458 2.393369 1.400000
v -4.069222 2.327055 1.400000
v -4.397909 2.220395 1.400000
v -4.698087 2.076546 1.400000
v -4.968320 1.898670 1.400000
v -5.207175 1.689926 1.400000
v -5.413218 1.453473 1.400000
v -5.585014 1.192472 1.400000
v -5.721129 0.910082 1.400000
v -5.820130 0.609463 1.400000
v -5.880582 0.293774 1.400000
v -5.901052 -0.033824 1.400000
v -5.881109 -0.352600 1.400000
v -5.822011 -0.662528 1.400001
v -5.724849 -0.960012 1.400001
v -5.590719 -1.241454 1.400001
v -5.420713 -1.503257 1.400001
v -5.215927 -1.741824 1.400000
v -4.977454 -1.953558 1.400000
v -4.706386 -2.134861 1.400000
v -4.403817 -2.282137 1.400000
v -4.070843 -2.391787 1.400000
v -3.708556 -2.460216 1.400000
v -3.318050 -2.483824 1.400000
v -2.939997 -2.460349 1.400000
v -2.587295 -2.392273 1.400000
v -2.261378 -2.283121 1.400000
v -1.963680 -2.136417 1.400000
v -1.695634 -1.955685 1.400000
v -1.458676 -1.744449 1.400000
v -1.254239 -1.506235 1.400000
v -1.083756 -1.244565 1.400000
v -0.948661 -0.962965 1.400000
v -0.850390 -0.664958 1.400000
v -0.790375 -0.354070 1.400000
v -0.770051 -0.033824 1.400000
v -0.790918 0.292303 1.400000
v -0.852399 0.607032 1.400000
v -0.952817 0.907129 1.400000
v -1.090495 1.189361 1.400000
v -1.263757 1.450496 1.400000
v -1.470925 1.687301 1.400000
v -1.710323 1.896543 1.400000
v -1.980272 2.074991 1.400000
v -2.279097 2.219410 1.400000
v -2.605119 2.326570 1.400000
v -2.956663 2.393236 1.400000
v -3.332050 2.416176 1.400000
v -3.593672 -1.837932 1.400000
v -3.841852 -1.791440 1.400000
v -4.074816 -1.716121 1.400000
v -4.290791 -1.613750 1.400000
v -4.488002 -1.486101 1.400000
v -4.664675 -1.334949 1.400000
v -4.819036 -1.162068 1.400000
v -4.949309 -0.969231 1.400000
v -5.053722 -0.758215 1.400000
v -5.130500 -0.530792 1.400000
v -5.177867 -0.288737 1.400000
v -5.194051 -0.033824 1.400000
v -5.177867 0.222559 1.400000
v -5.130500 0.465574 1.400000
v -5.053722 0.693520 1.400000
v -4.949309 0.904694 1.400000
v -4.819036 1.097397 1.400000
v -4.664675 1.269926 1.400000
v -4.488002 1.420580 1.400000
v -4.290791 1.547657 1.400000
v -4.074816 1.649457 1.400000
v -3.841852 1.724278 1.400000
v -3.593672 1.770418 1.400000
v -3.332050 1.786176 1.400000
v -3.072038 1.770417 1.400000
v -2.825198 1.724277 1.400000
v -2.593332 1.649457 1.400000
v -2.378235 1.547657 1.400000
v -2.181709 1.420580 1.400000
v -2.005550 1.269926 1.400000
v -1.851558 1.097397 1.400000
v -1.721531 0.904694 1.400000
v -1.617268 0.693520 1.400000
v -1.540568 0.465574 1.400000
v -1.493228 0.222559 1.400000
v -1.477050 -0.033824 1.400000
v -1.493228 -0.288737 1.400000
v -1.540568 -0.530792 1.400000
v -1.617268 -0.758215 1.400000
v -1.721531 -0.969232 1.400000
v -1.851558 -1.162068 1.400000
v -2.005550 -1.334949 1.400000
v -2.181709 -1.486101 1.400000
v -2.378235 -1.613750 1.400000
v -2.593332 -1.716121 1.400000
v -2.825198 -1.791440 1.400000
v -3.072038 -1.837932 1.400000
v -3.332050 -1.853824 1.400000
v 3.779950 1.737176 1.400000
v 3.779950 0.295176 1.400000
v 1.826949 0.295176 1.400000
v 1.826949 -0.320824 1.400000
v 3.779950 -0.320824 1.400000
v 3.779950 -1.804824 1.400000
v 1.693951 -1.804824 1.400000
v 1.693951 -2.420824 1.400000
v 4.465950 -2.420824 1.400000
v 4.465950 2.353176 1.399999
v 1.756951 2.353176 1.400000
v 1.756951 1.737176 1.400000
v 6.180951 -2.420824 1.399999
v 6.180951 1.296176 1.399999
v 6.194952 1.296176 1.399999
v 7.664951 -0.551824 1.399999
v 7.776951 -0.551824 1.399999
v 9.246951 1.296176 1.399999
v 9.260951 1.296176 1.399999
v 9.260951 -2.420824 1.399999
v 9.946952 -2.420824 1.399999
v 9.946952 2.353176 1.399999
v 9.302952 2.353176 1.399999
v 7.720951 0.393176 1.399999
v 6.131951 2.353176 1.399999
v 5.494950 2.353176 1.399999
v 5.494950 -2.420824 1.400000
v 11.157951 -2.420824 1.399999
v 11.794951 -1.013824 1.399999
v 13.824952 -1.013824 1.399999
v 14.426952 -2.420824 1.399999
v 15.126951 -2.420824 1.399999
v 13.075952 2.381176 1.399999
v 12.592952 2.381176 1.399999
v 10.457952 -2.420824 1.399999
v 12.074952 -0.397824 1.399999
v 12.844952 1.331176 1.399999
v 13.558952 -0.397824 1.399999
v 15.752877 -2.158357 1.399999
v 15.905766 -2.218084 1.399999
v 16.055546 -2.271199 1.399999
v 16.203138 -2.317899 1.399999
v 16.349464 -2.358375 1.399999
v 16.495451 -2.392824 1.399999
v 16.642023 -2.421440 1.399999
v 16.790100 -2.444417 1.399999
v 16.940609 -2.461949 1.399999
v 17.094471 -2.474232 1.399999
v 17.252609 -2.481459 1.399999
v 17.415951 -2.483824 1.399999
v 17.773281 -2.462905 1.399999
v 18.112160 -2.401639 1.399999
v 18.430187 -2.302261 1.399998
v 18.724951 -2.167009 1.399998
v 18.994051 -1.998118 1.399998
v 19.235077 -1.797824 1.399998
v 19.445623 -1.568363 1.399998
v 19.623285 -1.311972 1.399998
v 19.765654 -1.030887 1.399998
v 19.870327 -0.727343 1.399998
v 19.934895 -0.403576 1.399998
v 19.956951 -0.061824 1.399998
v 19.934349 0.282500 1.399998
v 19.868286 0.610273 1.399998
v 19.761391 0.918942 1.399998
v 19.616285 1.205954 1.399998
v 19.435598 1.468758 1.399998
v 19.221952 1.704801 1.399998
v 18.977972 1.911532 1.399998
v 18.706285 2.086398 1.399998
v 18.409513 2.226848 1.399998
v 18.090286 2.330329 1.399998
v 17.751223 2.394289 1.399998
v 17.394951 2.416176 1.399998
v 17.258146 2.414203 1.399998
v 17.126520 2.407977 1.399998
v 16.998247 2.397035 1.399998
v 16.871508 2.380917 1.399998
v 16.744474 2.359159 1.399998
v 16.615326 2.331301 1.399998
v 16.482241 2.296880 1.399998
v 16.343397 2.255435 1.399998
v 16.196966 2.206504 1.399998
v 16.041132 2.149625 1.399998
v 15.874068 2.084336 1.399999
v 15.693951 2.010176 1.399999
v 15.693951 1.317176 1.399999
v 15.834373 1.391106 1.399999
v 15.975573 1.458861 1.399999
v 16.117451 1.520395 1.399999
v 16.259914 1.575657 1.399998
v 16.402864 1.624601 1.399998
v 16.546202 1.667176 1.399998
v 16.689831 1.703335 1.399998
v 16.833656 1.733028 1.399998
v 16.977577 1.756207 1.399998
v 17.121498 1.772824 1.399998
v 17.265322 1.782830 1.399998
v 17.408951 1.786176 1.399998
v 17.662807 1.770013 1.399998
v 17.905045 1.722787 1.399998
v 18.133671 1.646395 1.399998
v 18.346691 1.542732 1.399998
v 18.542116 1.413694 1.399998
v 18.717953 1.261176 1.399998
v 18.872202 1.087076 1.399998
v 19.002878 0.893287 1.399998
v 19.107983 0.681707 1.399998
v 19.185526 0.454232 1.399998
v 19.233513 0.212756 1.399998
v 19.249952 -0.040824 1.399998
v 19.233595 -0.300011 1.399998
v 19.185591 -0.544565 1.399998
v 19.107546 -0.772981 1.399998
v 19.001062 -0.983750 1.399998
v 18.867746 -1.175367 1.399998
v 18.709202 -1.346324 1.399998
v 18.527031 -1.495115 1.399998
v 18.322842 -1.620232 1.399998
v 18.098232 -1.720168 1.399998
v 17.854813 -1.793417 1.399999
v 17.594185 -1.838471 1.399999
v 17.317951 -1.853824 1.399999
v 17.225914 -1.852111 1.399999
v 17.135239 -1.847116 1.399999
v 17.045828 -1.839059 1.399999
v 16.957581 -1.828158 1.399999
v 16.870407 -1.814631 1.399999
v 16.784203 -1.798699 1.399999
v 16.698874 -1.780579 1.399999
v 16.614323 -1.760491 1.399999
v 16.530453 -1.738652 1.399999
v 16.447166 -1.715283 1.399999
v 16.364363 -1.690600 1.399999
v 16.281952 -1.664824 1.399999
v 16.281952 -0.684824 1.399999
v 17.198952 -0.684824 1.399999
v 17.198952 -0.068824 1.399998
v 15.595951 -0.068824 1.399999
v 15.595951 -2.091825 1.399999
v 15.752877 -2.158357 1.399999
v 15.752877 -2.158357 -1.400001
v 15.905766 -2.218084 1.399999
v 15.905766 -2.218084 -1.400001
v 16.055546 -2.271199 1.399999
v 16.055546 -2.271199 -1.400001
v 16.203138 -2.317899 1.399999
v 16.203138 -2.317899 -1.400001
v 16.349464 -2.358375 1.399999
v 16.349464 -2.358375 -1.400001
v 16.495451 -2.392824 1.399999
v 16.495451 -2.392824 -1.400001
v 16.642023 -2.421440 1.399999
v 16.642023 -2.421440 -1.400001
v 16.790100 -2.444417 1.399999
v 16.790100 -2.444417 -1.400001
v 16.940609 -2.461949 1.399999
v 16.940609 -2.461949 -1.400001
v 17.094471 -2.474232 1.399999
v 17.094471 -2.474232 -1.400001
v 17.252609 -2.481459 1.399999
v 17.252609 -2.481459 -1.400001
v 17.415951 -2.483824 1.399999
v 17.415951 -2.483824 -1.400001
v 17.773281 -2.462905 1.399999
v 17.773281 -2.462905 -1.400001
v 18.112160 -2.401639 1.399999
v 18.112160 -2.401639 -1.400001
v 18.430187 -2.302261 1.399998
v 18.430187 -2.302261 -1.400002
v 18.724951 -2.167009 1.399998
v 18.724951 -2.167009 -1.400002
v 18.994051 -1.998118 1.399998
v 18.994051 -1.998118 -1.400002
v 19.235077 -1.797824 1.399998
v 19.235077 -1.797824 -1.400002
v 19.445623 -1.568363 1.399998
v 19.445623 -1.568363 -1.400002
v 19.623285 -1.311972 1.399998
v 19.623285 -1.311972 -1.400002
v 19.765654 -1.030887 1.399998
v 19.765654 -1.030887 -1.400002
v 19.870327 -0.727343 1.399998
v 19.870327 -0.727343 -1.400002
v 19.934895 -0.403576 1.399998
v 19.934895 -0.403577 -1.400002
v 19.956951 -0.061824 1.399998
v 19.956951 -0.061824 -1.400002
v 19.934349 0.282500 1.399998
v 19.934349 0.282500 -1.400002
v 19.868286 0.610273 1.399998
v 19.868286 0.610273 -1.400002
v 19.761391 0.918942 1.399998
v 19.761391 0.918942 -1.400002
v 19.616285 1.205954 1.399998
v 19.616285 1.205954 -1.400002
v 19.435598 1.468758 1.399998
v 19.435598 1.468758 -1.400002
v 19.221952 1.704801 1.399998
v 19.221952 1.704801 -1.400002
v 18.977972 1.911532 1.399998
v 18.977972 1.911532 -1.400002
v 18.706285 2.086398 1.399998
v 18.706285 2.086398 -1.400002
v 18.409513 2.226848 1.399998
v 18.409513 2.226848 -1.400002
v 18.090286 2.330329 1.399998
v 18.090286 2.330329 -1.400002
v 17.751223 2.394289 1.399998
v 17.751223 2.394289 -1.400002
v 17.394951 2.416176 1.399998
v 17.394951 2.416176 -1.400002
v 17.258146 2.414203 1.399998
v 17.258146 2.414203 -1.400002
v 17.126520 2.407977 1.399998
v 17.126520 2.407977 -1.400002
v 16.998247 2.397035 1.399998
v 16.998247 2.397035 -1.400002
v 16.871508 2.380917 1.399998
v 16.871508 2.380917 -1.400002
v 16.744474 2.359159 1.399998
v 16.744474 2.359159 -1.400002
v 16.615326 2.331301 1.399998
v 16.615326 2.331301 -1.400002
v 16.482241 2.296880 1.399998
v 16.482241 2.296880 -1.400002
v 16.343397 2.255435 1.399998
v 16.343397 2.255435 -1.400002
v 16.196966 2.206504 1.399998
v 16.196966 2.206504 -1.400002
v 16.041132 2.149625 1.399998
v 16.041132 2.149625 -1.400002
v 15.874068 2.084336 1.399999
v 15.874068 2.084336 -1.400001
v 15.693951 2.010176 1.399999
v 15.693951 2.010176 -1.400001
v 15.693951 1.317176 1.399999
v 15.693951 1.317176 -1.400001
v 15.834373 1.391106 1.399999
v 15.834373 1.391105 -1.400001
v 15.975573 1.458861 1.399999
v 15.975573 1.458861 -1.400001
v 16.117451 1.520395 1.399999
v 16.117451 1.520394 -1.400001
v 16.259914 1.575657 1.399998
v 16.259914 1.575657 -1.400002
v 16.402864 1.624601 1.399998
v 16.402864 1.624601 -1.400002
v 16.546202 1.667176 1.399998
v 16.546202 1.667176 -1.400002
v 16.689831 1.703335 1.399998
v 16.689831 1.703334 -1.400002
v 16.833656 1.733028 1.399998
v 16.833656 1.733028 -1.400002
v 16.977577 1.756207 1.399998
v 16.977577 1.756207 -1.400002
v 17.121498 1.772824 1.399998
v 17.121498 1.772824 -1.400002
v 17.265322 1.782830 1.399998
v 17.265322 1.782829 -1.400002
v 17.408951 1.786176 1.399998
v 17.408951 1.786176 -1.400002
v 17.662807 1.770013 1.399998
v 17.662807 1.770013 -1.400002
v 17.905045 1.722787 1.399998
v 17.905045 1.722787 -1.400002
v 18.133671 1.646395 1.399998
v 18.133671 1.646395 -1.400002
v 18.346691 1.542732 1.399998
v 18.346691 1.542732 -1.400002
v 18.542116 1.413694 1.399998
v 18.542116 1.413693 -1.400002
v 18.717953 1.261176 1.399998
v 18.717953 1.261176 -1.400002
v 18.872202 1.087076 1.399998
v 18.872202 1.087075 -1.400002
v 19.002878 0.893287 1.399998
v 19.002878 0.893287 -1.400002
v 19.107983 0.681707 1.399998
v 19.107983 0.681707 -1.400002
v 19.185526 0.454232 1.399998
v 19.185526 0.454231 -1.400002
v 19.233513 0.212756 1.399998
v 19.233513 0.212756 -1.400002
v 19.249952 -0.040824 1.399998
v 19.249952 -0.040824 -1.400002
v 19.233595 -0.300011 1.399998
v 19.233595 -0.300011 -1.400002
v 19.185591 -0.544565 1.399998
v 19.185591 -0.544565 -1.400002
v 19.107546 -0.772981 1.399998
v 19.107546 -0.772981 -1.400002
v 19.001062 -0.983750 1.399998
v 19.001062 -0.983750 -1.400002
v 18.867746 -1.175367 1.399998
v 18.867746 -1.175367 -1.400002
v 18.709202 -1.346324 1.399998
v 18.709202 -1.346324 -1.400002
v 18.527031 -1.495115 1.399998
v 18.527031 -1.495115 -1.400002
v 18.322842 -1.620232 1.399998
v 18.322842 -1.620232 -1.400002
v 18.098232 -1.720168 1.399998
v 18.098232 -1.720168 -1.400002
v 17.854813 -1.793417 1.399999
v 17.854813 -1.793417 -1.400001
v 17.594185 -1.838471 1.399999
v 17.594185 -1.838471 -1.400001
v 17.317951 -1.853824 1.399999
v 17.317951 -1.853824 -1.400001
v 17.225914 -1.852111 1.399999
v 17.225914 -1.852111 -1.400001
v 17.135239 -1.847116 1.399999
v 17.135239 -1.847116 -1.400001
v 17.045828 -1.839059 1.399999
v 17.045828 -1.839059 -1.400001
v 16.957581 -1.828158 1.399999
v 16.957581 -1.828158 -1.400001
v 16.870407 -1.814631 1.399999
v 16.870407 -1.814632 -1.400001
v 16.784203 -1.798699 1.399999
v 16.784203 -1.798699 -1.400001
v 16.698874 -1.780579 1.399999
v 16.698874 -1.780579 -1.400001
v 16.614323 -1.760491 1.399999
v 16.614323 -1.760491 -1.400001
v 16.530453 -1.738652 1.399999
v 16.530453 -1.738653 -1.400001
v 16.447166 -1.715283 1.399999
v 16.447166 -1.715283 -1.400001
v 16.364363 -1.690600 1.399999
v 16.364363 -1.690601 -1.400001
v 16.281952 -1.664824 1.399999
v 16.281952 -1.664824 -1.400001
v 16.281952 -0.684824 1.399999
v 16.281952 -0.684824 -1.400001
v 17.198952 -0.684824 1.399999
v 17.198952 -0.684824 -1.400001
v 17.198952 -0.068824 1.399998
v 17.198952 -0.068824 -1.400002
v 15.595951 -0.068824 1.399999
v 15.595951 -0.068824 -1.400001
v 15.595951 -2.091825 1.399999
v 15.595951 -2.091825 -1.400001
v 11.157951 -2.420824 1.399999
v 11.157951 -2.420824 -1.400001
v 11.794951 -1.013824 1.399999
v 11.794951 -1.013824 -1.400001
v 13.824952 -1.013824 1.399999
v 13.824952 -1.013824 -1.400001
v 14.426952 -2.420824 1.399999
v 14.426952 -2.420824 -1.400001
v 15.126951 -2.420824 1.399999
v 15.126951 -2.420824 -1.400001
v 13.075952 2.381176 1.399999
v 13.075952 2.381176 -1.400001
v 12.592952 2.381176 1.399999
v 12.592952 2.381176 -1.400001
v 10.457952 -2.420824 1.399999
v 10.457952 -2.420824 -1.400001
v 12.074952 -0.397824 1.399999
v 12.074952 -0.397824 -1.400001
v 12.844952 1.331176 1.399999
v 12.844952 1.331176 -1.400001
v 13.558952 -0.397824 1.399999
v 13.558952 -0.397824 -1.400001
v 6.180951 -2.420824 1.399999
v 6.180951 -2.420824 -1.400000
v 6.180951 1.296176 1.399999
v 6.180951 1.296176 -1.400001
v 6.194952 1.296176 1.399999
v 6.194952 1.296176 -1.400001
v 7.664951 -0.551824 1.399999
v 7.664951 -0.551824 -1.400001
v 7.776951 -0.551824 1.399999
v 7.776951 -0.551824 -1.400001
v 9.246951 1.296176 1.399999
v 9.246951 1.296176 -1.400001
v 9.260951 1.296176 1.399999
v 9.260951 1.296176 -1.400001
v 9.260951 -2.420824 1.399999
v 9.260951 -2.420824 -1.400001
v 9.946952 -2.420824 1.399999
v 9.946952 -2.420824 -1.400001
v 9.946952 2.353176 1.399999
v 9.946952 2.353176 -1.400001
v 9.302952 2.353176 1.399999
v 9.302952 2.353176 -1.400001
v 7.720951 0.393176 1.399999
v 7.720951 0.393176 -1.400001
v 6.131951 2.353176 1.399999
v 6.131951 2.353176 -1.400001
v 5.494950 2.353176 1.399999
v 5.494950 2.353176 -1.400001
v 5.494950 -2.420824 1.400000
v 5.494950 -2.420824 -1.400000
v 3.779950 1.737176 1.400000
v 3.779949 1.737176 -1.400000
v 3.779950 0.295176 1.400000
v 3.779949 0.295176 -1.400000
v 1.826949 0.295176 1.400000
v 1.826949 0.295176 -1.400000
v 1.826949 -0.320824 1.400000
v 1.826949 -0.320824 -1.400000
v 3.779950 -0.320824 1.400000
v 3.779949 -0.320824 -1.400000
v 3.779950 -1.804824 1.400000
v 3.779949 -1.804824 -1.400000
v 1.693951 -1.804824 1.400000
v 1.693951 -1.804824 -1.400000
v 1.693951 -2.420824 1.400000
v 1.693951 -2.420824 -1.400000
v 4.465950 -2.420824 1.400000
v 4.465950 -2.420824 -1.400000
v 4.465950 2.353176 1.399999
v 4.465950 2.353176 -1.400000
v 1.756951 2.353176 1.400000
v 1.756951 2.353176 -1.400000
v 1.756951 1.737176 1.400000
v 1.756951 1.737176 -1.400000
v -3.713458 2.393369 1.400000
v -3.713458 2.393369 -1.400000
v -4.069222 2.327055 1.400000
v -4.069222 2.327055 -1.400000
v -4.397909 2.220395 1.400000
v -4.397909 2.220395 -1.400000
v -4.698087 2.076546 1.400000
v -4.698087 2.076546 -1.400000
v -4.968320 1.898670 1.400000
v -4.968320 1.898670 -1.400000
v -5.207175 1.689926 1.400000
v -5.207175 1.689926 -1.400000
v -5.413218 1.453473 1.400000
v -5.413218 1.453473 -1.400000
v -5.585014 1.192472 1.400000
v -5.585014 1.192472 -1.399999
v -5.721129 0.910082 1.400000
v -5.721129 0.910082 -1.399999
v -5.820130 0.609463 1.400000
v -5.820130 0.609463 -1.399999
v -5.880582 0.293774 1.400000
v -5.880582 0.293774 -1.399999
v -5.901052 -0.033824 1.400000
v -5.901052 -0.033824 -1.399999
v -5.881109 -0.352600 1.400000
v -5.881109 -0.352600 -1.399999
v -5.822011 -0.662528 1.400001
v -5.822011 -0.662528 -1.399999
v -5.724849 -0.960012 1.400001
v -5.724849 -0.960012 -1.399999
v -5.590719 -1.241454 1.400001
v -5.590719 -1.241454 -1.399999
v -5.420713 -1.503257 1.400001
v -5.420713 -1.503257 -1.399999
v -5.215927 -1.741824 1.400000
v -5.215927 -1.741825 -1.399999
v -4.977454 -1.953558 1.400000
v -4.977454 -1.953558 -1.399999
v -4.706386 -2.134861 1.400000
v -4.706386 -2.134861 -1.399999
v -4.403817 -2.282137 1.400000
v -4.403817 -2.282137 -1.399999
v -4.070843 -2.391787 1.400000
v -4.070843 -2.391787 -1.399999
v -3.708556 -2.460216 1.400000
v -3.708556 -2.460216 -1.399999
v -3.318050 -2.483824 1.400000
v -3.318050 -2.483824 -1.400000
v -2.939997 -2.460349 1.400000
v -2.939997 -2.460349 -1.400000
v -2.587295 -2.392273 1.400000
v -2.587296 -2.392273 -1.400000
v -2.261378 -2.283121 1.400000
v -2.261379 -2.283121 -1.400000
v -1.963680 -2.136417 1.400000
v -1.963680 -2.136417 -1.400000
v -1.695634 -1.955685 1.400000
v -1.695635 -1.955685 -1.400000
v -1.458676 -1.744449 1.400000
v -1.458677 -1.744449 -1.400000
v -1.254239 -1.506235 1.400000
v -1.254239 -1.506235 -1.400000
v -1.083756 -1.244565 1.400000
v -1.083757 -1.244565 -1.400000
v -0.948661 -0.962965 1.400000
v -0.948662 -0.962965 -1.400000
v -0.850390 -0.664958 1.400000
v -0.850390 -0.664959 -1.400000
v -0.790375 -0.354070 1.400000
v -0.790375 -0.354070 -1.400000
v -0.770051 -0.033824 1.400000
v -0.770051 -0.033824 -1.400000
v -0.790918 0.292303 1.400000
v -0.790918 0.292303 -1.400000
v -0.852399 0.607032 1.400000
v -0.852399 0.607032 -1.400000
v -0.952817 0.907129 1.400000
v -0.952817 0.907129 -1.400000
v -1.090495 1.189361 1.400000
v -1.090496 1.189361 -1.400000
v -1.263757 1.450496 1.400000
v -1.263757 1.450496 -1.400000
v -1.470925 1.687301 1.400000
v -1.470925 1.687301 -1.400000
v -1.710323 1.896543 1.400000
v -1.710323 1.896543 -1.400000
v -1.980272 2.074991 1.400000
v -1.980272 2.074991 -1.400000
v -2.279097 2.219410 1.400000
v -2.279098 2.219410 -1.400000
v -2.605119 2.326570 1.400000
v -2.605120 2.326570 -1.400000
v -2.956663 2.393236 1.400000
v -2.956663 2.393236 -1.400000
v -3.332050 2.416176 1.400000
v -3.332051 2.416176 -1.400000
v -3.593672 -1.837932 1.400000
v -3.593672 -1.837932 -1.400000
v -3.841852 -1.791440 1.400000
v -3.841852 -1.791440 -1.400000
v -4.074816 -1.716121 1.400000
v -4.074816 -1.716121 -1.399999
v -4.290791 -1.613750 1.400000
v -4.290791 -1.613750 -1.399999
v -4.488002 -1.486101 1.400000
v -4.488002 -1.486101 -1.399999
v -4.664675 -1.334949 1.400000
v -4.664675 -1.334949 -1.399999
v -4.819036 -1.162068 1.400000
v -4.819036 -1.162068 -1.399999
v -4.949309 -0.969231 1.400000
v -4.949309 -0.969232 -1.399999
v -5.053722 -0.758215 1.400000
v -5.053722 -0.758215 -1.399999
v -5.130500 -0.530792 1.400000
v -5.130500 -0.530792 -1.399999
v -5.177867 -0.288737 1.400000
v -5.177867 -0.288737 -1.399999
v -5.194051 -0.033824 1.400000
v -5.194051 -0.033824 -1.399999
v -5.177867 0.222559 1.400000
v -5.177867 0.222559 -1.399999
v -5.130500 0.465574 1.400000
v -5.130500 0.465574 -1.399999
v -5.053722 0.693520 1.400000
v -5.053722 0.693520 -1.400000
v -4.949309 0.904694 1.400000
v -4.949309 0.904694 -1.400000
v -4.819036 1.097397 1.400000
v -4.819036 1.097397 -1.400000
v -4.664675 1.269926 1.400000
v -4.664675 1.269926 -1.400000
v -4.488002 1.420580 1.400000
v -4.488002 1.420580 -1.400000
v -4.290791 1.547657 1.400000
v -4.290791 1.547657 -1.400000
v -4.074816 1.649457 1.400000
v -4.074816 1.649457 -1.400000
v -3.841852 1.724278 1.400000
v -3.841852 1.724277 -1.400000
v -3.593672 1.770418 1.400000
v -3.593672 1.770418 -1.400000
v -3.332050 1.786176 1.400000
v -3.332051 1.786176 -1.400000
v -3.072038 1.770417 1.400000
v -3.072038 1.770417 -1.400000
v -2.825198 1.724277 1.400000
v -2.825198 1.724277 -1.400000
v -2.593332 1.649457 1.400000
v -2.593332 1.649456 -1.400000
v -2.378235 1.547657 1.400000
v -2.378236 1.547657 -1.400000
v -2.181709 1.420580 1.400000
v -2.181709 1.420579 -1.400000
v -2.005550 1.269926 1.400000
v -2.005550 1.269925 -1.400000
v -1.851558 1.097397 1.400000
v -1.851558 1.097396 -1.400000
v -1.721531 0.904694 1.400000
v -1.721532 0.904694 -1.400000
v -1.617268 0.693520 1.400000
v -1.617268 0.693519 -1.400000
v -1.540568 0.465574 1.400000
v -1.540568 0.465574 -1.400000
v -1.493228 0.222559 1.400000
v -1.493229 0.222559 -1.400000
v -1.477050 -0.033824 1.400000
v -1.477050 -0.033824 -1.400000
v -1.493228 -0.288737 1.400000
v -1.493229 -0.288737 -1.400000
v -1.540568 -0.530792 1.400000
v -1.540568 -0.530792 -1.400000
v -1.617268 -0.758215 1.400000
v -1.617268 -0.758215 -1.400000
v -1.721531 -0.969232 1.400000
v -1.721532 -0.969232 -1.400000
v -1.851558 -1.162068 1.400000
v -1.851558 -1.162068 -1.400000
v -2.005550 -1.334949 1.400000
v -2.005550 -1.334949 -1.400000
v -2.181709 -1.486101 1.400000
v -2.181709 -1.486102 -1.400000
v -2.378235 -1.613750 1.400000
v -2.378236 -1.613750 -1.400000
v -2.593332 -1.716121 1.400000
v -2.593332 -1.716121 -1.400000
v -2.825198 -1.791440 1.400000
v -2.825198 -1.791440 -1.400000
v -3.072038 -1.837932 1.400000
v -3.072038 -1.837933 -1.400000
v -3.332050 -1.853824 1.400000
v -3.332051 -1.853824 -1.400000
v -8.281049 -2.462824 1.400001
v -8.281049 -2.462824 -1.399999
v -6.216050 2.353176 1.400000
v -6.216050 2.353176 -1.399999
v -6.902050 2.353176 1.400000
v -6.902050 2.353176 -1.399999
v -8.337051 -0.999824 1.400001
v -8.337051 -0.999824 -1.399999
v -9.765052 2.353176 1.400001
v -9.765052 2.353176 -1.399999
v -10.444049 2.353176 1.400001
v -10.444049 2.353176 -1.399999
v -8.421049 -2.462824 1.400001
v -8.421049 -2.462824 -1.399999
v -11.655048 1.737176 1.400001
v -11.655048 1.737176 -1.399999
v -11.655048 0.295176 1.400001
v -11.655048 0.295176 -1.399999
v -13.608050 0.295176 1.400001
v -13.608050 0.295176 -1.399999
v -13.608050 -0.320824 1.400001
v -13.608050 -0.320824 -1.399999
v -11.655048 -0.320824 1.400001
v -11.655048 -0.320824 -1.399999
v -11.655048 -1.804824 1.400001
v -11.655048 -1.804824 -1.399999
v -13.741051 -1.804824 1.400001
v -13.741051 -1.804824 -1.399999
v -13.741051 -2.420824 1.400001
v -13.741051 -2.420824 -1.399999
v -10.969048 -2.420824 1.400001
v -10.969048 -2.420824 -1.399999
v -10.969048 2.353176 1.400001
v -10.969048 2.353176 -1.399999
v -13.678048 2.353176 1.400001
v -13.678048 2.353176 -1.399999
v -13.678048 1.737176 1.400001
v -13.678048 1.737176 -1.399999
v -15.920834 2.342644 1.400001
v -15.920834 2.342644 -1.399999
v -16.138618 2.311500 1.400001
v -16.138618 2.311500 -1.399999
v -16.339584 2.260426 1.400001
v -16.339584 2.260426 -1.399999
v -16.522907 2.190102 1.400001
v -16.522907 2.190102 -1.399999
v -16.687754 2.101208 1.400001
v -16.687754 2.101208 -1.399999
v -16.833303 1.994426 1.400001
v -16.833303 1.994426 -1.399999
v -16.958727 1.870436 1.400001
v -16.958727 1.870435 -1.399999
v -17.063200 1.729917 1.400001
v -17.063200 1.729917 -1.399999
v -17.145895 1.573551 1.400001
v -17.145895 1.573551 -1.399999
v -17.205986 1.402019 1.400001
v -17.205986 1.402018 -1.399999
v -17.242645 1.216000 1.400001
v -17.242645 1.216000 -1.399999
v -17.255049 1.016176 1.400001
v -17.255049 1.016176 -1.399999
v -17.249105 0.880883 1.400001
v -17.249105 0.880883 -1.399999
v -17.231424 0.751667 1.400001
v -17.231424 0.751667 -1.399999
v -17.202221 0.628770 1.400001
v -17.202221 0.628770 -1.399999
v -17.161716 0.512435 1.400001
v -17.161716 0.512435 -1.399999
v -17.110126 0.402906 1.400001
v -17.110126 0.402906 -1.399999
v -17.047674 0.300426 1.400001
v -17.047674 0.300426 -1.399999
v -16.974575 0.205237 1.400001
v -16.974575 0.205237 -1.399999
v -16.891048 0.117583 1.400001
v -16.891048 0.117583 -1.399999
v -16.797316 0.037707 1.400001
v -16.797316 0.037707 -1.399999
v -16.693592 -0.034148 1.400001
v -16.693592 -0.034148 -1.399999
v -16.580097 -0.097740 1.400001
v -16.580097 -0.097740 -1.399999
v -16.457050 -0.152824 1.400001
v -16.457050 -0.152824 -1.399999
v -16.562206 -0.227782 1.400001
v -16.562206 -0.227782 -1.399999
v -16.661283 -0.309157 1.400001
v -16.661283 -0.309157 -1.399999
v -16.755209 -0.396949 1.400001
v -16.755209 -0.396949 -1.399999
v -16.844904 -0.491157 1.400002
v -16.844904 -0.491157 -1.399998
v -16.931293 -0.591782 1.400002
v -16.931293 -0.591782 -1.399998
v -17.015301 -0.698824 1.400002
v -17.015301 -0.698824 -1.399998
v -17.097849 -0.812282 1.400002
v -17.097849 -0.812283 -1.399998
v -17.179865 -0.932157 1.400002
v -17.179865 -0.932158 -1.399998
v -17.262270 -1.058449 1.400002
v -17.262270 -1.058449 -1.399998
v -17.345985 -1.191157 1.400002
v -17.345985 -1.191158 -1.399998
v -17.431940 -1.330283 1.400002
v -17.431940 -1.330283 -1.399998
v -17.521049 -1.475824 1.400002
v -17.521049 -1.475824 -1.399998
v -17.570227 -1.554842 1.400002
v -17.570227 -1.554842 -1.399998
v -17.616917 -1.628463 1.400002
v -17.616917 -1.628463 -1.399998
v -17.662148 -1.698293 1.400002
v -17.662148 -1.698293 -1.399998
v -17.706942 -1.765935 1.400002
v -17.706942 -1.765936 -1.399998
v -17.752321 -1.832994 1.400002
v -17.752321 -1.832995 -1.399998
v -17.799305 -1.901074 1.400002
v -17.799305 -1.901075 -1.399998
v -17.848911 -1.971779 1.400002
v -17.848911 -1.971779 -1.399998
v -17.902164 -2.046713 1.400002
v -17.902164 -2.046713 -1.399998
v -17.960083 -2.127481 1.400002
v -17.960083 -2.127481 -1.399998
v -18.023689 -2.215686 1.400002
v -18.023689 -2.215686 -1.399998
v -18.094004 -2.312932 1.400002
v -18.094004 -2.312932 -1.399998
v -18.172050 -2.420824 1.400002
v -18.172050 -2.420824 -1.399998
v -17.353048 -2.420824 1.400002
v -17.353048 -2.420824 -1.399998
v -16.723047 -1.440824 1.400002
v -16.723047 -1.440825 -1.399998
v -16.572454 -1.213470 1.400002
v -16.572454 -1.213470 -1.399998
v -16.434748 -1.019658 1.400001
v -16.434748 -1.019658 -1.399999
v -16.308512 -0.856762 1.400001
v -16.308512 -0.856762 -1.399999
v -16.192341 -0.722158 1.400001
v -16.192341 -0.722158 -1.399999
v -16.084822 -0.613220 1.400001
v -16.084822 -0.613220 -1.399999
v -15.984547 -0.527324 1.400001
v -15.984547 -0.527324 -1.399999
v -15.890101 -0.461845 1.400001
v -15.890101 -0.461845 -1.399999
v -15.800083 -0.414157 1.400001
v -15.800083 -0.414158 -1.399999
v -15.713078 -0.381637 1.400001
v -15.713078 -0.381637 -1.399999
v -15.627676 -0.361658 1.400001
v -15.627676 -0.361658 -1.399999
v -15.542470 -0.351595 1.400001
v -15.542470 -0.351595 -1.399999
v -15.456050 -0.348824 1.400001
v -15.456050 -0.348824 -1.399999
v -15.169050 -0.348824 1.400001
v -15.169050 -0.348824 -1.399999
v -15.169050 -2.420824 1.400001
v -15.169050 -2.420824 -1.399999
v -14.483050 -2.420824 1.400001
v -14.483050 -2.420824 -1.399999
v -14.483050 2.353176 1.400001
v -14.483050 2.353176 -1.399999
v -15.687050 2.353176 1.400001
v -15.687050 2.353176 -1.399999
v -15.610048 0.267176 1.400001
v -15.610048 0.267176 -1.399999
v -15.783040 0.274844 1.400001
v -15.783040 0.274844 -1.399999
v -15.935226 0.297023 1.400001
v -15.935226 0.297023 -1.399999
v -16.067677 0.332473 1.400001
v -16.067677 0.332473 -1.399999
v -16.181458 0.379953 1.400001
v -16.181458 0.379953 -1.399999
v -16.277641 0.438226 1.400001
v -16.277641 0.438226 -1.399999
v -16.357298 0.506051 1.400001
v -16.357298 0.506051 -1.399999
v -16.421499 0.582188 1.400001
v -16.421499 0.582188 -1.399999
v -16.471310 0.665398 1.400001
v -16.471310 0.665398 -1.399999
v -16.507799 0.754442 1.400001
v -16.507799 0.754441 -1.399999
v -16.532040 0.848079 1.400001
v -16.532040 0.848079 -1.399999
v -16.545099 0.945070 1.400001
v -16.545099 0.945070 -1.399999
v -16.548050 1.044176 1.400001
v -16.548050 1.044176 -1.399999
v -16.540821 1.152473 1.400001
v -16.540821 1.152473 -1.399999
v -16.522316 1.253139 1.400001
v -16.522316 1.253139 -1.399999
v -16.492048 1.345832 1.400001
v -16.492048 1.345832 -1.399999
v -16.449530 1.430213 1.400001
v -16.449530 1.430212 -1.399999
v -16.394276 1.505941 1.400001
v -16.394276 1.505941 -1.399999
v -16.325800 1.572676 1.400001
v -16.325800 1.572676 -1.399999
v -16.243614 1.630077 1.400001
v -16.243614 1.630077 -1.399999
v -16.147234 1.677806 1.400001
v -16.147234 1.677805 -1.399999
v -16.036173 1.715520 1.400001
v -16.036173 1.715519 -1.399999
v -15.909945 1.742880 1.400001
v -15.909945 1.742879 -1.399999
v -15.768066 1.759545 1.400001
v -15.768066 1.759545 -1.399999
v -15.610048 1.765176 1.400001
v -15.610048 1.765176 -1.399999
v -15.169050 1.765176 1.400001
v -15.169050 1.765176 -1.399999
v -15.169050 0.267176 1.400001
v -15.169050 0.267176 -1.399999
vn -0.0000 -0.0000 -1.0000
vn -0.0000 -0.0000 1.0000
vn -0.3771 -0.9262 -0.0000
vn -0.3491 -0.9371 -0.0000
vn -0.3180 -0.9481 -0.0000
vn -0.2842 -0.9588 -0.0000
vn -0.2482 -0.9687 -0.0000
vn -0.2107 -0.9776 -0.0000
vn -0.1725 -0.9850 -0.0000
vn -0.1345 -0.9909 -0.0000
vn -0.0977 -0.9952 -0.0000
vn -0.0626 -0.9980 -0.0000
vn -0.0301 -0.9995 -0.0000
vn 0.0220 -0.9998 -0.0000
vn 0.1184 -0.9930 -0.0000
vn 0.2385 -0.9711 -0.0000
vn 0.3584 -0.9336 -0.0000
vn 0.4753 -0.8798 -0.0000
vn 0.5867 -0.8098 -0.0000
vn 0.6895 -0.7242 -0.0000
vn 0.7812 -0.6243 -0.0000
vn 0.8590 -0.5119 -0.0000
vn 0.9209 -0.3898 -0.0000
vn 0.9652 -0.2614 -0.0000
vn 0.9915 -0.1303 -0.0000
vn 1.0000 0.0006 -0.0000
vn 0.9913 0.1318 -0.0000
vn 0.9648 0.2630 -0.0000
vn 0.9208 0.3901 -0.0000
vn 0.8602 0.5100 -0.0000
vn 0.7845 0.6202 -0.0000
vn 0.6955 0.7186 -0.0000
vn 0.5951 0.8036 -0.0000
vn 0.4855 0.8742 -0.0000
vn 0.3688 0.9295 -0.0000
vn 0.2474 0.9689 -0.0000
vn 0.1236 0.9923 -0.0000
vn 0.0235 0.9997 -0.0000
vn -0.0308 0.9995 -0.0000
vn -0.0661 0.9978 -0.0000
vn -0.1056 0.9944 -0.0000
vn -0.1475 0.9891 -0.0000
vn -0.1899 0.9818 -0.0000
vn -0.2307 0.9730 -0.0000
vn -0.2683 0.9633 -0.0000
vn -0.3015 0.9535 -0.0000
vn -0.3299 0.9440 -0.0000
vn -0.3535 0.9355 -0.0000
vn -0.3724 0.9281 -0.0000
vn -0.8309 0.5565 -0.0000
vn -0.5168 -0.8561 -0.0000
vn 0.4493 -0.8934 -0.0000
vn 0.4153 -0.9097 -0.0000
vn 0.3798 -0.9250 -0.0000
vn 0.3429 -0.9394 -0.0000
vn 0.3044 -0.9525 -0.0000
vn 0.2645 -0.9644 -0.0000
vn 0.2232 -0.9748 -0.0000
vn 0.1806 -0.9835 -0.0000
vn 0.1369 -0.9906 -0.0000
vn 0.0921 -0.9958 -0.0000
vn 0.0464 -0.9989 -0.0000
vn -0.0201 -0.9998 -0.0000
vn -0.1277 -0.9918 -0.0000
vn -0.2547 -0.9670 -0.0000
vn -0.3780 -0.9258 -0.0000
vn -0.4953 -0.8687 -0.0000
vn -0.6044 -0.7967 -0.0000
vn -0.7034 -0.7108 -0.0000
vn -0.7905 -0.6124 -0.0000
vn -0.8642 -0.5031 -0.0000
vn -0.9231 -0.3846 -0.0000
vn -0.9658 -0.2594 -0.0000
vn -0.9915 -0.1301 -0.0000
vn -1.0000 -0.0009 -0.0000
vn -0.9918 0.1281 -0.0000
vn -0.9660 0.2586 -0.0000
vn -0.9216 0.3881 -0.0000
vn -0.8588 0.5123 -0.0000
vn -0.7790 0.6271 -0.0000
vn -0.6845 0.7290 -0.0000
vn -0.5788 0.8154 -0.0000
vn -0.4655 0.8851 -0.0000
vn -0.3480 0.9375 -0.0000
vn -0.2297 0.9733 -0.0000
vn -0.1131 0.9936 -0.0000
vn -0.0185 0.9998 -0.0000
vn 0.0368 0.9993 -0.0000
vn 0.0724 0.9974 -0.0000
vn 0.1062 0.9943 -0.0000
vn 0.1380 0.9904 -0.0000
vn 0.1676 0.9859 -0.0000
vn 0.1947 0.9809 -0.0000
vn 0.2195 0.9756 -0.0000
vn 0.2416 0.9704 -0.0000
vn 0.2611 0.9653 -0.0000
vn 0.2779 0.9606 -0.0000
vn 0.2921 0.9564 -0.0000
vn 0.8058 0.5922 -0.0000
vn 0.7071 -0.7071 -0.0000
vn 0.7071 0.7071 -0.0000
vn -0.7071 0.7071 -0.0000
vn -0.8338 -0.5521 -0.0000
vn 0.5420 -0.8404 -0.0000
vn -0.5507 -0.8347 -0.0000
vn 0.8345 -0.5510 -0.0000
vn 0.5510 0.8345 -0.0000
vn -0.5449 0.8385 -0.0000
vn -0.8385 -0.5449 -0.0000
vn 0.8387 0.5446 -0.0000
vn -0.0137 -0.9999 -0.0000
vn -0.8312 0.5560 -0.0000
vn -0.4344 -0.9007 -0.0000
vn 0.4344 -0.9007 -0.0000
vn -0.7071 -0.7071 -0.0000
vn -0.4312 0.9022 -0.0000
vn -0.0011 1.0000 -0.0000
vn 0.4303 0.9027 -0.0000
vn -0.1217 0.9926 -0.0000
vn -0.2465 0.9692 -0.0000
vn -0.3712 0.9285 -0.0000
vn -0.4921 0.8705 -0.0000
vn -0.6053 0.7960 -0.0000
vn -0.7076 0.7066 -0.0000
vn -0.7964 0.6048 -0.0000
vn -0.8700 0.4931 -0.0000
vn -0.9273 0.3743 -0.0000
vn -0.9680 0.2510 -0.0000
vn -0.9921 0.1255 -0.0000
vn -1.0000 -0.0000 -0.0000
vn -0.9921 -0.1251 -0.0000
vn -0.9684 -0.2494 -0.0000
vn -0.9286 -0.3711 -0.0000
vn -0.8726 -0.4885 -0.0000
vn -0.8005 -0.5993 -0.0000
vn -0.7130 -0.7012 -0.0000
vn -0.6114 -0.7913 -0.0000
vn -0.4980 -0.8672 -0.0000
vn -0.3761 -0.9266 -0.0000
vn -0.2497 -0.9683 -0.0000
vn -0.1232 -0.9924 -0.0000
vn 0.0008 -1.0000 -0.0000
vn 0.1260 -0.9920 -0.0000
vn 0.2541 -0.9672 -0.0000
vn 0.3807 -0.9247 -0.0000
vn 0.5017 -0.8650 -0.0000
vn 0.6136 -0.7896 -0.0000
vn 0.7137 -0.7004 -0.0000
vn 0.8001 -0.5999 -0.0000
vn 0.8716 -0.4902 -0.0000
vn 0.9276 -0.3736 -0.0000
vn 0.9678 -0.2519 -0.0000
vn 0.9919 -0.1267 -0.0000
vn 1.0000 0.0003 -0.0000
vn 0.9918 0.1281 -0.0000
vn 0.9669 0.2551 -0.0000
vn 0.9255 0.3787 -0.0000
vn 0.8679 0.4967 -0.0000
vn 0.7947 0.6070 -0.0000
vn 0.7069 0.7073 -0.0000
vn 0.6061 0.7954 -0.0000
vn 0.4944 0.8692 -0.0000
vn 0.3745 0.9272 -0.0000
vn 0.2498 0.9683 -0.0000
vn 0.1239 0.9923 -0.0000
vn 0.0007 1.0000 -0.0000
vn 0.1226 0.9925 -0.0000
vn 0.2464 0.9692 -0.0000
vn 0.4869 0.8735 -0.0000
vn 0.5981 0.8015 -0.0000
vn 0.6996 0.7145 -0.0000
vn 0.7891 0.6143 -0.0000
vn 0.8644 0.5028 -0.0000
vn 0.9239 0.3825 -0.0000
vn 0.9665 0.2565 -0.0000
vn 0.9918 0.1280 -0.0000
vn 1.0000 0.0002 -0.0000
vn 0.9918 -0.1274 -0.0000
vn 0.9667 -0.2558 -0.0000
vn 0.9241 -0.3821 -0.0000
vn 0.8644 -0.5028 -0.0000
vn 0.7887 -0.6148 -0.0000
vn 0.6986 -0.7155 -0.0000
vn 0.5966 -0.8025 -0.0000
vn 0.4851 -0.8745 -0.0000
vn 0.3668 -0.9303 -0.0000
vn 0.2448 -0.9696 -0.0000
vn 0.1217 -0.9926 -0.0000
vn -0.0002 -1.0000 -0.0000
vn -0.1224 -0.9925 -0.0000
vn -0.2459 -0.9693 -0.0000
vn -0.3682 -0.9297 -0.0000
vn -0.4864 -0.8737 -0.0000
vn -0.5978 -0.8016 -0.0000
vn -0.6996 -0.7146 -0.0000
vn -0.7893 -0.6140 -0.0000
vn -0.8648 -0.5022 -0.0000
vn -0.9243 -0.3817 -0.0000
vn -0.9668 -0.2556 -0.0000
vn -0.9919 -0.1274 -0.0000
vn -1.0000 0.0002 -0.0000
vn -0.9918 0.1279 -0.0000
vn -0.9666 0.2563 -0.0000
vn -0.9241 0.3821 -0.0000
vn -0.8648 0.5022 -0.0000
vn -0.7897 0.6135 -0.0000
vn -0.7005 0.7136 -0.0000
vn -0.5993 0.8005 -0.0000
vn -0.4883 0.8727 -0.0000
vn -0.3701 0.9290 -0.0000
vn -0.2475 0.9689 -0.0000
vn -0.1233 0.9924 -0.0000
vn -0.0002 1.0000 -0.0000
vn 0.5504 -0.8349 -0.0000
vn 0.8349 0.5504 -0.0000
vn -0.5507 0.8347 -0.0000
vn 0.0009 1.0000 -0.0000
vn 0.5514 0.8342 -0.0000
vn -0.8329 0.5535 -0.0000
vn -0.5535 -0.8329 -0.0000
vn -0.0934 0.9956 -0.0000
vn -0.1942 0.9810 -0.0000
vn -0.3028 0.9531 -0.0000
vn -0.4173 0.9088 -0.0000
vn -0.5344 0.8453 -0.0000
vn -0.6490 0.7608 -0.0000
vn -0.7549 0.6558 -0.0000
vn -0.8457 0.5336 -0.0000
vn -0.9164 0.4002 -0.0000
vn -0.9649 0.2627 -0.0000
vn -1.0000 0.0090 -0.0000
vn -0.9960 -0.0898 -0.0000
vn -0.9830 -0.1836 -0.0000
vn -0.9599 -0.2804 -0.0000
vn -0.9258 -0.3780 -0.0000
vn -0.8806 -0.4739 -0.0000
vn -0.8247 -0.5655 -0.0000
vn -0.7596 -0.6504 -0.0000
vn -0.6872 -0.7265 -0.0000
vn -0.6098 -0.7926 -0.0000
vn -0.5297 -0.8482 -0.0000
vn -0.4492 -0.8935 -0.0000
vn -0.9951 -0.0990 -0.0000
vn -0.6079 0.7940 -0.0000
vn -0.6591 0.7520 -0.0000
vn -0.7038 0.7104 -0.0000
vn -0.7417 0.6707 -0.0000
vn -0.7729 0.6345 -0.0000
vn -0.7978 0.6030 -0.0000
vn -0.8171 0.5766 -0.0000
vn -0.8315 0.5556 -0.0000
vn -0.8417 0.5400 -0.0000
vn -0.8483 0.5296 -0.0000
vn -0.8518 0.5239 -0.0000
vn -0.8509 0.5253 -0.0000
vn -0.8468 0.5320 -0.0000
vn -0.8419 0.5396 -0.0000
vn -0.8365 0.5479 -0.0000
vn -0.8310 0.5563 -0.0000
vn -0.8256 0.5642 -0.0000
vn -0.8208 0.5712 -0.0000
vn -0.8169 0.5768 -0.0000
vn -0.8139 0.5810 -0.0000
vn -0.8119 0.5838 -0.0000
vn -0.8107 0.5854 -0.0000
vn -0.8103 0.5860 -0.0000
vn -0.8905 -0.4549 -0.0000
vn 0.4792 -0.8777 -0.0000
vn 0.8375 -0.5465 -0.0000
vn 0.8246 -0.5658 -0.0000
vn 0.8030 -0.5960 -0.0000
vn 0.7740 -0.6332 -0.0000
vn 0.7348 -0.6783 -0.0000
vn 0.6817 -0.7316 -0.0000
vn 0.6110 -0.7917 -0.0000
vn 0.5199 -0.8542 -0.0000
vn 0.4100 -0.9121 -0.0000
vn 0.2896 -0.9572 -0.0000
vn 0.1728 -0.9850 -0.0000
vn 0.0747 -0.9972 -0.0000
vn 0.0160 -0.9999 -0.0000
vn -0.0225 0.9997 -0.0000
vn 0.0221 0.9998 -0.0000
vn 0.0944 0.9955 -0.0000
vn 0.2017 0.9794 -0.0000
vn 0.3226 0.9466 -0.0000
vn 0.4529 0.8916 -0.0000
vn 0.5851 0.8110 -0.0000
vn 0.7088 0.7054 -0.0000
vn 0.8139 0.5810 -0.0000
vn 0.8942 0.4477 -0.0000
vn 0.9489 0.3156 -0.0000
vn 0.9813 0.1924 -0.0000
vn 0.9967 0.0817 -0.0000
vn 0.9998 -0.0185 -0.0000
vn 0.9923 -0.1239 -0.0000
vn 0.9692 -0.2461 -0.0000
vn 0.9245 -0.3813 -0.0000
vn 0.8533 -0.5215 -0.0000
vn 0.7555 -0.6551 -0.0000
vn 0.6374 -0.7705 -0.0000
vn 0.5096 -0.8604 -0.0000
vn 0.3835 -0.9235 -0.0000
vn 0.2671 -0.9637 -0.0000
vn 0.1644 -0.9864 -0.0000
vn 0.0762 -0.9971 -0.0000
vn 0.0178 -0.9998 -0.0000
vt 0.688172 0.000000
vt 0.989247 0.000000
vt 0.698925 0.000000
vt 0.709677 0.000000
vt 0.000000 0.000000
vt 0.010753 0.000000
vt 0.021505 0.000000
vt 0.032258 0.000000
vt 0.043011 0.000000
vt 0.053763 0.000000
vt 0.064516 0.000000
vt 0.978495 0.000000
vt 0.075269 0.000000
vt 1.000000 0.000000
vt 0.967742 0.000000
vt 0.956989 0.000000
vt 0.946237 0.000000
vt 0.086022 0.000000
vt 0.935484 0.000000
vt 0.924731 0.000000
vt 0.913979 0.000000
vt 0.096774 0.000000
vt 0.903226 0.000000
vt 0.892473 0.000000
vt 0.881720 0.000000
vt 0.107527 0.000000
vt 0.870968 0.000000
vt 0.860215 0.000000
vt 0.118280 0.000000
vt 0.849462 0.000000
vt 0.838710 0.000000
vt 0.129032 0.000000
vt 0.827957 0.000000
vt 0.139785 0.000000
vt 0.817204 0.000000
vt 0.806452 0.000000
vt 0.150538 0.000000
vt 0.795699 0.000000
vt 0.161290 0.000000
vt 0.784946 0.000000
vt 0.172043 0.000000
vt 0.774194 0.000000
vt 0.763441 0.000000
vt 0.182796 0.000000
vt 0.752688 0.000000
vt 0.741935 0.000000
vt 0.193548 0.000000
vt 0.731183 0.000000
vt 0.720430 0.000000
vt 0.666667 0.000000
vt 0.204301 0.000000
vt 0.215054 0.000000
vt 0.225806 0.000000
vt 0.236559 0.000000
vt 0.247312 0.000000
vt 0.258065 0.000000
vt 0.268817 0.000000
vt 0.655914 0.000000
vt 0.645161 0.000000
vt 0.279570 0.000000
vt 0.677419 0.000000
vt 0.634409 0.000000
vt 0.623656 0.000000
vt 0.612903 0.000000
vt 0.290323 0.000000
vt 0.602151 0.000000
vt 0.591398 0.000000
vt 0.301075 0.000000
vt 0.580645 0.000000
vt 0.311828 0.000000
vt 0.569892 0.000000
vt 0.322581 0.000000
vt 0.559140 0.000000
vt 0.333333 0.000000
vt 0.548387 0.000000
vt 0.344086 0.000000
vt 0.537634 0.000000
vt 0.354839 0.000000
vt 0.365591 0.000000
vt 0.526882 0.000000
vt 0.376344 0.000000
vt 0.516129 0.000000
vt 0.387097 0.000000
vt 0.397849 0.000000
vt 0.408602 0.000000
vt 0.419355 0.000000
vt 0.430108 0.000000
vt 0.440860 0.000000
vt 0.451613 0.000000
vt 0.462366 0.000000
vt 0.473118 0.000000
vt 0.483871 0.000000
vt 0.494624 0.000000
vt 0.505376 0.000000
vt 0.727273 0.000000
vt 0.818182 0.000000
vt 0.909091 0.000000
vt 0.090909 0.000000
vt 0.363636 0.000000
vt 0.181818 0.000000
vt 0.272727 0.000000
vt 0.454545 0.000000
vt 0.545455 0.000000
vt 0.636364 0.000000
vt 0.166667 0.000000
vt 0.500000 0.000000
vt 0.833333 0.000000
vt 0.484211 0.000000
vt 0.494737 0.000000
vt 0.010526 0.000000
vt 0.473684 0.000000
vt 0.021053 0.000000
vt 0.463158 0.000000
vt 0.031579 0.000000
vt 0.452632 0.000000
vt 0.042105 0.000000
vt 0.442105 0.000000
vt 0.052632 0.000000
vt 0.431579 0.000000
vt 0.747368 0.000000
vt 0.757895 0.000000
vt 0.736842 0.000000
vt 0.726316 0.000000
vt 0.768421 0.000000
vt 0.715789 0.000000
vt 0.778947 0.000000
vt 0.063158 0.000000
vt 0.421053 0.000000
vt 0.705263 0.000000
vt 0.789474 0.000000
vt 0.694737 0.000000
vt 0.800000 0.000000
vt 0.073684 0.000000
vt 0.410526 0.000000
vt 0.684211 0.000000
vt 0.810526 0.000000
vt 0.673684 0.000000
vt 0.821053 0.000000
vt 0.084211 0.000000
vt 0.400000 0.000000
vt 0.663158 0.000000
vt 0.831579 0.000000
vt 0.094737 0.000000
vt 0.389474 0.000000
vt 0.652632 0.000000
vt 0.842105 0.000000
vt 0.642105 0.000000
vt 0.852632 0.000000
vt 0.105263 0.000000
vt 0.378947 0.000000
vt 0.631579 0.000000
vt 0.863158 0.000000
vt 0.115789 0.000000
vt 0.368421 0.000000
vt 0.621053 0.000000
vt 0.873684 0.000000
vt 0.357895 0.000000
vt 0.884211 0.000000
vt 0.610526 0.000000
vt 0.126316 0.000000
vt 0.894737 0.000000
vt 0.600000 0.000000
vt 0.136842 0.000000
vt 0.347368 0.000000
vt 0.905263 0.000000
vt 0.589474 0.000000
vt 0.147368 0.000000
vt 0.336842 0.000000
vt 0.578947 0.000000
vt 0.915789 0.000000
vt 0.157895 0.000000
vt 0.326316 0.000000
vt 0.568421 0.000000
vt 0.926316 0.000000
vt 0.557895 0.000000
vt 0.936842 0.000000
vt 0.168421 0.000000
vt 0.315789 0.000000
vt 0.547368 0.000000
vt 0.947368 0.000000
vt 0.536842 0.000000
vt 0.957895 0.000000
vt 0.178947 0.000000
vt 0.305263 0.000000
vt 0.526316 0.000000
vt 0.968421 0.000000
vt 0.515789 0.000000
vt 0.978947 0.000000
vt 0.189474 0.000000
vt 0.294737 0.000000
vt 0.505263 0.000000
vt 0.989474 0.000000
vt 0.200000 0.000000
vt 0.284211 0.000000
vt 0.210526 0.000000
vt 0.273684 0.000000
vt 0.221053 0.000000
vt 0.263158 0.000000
vt 0.231579 0.000000
vt 0.252632 0.000000
vt 0.242105 0.000000
vt 0.571429 0.000000
vt 0.714286 0.000000
vt 0.642857 0.000000
vt 0.428571 0.000000
vt 0.357143 0.000000
vt 0.785714 0.000000
vt 0.928571 0.000000
vt 0.857143 0.000000
vt 0.142857 0.000000
vt 0.071429 0.000000
vt 0.285714 0.000000
vt 0.214286 0.000000
vt 0.900000 0.000000
vt 0.700000 0.000000
vt 0.100000 0.000000
vt 0.300000 0.000000
vt 0.336634 0.000000
vt 0.356436 0.000000
vt 0.346535 0.000000
vt 0.366337 0.000000
vt 0.376238 0.000000
vt 0.386139 0.000000
vt 0.326733 0.000000
vt 0.396040 0.000000
vt 0.405941 0.000000
vt 0.415842 0.000000
vt 0.316832 0.000000
vt 0.425743 0.000000
vt 0.435644 0.000000
vt 0.306931 0.000000
vt 0.445545 0.000000
vt 0.455446 0.000000
vt 0.297030 0.000000
vt 0.465347 0.000000
vt 0.574257 0.000000
vt 0.564356 0.000000
vt 0.554455 0.000000
vt 0.544554 0.000000
vt 0.534653 0.000000
vt 0.524752 0.000000
vt 0.514852 0.000000
vt 0.504951 0.000000
vt 0.495050 0.000000
vt 0.485149 0.000000
vt 0.475248 0.000000
vt 0.287129 0.000000
vt 0.594059 0.000000
vt 0.584158 0.000000
vt 0.603960 0.000000
vt 0.613861 0.000000
vt 0.623762 0.000000
vt 0.277228 0.000000
vt 0.633663 0.000000
vt 0.643564 0.000000
vt 0.267327 0.000000
vt 0.653465 0.000000
vt 0.663366 0.000000
vt 0.257426 0.000000
vt 0.673267 0.000000
vt 0.247525 0.000000
vt 0.683168 0.000000
vt 0.693069 0.000000
vt 0.237624 0.000000
vt 0.702970 0.000000
vt 0.227723 0.000000
vt 0.712871 0.000000
vt 0.722772 0.000000
vt 0.217822 0.000000
vt 0.970297 0.000000
vt 0.990099 0.000000
vt 0.980198 0.000000
vt 0.960396 0.000000
vt 0.732673 0.000000
vt 0.207921 0.000000
vt 0.742574 0.000000
vt 0.950495 0.000000
vt 0.198020 0.000000
vt 0.752475 0.000000
vt 0.762376 0.000000
vt 0.188119 0.000000
vt 0.772277 0.000000
vt 0.178218 0.000000
vt 0.782178 0.000000
vt 0.792079 0.000000
vt 0.168317 0.000000
vt 0.801980 0.000000
vt 0.940594 0.000000
vt 0.930693 0.000000
vt 0.920792 0.000000
vt 0.811881 0.000000
vt 0.910891 0.000000
vt 0.900990 0.000000
vt 0.891089 0.000000
vt 0.821782 0.000000
vt 0.158416 0.000000
vt 0.881188 0.000000
vt 0.871287 0.000000
vt 0.861386 0.000000
vt 0.831683 0.000000
vt 0.851485 0.000000
vt 0.841584 0.000000
vt 0.148515 0.000000
vt 0.009901 0.000000
vt 0.138614 0.000000
vt 0.019802 0.000000
vt 0.029703 0.000000
vt 0.128713 0.000000
vt 0.039604 0.000000
vt 0.049505 0.000000
vt 0.059406 0.000000
vt 0.118812 0.000000
vt 0.069307 0.000000
vt 0.079208 0.000000
vt 0.089109 0.000000
vt 0.108911 0.000000
vt 0.099010 0.000000
vt 0.000000 1.000000
vt 0.009804 1.000000
vt 0.009804 0.000000
vt 0.019608 1.000000
vt 0.019608 0.000000
vt 0.029412 1.000000
vt 0.029412 0.000000
vt 0.039216 1.000000
vt 0.039216 0.000000
vt 0.049020 1.000000
vt 0.049020 0.000000
vt 0.058824 1.000000
vt 0.058824 0.000000
vt 0.068627 1.000000
vt 0.068627 0.000000
vt 0.078431 1.000000
vt 0.078431 0.000000
vt 0.088235 1.000000
vt 0.088235 0.000000
vt 0.098039 1.000000
vt 0.098039 0.000000
vt 0.107843 1.000000
vt 0.107843 0.000000
vt 0.117647 1.000000
vt 0.117647 0.000000
vt 0.127451 1.000000
vt 0.127451 0.000000
vt 0.137255 1.000000
vt 0.137255 0.000000
vt 0.147059 1.000000
vt 0.147059 0.000000
vt 0.156863 1.000000
vt 0.156863 0.000000
vt 0.166667 1.000000
vt 0.176471 1.000000
vt 0.176471 0.000000
vt 0.186275 1.000000
vt 0.186275 0.000000
vt 0.196078 1.000000
vt 0.196078 0.000000
vt 0.205882 1.000000
vt 0.205882 0.000000
vt 0.215686 1.000000
vt 0.215686 0.000000
vt 0.225490 1.000000
vt 0.225490 0.000000
vt 0.235294 1.000000
vt 0.235294 0.000000
vt 0.245098 1.000000
vt 0.245098 0.000000
vt 0.254902 1.000000
vt 0.254902 0.000000
vt 0.264706 1.000000
vt 0.264706 0.000000
vt 0.274510 1.000000
vt 0.274510 0.000000
vt 0.284314 1.000000
vt 0.284314 0.000000
vt 0.294118 1.000000
vt 0.294118 0.000000
vt 0.303922 1.000000
vt 0.303922 0.000000
vt 0.313726 1.000000
vt 0.313726 0.000000
vt 0.323529 1.000000
vt 0.323529 0.000000
vt 0.333333 1.000000
vt 0.343137 1.000000
vt 0.343137 0.000000
vt 0.352941 1.000000
vt 0.352941 0.000000
vt 0.362745 1.000000
vt 0.362745 0.000000
vt 0.372549 1.000000
vt 0.372549 0.000000
vt 0.382353 1.000000
vt 0.382353 0.000000
vt 0.392157 1.000000
vt 0.392157 0.000000
vt 0.401961 1.000000
vt 0.401961 0.000000
vt 0.411765 1.000000
vt 0.411765 0.000000
vt 0.421569 1.000000
vt 0.421569 0.000000
vt 0.431373 1.000000
vt 0.431373 0.000000
vt 0.441176 1.000000
vt 0.441176 0.000000
vt 0.450980 1.000000
vt 0.450980 0.000000
vt 0.460784 1.000000
vt 0.460784 0.000000
vt 0.470588 1.000000
vt 0.470588 0.000000
vt 0.480392 1.000000
vt 0.480392 0.000000
vt 0.490196 1.000000
vt 0.490196 0.000000
vt 0.500000 1.000000
vt 0.509804 1.000000
vt 0.509804 0.000000
vt 0.519608 1.000000
vt 0.519608 0.000000
vt 0.529412 1.000000
vt 0.529412 0.000000
vt 0.539216 1.000000
vt 0.539216 0.000000
vt 0.549020 1.000000
vt 0.549020 0.000000
vt 0.558824 1.000000
vt 0.558824 0.000000
vt 0.568627 1.000000
vt 0.568627 0.000000
vt 0.578431 1.000000
vt 0.578431 0.000000
vt 0.588235 1.000000
vt 0.588235 0.000000
vt 0.598039 1.000000
vt 0.598039 0.000000
vt 0.607843 1.000000
vt 0.607843 0.000000
vt 0.617647 1.000000
vt 0.617647 0.000000
vt 0.627451 1.000000
vt 0.627451 0.000000
vt 0.637255 1.000000
vt 0.637255 0.000000
vt 0.647059 1.000000
vt 0.647059 0.000000
vt 0.656863 1.000000
vt 0.656863 0.000000
vt 0.666667 1.000000
vt 0.676471 1.000000
vt 0.676471 0.000000
vt 0.686275 1.000000
vt 0.686275 0.000000
vt 0.696078 1.000000
vt 0.696078 0.000000
vt 0.705882 1.000000
vt 0.705882 0.000000
vt 0.715686 1.000000
vt 0.715686 0.000000
vt 0.725490 1.000000
vt 0.725490 0.000000
vt 0.735294 1.000000
vt 0.735294 0.000000
vt 0.745098 1.000000
vt 0.745098 0.000000
vt 0.754902 1.000000
vt 0.754902 0.000000
vt 0.764706 1.000000
vt 0.764706 0.000000
vt 0.774510 1.000000
vt 0.774510 0.000000
vt 0.784314 1.000000
vt 0.784314 0.000000
vt 0.794118 1.000000
vt 0.794118 0.000000
vt 0.803922 1.000000
vt 0.803922 0.000000
vt 0.813725 1.000000
vt 0.813725 0.000000
vt 0.823529 1.000000
vt 0.823529 0.000000
vt 0.833333 1.000000
vt 0.843137 1.000000
vt 0.843137 0.000000
vt 0.852941 1.000000
vt 0.852941 0.000000
vt 0.862745 1.000000
vt 0.862745 0.000000
vt 0.872549 1.000000
vt 0.872549 0.000000
vt 0.882353 1.000000
vt 0.882353 0.000000
vt 0.892157 1.000000
vt 0.892157 0.000000
vt 0.901961 1.000000
vt 0.901961 0.000000
vt 0.911765 1.000000
vt 0.911765 0.000000
vt 0.921569 1.000000
vt 0.921569 0.000000
vt 0.931373 1.000000
vt 0.931373 0.000000
vt 0.941176 1.000000
vt 0.941176 0.000000
vt 0.950980 1.000000
vt 0.950980 0.000000
vt 0.960784 1.000000
vt 0.960784 0.000000
vt 0.970588 1.000000
vt 0.970588 0.000000
vt 0.980392 1.000000
vt 0.980392 0.000000
vt 0.990196 1.000000
vt 0.990196 0.000000
vt 1.000000 1.000000
vt 0.125000 1.000000
vt 0.125000 0.000000
vt 0.250000 1.000000
vt 0.250000 0.000000
vt 0.375000 1.000000
vt 0.375000 0.000000
vt 0.625000 1.000000
vt 0.625000 0.000000
vt 0.750000 1.000000
vt 0.750000 0.000000
vt 0.875000 1.000000
vt 0.875000 0.000000
vt 0.066667 1.000000
vt 0.066667 0.000000
vt 0.133333 1.000000
vt 0.133333 0.000000
vt 0.200000 1.000000
vt 0.266667 1.000000
vt 0.266667 0.000000
vt 0.400000 1.000000
vt 0.466667 1.000000
vt 0.466667 0.000000
vt 0.533333 1.000000
vt 0.533333 0.000000
vt 0.600000 1.000000
vt 0.733333 1.000000
vt 0.733333 0.000000
vt 0.800000 1.000000
vt 0.866667 1.000000
vt 0.866667 0.000000
vt 0.933333 1.000000
vt 0.933333 0.000000
vt 0.083333 1.000000
vt 0.083333 0.000000
vt 0.416667 1.000000
vt 0.416667 0.000000
vt 0.583333 1.000000
vt 0.583333 0.000000
vt 0.916667 1.000000
vt 0.916667 0.000000
vt 0.020833 1.000000
vt 0.020833 0.000000
vt 0.041667 1.000000
vt 0.041667 0.000000
vt 0.062500 1.000000
vt 0.062500 0.000000
vt 0.104167 1.000000
vt 0.104167 0.000000
vt 0.145833 1.000000
vt 0.145833 0.000000
vt 0.187500 1.000000
vt 0.187500 0.000000
vt 0.208333 1.000000
vt 0.208333 0.000000
vt 0.229167 1.000000
vt 0.229167 0.000000
vt 0.270833 1.000000
vt 0.270833 0.000000
vt 0.291667 1.000000
vt 0.291667 0.000000
vt 0.312500 1.000000
vt 0.312500 0.000000
vt 0.354167 1.000000
vt 0.354167 0.000000
vt 0.395833 1.000000
vt 0.395833 0.000000
vt 0.437500 1.000000
vt 0.437500 0.000000
vt 0.458333 1.000000
vt 0.458333 0.000000
vt 0.479167 1.000000
vt 0.479167 0.000000
vt 0.520833 1.000000
vt 0.520833 0.000000
vt 0.541667 1.000000
vt 0.541667 0.000000
vt 0.562500 1.000000
vt 0.562500 0.000000
vt 0.604167 1.000000
vt 0.604167 0.000000
vt 0.645833 1.000000
vt 0.645833 0.000000
vt 0.687500 1.000000
vt 0.687500 0.000000
vt 0.708333 1.000000
vt 0.708333 0.000000
vt 0.729167 1.000000
vt 0.729167 0.000000
vt 0.770833 1.000000
vt 0.770833 0.000000
vt 0.791667 1.000000
vt 0.791667 0.000000
vt 0.812500 1.000000
vt 0.812500 0.000000
vt 0.854167 1.000000
vt 0.854167 0.000000
vt 0.895833 1.000000
vt 0.895833 0.000000
vt 0.937500 1.000000
vt 0.937500 0.000000
vt 0.958333 1.000000
vt 0.958333 0.000000
vt 0.979167 1.000000
vt 0.979167 0.000000
vt 0.142857 1.000000
vt 0.285714 1.000000
vt 0.428571 1.000000
vt 0.571429 1.000000
vt 0.714286 1.000000
vt 0.857143 1.000000
vt 0.014925 1.000000
vt 0.014925 0.000000
vt 0.029851 1.000000
vt 0.029851 0.000000
vt 0.044776 1.000000
vt 0.044776 0.000000
vt 0.059701 1.000000
vt 0.059701 0.000000
vt 0.074627 1.000000
vt 0.074627 0.000000
vt 0.089552 1.000000
vt 0.089552 0.000000
vt 0.104478 1.000000
vt 0.104478 0.000000
vt 0.119403 1.000000
vt 0.119403 0.000000
vt 0.134328 1.000000
vt 0.134328 0.000000
vt 0.149254 1.000000
vt 0.149254 0.000000
vt 0.164179 1.000000
vt 0.164179 0.000000
vt 0.179104 1.000000
vt 0.179104 0.000000
vt 0.194030 1.000000
vt 0.194030 0.000000
vt 0.208955 1.000000
vt 0.208955 0.000000
vt 0.223881 1.000000
vt 0.223881 0.000000
vt 0.238806 1.000000
vt 0.238806 0.000000
vt 0.253731 1.000000
vt 0.253731 0.000000
vt 0.268657 1.000000
vt 0.268657 0.000000
vt 0.283582 1.000000
vt 0.283582 0.000000
vt 0.298507 1.000000
vt 0.298507 0.000000
vt 0.313433 1.000000
vt 0.313433 0.000000
vt 0.328358 1.000000
vt 0.328358 0.000000
vt 0.343284 1.000000
vt 0.343284 0.000000
vt 0.358209 1.000000
vt 0.358209 0.000000
vt 0.373134 1.000000
vt 0.373134 0.000000
vt 0.388060 1.000000
vt 0.388060 0.000000
vt 0.402985 1.000000
vt 0.402985 0.000000
vt 0.417910 1.000000
vt 0.417910 0.000000
vt 0.432836 1.000000
vt 0.432836 0.000000
vt 0.447761 1.000000
vt 0.447761 0.000000
vt 0.462687 1.000000
vt 0.462687 0.000000
vt 0.477612 1.000000
vt 0.477612 0.000000
vt 0.492537 1.000000
vt 0.492537 0.000000
vt 0.507463 1.000000
vt 0.507463 0.000000
vt 0.522388 1.000000
vt 0.522388 0.000000
vt 0.537313 1.000000
vt 0.537313 0.000000
vt 0.552239 1.000000
vt 0.552239 0.000000
vt 0.567164 1.000000
vt 0.567164 0.000000
vt 0.582090 1.000000
vt 0.582090 0.000000
vt 0.597015 1.000000
vt 0.597015 0.000000
vt 0.611940 1.000000
vt 0.611940 0.000000
vt 0.626866 1.000000
vt 0.626866 0.000000
vt 0.641791 1.000000
vt 0.641791 0.000000
vt 0.656716 1.000000
vt 0.656716 0.000000
vt 0.671642 1.000000
vt 0.671642 0.000000
vt 0.686567 1.000000
vt 0.686567 0.000000
vt 0.701493 1.000000
vt 0.701493 0.000000
vt 0.716418 1.000000
vt 0.716418 0.000000
vt 0.731343 1.000000
vt 0.731343 0.000000
vt 0.746269 1.000000
vt 0.746269 0.000000
vt 0.761194 1.000000
vt 0.761194 0.000000
vt 0.776119 1.000000
vt 0.776119 0.000000
vt 0.791045 1.000000
vt 0.791045 0.000000
vt 0.805970 1.000000
vt 0.805970 0.000000
vt 0.820895 1.000000
vt 0.820895 0.000000
vt 0.835821 1.000000
vt 0.835821 0.000000
vt 0.850746 1.000000
vt 0.850746 0.000000
vt 0.865672 1.000000
vt 0.865672 0.000000
vt 0.880597 1.000000
vt 0.880597 0.000000
vt 0.895522 1.000000
vt 0.895522 0.000000
vt 0.910448 1.000000
vt 0.910448 0.000000
vt 0.925373 1.000000
vt 0.925373 0.000000
vt 0.940298 1.000000
vt 0.940298 0.000000
vt 0.955224 1.000000
vt 0.955224 0.000000
vt 0.970149 1.000000
vt 0.970149 0.000000
vt 0.985075 1.000000
vt 0.985075 0.000000
vt 0.037037 1.000000
vt 0.037037 0.000000
vt 0.074074 1.000000
vt 0.074074 0.000000
vt 0.111111 1.000000
vt 0.111111 0.000000
vt 0.148148 1.000000
vt 0.148148 0.000000
vt 0.185185 1.000000
vt 0.185185 0.000000
vt 0.222222 1.000000
vt 0.222222 0.000000
vt 0.259259 1.000000
vt 0.259259 0.000000
vt 0.296296 1.000000
vt 0.296296 0.000000
vt 0.370370 1.000000
vt 0.370370 0.000000
vt 0.407407 1.000000
vt 0.407407 0.000000
vt 0.444444 1.000000
vt 0.444444 0.000000
vt 0.481481 1.000000
vt 0.481481 0.000000
vt 0.518519 1.000000
vt 0.518519 0.000000
vt 0.555556 1.000000
vt 0.555556 0.000000
vt 0.592593 1.000000
vt 0.592593 0.000000
vt 0.629630 1.000000
vt 0.629630 0.000000
vt 0.703704 1.000000
vt 0.703704 0.000000
vt 0.740741 1.000000
vt 0.740741 0.000000
vt 0.777778 1.000000
vt 0.777778 0.000000
vt 0.814815 1.000000
vt 0.814815 0.000000
vt 0.851852 1.000000
vt 0.851852 0.000000
vt 0.888889 1.000000
vt 0.888889 0.000000
vt 0.925926 1.000000
vt 0.925926 0.000000
vt 0.962963 1.000000
vt 0.962963 0.000000
s 0
f 65/1/1 93/2/1 66/3/1
f 93/2/1 67/4/1 66/3/1
f 93/2/1 1/5/1 67/4/1
f 93/2/1 2/6/1 1/5/1
f 93/2/1 3/7/1 2/6/1
f 93/2/1 4/8/1 3/7/1
f 93/2/1 5/9/1 4/8/1
f 93/2/1 6/10/1 5/9/1
f 93/2/1 7/11/1 6/10/1
f 93/2/1 92/12/1 7/11/1
f 92/12/1 8/13/1 7/11/1
f 65/1/1 94/14/1 93/2/1
f 91/15/1 8/13/1 92/12/1
f 90/16/1 8/13/1 91/15/1
f 89/17/1 8/13/1 90/16/1
f 89/17/1 9/18/1 8/13/1
f 88/19/1 9/18/1 89/17/1
f 87/20/1 9/18/1 88/19/1
f 86/21/1 9/18/1 87/20/1
f 86/21/1 10/22/1 9/18/1
f 85/23/1 10/22/1 86/21/1
f 84/24/1 10/22/1 85/23/1
f 83/25/1 10/22/1 84/24/1
f 83/25/1 11/26/1 10/22/1
f 82/27/1 11/26/1 83/25/1
f 81/28/1 11/26/1 82/27/1
f 81/28/1 12/29/1 11/26/1
f 80/30/1 12/29/1 81/28/1
f 79/31/1 12/29/1 80/30/1
f 79/31/1 13/32/1 12/29/1
f 78/33/1 13/32/1 79/31/1
f 78/33/1 14/34/1 13/32/1
f 77/35/1 14/34/1 78/33/1
f 76/36/1 14/34/1 77/35/1
f 76/36/1 15/37/1 14/34/1
f 75/38/1 15/37/1 76/36/1
f 75/38/1 16/39/1 15/37/1
f 74/40/1 16/39/1 75/38/1
f 74/40/1 17/41/1 16/39/1
f 73/42/1 17/41/1 74/40/1
f 72/43/1 17/41/1 73/42/1
f 72/43/1 18/44/1 17/41/1
f 71/45/1 18/44/1 72/43/1
f 70/46/1 18/44/1 71/45/1
f 70/46/1 19/47/1 18/44/1
f 69/48/1 19/47/1 70/46/1
f 68/49/1 19/47/1 69/48/1
f 65/1/1 63/50/1 94/14/1
f 63/50/1 68/49/1 94/14/1
f 63/50/1 19/47/1 68/49/1
f 63/50/1 20/51/1 19/47/1
f 63/50/1 21/52/1 20/51/1
f 63/50/1 22/53/1 21/52/1
f 63/50/1 23/54/1 22/53/1
f 63/50/1 24/55/1 23/54/1
f 63/50/1 25/56/1 24/55/1
f 63/50/1 26/57/1 25/56/1
f 63/50/1 62/58/1 26/57/1
f 62/58/1 61/59/1 26/57/1
f 61/59/1 27/60/1 26/57/1
f 65/1/1 64/61/1 63/50/1
f 60/62/1 27/60/1 61/59/1
f 59/63/1 27/60/1 60/62/1
f 58/64/1 27/60/1 59/63/1
f 58/64/1 28/65/1 27/60/1
f 57/66/1 28/65/1 58/64/1
f 56/67/1 28/65/1 57/66/1
f 56/67/1 29/68/1 28/65/1
f 55/69/1 29/68/1 56/67/1
f 55/69/1 30/70/1 29/68/1
f 54/71/1 30/70/1 55/69/1
f 54/71/1 31/72/1 30/70/1
f 53/73/1 31/72/1 54/71/1
f 53/73/1 32/74/1 31/72/1
f 52/75/1 32/74/1 53/73/1
f 52/75/1 33/76/1 32/74/1
f 51/77/1 33/76/1 52/75/1
f 51/77/1 34/78/1 33/76/1
f 51/77/1 35/79/1 34/78/1
f 50/80/1 35/79/1 51/77/1
f 50/80/1 36/81/1 35/79/1
f 49/82/1 36/81/1 50/80/1
f 49/82/1 37/83/1 36/81/1
f 49/82/1 38/84/1 37/83/1
f 49/82/1 39/85/1 38/84/1
f 49/82/1 40/86/1 39/85/1
f 49/82/1 41/87/1 40/86/1
f 49/82/1 42/88/1 41/87/1
f 49/82/1 43/89/1 42/88/1
f 49/82/1 44/90/1 43/89/1
f 49/82/1 45/91/1 44/90/1
f 49/82/1 46/92/1 45/91/1
f 49/82/1 47/93/1 46/92/1
f 49/82/1 48/94/1 47/93/1
f 103/95/1 95/5/1 104/96/1
f 95/5/1 105/97/1 104/96/1
f 95/5/1 106/14/1 105/97/1
f 103/95/1 96/98/1 95/5/1
f 103/95/1 99/99/1 96/98/1
f 99/99/1 97/100/1 96/98/1
f 99/99/1 98/101/1 97/100/1
f 103/95/1 100/102/1 99/99/1
f 103/95/1 101/103/1 100/102/1
f 103/95/1 102/104/1 101/103/1
f 107/5/1 109/74/1 108/105/1
f 107/5/1 110/106/1 109/74/1
f 110/106/1 112/107/1 111/50/1
f 110/106/1 113/14/1 112/107/1
f 107/5/1 113/14/1 110/106/1
f 160/108/1 114/5/1 161/109/1
f 160/108/1 115/110/1 114/5/1
f 159/111/1 115/110/1 160/108/1
f 159/111/1 116/112/1 115/110/1
f 158/113/1 116/112/1 159/111/1
f 158/113/1 117/114/1 116/112/1
f 157/115/1 117/114/1 158/113/1
f 157/115/1 118/116/1 117/114/1
f 156/117/1 118/116/1 157/115/1
f 156/117/1 119/118/1 118/116/1
f 155/119/1 185/120/1 156/117/1
f 185/120/1 119/118/1 156/117/1
f 155/119/1 186/121/1 185/120/1
f 184/122/1 119/118/1 185/120/1
f 183/123/1 119/118/1 184/122/1
f 155/119/1 187/124/1 186/121/1
f 182/125/1 119/118/1 183/123/1
f 155/119/1 188/126/1 187/124/1
f 182/125/1 120/127/1 119/118/1
f 154/128/1 188/126/1 155/119/1
f 181/129/1 120/127/1 182/125/1
f 154/128/1 189/130/1 188/126/1
f 180/131/1 120/127/1 181/129/1
f 154/128/1 190/132/1 189/130/1
f 180/131/1 121/133/1 120/127/1
f 153/134/1 190/132/1 154/128/1
f 179/135/1 121/133/1 180/131/1
f 153/134/1 191/136/1 190/132/1
f 178/137/1 121/133/1 179/135/1
f 153/134/1 192/138/1 191/136/1
f 178/137/1 122/139/1 121/133/1
f 152/140/1 192/138/1 153/134/1
f 177/141/1 122/139/1 178/137/1
f 152/140/1 193/142/1 192/138/1
f 177/141/1 123/143/1 122/139/1
f 151/144/1 193/142/1 152/140/1
f 176/145/1 123/143/1 177/141/1
f 151/144/1 194/146/1 193/142/1
f 175/147/1 123/143/1 176/145/1
f 151/144/1 195/148/1 194/146/1
f 175/147/1 124/149/1 123/143/1
f 150/150/1 195/148/1 151/144/1
f 174/151/1 124/149/1 175/147/1
f 150/150/1 196/152/1 195/148/1
f 174/151/1 125/153/1 124/149/1
f 149/154/1 196/152/1 150/150/1
f 173/155/1 125/153/1 174/151/1
f 149/154/1 197/156/1 196/152/1
f 148/157/1 197/156/1 149/154/1
f 148/157/1 198/158/1 197/156/1
f 172/159/1 125/153/1 173/155/1
f 172/159/1 126/160/1 125/153/1
f 148/157/1 199/161/1 198/158/1
f 171/162/1 126/160/1 172/159/1
f 171/162/1 127/163/1 126/160/1
f 147/164/1 199/161/1 148/157/1
f 147/164/1 200/165/1 199/161/1
f 170/166/1 127/163/1 171/162/1
f 170/166/1 128/167/1 127/163/1
f 146/168/1 200/165/1 147/164/1
f 169/169/1 128/167/1 170/166/1
f 146/168/1 201/170/1 200/165/1
f 169/169/1 129/171/1 128/167/1
f 145/172/1 201/170/1 146/168/1
f 168/173/1 129/171/1 169/169/1
f 145/172/1 202/174/1 201/170/1
f 167/175/1 129/171/1 168/173/1
f 145/172/1 203/176/1 202/174/1
f 167/175/1 130/177/1 129/171/1
f 144/178/1 203/176/1 145/172/1
f 166/179/1 130/177/1 167/175/1
f 144/178/1 204/180/1 203/176/1
f 165/181/1 130/177/1 166/179/1
f 144/178/1 205/182/1 204/180/1
f 165/181/1 131/183/1 130/177/1
f 143/184/1 205/182/1 144/178/1
f 164/185/1 131/183/1 165/181/1
f 143/184/1 206/186/1 205/182/1
f 163/187/1 131/183/1 164/185/1
f 143/184/1 207/188/1 206/186/1
f 163/187/1 132/189/1 131/183/1
f 142/190/1 207/188/1 143/184/1
f 162/191/1 132/189/1 163/187/1
f 142/190/1 208/192/1 207/188/1
f 209/14/1 132/189/1 162/191/1
f 142/190/1 209/14/1 208/192/1
f 142/190/1 132/189/1 209/14/1
f 142/190/1 133/193/1 132/189/1
f 141/194/1 133/193/1 142/190/1
f 141/194/1 134/195/1 133/193/1
f 140/196/1 134/195/1 141/194/1
f 140/196/1 135/197/1 134/195/1
f 139/198/1 135/197/1 140/196/1
f 139/198/1 136/199/1 135/197/1
f 138/200/1 136/199/1 139/198/1
f 138/200/1 137/201/1 136/199/1
f 218/95/1 210/5/1 219/96/1
f 210/5/1 220/97/1 219/96/1
f 210/5/1 221/14/1 220/97/1
f 218/95/1 211/98/1 210/5/1
f 218/95/1 214/99/1 211/98/1
f 214/99/1 212/100/1 211/98/1
f 214/99/1 213/101/1 212/100/1
f 218/95/1 215/102/1 214/99/1
f 218/95/1 216/103/1 215/102/1
f 218/95/1 217/104/1 216/103/1
f 230/202/1 232/203/1 231/204/1
f 230/202/1 228/205/1 232/203/1
f 228/205/1 227/206/1 232/203/1
f 227/206/1 233/207/1 232/203/1
f 233/207/1 235/208/1 234/209/1
f 233/207/1 224/210/1 235/208/1
f 224/210/1 223/211/1 235/208/1
f 223/211/1 236/14/1 235/208/1
f 230/202/1 229/106/1 228/205/1
f 226/212/1 233/207/1 227/206/1
f 233/207/1 225/213/1 224/210/1
f 222/5/1 236/14/1 223/211/1
f 226/212/1 225/213/1 233/207/1
f 241/140/1 243/162/1 242/106/1
f 241/140/1 246/214/1 243/162/1
f 246/214/1 244/215/1 243/162/1
f 241/140/1 247/14/1 246/214/1
f 245/132/1 244/215/1 246/214/1
f 241/140/1 239/193/1 247/14/1
f 239/193/1 245/132/1 247/14/1
f 239/193/1 238/216/1 245/132/1
f 238/216/1 244/215/1 245/132/1
f 241/140/1 240/217/1 239/193/1
f 237/5/1 244/215/1 238/216/1
f 282/218/1 284/219/1 283/220/1
f 282/218/1 285/221/1 284/219/1
f 282/218/1 286/222/1 285/221/1
f 282/218/1 287/223/1 286/222/1
f 281/224/1 287/223/1 282/218/1
f 281/224/1 288/225/1 287/223/1
f 281/224/1 289/226/1 288/225/1
f 281/224/1 290/227/1 289/226/1
f 280/228/1 290/227/1 281/224/1
f 280/228/1 291/229/1 290/227/1
f 280/228/1 292/230/1 291/229/1
f 279/231/1 292/230/1 280/228/1
f 279/231/1 293/232/1 292/230/1
f 279/231/1 294/233/1 293/232/1
f 278/234/1 294/233/1 279/231/1
f 278/234/1 295/235/1 294/233/1
f 278/234/1 306/236/1 295/235/1
f 306/236/1 305/237/1 295/235/1
f 305/237/1 304/238/1 295/235/1
f 304/238/1 303/239/1 295/235/1
f 303/239/1 302/240/1 295/235/1
f 302/240/1 301/241/1 295/235/1
f 301/241/1 300/242/1 295/235/1
f 300/242/1 299/243/1 295/235/1
f 299/243/1 298/244/1 295/235/1
f 298/244/1 297/245/1 295/235/1
f 297/245/1 296/246/1 295/235/1
f 277/247/1 308/248/1 278/234/1
f 308/248/1 307/249/1 278/234/1
f 307/249/1 306/236/1 278/234/1
f 277/247/1 309/250/1 308/248/1
f 277/247/1 310/251/1 309/250/1
f 277/247/1 311/252/1 310/251/1
f 276/253/1 311/252/1 277/247/1
f 276/253/1 312/254/1 311/252/1
f 276/253/1 313/255/1 312/254/1
f 275/256/1 313/255/1 276/253/1
f 275/256/1 314/257/1 313/255/1
f 275/256/1 315/258/1 314/257/1
f 274/259/1 315/258/1 275/256/1
f 274/259/1 316/260/1 315/258/1
f 273/261/1 316/260/1 274/259/1
f 273/261/1 317/262/1 316/260/1
f 273/261/1 318/263/1 317/262/1
f 272/264/1 318/263/1 273/261/1
f 272/264/1 319/265/1 318/263/1
f 271/266/1 319/265/1 272/264/1
f 271/266/1 320/267/1 319/265/1
f 271/266/1 321/268/1 320/267/1
f 270/269/1 321/268/1 271/266/1
f 346/270/1 348/271/1 347/272/1
f 346/270/1 345/273/1 348/271/1
f 345/273/1 349/14/1 348/271/1
f 270/269/1 322/274/1 321/268/1
f 269/275/1 322/274/1 270/269/1
f 269/275/1 323/276/1 322/274/1
f 344/277/1 349/14/1 345/273/1
f 268/278/1 323/276/1 269/275/1
f 268/278/1 324/279/1 323/276/1
f 268/278/1 325/280/1 324/279/1
f 267/281/1 325/280/1 268/278/1
f 267/281/1 326/282/1 325/280/1
f 266/283/1 326/282/1 267/281/1
f 266/283/1 327/284/1 326/282/1
f 266/283/1 328/285/1 327/284/1
f 265/286/1 328/285/1 266/283/1
f 265/286/1 329/287/1 328/285/1
f 343/288/1 349/14/1 344/277/1
f 342/289/1 349/14/1 343/288/1
f 341/290/1 349/14/1 342/289/1
f 265/286/1 330/291/1 329/287/1
f 340/292/1 349/14/1 341/290/1
f 339/293/1 349/14/1 340/292/1
f 338/294/1 349/14/1 339/293/1
f 265/286/1 331/295/1 330/291/1
f 264/296/1 331/295/1 265/286/1
f 337/297/1 349/14/1 338/294/1
f 336/298/1 349/14/1 337/297/1
f 335/299/1 349/14/1 336/298/1
f 264/296/1 332/300/1 331/295/1
f 334/301/1 349/14/1 335/299/1
f 333/302/1 349/14/1 334/301/1
f 332/300/1 349/14/1 333/302/1
f 264/296/1 349/14/1 332/300/1
f 263/303/1 349/14/1 264/296/1
f 263/303/1 248/5/1 349/14/1
f 263/303/1 249/304/1 248/5/1
f 262/305/1 249/304/1 263/303/1
f 262/305/1 250/306/1 249/304/1
f 262/305/1 251/307/1 250/306/1
f 261/308/1 251/307/1 262/305/1
f 261/308/1 252/309/1 251/307/1
f 261/308/1 253/310/1 252/309/1
f 261/308/1 254/311/1 253/310/1
f 260/312/1 254/311/1 261/308/1
f 260/312/1 255/313/1 254/311/1
f 260/312/1 256/314/1 255/313/1
f 260/312/1 257/315/1 256/314/1
f 259/316/1 257/315/1 260/312/1
f 259/316/1 258/317/1 257/315/1
f 414/1/2 415/3/2 442/2/2
f 442/2/2 415/3/2 416/4/2
f 442/2/2 416/4/2 350/5/2
f 442/2/2 350/5/2 351/6/2
f 442/2/2 351/6/2 352/7/2
f 442/2/2 352/7/2 353/8/2
f 442/2/2 353/8/2 354/9/2
f 442/2/2 354/9/2 355/10/2
f 442/2/2 355/10/2 356/11/2
f 442/2/2 356/11/2 441/12/2
f 441/12/2 356/11/2 357/13/2
f 414/1/2 442/2/2 443/14/2
f 440/15/2 441/12/2 357/13/2
f 439/16/2 440/15/2 357/13/2
f 438/17/2 439/16/2 357/13/2
f 438/17/2 357/13/2 358/18/2
f 437/19/2 438/17/2 358/18/2
f 436/20/2 437/19/2 358/18/2
f 435/21/2 436/20/2 358/18/2
f 435/21/2 358/18/2 359/22/2
f 434/23/2 435/21/2 359/22/2
f 433/24/2 434/23/2 359/22/2
f 432/25/2 433/24/2 359/22/2
f 432/25/2 359/22/2 360/26/2
f 431/27/2 432/25/2 360/26/2
f 430/28/2 431/27/2 360/26/2
f 430/28/2 360/26/2 361/29/2
f 429/30/2 430/28/2 361/29/2
f 428/31/2 429/30/2 361/29/2
f 428/31/2 361/29/2 362/32/2
f 427/33/2 428/31/2 362/32/2
f 427/33/2 362/32/2 363/34/2
f 426/35/2 427/33/2 363/34/2
f 425/36/2 426/35/2 363/34/2
f 425/36/2 363/34/2 364/37/2
f 424/38/2 425/36/2 364/37/2
f 424/38/2 364/37/2 365/39/2
f 423/40/2 424/38/2 365/39/2
f 423/40/2 365/39/2 366/41/2
f 422/42/2 423/40/2 366/41/2
f 421/43/2 422/42/2 366/41/2
f 421/43/2 366/41/2 367/44/2
f 420/45/2 421/43/2 367/44/2
f 419/46/2 420/45/2 367/44/2
f 419/46/2 367/44/2 368/47/2
f 418/48/2 419/46/2 368/47/2
f 417/49/2 418/48/2 368/47/2
f 414/1/2 443/14/2 412/50/2
f 412/50/2 443/14/2 417/49/2
f 412/50/2 417/49/2 368/47/2
f 412/50/2 368/47/2 369/51/2
f 412/50/2 369/51/2 370/52/2
f 412/50/2 370/52/2 371/53/2
f 412/50/2 371/53/2 372/54/2
f 412/50/2 372/54/2 373/55/2
f 412/50/2 373/55/2 374/56/2
f 412/50/2 374/56/2 375/57/2
f 412/50/2 375/57/2 411/58/2
f 411/58/2 375/57/2 410/59/2
f 410/59/2 375/57/2 376/60/2
f 414/1/2 412/50/2 413/61/2
f 409/62/2 410/59/2 376/60/2
f 408/63/2 409/62/2 376/60/2
f 407/64/2 408/63/2 376/60/2
f 407/64/2 376/60/2 377/65/2
f 406/66/2 407/64/2 377/65/2
f 405/67/2 406/66/2 377/65/2
f 405/67/2 377/65/2 378/68/2
f 404/69/2 405/67/2 378/68/2
f 404/69/2 378/68/2 379/70/2
f 403/71/2 404/69/2 379/70/2
f 403/71/2 379/70/2 380/72/2
f 402/73/2 403/71/2 380/72/2
f 402/73/2 380/72/2 381/74/2
f 401/75/2 402/73/2 381/74/2
f 401/75/2 381/74/2 382/76/2
f 400/77/2 401/75/2 382/76/2
f 400/77/2 382/76/2 383/78/2
f 400/77/2 383/78/2 384/79/2
f 399/80/2 400/77/2 384/79/2
f 399/80/2 384/79/2 385/81/2
f 398/82/2 399/80/2 385/81/2
f 398/82/2 385/81/2 386/83/2
f 398/82/2 386/83/2 387/84/2
f 398/82/2 387/84/2 388/85/2
f 398/82/2 388/85/2 389/86/2
f 398/82/2 389/86/2 390/87/2
f 398/82/2 390/87/2 391/88/2
f 398/82/2 391/88/2 392/89/2
f 398/82/2 392/89/2 393/90/2
f 398/82/2 393/90/2 394/91/2
f 398/82/2 394/91/2 395/92/2
f 398/82/2 395/92/2 396/93/2
f 398/82/2 396/93/2 397/94/2
f 452/95/2 453/96/2 444/5/2
f 444/5/2 453/96/2 454/97/2
f 444/5/2 454/97/2 455/14/2
f 452/95/2 444/5/2 445/98/2
f 452/95/2 445/98/2 448/99/2
f 448/99/2 445/98/2 446/100/2
f 448/99/2 446/100/2 447/101/2
f 452/95/2 448/99/2 449/102/2
f 452/95/2 449/102/2 450/103/2
f 452/95/2 450/103/2 451/104/2
f 456/5/2 457/105/2 458/74/2
f 456/5/2 458/74/2 459/106/2
f 459/106/2 460/50/2 461/107/2
f 459/106/2 461/107/2 462/14/2
f 456/5/2 459/106/2 462/14/2
f 509/108/2 510/109/2 463/5/2
f 509/108/2 463/5/2 464/110/2
f 508/111/2 509/108/2 464/110/2
f 508/111/2 464/110/2 465/112/2
f 507/113/2 508/111/2 465/112/2
f 507/113/2 465/112/2 466/114/2
f 506/115/2 507/113/2 466/114/2
f 506/115/2 466/114/2 467/116/2
f 505/117/2 506/115/2 467/116/2
f 505/117/2 467/116/2 468/118/2
f 504/119/2 505/117/2 534/120/2
f 534/120/2 505/117/2 468/118/2
f 504/119/2 534/120/2 535/121/2
f 533/122/2 534/120/2 468/118/2
f 532/123/2 533/122/2 468/118/2
f 504/119/2 535/121/2 536/124/2
f 531/125/2 532/123/2 468/118/2
f 504/119/2 536/124/2 537/126/2
f 531/125/2 468/118/2 469/127/2
f 503/128/2 504/119/2 537/126/2
f 530/129/2 531/125/2 469/127/2
f 503/128/2 537/126/2 538/130/2
f 529/131/2 530/129/2 469/127/2
f 503/128/2 538/130/2 539/132/2
f 529/131/2 469/127/2 470/133/2
f 502/134/2 503/128/2 539/132/2
f 528/135/2 529/131/2 470/133/2
f 502/134/2 539/132/2 540/136/2
f 527/137/2 528/135/2 470/133/2
f 502/134/2 540/136/2 541/138/2
f 527/137/2 470/133/2 471/139/2
f 501/140/2 502/134/2 541/138/2
f 526/141/2 527/137/2 471/139/2
f 501/140/2 541/138/2 542/142/2
f 526/141/2 471/139/2 472/143/2
f 500/144/2 501/140/2 542/142/2
f 525/145/2 526/141/2 472/143/2
f 500/144/2 542/142/2 543/146/2
f 524/147/2 525/145/2 472/143/2
f 500/144/2 543/146/2 544/148/2
f 524/147/2 472/143/2 473/149/2
f 499/150/2 500/144/2 544/148/2
f 523/151/2 524/147/2 473/149/2
f 499/150/2 544/148/2 545/152/2
f 523/151/2 473/149/2 474/153/2
f 498/154/2 499/150/2 545/152/2
f 522/155/2 523/151/2 474/153/2
f 498/154/2 545/152/2 546/156/2
f 497/157/2 498/154/2 546/156/2
f 497/157/2 546/156/2 547/158/2
f 521/159/2 522/155/2 474/153/2
f 521/159/2 474/153/2 475/160/2
f 497/157/2 547/158/2 548/161/2
f 520/162/2 521/159/2 475/160/2
f 520/162/2 475/160/2 476/163/2
f 496/164/2 497/157/2 548/161/2
f 496/164/2 548/161/2 549/165/2
f 519/166/2 520/162/2 476/163/2
f 519/166/2 476/163/2 477/167/2
f 495/168/2 496/164/2 549/165/2
f 518/169/2 519/166/2 477/167/2
f 495/168/2 549/165/2 550/170/2
f 518/169/2 477/167/2 478/171/2
f 494/172/2 495/168/2 550/170/2
f 517/173/2 518/169/2 478/171/2
f 494/172/2 550/170/2 551/174/2
f 516/175/2 517/173/2 478/171/2
f 494/172/2 551/174/2 552/176/2
f 516/175/2 478/171/2 479/177/2
f 493/178/2 494/172/2 552/176/2
f 515/179/2 516/175/2 479/177/2
f 493/178/2 552/176/2 553/180/2
f 514/181/2 515/179/2 479/177/2
f 493/178/2 553/180/2 554/182/2
f 514/181/2 479/177/2 480/183/2
f 492/184/2 493/178/2 554/182/2
f 513/185/2 514/181/2 480/183/2
f 492/184/2 554/182/2 555/186/2
f 512/187/2 513/185/2 480/183/2
f 492/184/2 555/186/2 556/188/2
f 512/187/2 480/183/2 481/189/2
f 491/190/2 492/184/2 556/188/2
f 511/191/2 512/187/2 481/189/2
f 491/190/2 556/188/2 557/192/2
f 558/14/2 511/191/2 481/189/2
f 491/190/2 557/192/2 558/14/2
f 491/190/2 558/14/2 481/189/2
f 491/190/2 481/189/2 482/193/2
f 490/194/2 491/190/2 482/193/2
f 490/194/2 482/193/2 483/195/2
f 489/196/2 490/194/2 483/195/2
f 489/196/2 483/195/2 484/197/2
f 488/198/2 489/196/2 484/197/2
f 488/198/2 484/197/2 485/199/2
f 487/200/2 488/198/2 485/199/2
f 487/200/2 485/199/2 486/201/2
f 567/95/2 568/96/2 559/5/2
f 559/5/2 568/96/2 569/97/2
f 559/5/2 569/97/2 570/14/2
f 567/95/2 559/5/2 560/98/2
f 567/95/2 560/98/2 563/99/2
f 563/99/2 560/98/2 561/100/2
f 563/99/2 561/100/2 562/101/2
f 567/95/2 563/99/2 564/102/2
f 567/95/2 564/102/2 565/103/2
f 567/95/2 565/103/2 566/104/2
f 579/202/2 580/204/2 581/203/2
f 579/202/2 581/203/2 577/205/2
f 577/205/2 581/203/2 576/206/2
f 576/206/2 581/203/2 582/207/2
f 582/207/2 583/209/2 584/208/2
f 582/207/2 584/208/2 573/210/2
f 573/210/2 584/208/2 572/211/2
f 572/211/2 584/208/2 585/14/2
f 579/202/2 577/205/2 578/106/2
f 575/212/2 576/206/2 582/207/2
f 582/207/2 573/210/2 574/213/2
f 571/5/2 572/211/2 585/14/2
f 575/212/2 582/207/2 574/213/2
f 590/140/2 591/106/2 592/162/2
f 590/140/2 592/162/2 595/214/2
f 595/214/2 592/162/2 593/215/2
f 590/140/2 595/214/2 596/14/2
f 594/132/2 595/214/2 593/215/2
f 590/140/2 596/14/2 588/193/2
f 588/193/2 596/14/2 594/132/2
f 588/193/2 594/132/2 587/216/2
f 587/216/2 594/132/2 593/215/2
f 590/140/2 588/193/2 589/217/2
f 586/5/2 587/216/2 593/215/2
f 631/218/2 632/220/2 633/219/2
f 631/218/2 633/219/2 634/221/2
f 631/218/2 634/221/2 635/222/2
f 631/218/2 635/222/2 636/223/2
f 630/224/2 631/218/2 636/223/2
f 630/224/2 636/223/2 637/225/2
f 630/224/2 637/225/2 638/226/2
f 630/224/2 638/226/2 639/227/2
f 629/228/2 630/224/2 639/227/2
f 629/228/2 639/227/2 640/229/2
f 629/228/2 640/229/2 641/230/2
f 628/231/2 629/228/2 641/230/2
f 628/231/2 641/230/2 642/232/2
f 628/231/2 642/232/2 643/233/2
f 627/234/2 628/231/2 643/233/2
f 627/234/2 643/233/2 644/235/2
f 627/234/2 644/235/2 655/236/2
f 655/236/2 644/235/2 654/237/2
f 654/237/2 644/235/2 653/238/2
f 653/238/2 644/235/2 652/239/2
f 652/239/2 644/235/2 651/240/2
f 651/240/2 644/235/2 650/241/2
f 650/241/2 644/235/2 649/242/2
f 649/242/2 644/235/2 648/243/2
f 648/243/2 644/235/2 647/244/2
f 647/244/2 644/235/2 646/245/2
f 646/245/2 644/235/2 645/246/2
f 626/247/2 627/234/2 657/248/2
f 657/248/2 627/234/2 656/249/2
f 656/249/2 627/234/2 655/236/2
f 626/247/2 657/248/2 658/250/2
f 626/247/2 658/250/2 659/251/2
f 626/247/2 659/251/2 660/252/2
f 625/253/2 626/247/2 660/252/2
f 625/253/2 660/252/2 661/254/2
f 625/253/2 661/254/2 662/255/2
f 624/256/2 625/253/2 662/255/2
f 624/256/2 662/255/2 663/257/2
f 624/256/2 663/257/2 664/258/2
f 623/259/2 624/256/2 664/258/2
f 623/259/2 664/258/2 665/260/2
f 622/261/2 623/259/2 665/260/2
f 622/261/2 665/260/2 666/262/2
f 622/261/2 666/262/2 667/263/2
f 621/264/2 622/261/2 667/263/2
f 621/264/2 667/263/2 668/265/2
f 620/266/2 621/264/2 668/265/2
f 620/266/2 668/265/2 669/267/2
f 620/266/2 669/267/2 670/268/2
f 619/269/2 620/266/2 670/268/2
f 695/270/2 696/272/2 697/271/2
f 695/270/2 697/271/2 694/273/2
f 694/273/2 697/271/2 698/14/2
f 619/269/2 670/268/2 671/274/2
f 618/275/2 619/269/2 671/274/2
f 618/275/2 671/274/2 672/276/2
f 693/277/2 694/273/2 698/14/2
f 617/278/2 618/275/2 672/276/2
f 617/278/2 672/276/2 673/279/2
f 617/278/2 673/279/2 674/280/2
f 616/281/2 617/278/2 674/280/2
f 616/281/2 674/280/2 675/282/2
f 615/283/2 616/281/2 675/282/2
f 615/283/2 675/282/2 676/284/2
f 615/283/2 676/284/2 677/285/2
f 614/286/2 615/283/2 677/285/2
f 614/286/2 677/285/2 678/287/2
f 692/288/2 693/277/2 698/14/2
f 691/289/2 692/288/2 698/14/2
f 690/290/2 691/289/2 698/14/2
f 614/286/2 678/287/2 679/291/2
f 689/292/2 690/290/2 698/14/2
f 688/293/2 689/292/2 698/14/2
f 687/294/2 688/293/2 698/14/2
f 614/286/2 679/291/2 680/295/2
f 613/296/2 614/286/2 680/295/2
f 686/297/2 687/294/2 698/14/2
f 685/298/2 686/297/2 698/14/2
f 684/299/2 685/298/2 698/14/2
f 613/296/2 680/295/2 681/300/2
f 683/301/2 684/299/2 698/14/2
f 682/302/2 683/301/2 698/14/2
f 681/300/2 682/302/2 698/14/2
f 613/296/2 681/300/2 698/14/2
f 612/303/2 613/296/2 698/14/2
f 612/303/2 698/14/2 597/5/2
f 612/303/2 597/5/2 598/304/2
f 611/305/2 612/303/2 598/304/2
f 611/305/2 598/304/2 599/306/2
f 611/305/2 599/306/2 600/307/2
f 610/308/2 611/305/2 600/307/2
f 610/308/2 600/307/2 601/309/2
f 610/308/2 601/309/2 602/310/2
f 610/308/2 602/310/2 603/311/2
f 609/312/2 610/308/2 603/311/2
f 609/312/2 603/311/2 604/313/2
f 609/312/2 604/313/2 605/314/2
f 609/312/2 605/314/2 606/315/2
f 608/316/2 609/312/2 606/315/2
f 608/316/2 606/315/2 607/317/2
s 1
f 700/318/3 702/319/4 701/320/4 699/5/3
f 702/319/4 704/321/5 703/322/5 701/320/4
f 704/321/5 706/323/6 705/324/6 703/322/5
f 706/323/6 708/325/7 707/326/7 705/324/6
f 708/325/7 710/327/8 709/328/8 707/326/7
f 710/327/8 712/329/9 711/330/9 709/328/8
f 712/329/9 714/331/10 713/332/10 711/330/9
f 714/331/10 716/333/11 715/334/11 713/332/10
f 716/333/11 718/335/12 717/336/12 715/334/11
f 718/335/12 720/337/13 719/338/13 717/336/12
f 720/337/13 722/339/14 721/340/14 719/338/13
f 722/339/14 724/341/15 723/342/15 721/340/14
f 724/341/15 726/343/16 725/344/16 723/342/15
f 726/343/16 728/345/17 727/346/17 725/344/16
f 728/345/17 730/347/18 729/348/18 727/346/17
f 730/347/18 732/349/19 731/350/19 729/348/18
f 732/349/19 734/351/20 733/105/20 731/350/19
f 734/351/20 736/352/21 735/353/21 733/105/20
f 736/352/21 738/354/22 737/355/22 735/353/21
f 738/354/22 740/356/23 739/357/23 737/355/22
f 740/356/23 742/358/24 741/359/24 739/357/23
f 742/358/24 744/360/25 743/361/25 741/359/24
f 744/360/25 746/362/26 745/363/26 743/361/25
f 746/362/26 748/364/27 747/365/27 745/363/26
f 748/364/27 750/366/28 749/367/28 747/365/27
f 750/366/28 752/368/29 751/369/29 749/367/28
f 752/368/29 754/370/30 753/371/30 751/369/29
f 754/370/30 756/372/31 755/373/31 753/371/30
f 756/372/31 758/374/32 757/375/32 755/373/31
f 758/374/32 760/376/33 759/377/33 757/375/32
f 760/376/33 762/378/34 761/379/34 759/377/33
f 762/378/34 764/380/35 763/381/35 761/379/34
f 764/380/35 766/382/36 765/383/36 763/381/35
f 766/382/36 768/384/37 767/74/37 765/383/36
f 768/384/37 770/385/38 769/386/38 767/74/37
f 770/385/38 772/387/39 771/388/39 769/386/38
f 772/387/39 774/389/40 773/390/40 771/388/39
f 774/389/40 776/391/41 775/392/41 773/390/40
f 776/391/41 778/393/42 777/394/42 775/392/41
f 778/393/42 780/395/43 779/396/43 777/394/42
f 780/395/43 782/397/44 781/398/44 779/396/43
f 782/397/44 784/399/45 783/400/45 781/398/44
f 784/399/45 786/401/46 785/402/46 783/400/45
f 786/401/46 788/403/47 787/404/47 785/402/46
f 788/403/47 790/405/48 789/406/48 787/404/47
f 790/405/48 792/407/49 791/408/49 789/406/48
f 792/407/49 794/409/50 793/410/50 791/408/49
f 794/409/50 796/411/51 795/412/51 793/410/50
f 796/411/51 798/413/52 797/414/52 795/412/51
f 798/413/52 800/415/53 799/416/53 797/414/52
f 800/415/53 802/417/54 801/106/54 799/416/53
f 802/417/54 804/418/55 803/419/55 801/106/54
f 804/418/55 806/420/56 805/421/56 803/419/55
f 806/420/56 808/422/57 807/423/57 805/421/56
f 808/422/57 810/424/58 809/425/58 807/423/57
f 810/424/58 812/426/59 811/427/59 809/425/58
f 812/426/59 814/428/60 813/429/60 811/427/59
f 814/428/60 816/430/61 815/431/61 813/429/60
f 816/430/61 818/432/62 817/433/62 815/431/61
f 818/432/62 820/434/63 819/435/63 817/433/62
f 820/434/63 822/436/64 821/437/64 819/435/63
f 822/436/64 824/438/65 823/439/65 821/437/64
f 824/438/65 826/440/66 825/441/66 823/439/65
f 826/440/66 828/442/67 827/443/67 825/441/66
f 828/442/67 830/444/68 829/445/68 827/443/67
f 830/444/68 832/446/69 831/447/69 829/445/68
f 832/446/69 834/448/70 833/449/70 831/447/69
f 834/448/70 836/450/71 835/50/71 833/449/70
f 836/450/71 838/451/72 837/452/72 835/50/71
f 838/451/72 840/453/73 839/454/73 837/452/72
f 840/453/73 842/455/74 841/456/74 839/454/73
f 842/455/74 844/457/75 843/458/75 841/456/74
f 844/457/75 846/459/76 845/460/76 843/458/75
f 846/459/76 848/461/77 847/462/77 845/460/76
f 848/461/77 850/463/78 849/464/78 847/462/77
f 850/463/78 852/465/79 851/466/79 849/464/78
f 852/465/79 854/467/80 853/468/80 851/466/79
f 854/467/80 856/469/81 855/470/81 853/468/80
f 856/469/81 858/471/82 857/472/82 855/470/81
f 858/471/82 860/473/83 859/474/83 857/472/82
f 860/473/83 862/475/84 861/476/84 859/474/83
f 862/475/84 864/477/85 863/478/85 861/476/84
f 864/477/85 866/479/86 865/480/86 863/478/85
f 866/479/86 868/481/87 867/482/87 865/480/86
f 868/481/87 870/483/88 869/107/88 867/482/87
f 870/483/88 872/484/89 871/485/89 869/107/88
f 872/484/89 874/486/90 873/487/90 871/485/89
f 874/486/90 876/488/91 875/489/91 873/487/90
f 876/488/91 878/490/92 877/491/92 875/489/91
f 878/490/92 880/492/93 879/493/93 877/491/92
f 880/492/93 882/494/94 881/495/94 879/493/93
f 882/494/94 884/496/95 883/497/95 881/495/94
f 884/496/95 886/498/96 885/499/96 883/497/95
f 886/498/96 888/500/97 887/501/97 885/499/96
f 888/500/97 890/502/98 889/503/98 887/501/97
f 890/502/98 892/504/99 891/505/99 889/503/98
f 892/504/99 894/506/100 893/507/100 891/505/99
f 894/506/100 896/508/100 895/509/100 893/507/100
f 896/508/100 898/510/101 897/511/101 895/509/100
f 898/510/101 900/512/102 899/513/102 897/511/101
f 900/512/102 902/514/103 901/515/103 899/513/102
f 902/514/103 700/516/3 699/14/3 901/515/103
f 904/318/104 906/517/104 905/518/104 903/5/104
f 906/517/104 908/519/105 907/520/105 905/518/104
f 908/519/105 910/521/105 909/522/105 907/520/105
f 910/521/105 912/417/106 911/106/106 909/522/105
f 912/417/106 914/523/107 913/524/107 911/106/106
f 914/523/107 916/525/108 915/526/108 913/524/107
f 916/525/108 918/527/109 917/528/109 915/526/108
f 918/527/109 904/516/104 903/14/104 917/528/109
f 920/318/110 922/384/111 921/74/111 919/5/110
f 922/384/111 924/450/112 923/50/112 921/74/111
f 924/450/112 920/516/110 919/14/110 923/50/112
f 926/318/100 928/529/100 927/530/100 925/5/100
f 928/529/100 930/531/113 929/532/113 927/530/100
f 930/531/113 932/533/113 931/193/113 929/532/113
f 932/533/113 934/534/114 933/535/114 931/193/113
f 934/534/114 936/384/114 935/74/114 933/535/114
f 936/384/114 938/536/115 937/140/115 935/74/114
f 938/536/115 940/537/115 939/538/115 937/140/115
f 940/537/115 942/539/100 941/540/100 939/538/115
f 942/539/100 944/541/101 943/162/101 941/540/100
f 944/541/101 946/450/116 945/50/116 943/162/101
f 946/450/116 948/542/117 947/543/117 945/50/116
f 948/542/117 950/544/118 949/132/118 947/543/117
f 950/544/118 952/545/102 951/546/102 949/132/118
f 952/545/102 954/547/115 953/548/115 951/546/102
f 954/547/115 926/516/100 925/14/100 953/548/115
f 956/318/115 958/549/102 957/550/102 955/5/115
f 958/549/102 960/351/102 959/105/102 957/550/102
f 960/351/102 962/519/115 961/520/115 959/105/102
f 962/519/115 964/384/115 963/74/115 961/520/115
f 964/384/115 966/551/102 965/552/102 963/74/115
f 966/551/102 968/417/102 967/106/102 965/552/102
f 968/417/102 970/553/115 969/554/115 967/106/102
f 970/553/115 972/450/100 971/50/100 969/554/115
f 972/450/100 974/525/101 973/526/101 971/50/100
f 974/525/101 976/483/102 975/107/102 973/526/101
f 976/483/102 978/555/115 977/556/115 975/107/102
f 978/555/115 956/516/115 955/14/115 977/556/115
f 980/318/119 982/557/120 981/558/120 979/5/119
f 982/557/120 984/559/121 983/560/121 981/558/120
f 984/559/121 986/561/122 985/562/122 983/560/121
f 986/561/122 988/549/123 987/550/123 985/562/122
f 988/549/123 990/563/124 989/564/124 987/550/123
f 990/563/124 992/517/125 991/518/125 989/564/124
f 992/517/125 994/565/126 993/566/126 991/518/125
f 994/565/126 996/351/127 995/105/127 993/566/126
f 996/351/127 998/567/128 997/568/128 995/105/127
f 998/567/128 1000/569/129 999/570/129 997/568/128
f 1000/569/129 1002/571/130 1001/572/130 999/570/129
f 1002/571/130 1004/519/131 1003/520/131 1001/572/130
f 1004/519/131 1006/573/132 1005/574/132 1003/520/131
f 1006/573/132 1008/575/133 1007/576/133 1005/574/132
f 1008/575/133 1010/577/134 1009/578/134 1007/576/133
f 1010/577/134 1012/384/135 1011/74/135 1009/578/134
f 1012/384/135 1014/579/136 1013/580/136 1011/74/135
f 1014/579/136 1016/521/137 1015/522/137 1013/580/136
f 1016/521/137 1018/581/138 1017/582/138 1015/522/137
f 1018/581/138 1020/551/139 1019/552/139 1017/582/138
f 1020/551/139 1022/583/140 1021/584/140 1019/552/139
f 1022/583/140 1024/585/141 1023/586/141 1021/584/140
f 1024/585/141 1026/587/142 1025/588/142 1023/586/141
f 1026/587/142 1028/417/143 1027/106/143 1025/588/142
f 1028/417/143 1030/589/144 1029/590/144 1027/106/143
f 1030/589/144 1032/591/145 1031/592/145 1029/590/144
f 1032/591/145 1034/593/146 1033/594/146 1031/592/145
f 1034/593/146 1036/553/147 1035/554/147 1033/594/146
f 1036/553/147 1038/595/148 1037/596/148 1035/554/147
f 1038/595/148 1040/523/149 1039/524/149 1037/596/148
f 1040/523/149 1042/597/150 1041/598/150 1039/524/149
f 1042/597/150 1044/450/151 1043/50/151 1041/598/150
f 1044/450/151 1046/599/152 1045/600/152 1043/50/151
f 1046/599/152 1048/601/153 1047/602/153 1045/600/152
f 1048/601/153 1050/603/154 1049/604/154 1047/602/153
f 1050/603/154 1052/525/155 1051/526/155 1049/604/154
f 1052/525/155 1054/605/156 1053/606/156 1051/526/155
f 1054/605/156 1056/607/157 1055/608/157 1053/606/156
f 1056/607/157 1058/609/158 1057/610/158 1055/608/157
f 1058/609/158 1060/483/159 1059/107/159 1057/610/158
f 1060/483/159 1062/611/160 1061/612/160 1059/107/159
f 1062/611/160 1064/527/161 1063/528/161 1061/612/160
f 1064/527/161 1066/613/162 1065/614/162 1063/528/161
f 1066/613/162 1068/555/163 1067/556/163 1065/614/162
f 1068/555/163 1070/615/164 1069/616/164 1067/556/163
f 1070/615/164 1072/617/165 1071/618/165 1069/616/164
f 1072/617/165 1074/619/166 1073/620/166 1071/618/165
f 1074/619/166 980/516/119 979/14/119 1073/620/166
f 1076/318/167 1078/557/168 1077/558/168 1075/5/167
f 1078/557/168 1080/559/35 1079/560/35 1077/558/168
f 1080/559/35 1082/561/169 1081/562/169 1079/560/35
f 1082/561/169 1084/549/170 1083/550/170 1081/562/169
f 1084/549/170 1086/563/171 1085/564/171 1083/550/170
f 1086/563/171 1088/517/172 1087/518/172 1085/564/171
f 1088/517/172 1090/565/173 1089/566/173 1087/518/172
f 1090/565/173 1092/351/174 1091/105/174 1089/566/173
f 1092/351/174 1094/567/175 1093/568/175 1091/105/174
f 1094/567/175 1096/569/176 1095/570/176 1093/568/175
f 1096/569/176 1098/571/177 1097/572/177 1095/570/176
f 1098/571/177 1100/519/178 1099/520/178 1097/572/177
f 1100/519/178 1102/573/179 1101/574/179 1099/520/178
f 1102/573/179 1104/575/180 1103/576/180 1101/574/179
f 1104/575/180 1106/577/181 1105/578/181 1103/576/180
f 1106/577/181 1108/384/182 1107/74/182 1105/578/181
f 1108/384/182 1110/579/183 1109/580/183 1107/74/182
f 1110/579/183 1112/521/184 1111/522/184 1109/580/183
f 1112/521/184 1114/581/185 1113/582/185 1111/522/184
f 1114/581/185 1116/551/186 1115/552/186 1113/582/185
f 1116/551/186 1118/583/187 1117/584/187 1115/552/186
f 1118/583/187 1120/585/188 1119/586/188 1117/584/187
f 1120/585/188 1122/587/189 1121/588/189 1119/586/188
f 1122/587/189 1124/417/190 1123/106/190 1121/588/189
f 1124/417/190 1126/589/191 1125/590/191 1123/106/190
f 1126/589/191 1128/591/192 1127/592/192 1125/590/191
f 1128/591/192 1130/593/193 1129/594/193 1127/592/192
f 1130/593/193 1132/553/194 1131/554/194 1129/594/193
f 1132/553/194 1134/595/195 1133/596/195 1131/554/194
f 1134/595/195 1136/523/196 1135/524/196 1133/596/195
f 1136/523/196 1138/597/197 1137/598/197 1135/524/196
f 1138/597/197 1140/450/198 1139/50/198 1137/598/197
f 1140/450/198 1142/599/199 1141/600/199 1139/50/198
f 1142/599/199 1144/601/200 1143/602/200 1141/600/199
f 1144/601/200 1146/603/201 1145/604/201 1143/602/200
f 1146/603/201 1148/525/202 1147/526/202 1145/604/201
f 1148/525/202 1150/605/203 1149/606/203 1147/526/202
f 1150/605/203 1152/607/204 1151/608/204 1149/606/203
f 1152/607/204 1154/609/205 1153/610/205 1151/608/204
f 1154/609/205 1156/483/206 1155/107/206 1153/610/205
f 1156/483/206 1158/611/207 1157/612/207 1155/107/206
f 1158/611/207 1160/527/208 1159/528/208 1157/612/207
f 1160/527/208 1162/613/209 1161/614/209 1159/528/208
f 1162/613/209 1164/555/210 1163/556/210 1161/614/209
f 1164/555/210 1166/615/211 1165/616/211 1163/556/210
f 1166/615/211 1168/617/212 1167/618/212 1165/616/211
f 1168/617/212 1170/619/213 1169/620/213 1167/618/212
f 1170/619/213 1076/516/167 1075/14/167 1169/620/213
f 1172/318/214 1174/621/215 1173/210/215 1171/5/214
f 1174/621/215 1176/622/216 1175/212/216 1173/210/215
f 1176/622/216 1178/623/217 1177/205/217 1175/212/216
f 1178/623/217 1180/624/218 1179/202/218 1177/205/217
f 1180/624/218 1182/625/219 1181/203/219 1179/202/218
f 1182/625/219 1184/626/220 1183/209/220 1181/203/219
f 1184/626/220 1172/516/214 1171/14/214 1183/209/220
f 1186/318/115 1188/549/102 1187/550/102 1185/5/115
f 1188/549/102 1190/351/102 1189/105/102 1187/550/102
f 1190/351/102 1192/519/115 1191/520/115 1189/105/102
f 1192/519/115 1194/384/115 1193/74/115 1191/520/115
f 1194/384/115 1196/551/102 1195/552/102 1193/74/115
f 1196/551/102 1198/417/102 1197/106/102 1195/552/102
f 1198/417/102 1200/553/115 1199/554/115 1197/106/102
f 1200/553/115 1202/450/100 1201/50/100 1199/554/115
f 1202/450/100 1204/525/101 1203/526/101 1201/50/100
f 1204/525/101 1206/483/102 1205/107/102 1203/526/101
f 1206/483/102 1208/555/115 1207/556/115 1205/107/102
f 1208/555/115 1186/516/115 1185/14/115 1207/556/115
f 1210/318/221 1212/627/222 1211/628/222 1209/5/221
f 1212/627/222 1214/629/223 1213/630/223 1211/628/222
f 1214/629/223 1216/631/224 1215/632/224 1213/630/223
f 1216/631/224 1218/633/225 1217/634/225 1215/632/224
f 1218/633/225 1220/635/226 1219/636/226 1217/634/225
f 1220/635/226 1222/637/227 1221/638/227 1219/636/226
f 1222/637/227 1224/639/228 1223/640/228 1221/638/227
f 1224/639/228 1226/641/229 1225/642/229 1223/640/228
f 1226/641/229 1228/643/230 1227/644/230 1225/642/229
f 1228/643/230 1230/645/202 1229/646/202 1227/644/230
f 1230/645/202 1232/647/231 1231/648/231 1229/646/202
f 1232/647/231 1234/649/232 1233/650/232 1231/648/231
f 1234/649/232 1236/651/233 1235/652/233 1233/650/232
f 1236/651/233 1238/653/234 1237/654/234 1235/652/233
f 1238/653/234 1240/655/235 1239/656/235 1237/654/234
f 1240/655/235 1242/657/236 1241/658/236 1239/656/235
f 1242/657/236 1244/659/237 1243/660/237 1241/658/236
f 1244/659/237 1246/661/238 1245/662/238 1243/660/237
f 1246/661/238 1248/663/239 1247/664/239 1245/662/238
f 1248/663/239 1250/665/240 1249/666/240 1247/664/239
f 1250/665/240 1252/667/241 1251/668/241 1249/666/240
f 1252/667/241 1254/669/242 1253/670/242 1251/668/241
f 1254/669/242 1256/671/243 1255/672/243 1253/670/242
f 1256/671/243 1258/673/244 1257/674/244 1255/672/243
f 1258/673/244 1260/675/245 1259/676/245 1257/674/244
f 1260/675/245 1262/677/246 1261/678/246 1259/676/245
f 1262/677/246 1264/679/247 1263/680/247 1261/678/246
f 1264/679/247 1266/681/248 1265/682/248 1263/680/247
f 1266/681/248 1268/683/249 1267/684/249 1265/682/248
f 1268/683/249 1270/685/250 1269/686/250 1267/684/249
f 1270/685/250 1272/687/251 1271/688/251 1269/686/250
f 1272/687/251 1274/689/252 1273/690/252 1271/688/251
f 1274/689/252 1276/691/253 1275/692/253 1273/690/252
f 1276/691/253 1278/693/254 1277/694/254 1275/692/253
f 1278/693/254 1280/695/255 1279/696/255 1277/694/254
f 1280/695/255 1282/697/256 1281/698/256 1279/696/255
f 1282/697/256 1284/699/257 1283/700/257 1281/698/256
f 1284/699/257 1286/701/258 1285/702/258 1283/700/257
f 1286/701/258 1288/703/259 1287/704/259 1285/702/258
f 1288/703/259 1290/705/260 1289/706/260 1287/704/259
f 1290/705/260 1292/707/261 1291/708/261 1289/706/260
f 1292/707/261 1294/709/262 1293/710/262 1291/708/261
f 1294/709/262 1296/711/263 1295/712/263 1293/710/262
f 1296/711/263 1298/713/264 1297/714/264 1295/712/263
f 1298/713/264 1300/715/265 1299/716/265 1297/714/264
f 1300/715/265 1302/717/266 1301/718/266 1299/716/265
f 1302/717/266 1304/719/267 1303/720/267 1301/718/266
f 1304/719/267 1306/721/268 1305/722/268 1303/720/267
f 1306/721/268 1308/723/269 1307/724/269 1305/722/268
f 1308/723/269 1310/725/270 1309/726/270 1307/724/269
f 1310/725/270 1312/727/271 1311/728/271 1309/726/270
f 1312/727/271 1314/729/272 1313/730/272 1311/728/271
f 1314/729/272 1316/731/273 1315/732/273 1313/730/272
f 1316/731/273 1318/733/274 1317/734/274 1315/732/273
f 1318/733/274 1320/735/275 1319/736/275 1317/734/274
f 1320/735/275 1322/737/276 1321/738/276 1319/736/275
f 1322/737/276 1324/739/277 1323/740/277 1321/738/276
f 1324/739/277 1326/741/278 1325/742/278 1323/740/277
f 1326/741/278 1328/743/279 1327/744/279 1325/742/278
f 1328/743/279 1330/745/280 1329/746/280 1327/744/279
f 1330/745/280 1332/747/281 1331/748/281 1329/746/280
f 1332/747/281 1334/749/115 1333/750/115 1331/748/281
f 1334/749/115 1336/751/115 1335/752/115 1333/750/115
f 1336/751/115 1338/753/100 1337/754/100 1335/752/115
f 1338/753/100 1340/755/101 1339/756/101 1337/754/100
f 1340/755/101 1342/757/282 1341/758/282 1339/756/101
f 1342/757/282 1210/516/221 1209/14/221 1341/758/282
f 1344/318/283 1346/759/284 1345/760/284 1343/5/283
f 1346/759/284 1348/761/285 1347/762/285 1345/760/284
f 1348/761/285 1350/763/286 1349/764/286 1347/762/285
f 1350/763/286 1352/765/287 1351/766/287 1349/764/286
f 1352/765/287 1354/767/288 1353/768/288 1351/766/287
f 1354/767/288 1356/769/289 1355/770/289 1353/768/288
f 1356/769/289 1358/771/290 1357/772/290 1355/770/289
f 1358/771/290 1360/773/291 1359/774/291 1357/772/290
f 1360/773/291 1362/384/292 1361/74/292 1359/774/291
f 1362/384/292 1364/775/293 1363/776/293 1361/74/292
f 1364/775/293 1366/777/294 1365/778/294 1363/776/293
f 1366/777/294 1368/779/295 1367/780/295 1365/778/294
f 1368/779/295 1370/781/296 1369/782/296 1367/780/295
f 1370/781/296 1372/783/297 1371/784/297 1369/782/296
f 1372/783/297 1374/785/298 1373/786/298 1371/784/297
f 1374/785/298 1376/787/299 1375/788/299 1373/786/298
f 1376/787/299 1378/789/300 1377/790/300 1375/788/299
f 1378/789/300 1380/450/301 1379/50/301 1377/790/300
f 1380/450/301 1382/791/302 1381/792/302 1379/50/301
f 1382/791/302 1384/793/303 1383/794/303 1381/792/302
f 1384/793/303 1386/795/304 1385/796/304 1383/794/303
f 1386/795/304 1388/797/305 1387/798/305 1385/796/304
f 1388/797/305 1390/799/306 1389/800/306 1387/798/305
f 1390/799/306 1392/801/307 1391/802/307 1389/800/306
f 1392/801/307 1394/803/115 1393/804/115 1391/802/307
f 1394/803/115 1396/805/102 1395/806/102 1393/804/115
f 1396/805/102 1344/516/283 1343/14/283 1395/806/102
