# Blender 4.4.0
# www.blender.org
mtllib titleFont02.mtl
o テキスト
v -16.462420 2.736658 -1.277032
v -16.781677 2.545103 -1.277032
v -16.732380 2.409466 -1.277032
v -16.680490 2.268264 -1.277032
v -16.626337 2.122584 -1.277032
v -16.570257 1.973512 -1.277032
v -16.512579 1.822134 -1.277032
v -16.453636 1.669537 -1.277032
v -16.393766 1.516807 -1.277032
v -16.333296 1.365030 -1.277032
v -16.272560 1.215292 -1.277032
v -16.211889 1.068681 -1.277032
v -16.151619 0.926283 -1.277032
v -16.092079 0.789183 -1.277032
v -16.209145 0.664520 -1.277032
v -16.311840 0.542674 -1.277032
v -16.400967 0.423532 -1.277032
v -16.477322 0.306984 -1.277032
v -16.541704 0.192919 -1.277032
v -16.594913 0.081227 -1.277032
v -16.637745 -0.028204 -1.277032
v -16.671003 -0.135484 -1.277032
v -16.695478 -0.240725 -1.277032
v -16.711975 -0.344037 -1.277032
v -16.721285 -0.445531 -1.277032
v -16.724211 -0.545317 -1.277032
v -16.722595 -0.629758 -1.277032
v -16.717649 -0.710563 -1.277032
v -16.709248 -0.787555 -1.277032
v -16.697254 -0.860555 -1.277032
v -16.681534 -0.929388 -1.277032
v -16.661957 -0.993875 -1.277032
v -16.638388 -1.053840 -1.277032
v -16.610697 -1.109104 -1.277032
v -16.578749 -1.159490 -1.277032
v -16.542410 -1.204822 -1.277032
v -16.501551 -1.244922 -1.277032
v -16.456032 -1.279611 -1.277032
v -16.432905 -1.295042 -1.277032
v -16.408319 -1.309409 -1.277032
v -16.382402 -1.322711 -1.277032
v -16.355288 -1.334949 -1.277032
v -16.327108 -1.346124 -1.277032
v -16.297998 -1.356233 -1.277032
v -16.268089 -1.365279 -1.277032
v -16.237516 -1.373260 -1.277032
v -16.206411 -1.380178 -1.277032
v -16.174908 -1.386031 -1.277032
v -16.143137 -1.390820 -1.277032
v -16.111235 -1.394544 -1.277032
v -16.075474 -1.397597 -1.277032
v -16.038515 -1.400338 -1.277032
v -16.000492 -1.402725 -1.277032
v -15.961539 -1.404713 -1.277032
v -15.921788 -1.406258 -1.277032
v -15.881370 -1.407315 -1.277032
v -15.840422 -1.407839 -1.277032
v -15.799075 -1.407788 -1.277032
v -15.757460 -1.407115 -1.277032
v -15.715712 -1.405778 -1.277032
v -15.673963 -1.403731 -1.277032
v -15.632348 -1.400930 -1.277032
v -15.631422 -1.369344 -1.277032
v -15.628707 -1.335541 -1.277032
v -15.624261 -1.299964 -1.277032
v -15.618154 -1.263057 -1.277032
v -15.610451 -1.225264 -1.277032
v -15.601216 -1.187027 -1.277032
v -15.590520 -1.148790 -1.277032
v -15.578426 -1.110996 -1.277032
v -15.565002 -1.074089 -1.277032
v -15.550315 -1.038512 -1.277032
v -15.534431 -1.004709 -1.277032
v -15.517414 -0.973123 -1.277032
v -15.557032 -0.976179 -1.277032
v -15.596013 -0.978947 -1.277032
v -15.634238 -0.981404 -1.277032
v -15.671600 -0.983529 -1.277032
v -15.707987 -0.985299 -1.277032
v -15.743287 -0.986692 -1.277032
v -15.777390 -0.987686 -1.277032
v -15.810184 -0.988259 -1.277032
v -15.841560 -0.988388 -1.277032
v -15.871408 -0.988052 -1.277032
v -15.899613 -0.987228 -1.277032
v -15.926065 -0.985894 -1.277032
v -15.948027 -0.984150 -1.277032
v -15.969230 -0.982051 -1.277032
v -15.989724 -0.979509 -1.277032
v -16.009550 -0.976434 -1.277032
v -16.028757 -0.972739 -1.277032
v -16.047388 -0.968335 -1.277032
v -16.065485 -0.963132 -1.277032
v -16.083096 -0.957042 -1.277032
v -16.100262 -0.949977 -1.277032
v -16.117027 -0.941848 -1.277032
v -16.133442 -0.932566 -1.277032
v -16.149546 -0.922042 -1.277032
v -16.175112 -0.902650 -1.277032
v -16.197643 -0.879711 -1.277032
v -16.217289 -0.853402 -1.277032
v -16.234209 -0.823900 -1.277032
v -16.248556 -0.791383 -1.277032
v -16.260489 -0.756028 -1.277032
v -16.270157 -0.718012 -1.277032
v -16.277721 -0.677514 -1.277032
v -16.283333 -0.634710 -1.277032
v -16.287149 -0.589777 -1.277032
v -16.289328 -0.542893 -1.277032
v -16.290018 -0.494236 -1.277032
v -16.286846 -0.408169 -1.277032
v -16.276865 -0.319176 -1.277032
v -16.259392 -0.227256 -1.277032
v -16.233738 -0.132410 -1.277032
v -16.199213 -0.034637 -1.277032
v -16.155136 0.066062 -1.277032
v -16.100813 0.169688 -1.277032
v -16.035563 0.276241 -1.277032
v -15.958693 0.385720 -1.277032
v -15.869516 0.498125 -1.277032
v -15.767349 0.613458 -1.277032
v -15.651502 0.731716 -1.277032
v -15.702556 0.855528 -1.277032
v -15.753429 0.983664 -1.277032
v -15.803949 1.115125 -1.277032
v -15.853937 1.248914 -1.277032
v -15.903215 1.384033 -1.277032
v -15.951608 1.519485 -1.277032
v -15.998934 1.654272 -1.277032
v -16.045019 1.787397 -1.277032
v -16.089684 1.917860 -1.277032
v -16.132753 2.044666 -1.277032
v -16.174051 2.166815 -1.277032
v -16.213398 2.283311 -1.277032
v -15.325858 2.283311 -1.277032
v -15.325858 -2.882288 -1.277032
v -14.898052 -2.882288 -1.277032
v -14.898052 2.717503 -1.277032
v -16.392183 2.717503 -1.277032
v -18.333273 1.050974 -1.277032
v -17.324415 1.050974 -1.277032
v -17.324415 1.402158 -1.277032
v -17.278000 1.370501 -1.277032
v -17.231335 1.339400 -1.277032
v -17.184446 1.308874 -1.277032
v -17.137360 1.278948 -1.277032
v -17.090094 1.249642 -1.277032
v -17.042673 1.220979 -1.277032
v -16.995121 1.192981 -1.277032
v -16.947456 1.165671 -1.277032
v -16.899704 1.139070 -1.277032
v -16.851885 1.113200 -1.277032
v -16.804022 1.088084 -1.277032
v -16.756138 1.063745 -1.277032
v -16.742340 1.093601 -1.277032
v -16.726660 1.125408 -1.277032
v -16.709341 1.158724 -1.277032
v -16.690626 1.193103 -1.277032
v -16.670755 1.228103 -1.277032
v -16.649979 1.263281 -1.277032
v -16.628534 1.298192 -1.277032
v -16.606670 1.332394 -1.277032
v -16.584631 1.365444 -1.277032
v -16.562658 1.396896 -1.277032
v -16.540995 1.426310 -1.277032
v -16.519886 1.453240 -1.277032
v -16.702856 1.543630 -1.277032
v -16.883810 1.644795 -1.277032
v -17.061529 1.755538 -1.277032
v -17.234789 1.874661 -1.277032
v -17.402376 2.000968 -1.277032
v -17.563065 2.133260 -1.277032
v -17.715639 2.270342 -1.277032
v -17.858879 2.411015 -1.277032
v -17.991568 2.554083 -1.277032
v -18.112484 2.698348 -1.277032
v -18.220406 2.842613 -1.277032
v -18.314117 2.985680 -1.277032
v -18.754694 2.985680 -1.277032
v -18.875153 2.832166 -1.277032
v -19.005901 2.681823 -1.277032
v -19.145782 2.535426 -1.277032
v -19.293648 2.393751 -1.277032
v -19.448339 2.257575 -1.277032
v -19.608709 2.127673 -1.277032
v -19.773600 2.004822 -1.277032
v -19.941862 1.889796 -1.277032
v -20.112339 1.783373 -1.277032
v -20.283882 1.686328 -1.277032
v -20.455336 1.599437 -1.277032
v -20.625547 1.523477 -1.277032
v -20.603088 1.495072 -1.277032
v -20.580496 1.464385 -1.277032
v -20.557905 1.431790 -1.277032
v -20.535446 1.397666 -1.277032
v -20.513254 1.362388 -1.277032
v -20.491461 1.326335 -1.277032
v -20.470200 1.289883 -1.277032
v -20.449602 1.253408 -1.277032
v -20.429802 1.217288 -1.277032
v -20.410934 1.181900 -1.277032
v -20.393133 1.147620 -1.277032
v -20.376526 1.114826 -1.277032
v -20.333298 1.135973 -1.277032
v -20.289825 1.157896 -1.277032
v -20.246132 1.180573 -1.277032
v -20.202236 1.203982 -1.277032
v -20.158165 1.228100 -1.277032
v -20.113937 1.252905 -1.277032
v -20.069576 1.278376 -1.277032
v -20.025106 1.304489 -1.277032
v -19.980547 1.331223 -1.277032
v -19.935921 1.358556 -1.277032
v -19.891249 1.386465 -1.277032
v -19.846556 1.414929 -1.277032
v -19.846556 1.050974 -1.277032
v -18.773849 1.050974 -1.277032
v -18.773849 0.495465 -1.277032
v -20.223282 0.495465 -1.277032
v -20.223282 -1.145523 -1.277032
v -18.939865 -1.145523 -1.277032
v -19.035812 -1.333852 -1.277032
v -19.138632 -1.503890 -1.277032
v -19.248547 -1.657035 -1.277032
v -19.365780 -1.794681 -1.277032
v -19.490547 -1.918228 -1.277032
v -19.623077 -2.029070 -1.277032
v -19.763586 -2.128606 -1.277032
v -19.912300 -2.218231 -1.277032
v -20.069439 -2.299342 -1.277031
v -20.235226 -2.373337 -1.277031
v -20.409878 -2.441612 -1.277031
v -20.593622 -2.505563 -1.277031
v -20.564800 -2.532261 -1.277031
v -20.535980 -2.561109 -1.277031
v -20.507423 -2.591863 -1.277031
v -20.479401 -2.624280 -1.277031
v -20.452175 -2.658117 -1.277031
v -20.426012 -2.693128 -1.277031
v -20.401180 -2.729070 -1.277031
v -20.377945 -2.765700 -1.277031
v -20.356571 -2.802773 -1.277031
v -20.337326 -2.840045 -1.277031
v -20.320477 -2.877274 -1.277031
v -20.306290 -2.914214 -1.277031
v -20.119350 -2.838852 -1.277031
v -19.941505 -2.758812 -1.277031
v -19.772528 -2.672875 -1.277032
v -19.612198 -2.579821 -1.277032
v -19.460293 -2.478430 -1.277032
v -19.316589 -2.367484 -1.277032
v -19.180866 -2.245763 -1.277032
v -19.052904 -2.112048 -1.277032
v -18.932482 -1.965119 -1.277032
v -18.819374 -1.803757 -1.277032
v -18.713362 -1.626742 -1.277032
v -18.614220 -1.432855 -1.277032
v -18.550453 -1.577113 -1.277032
v -18.473333 -1.719065 -1.277032
v -18.381762 -1.858267 -1.277032
v -18.274626 -1.994277 -1.277032
v -18.150816 -2.126651 -1.277032
v -18.009226 -2.254946 -1.277032
v -17.848747 -2.378717 -1.277032
v -17.668270 -2.497523 -1.277032
v -17.466688 -2.610919 -1.277032
v -17.242889 -2.718461 -1.277032
v -16.995768 -2.819708 -1.277032
v -16.724211 -2.914214 -1.277032
v -16.711382 -2.887055 -1.277032
v -16.695509 -2.857102 -1.277032
v -16.677021 -2.825021 -1.277032
v -16.656340 -2.791477 -1.277032
v -16.633884 -2.757135 -1.277032
v -16.610079 -2.722659 -1.277032
v -16.585340 -2.688716 -1.277032
v -16.560091 -2.655970 -1.277032
v -16.534752 -2.625086 -1.277032
v -16.509747 -2.596729 -1.277032
v -16.485497 -2.571566 -1.277032
v -16.462420 -2.550260 -1.277032
v -16.739761 -2.456529 -1.277032
v -16.988573 -2.357522 -1.277032
v -17.210377 -2.253549 -1.277032
v -17.406712 -2.144920 -1.277032
v -17.579098 -2.031945 -1.277032
v -17.729073 -1.914935 -1.277032
v -17.858162 -1.794201 -1.277032
v -17.967896 -1.670052 -1.277032
v -18.059805 -1.542800 -1.277032
v -18.135420 -1.412754 -1.277032
v -18.196268 -1.280225 -1.277032
v -18.243881 -1.145523 -1.277032
v -16.941307 -1.145523 -1.277032
v -16.941307 0.495465 -1.277032
v -18.333273 0.495465 -1.277032
v -19.782707 1.459625 -1.277032
v -19.663586 1.541114 -1.277032
v -19.545977 1.625728 -1.277032
v -19.430317 1.713136 -1.277032
v -19.317055 1.803005 -1.277032
v -19.206631 1.895003 -1.277032
v -19.099489 1.988796 -1.277032
v -18.996069 2.084053 -1.277032
v -18.896818 2.180439 -1.277032
v -18.802181 2.277625 -1.277032
v -18.712597 2.375276 -1.277032
v -18.628511 2.473060 -1.277032
v -18.550367 2.570644 -1.277032
v -18.483248 2.477450 -1.277032
v -18.409834 2.383257 -1.277032
v -18.330477 2.288400 -1.277032
v -18.245533 2.193210 -1.277032
v -18.155359 2.098020 -1.277032
v -18.060307 2.003162 -1.277032
v -17.960732 1.908970 -1.277032
v -17.856987 1.815775 -1.277032
v -17.749430 1.723911 -1.277032
v -17.638414 1.633709 -1.277032
v -17.524294 1.545503 -1.277032
v -17.407423 1.459625 -1.277032
v -18.320503 -0.749643 -1.277032
v -18.322098 -0.724102 -1.277032
v -18.323669 -0.698562 -1.277032
v -18.325195 -0.673021 -1.277032
v -18.326653 -0.647480 -1.277032
v -18.328024 -0.621940 -1.277032
v -18.329285 -0.596399 -1.277032
v -18.330410 -0.570858 -1.277032
v -18.331381 -0.545317 -1.277032
v -18.332176 -0.519777 -1.277032
v -18.332769 -0.494236 -1.277032
v -18.333145 -0.468695 -1.277032
v -18.333273 -0.443155 -1.277032
v -18.333273 0.105970 -1.277032
v -17.369112 0.105970 -1.277032
v -17.369112 -0.749643 -1.277032
v -18.761078 -0.749643 -1.277032
v -19.782707 -0.749643 -1.277032
v -19.782707 0.105970 -1.277032
v -18.773849 0.105970 -1.277032
v -18.773849 -0.455925 -1.277032
v -12.695172 -1.394544 -1.277032
v -12.695172 -0.928427 -1.277032
v -9.674988 -0.928427 -1.277032
v -9.674988 -1.394544 -1.277032
v -12.695172 -0.117511 -1.277032
v -9.674988 -0.117511 -1.277032
v -9.674988 -0.577243 -1.277032
v -12.695172 -0.577243 -1.277032
v -12.695172 -2.218231 -1.277032
v -12.695172 -1.739343 -1.277032
v -9.674988 -1.739343 -1.277032
v -9.674988 -2.218231 -1.277032
v -13.174058 -2.843977 -1.277032
v -12.695172 -2.843977 -1.277032
v -12.695172 -2.588571 -1.277032
v -9.674988 -2.588571 -1.277032
v -9.674988 -2.863133 -1.277032
v -9.215256 -2.863133 -1.277032
v -9.215256 0.246443 -1.277032
v -13.174058 0.246443 -1.277032
v -13.595478 0.540161 -1.277032
v -13.116592 0.540161 -1.277032
v -13.116592 2.328008 -1.277032
v -9.221641 2.328008 -1.277033
v -9.221641 0.527391 -1.277032
v -8.755524 0.527391 -1.277033
v -8.755524 2.691962 -1.277033
v -13.595478 2.691962 -1.277032
v -12.746253 1.549017 -1.277032
v -9.623907 1.549017 -1.277033
v -9.623907 1.900201 -1.277033
v -12.746253 1.900201 -1.277032
v -12.746253 0.738101 -1.277032
v -9.630292 0.738101 -1.277032
v -9.630292 1.089285 -1.277032
v -12.746253 1.089285 -1.277032
v -2.677913 -0.532865 -1.277033
v -2.699223 -0.706424 -1.277033
v -2.732815 -0.861982 -1.277033
v -2.777115 -0.999846 -1.277033
v -2.830549 -1.120329 -1.277033
v -2.891544 -1.223741 -1.277033
v -2.958524 -1.310392 -1.277033
v -3.029918 -1.380592 -1.277033
v -3.104151 -1.434651 -1.277033
v -3.179647 -1.472881 -1.277033
v -3.254833 -1.495591 -1.277033
v -3.328133 -1.503092 -1.277033
v -3.403928 -1.494050 -1.277033
v -3.481141 -1.466407 -1.277033
v -3.559596 -1.419387 -1.277033
v -3.639114 -1.352213 -1.277033
v -3.719521 -1.264110 -1.277033
v -3.800638 -1.154303 -1.277033
v -3.882284 -1.022014 -1.277033
v -3.964287 -0.866468 -1.277033
v -4.046465 -0.686888 -1.277033
v -4.128644 -0.482500 -1.277033
v -4.210647 -0.252527 -1.277033
v -4.292294 0.003807 -1.277033
v -4.331521 0.137839 -1.277033
v -4.369330 0.274733 -1.277033
v -4.405632 0.414153 -1.277033
v -4.440335 0.555769 -1.277033
v -4.473355 0.699247 -1.277033
v -4.504599 0.844254 -1.277033
v -4.533984 0.990459 -1.277033
v -4.561416 1.137529 -1.277033
v -4.586809 1.285130 -1.277033
v -4.610073 1.432931 -1.277033
v -4.631121 1.580599 -1.277033
v -4.649861 1.727802 -1.277033
v -4.353382 1.671489 -1.277033
v -4.077564 1.581653 -1.277033
v -3.823385 1.462020 -1.277033
v -3.591818 1.316314 -1.277033
v -3.383842 1.148260 -1.277033
v -3.200430 0.961582 -1.277033
v -3.042560 0.760006 -1.277033
v -2.911206 0.547256 -1.277033
v -2.807343 0.327056 -1.277033
v -2.731947 0.103132 -1.277033
v -2.685994 -0.120792 -1.277033
v -2.670460 -0.340992 -1.277033
v -4.696969 -0.420126 -1.277033
v -4.592515 -0.708553 -1.277033
v -4.483451 -0.969931 -1.277033
v -4.369863 -1.204172 -1.277033
v -4.251842 -1.411187 -1.277033
v -4.129473 -1.590888 -1.277033
v -4.002848 -1.743186 -1.277033
v -3.872054 -1.867993 -1.277033
v -3.737180 -1.965219 -1.277033
v -3.598319 -2.034775 -1.277033
v -3.455553 -2.076575 -1.277033
v -3.308976 -2.090528 -1.277033
v -3.167228 -2.077103 -1.277033
v -3.027461 -2.037407 -1.277033
v -2.891641 -1.972302 -1.277033
v -2.761739 -1.882655 -1.277033
v -2.639730 -1.769330 -1.277033
v -2.527588 -1.633190 -1.277033
v -2.427284 -1.475102 -1.277033
v -2.340794 -1.295929 -1.277033
v -2.270087 -1.096537 -1.277033
v -2.217140 -0.877789 -1.277033
v -2.183925 -0.640552 -1.277033
v -2.172416 -0.385688 -1.277033
v -2.197566 -0.043487 -1.277033
v -2.270915 0.287917 -1.277033
v -2.389314 0.604910 -1.277033
v -2.549616 0.903879 -1.277033
v -2.748672 1.181209 -1.277033
v -2.983335 1.433286 -1.277033
v -3.250454 1.656497 -1.277033
v -3.546885 1.847229 -1.277033
v -3.869475 2.001866 -1.277033
v -4.215080 2.116795 -1.277033
v -4.580549 2.188403 -1.277033
v -4.962736 2.213075 -1.277033
v -5.324725 2.191595 -1.277033
v -5.662679 2.129033 -1.277033
v -5.975182 2.028204 -1.277033
v -6.260816 1.891925 -1.277033
v -6.518159 1.723010 -1.277033
v -6.745791 1.524275 -1.277033
v -6.942298 1.298536 -1.277033
v -7.106258 1.048610 -1.277033
v -7.236254 0.777310 -1.277033
v -7.330864 0.487454 -1.277033
v -7.388670 0.181857 -1.277033
v -7.408254 -0.136667 -1.277033
v -7.390044 -0.462432 -1.277033
v -7.335979 -0.768709 -1.277033
v -7.246932 -1.054634 -1.277033
v -7.123762 -1.319341 -1.277033
v -6.967335 -1.561967 -1.277033
v -6.778519 -1.781645 -1.277033
v -6.558175 -1.977512 -1.277033
v -6.307168 -2.148704 -1.277033
v -6.026366 -2.294354 -1.277033
v -5.716630 -2.413599 -1.277033
v -5.378826 -2.505574 -1.277033
v -5.013817 -2.569415 -1.277033
v -4.713714 -2.096913 -1.277033
v -4.764637 -2.091865 -1.277033
v -4.815139 -2.086330 -1.277033
v -4.865063 -2.080351 -1.277033
v -4.914256 -2.073973 -1.277033
v -4.962563 -2.067241 -1.277033
v -5.009825 -2.060198 -1.277033
v -5.055891 -2.052889 -1.277033
v -5.100605 -2.045358 -1.277033
v -5.143813 -2.037650 -1.277033
v -5.185357 -2.029809 -1.277033
v -5.225084 -2.021880 -1.277033
v -5.262838 -2.013906 -1.277033
v -5.466436 -1.958789 -1.277033
v -5.666755 -1.885848 -1.277033
v -5.861046 -1.794815 -1.277033
v -6.046556 -1.685424 -1.277033
v -6.220538 -1.557411 -1.277033
v -6.380240 -1.410507 -1.277033
v -6.522918 -1.244449 -1.277033
v -6.645816 -1.058968 -1.277033
v -6.746191 -0.853801 -1.277033
v -6.821290 -0.628679 -1.277033
v -6.868368 -0.383338 -1.277033
v -6.884672 -0.117511 -1.277033
v -6.871854 0.119760 -1.277033
v -6.833765 0.348251 -1.277033
v -6.770932 0.566101 -1.277033
v -6.683890 0.771446 -1.277033
v -6.573170 0.962425 -1.277033
v -6.439304 1.137174 -1.277033
v -6.282823 1.293832 -1.277033
v -6.104261 1.430537 -1.277033
v -5.904150 1.545426 -1.277033
v -5.683017 1.636636 -1.277033
v -5.441400 1.702306 -1.277033
v -5.179831 1.740572 -1.277033
v -5.158268 1.589520 -1.277033
v -5.135044 1.436715 -1.277033
v -5.110090 1.282536 -1.277033
v -5.083342 1.127360 -1.277033
v -5.054731 0.971562 -1.277033
v -5.024190 0.815521 -1.277033
v -4.991654 0.659613 -1.277033
v -4.957057 0.504215 -1.277033
v -4.920333 0.349703 -1.277033
v -4.881413 0.196456 -1.277033
v -4.840230 0.044849 -1.277033
v -4.796721 -0.104741 -1.277033
v 2.623117 1.953429 -1.277034
v 2.623966 2.004107 -1.277034
v 2.625437 2.057935 -1.277034
v 2.627573 2.114222 -1.277034
v 2.630418 2.172284 -1.277034
v 2.634017 2.231431 -1.277034
v 2.638413 2.290978 -1.277034
v 2.643653 2.350237 -1.277034
v 2.649779 2.408520 -1.277034
v 2.656837 2.465141 -1.277034
v 2.664870 2.519411 -1.277034
v 2.673923 2.570644 -1.277034
v 2.048177 2.570644 -1.277034
v 2.053082 2.519655 -1.277034
v 2.058141 2.466028 -1.277034
v 2.063244 2.410317 -1.277034
v 2.068280 2.353076 -1.277034
v 2.073139 2.294859 -1.277034
v 2.077709 2.236221 -1.277034
v 2.081880 2.177716 -1.277034
v 2.085541 2.119899 -1.277034
v 2.088583 2.063323 -1.277034
v 2.090892 2.008542 -1.277034
v 2.092360 1.956112 -1.277034
v 2.092873 1.906587 -1.277034
v 2.092873 0.865804 -1.277034
v 1.874975 0.797884 -1.277034
v 1.644817 0.722582 -1.277033
v 1.405569 0.641027 -1.277033
v 1.160402 0.554350 -1.277033
v 0.912485 0.463683 -1.277033
v 0.664990 0.370156 -1.277033
v 0.421087 0.274899 -1.277033
v 0.183945 0.179044 -1.277033
v -0.043264 0.083721 -1.277033
v -0.257371 -0.009939 -1.277033
v -0.455204 -0.100806 -1.277033
v -0.633593 -0.187748 -1.277033
v -0.416497 -0.730487 -1.277033
v -0.234454 -0.635390 -1.277033
v -0.038177 -0.539050 -1.277033
v 0.169541 -0.442357 -1.277033
v 0.385905 -0.346195 -1.277033
v 0.608122 -0.251452 -1.277033
v 0.833398 -0.159015 -1.277033
v 1.058941 -0.069770 -1.277033
v 1.281956 0.015395 -1.277033
v 1.499651 0.095594 -1.277033
v 1.709230 0.169940 -1.277033
v 1.907902 0.237546 -1.277033
v 2.092873 0.297525 -1.277034
v 2.086488 -1.809580 -1.277033
v 2.086219 -1.861962 -1.277033
v 2.085421 -1.919488 -1.277033
v 2.084090 -1.981182 -1.277033
v 2.082229 -2.046068 -1.277033
v 2.079834 -2.113171 -1.277033
v 2.076908 -2.181516 -1.277033
v 2.073449 -2.250127 -1.277033
v 2.069459 -2.318029 -1.277033
v 2.064936 -2.384245 -1.277033
v 2.059882 -2.447801 -1.277033
v 2.054295 -2.507721 -1.277033
v 2.048177 -2.563030 -1.277033
v 2.667539 -2.563030 -1.277033
v 2.659951 -2.509794 -1.277033
v 2.653142 -2.452679 -1.277033
v 2.647086 -2.392326 -1.277033
v 2.641761 -2.329380 -1.277033
v 2.637145 -2.264482 -1.277033
v 2.633218 -2.198277 -1.277033
v 2.629955 -2.131407 -1.277033
v 2.627335 -2.064514 -1.277033
v 2.625336 -1.998242 -1.277033
v 2.623936 -1.933234 -1.277033
v 2.623112 -1.870132 -1.277033
v 2.622843 -1.809580 -1.277033
v 2.622843 -1.671590 -1.277033
v 2.622843 -1.447399 -1.277033
v 2.622843 -1.153504 -1.277034
v 2.622843 -0.806400 -1.277034
v 2.622843 -0.422580 -1.277034
v 2.622843 -0.018541 -1.277034
v 2.622843 0.389223 -1.277034
v 2.622843 0.784216 -1.277034
v 2.622843 1.149944 -1.277034
v 2.622843 1.469912 -1.277034
v 2.622843 1.727625 -1.277034
v 2.622843 1.906587 -1.277034
v 8.043849 -0.238829 -1.277034
v 8.065964 -0.156694 -1.277034
v 8.096260 -0.056379 -1.277034
v 8.133340 0.058480 -1.277034
v 8.175807 0.184247 -1.277034
v 8.222265 0.317286 -1.277034
v 8.271318 0.453961 -1.277034
v 8.321568 0.590636 -1.277034
v 8.371618 0.723675 -1.277034
v 8.420073 0.849442 -1.277034
v 8.465534 0.964302 -1.277034
v 8.506606 1.064617 -1.277034
v 8.541890 1.146752 -1.277034
v 8.075773 1.306381 -1.277034
v 8.044631 1.230956 -1.277034
v 8.006483 1.135046 -1.277034
v 7.962836 1.022640 -1.277034
v 7.915198 0.897730 -1.277034
v 7.865078 0.764307 -1.277034
v 7.813982 0.626361 -1.277034
v 7.763418 0.487882 -1.277034
v 7.714893 0.352863 -1.277034
v 7.669916 0.225292 -1.277034
v 7.629994 0.109162 -1.277034
v 7.596635 0.008463 -1.277034
v 7.571345 -0.072815 -1.277034
v 5.905396 0.454411 -1.277034
v 5.955218 0.280379 -1.277034
v 6.009873 0.107765 -1.277034
v 6.069649 -0.063120 -1.277034
v 6.134834 -0.231964 -1.277034
v 6.205718 -0.398459 -1.277034
v 6.282587 -0.562293 -1.277034
v 6.365731 -0.723156 -1.277034
v 6.455438 -0.880738 -1.277034
v 6.551996 -1.034729 -1.277034
v 6.655692 -1.184817 -1.277034
v 6.766815 -1.330693 -1.277034
v 6.917518 -1.513627 -1.277034
v 7.075315 -1.685809 -1.277034
v 7.239318 -1.847392 -1.277034
v 7.408644 -1.998534 -1.277034
v 7.582402 -2.139388 -1.277034
v 7.759709 -2.270110 -1.277034
v 7.939676 -2.390856 -1.277034
v 8.121416 -2.501780 -1.277034
v 8.304045 -2.603037 -1.277034
v 8.486672 -2.694783 -1.277034
v 8.668412 -2.777173 -1.277034
v 8.848379 -2.850363 -1.277034
v 9.269800 -2.422556 -1.277034
v 9.083372 -2.362751 -1.277034
v 8.895261 -2.292104 -1.277034
v 8.706707 -2.210948 -1.277034
v 8.518950 -2.119615 -1.277034
v 8.333234 -2.018439 -1.277034
v 8.150798 -1.907752 -1.277034
v 7.972885 -1.787886 -1.277034
v 7.800736 -1.659174 -1.277034
v 7.635594 -1.521948 -1.277034
v 7.478700 -1.376542 -1.277034
v 7.331295 -1.223287 -1.277034
v 7.194621 -1.062516 -1.277034
v 7.083878 -0.918462 -1.277034
v 6.978590 -0.764630 -1.277034
v 6.879155 -0.601886 -1.277034
v 6.785971 -0.431094 -1.277034
v 6.699438 -0.253119 -1.277034
v 6.619956 -0.068824 -1.277034
v 6.547924 0.120924 -1.277034
v 6.483738 0.315261 -1.277034
v 6.427802 0.513323 -1.277034
v 6.380512 0.714245 -1.277034
v 6.342268 0.917163 -1.277034
v 6.313468 1.121211 -1.277034
v 5.764344 0.948812 -1.277034
v 5.775128 0.915947 -1.277034
v 5.785183 0.884369 -1.277034
v 5.794573 0.854032 -1.277034
v 5.803363 0.824892 -1.277034
v 5.811622 0.796905 -1.277034
v 5.819414 0.770027 -1.277034
v 5.826808 0.744213 -1.277034
v 5.833870 0.719419 -1.277034
v 5.840666 0.695600 -1.277034
v 5.847262 0.672712 -1.277034
v 5.853725 0.650712 -1.277034
v 5.860122 0.629553 -1.277034
v 9.461355 -0.634710 -1.277034
v 9.490338 -0.540960 -1.277034
v 9.528280 -0.428522 -1.277034
v 9.573494 -0.301583 -1.277034
v 9.624294 -0.164336 -1.277034
v 9.678996 -0.020969 -1.277034
v 9.735915 0.124327 -1.277034
v 9.793367 0.267362 -1.277034
v 9.849667 0.403944 -1.277034
v 9.903128 0.529885 -1.277034
v 9.952066 0.640993 -1.277034
v 9.994797 0.733079 -1.277034
v 10.029634 0.801953 -1.277034
v 9.557133 0.987123 -1.277034
v 9.521191 0.907393 -1.277034
v 9.478175 0.807954 -1.277034
v 9.429528 0.692507 -1.277034
v 9.376693 0.564756 -1.277034
v 9.321108 0.428402 -1.277034
v 9.264213 0.287149 -1.277034
v 9.207453 0.144698 -1.277034
v 9.152266 0.004753 -1.277034
v 9.100094 -0.128984 -1.277034
v 9.052379 -0.252812 -1.277034
v 9.010562 -0.363026 -1.277034
v 8.976082 -0.455925 -1.277034
v 12.577315 1.663950 -1.277035
v 12.610775 1.731397 -1.277035
v 12.647050 1.802325 -1.277035
v 12.685764 1.875957 -1.277035
v 12.726540 1.951519 -1.277035
v 12.769000 2.028233 -1.277035
v 12.812771 2.105325 -1.277035
v 12.857470 2.182017 -1.277035
v 12.902722 2.257534 -1.277035
v 12.948155 2.331100 -1.277035
v 12.993387 2.401939 -1.277035
v 13.038042 2.469275 -1.277035
v 13.081744 2.532333 -1.277035
v 12.743330 2.672807 -1.277035
v 12.702308 2.614025 -1.277035
v 12.659378 2.550011 -1.277035
v 12.615029 2.481651 -1.277035
v 12.569749 2.409832 -1.277035
v 12.524026 2.335443 -1.277035
v 12.478346 2.259367 -1.277035
v 12.433199 2.182494 -1.277035
v 12.389071 2.105709 -1.277035
v 12.346452 2.029900 -1.277035
v 12.305828 1.955953 -1.277035
v 12.267687 1.884756 -1.277035
v 12.232517 1.817194 -1.277035
v 11.811096 1.855505 -1.277034
v 11.847367 1.925506 -1.277034
v 11.885767 1.997812 -1.277034
v 11.926029 2.071803 -1.277035
v 11.967888 2.146858 -1.277035
v 12.011076 2.222357 -1.277035
v 12.055329 2.297678 -1.277035
v 12.100380 2.372201 -1.277035
v 12.145963 2.445306 -1.277035
v 12.191812 2.516370 -1.277035
v 12.237661 2.584774 -1.277035
v 12.283244 2.649897 -1.277035
v 12.328295 2.711118 -1.277035
v 11.989880 2.857977 -1.277035
v 11.947022 2.796150 -1.277035
v 11.901878 2.729445 -1.277035
v 11.855095 2.658839 -1.277035
v 11.807313 2.585306 -1.277035
v 11.759176 2.509822 -1.277035
v 11.711329 2.433363 -1.277034
v 11.664412 2.356904 -1.277034
v 11.619069 2.281420 -1.277034
v 11.575943 2.207887 -1.277034
v 11.535677 2.137281 -1.277034
v 11.498914 2.070576 -1.277034
v 11.466297 2.008749 -1.277034
v 17.155479 -1.483937 -1.277035
v 17.047712 -1.377735 -1.277035
v 16.936108 -1.258475 -1.277035
v 16.822155 -1.128263 -1.277035
v 16.707336 -0.989204 -1.277035
v 16.593140 -0.843406 -1.277035
v 16.481047 -0.692974 -1.277035
v 16.372547 -0.540015 -1.277035
v 16.269123 -0.386634 -1.277035
v 16.172264 -0.234938 -1.277035
v 16.083452 -0.087034 -1.277035
v 16.004173 0.054973 -1.277035
v 15.935914 0.188977 -1.277035
v 15.488953 -0.028119 -1.277035
v 15.562582 -0.170459 -1.277035
v 15.648051 -0.321334 -1.277035
v 15.743361 -0.478373 -1.277035
v 15.846521 -0.639203 -1.277035
v 15.955535 -0.801452 -1.277035
v 16.068407 -0.962748 -1.277035
v 16.183140 -1.120718 -1.277035
v 16.297741 -1.272990 -1.277035
v 16.410212 -1.417192 -1.277035
v 16.518560 -1.550951 -1.277035
v 16.620790 -1.671896 -1.277035
v 16.714905 -1.777654 -1.277035
v 12.187821 -1.745728 -1.277034
v 12.254651 -1.615368 -1.277034
v 12.329773 -1.474921 -1.277034
v 12.411901 -1.326802 -1.277034
v 12.499748 -1.173428 -1.277034
v 12.592031 -1.017217 -1.277034
v 12.687461 -0.860585 -1.277034
v 12.784754 -0.705948 -1.277034
v 12.882622 -0.555723 -1.277034
v 12.979782 -0.412326 -1.277034
v 13.074945 -0.278175 -1.277034
v 13.166828 -0.155685 -1.277035
v 13.254144 -0.047274 -1.277035
v 12.819953 0.182592 -1.277034
v 12.732005 0.072735 -1.277034
v 12.638360 -0.050822 -1.277034
v 12.540502 -0.185553 -1.277034
v 12.439917 -0.328931 -1.277034
v 12.338091 -0.478428 -1.277034
v 12.236507 -0.631517 -1.277034
v 12.136654 -0.785670 -1.277034
v 12.040016 -0.938360 -1.277034
v 11.948078 -1.087059 -1.277034
v 11.862326 -1.229240 -1.277034
v 11.784244 -1.362375 -1.277034
v 11.715318 -1.483937 -1.277034
v 14.639725 1.440469 -1.277035
v 14.639725 2.098142 -1.277035
v 14.640118 2.134741 -1.277035
v 14.641262 2.173847 -1.277035
v 14.643118 2.214770 -1.277035
v 14.645638 2.256825 -1.277035
v 14.648779 2.299322 -1.277035
v 14.652497 2.341576 -1.277035
v 14.656746 2.382899 -1.277035
v 14.661484 2.422603 -1.277035
v 14.666664 2.460001 -1.277035
v 14.672243 2.494406 -1.277035
v 14.678177 2.525131 -1.277035
v 14.684422 2.551488 -1.277035
v 14.084216 2.551488 -1.277035
v 14.088993 2.526347 -1.277035
v 14.093704 2.496150 -1.277035
v 14.098282 2.461697 -1.277035
v 14.102662 2.423785 -1.277035
v 14.106773 2.383213 -1.277035
v 14.110556 2.340778 -1.277035
v 14.113935 2.297279 -1.277035
v 14.116852 2.253514 -1.277035
v 14.119234 2.210281 -1.277035
v 14.121019 2.168378 -1.277035
v 14.122139 2.128604 -1.277035
v 14.122527 2.091757 -1.277035
v 14.122527 1.440469 -1.277035
v 12.436843 1.440469 -1.277035
v 12.397396 1.440732 -1.277035
v 12.355932 1.441504 -1.277035
v 12.312829 1.442764 -1.277035
v 12.268462 1.444490 -1.277035
v 12.223207 1.446659 -1.277034
v 12.177444 1.449249 -1.277034
v 12.131547 1.452239 -1.277034
v 12.085895 1.455605 -1.277034
v 12.040862 1.459326 -1.277034
v 11.996827 1.463380 -1.277034
v 11.954167 1.467743 -1.277034
v 11.913259 1.472396 -1.277034
v 11.913259 0.942427 -1.277034
v 11.956726 0.945361 -1.277034
v 12.000791 0.947807 -1.277034
v 12.045254 0.949810 -1.277034
v 12.089916 0.951413 -1.277034
v 12.134579 0.952663 -1.277034
v 12.179042 0.953601 -1.277034
v 12.223105 0.954274 -1.277034
v 12.266572 0.954724 -1.277034
v 12.309239 0.954997 -1.277034
v 12.350909 0.955138 -1.277034
v 12.391381 0.955190 -1.277034
v 12.430456 0.955197 -1.277034
v 14.122527 0.955197 -1.277035
v 14.122527 0.910500 -1.277035
v 14.122527 0.749242 -1.277035
v 14.122527 0.534574 -1.277035
v 14.122527 0.277471 -1.277035
v 14.122527 -0.011092 -1.277035
v 14.122527 -0.320140 -1.277035
v 14.122527 -0.638700 -1.277035
v 14.122527 -0.955797 -1.277035
v 14.122527 -1.260456 -1.277035
v 14.122527 -1.541703 -1.277035
v 14.122527 -1.788562 -1.277035
v 14.122527 -1.990061 -1.277035
v 14.122527 -2.135224 -1.277035
v 14.126017 -2.216365 -1.277035
v 14.136598 -2.290567 -1.277035
v 14.154453 -2.357807 -1.277035
v 14.179758 -2.418063 -1.277035
v 14.212687 -2.471313 -1.277035
v 14.253423 -2.517536 -1.277035
v 14.302139 -2.556708 -1.277035
v 14.359014 -2.588807 -1.277035
v 14.424226 -2.613812 -1.277035
v 14.497952 -2.631700 -1.277035
v 14.580367 -2.642449 -1.277035
v 14.671651 -2.646037 -1.277035
v 14.740952 -2.645645 -1.277035
v 14.814194 -2.644500 -1.277035
v 14.890543 -2.642645 -1.277035
v 14.969153 -2.640125 -1.277035
v 15.049183 -2.636984 -1.277035
v 15.129787 -2.633267 -1.277035
v 15.210126 -2.629017 -1.277035
v 15.289356 -2.624280 -1.277035
v 15.366637 -2.619100 -1.277035
v 15.441122 -2.613520 -1.277035
v 15.511971 -2.607586 -1.277035
v 15.578344 -2.601341 -1.277035
v 15.623042 -2.090528 -1.277035
v 15.554086 -2.102766 -1.277035
v 15.484843 -2.113940 -1.277035
v 15.415822 -2.124050 -1.277035
v 15.347533 -2.133095 -1.277035
v 15.280484 -2.141077 -1.277035
v 15.215188 -2.147994 -1.277035
v 15.152154 -2.153847 -1.277035
v 15.091890 -2.158636 -1.277035
v 15.034907 -2.162361 -1.277035
v 14.981715 -2.165021 -1.277035
v 14.932827 -2.166617 -1.277035
v 14.888746 -2.167150 -1.277035
v 14.847753 -2.165546 -1.277035
v 14.810884 -2.160705 -1.277035
v 14.778005 -2.152584 -1.277035
v 14.748983 -2.141136 -1.277035
v 14.723686 -2.126319 -1.277035
v 14.701982 -2.108087 -1.277035
v 14.683736 -2.086396 -1.277035
v 14.668814 -2.061203 -1.277035
v 14.657085 -2.032462 -1.277035
v 14.648417 -2.000130 -1.277035
v 14.642674 -1.964162 -1.277035
v 14.639725 -1.924513 -1.277035
v 14.639725 -1.800812 -1.277035
v 14.639725 -1.613858 -1.277035
v 14.639725 -1.376487 -1.277035
v 14.639725 -1.101537 -1.277035
v 14.639725 -0.801844 -1.277035
v 14.639725 -0.490245 -1.277035
v 14.639725 -0.179578 -1.277035
v 14.639725 0.117321 -1.277035
v 14.639725 0.387615 -1.277035
v 14.639725 0.618468 -1.277035
v 14.639725 0.797042 -1.277035
v 14.639725 0.910500 -1.277035
v 14.639725 0.955197 -1.277035
v 16.414801 0.955197 -1.277035
v 16.462427 0.955064 -1.277035
v 16.509544 0.954665 -1.277035
v 16.556173 0.954000 -1.277035
v 16.602337 0.953069 -1.277035
v 16.648056 0.951871 -1.277035
v 16.693356 0.950408 -1.277035
v 16.738255 0.948679 -1.277035
v 16.782778 0.946683 -1.277035
v 16.826944 0.944422 -1.277035
v 16.870779 0.941894 -1.277035
v 16.914305 0.939101 -1.277035
v 16.957541 0.936041 -1.277035
v 16.957541 1.472396 -1.277035
v 16.913208 1.467743 -1.277035
v 16.869450 1.463379 -1.277035
v 16.826046 1.459325 -1.277035
v 16.782778 1.455604 -1.277035
v 16.739418 1.452238 -1.277035
v 16.695749 1.449249 -1.277035
v 16.651548 1.446658 -1.277035
v 16.606594 1.444489 -1.277035
v 16.560663 1.442764 -1.277035
v 16.513536 1.441504 -1.277035
v 16.464989 1.440732 -1.277035
v 16.414801 1.440469 -1.277035
v 22.295706 1.989594 -1.277035
v 22.077644 1.989594 -1.277035
v 21.792408 1.989594 -1.277035
v 21.456955 1.989594 -1.277035
v 21.088243 1.989594 -1.277035
v 20.703238 1.989594 -1.277035
v 20.318899 1.989594 -1.277035
v 19.952185 1.989594 -1.277035
v 19.620054 1.989594 -1.277035
v 19.339474 1.989594 -1.277035
v 19.127401 1.989594 -1.277035
v 19.000793 1.989594 -1.277035
v 18.963886 1.989601 -1.277035
v 18.923698 1.989653 -1.277035
v 18.880672 1.989794 -1.277035
v 18.835251 1.990067 -1.277035
v 18.787880 1.990518 -1.277035
v 18.739000 1.991190 -1.277035
v 18.689058 1.992129 -1.277035
v 18.638494 1.993378 -1.277035
v 18.587753 1.994982 -1.277035
v 18.537279 1.996984 -1.277035
v 18.487511 1.999430 -1.277035
v 18.438900 2.002364 -1.277035
v 18.441833 1.962080 -1.277035
v 18.444281 1.921131 -1.277035
v 18.446281 1.879649 -1.277035
v 18.447886 1.837769 -1.277035
v 18.449135 1.795622 -1.277035
v 18.450073 1.753343 -1.277035
v 18.450747 1.711063 -1.277035
v 18.451197 1.668917 -1.277035
v 18.451469 1.627036 -1.277035
v 18.451611 1.585555 -1.277035
v 18.451662 1.544605 -1.277035
v 18.451670 1.504321 -1.277035
v 18.451670 1.385316 -1.277035
v 18.451670 1.186009 -1.277035
v 18.451670 0.922672 -1.277035
v 18.451670 0.611580 -1.277035
v 18.451670 0.269006 -1.277035
v 18.451670 -0.088778 -1.277035
v 18.451670 -0.445497 -1.277035
v 18.451670 -0.784879 -1.277035
v 18.451670 -1.090650 -1.277035
v 18.451670 -1.346537 -1.277035
v 18.451670 -1.536267 -1.277035
v 18.451670 -1.643566 -1.277035
v 18.451540 -1.700349 -1.277035
v 18.451166 -1.766865 -1.277035
v 18.450571 -1.840608 -1.277035
v 18.449778 -1.919074 -1.277035
v 18.448807 -1.999757 -1.277035
v 18.447680 -2.080152 -1.277035
v 18.446419 -2.157753 -1.277035
v 18.445047 -2.230055 -1.277035
v 18.443588 -2.294554 -1.277035
v 18.442062 -2.348742 -1.277035
v 18.440493 -2.390117 -1.277035
v 18.438900 -2.416171 -1.277035
v 18.988024 -2.416171 -1.277035
v 18.981638 -2.045831 -1.277035
v 22.467939 -2.045831 -1.277035
v 22.455170 -2.416171 -1.277035
v 23.004293 -2.416171 -1.277035
v 23.002575 -2.387674 -1.277035
v 23.000656 -2.345165 -1.277035
v 22.998606 -2.290862 -1.277035
v 22.996490 -2.226981 -1.277035
v 22.994371 -2.155739 -1.277035
v 22.992321 -2.079354 -1.277035
v 22.990404 -2.000041 -1.277035
v 22.988686 -1.920020 -1.277035
v 22.987232 -1.841506 -1.277035
v 22.986113 -1.766717 -1.277035
v 22.985394 -1.697869 -1.277035
v 22.985138 -1.637181 -1.277035
v 22.985138 -1.525007 -1.277035
v 22.985138 -1.330426 -1.277035
v 22.985138 -1.069998 -1.277035
v 22.985138 -0.760284 -1.277035
v 22.985138 -0.417847 -1.277035
v 22.985138 -0.059246 -1.277035
v 22.985138 0.298955 -1.277035
v 22.985138 0.640196 -1.277035
v 22.985138 0.947914 -1.277035
v 22.985138 1.205549 -1.277035
v 22.985138 1.396538 -1.277035
v 22.985138 1.504321 -1.277035
v 22.985146 1.542044 -1.277035
v 22.985197 1.581563 -1.277035
v 22.985336 1.622546 -1.277035
v 22.985611 1.664659 -1.277035
v 22.986061 1.707571 -1.277035
v 22.986734 1.750948 -1.277035
v 22.987673 1.794458 -1.277035
v 22.988922 1.837768 -1.277035
v 22.990524 1.880547 -1.277035
v 22.992527 1.922461 -1.277035
v 22.994974 1.963177 -1.277035
v 22.997910 2.002364 -1.277035
v 22.937220 2.000771 -1.277035
v 22.879545 1.999201 -1.277035
v 22.824711 1.997675 -1.277035
v 22.772535 1.996215 -1.277035
v 22.722843 1.994844 -1.277035
v 22.675457 1.993584 -1.277035
v 22.630199 1.992457 -1.277035
v 22.586893 1.991486 -1.277035
v 22.545359 1.990691 -1.277035
v 22.505423 1.990097 -1.277035
v 22.466906 1.989723 -1.277035
v 22.429628 1.989594 -1.277035
v 18.975254 1.485166 -1.277035
v 22.467939 1.485166 -1.277035
v 22.467939 -1.547788 -1.277035
v 18.975254 -1.547788 -1.277035
v -16.462420 2.736658 1.277035
v -16.781677 2.545103 1.277035
v -16.732380 2.409466 1.277035
v -16.680490 2.268264 1.277035
v -16.626337 2.122584 1.277035
v -16.570257 1.973512 1.277035
v -16.512579 1.822134 1.277035
v -16.453636 1.669537 1.277035
v -16.393766 1.516807 1.277035
v -16.333296 1.365030 1.277035
v -16.272560 1.215292 1.277035
v -16.211889 1.068681 1.277035
v -16.151619 0.926283 1.277035
v -16.092079 0.789183 1.277035
v -16.209145 0.664520 1.277035
v -16.311840 0.542674 1.277035
v -16.400967 0.423532 1.277035
v -16.477322 0.306984 1.277035
v -16.541704 0.192919 1.277035
v -16.594913 0.081227 1.277035
v -16.637745 -0.028204 1.277035
v -16.671003 -0.135484 1.277035
v -16.695478 -0.240725 1.277035
v -16.711975 -0.344037 1.277035
v -16.721285 -0.445530 1.277035
v -16.724211 -0.545317 1.277035
v -16.722595 -0.629758 1.277035
v -16.717649 -0.710563 1.277035
v -16.709248 -0.787554 1.277035
v -16.697254 -0.860555 1.277035
v -16.681534 -0.929388 1.277035
v -16.661957 -0.993875 1.277035
v -16.638388 -1.053840 1.277035
v -16.610697 -1.109104 1.277035
v -16.578749 -1.159490 1.277035
v -16.542410 -1.204822 1.277035
v -16.501551 -1.244922 1.277035
v -16.456032 -1.279611 1.277035
v -16.432905 -1.295042 1.277035
v -16.408319 -1.309409 1.277035
v -16.382402 -1.322711 1.277035
v -16.355288 -1.334949 1.277035
v -16.327108 -1.346124 1.277035
v -16.297998 -1.356233 1.277035
v -16.268089 -1.365279 1.277035
v -16.237516 -1.373260 1.277035
v -16.206411 -1.380178 1.277035
v -16.174908 -1.386031 1.277035
v -16.143137 -1.390820 1.277035
v -16.111235 -1.394544 1.277035
v -16.075474 -1.397597 1.277035
v -16.038515 -1.400338 1.277035
v -16.000492 -1.402725 1.277035
v -15.961539 -1.404713 1.277035
v -15.921788 -1.406258 1.277035
v -15.881370 -1.407315 1.277035
v -15.840422 -1.407839 1.277035
v -15.799075 -1.407788 1.277035
v -15.757460 -1.407115 1.277035
v -15.715712 -1.405778 1.277035
v -15.673963 -1.403731 1.277035
v -15.632348 -1.400930 1.277035
v -15.631422 -1.369344 1.277035
v -15.628707 -1.335541 1.277035
v -15.624261 -1.299964 1.277035
v -15.618154 -1.263057 1.277035
v -15.610451 -1.225264 1.277035
v -15.601216 -1.187027 1.277035
v -15.590520 -1.148790 1.277035
v -15.578426 -1.110996 1.277035
v -15.565002 -1.074089 1.277035
v -15.550315 -1.038512 1.277035
v -15.534431 -1.004709 1.277035
v -15.517414 -0.973123 1.277035
v -15.557032 -0.976179 1.277035
v -15.596013 -0.978947 1.277035
v -15.634238 -0.981404 1.277035
v -15.671600 -0.983529 1.277035
v -15.707987 -0.985299 1.277035
v -15.743287 -0.986692 1.277035
v -15.777390 -0.987686 1.277035
v -15.810184 -0.988259 1.277035
v -15.841560 -0.988388 1.277035
v -15.871408 -0.988052 1.277035
v -15.899613 -0.987228 1.277035
v -15.926065 -0.985894 1.277035
v -15.948027 -0.984150 1.277035
v -15.969230 -0.982051 1.277035
v -15.989724 -0.979509 1.277035
v -16.009550 -0.976434 1.277035
v -16.028757 -0.972739 1.277035
v -16.047388 -0.968334 1.277035
v -16.065485 -0.963132 1.277035
v -16.083096 -0.957042 1.277035
v -16.100262 -0.949977 1.277035
v -16.117027 -0.941848 1.277035
v -16.133442 -0.932566 1.277035
v -16.149546 -0.922042 1.277035
v -16.175112 -0.902650 1.277035
v -16.197643 -0.879711 1.277035
v -16.217289 -0.853401 1.277035
v -16.234209 -0.823900 1.277035
v -16.248556 -0.791382 1.277035
v -16.260489 -0.756028 1.277035
v -16.270157 -0.718012 1.277035
v -16.277721 -0.677514 1.277035
v -16.283333 -0.634709 1.277035
v -16.287149 -0.589777 1.277035
v -16.289328 -0.542893 1.277035
v -16.290018 -0.494236 1.277035
v -16.286846 -0.408169 1.277035
v -16.276865 -0.319176 1.277035
v -16.259392 -0.227256 1.277035
v -16.233738 -0.132410 1.277035
v -16.199213 -0.034637 1.277035
v -16.155136 0.066062 1.277035
v -16.100813 0.169688 1.277035
v -16.035563 0.276241 1.277035
v -15.958693 0.385720 1.277035
v -15.869516 0.498126 1.277035
v -15.767349 0.613458 1.277035
v -15.651502 0.731716 1.277035
v -15.702556 0.855528 1.277035
v -15.753429 0.983664 1.277035
v -15.803949 1.115125 1.277035
v -15.853937 1.248914 1.277035
v -15.903215 1.384033 1.277035
v -15.951608 1.519485 1.277035
v -15.998934 1.654272 1.277035
v -16.045019 1.787397 1.277035
v -16.089684 1.917860 1.277035
v -16.132753 2.044666 1.277035
v -16.174051 2.166815 1.277035
v -16.213398 2.283311 1.277035
v -15.325858 2.283311 1.277035
v -15.325858 -2.882288 1.277035
v -14.898052 -2.882288 1.277035
v -14.898052 2.717503 1.277035
v -16.392183 2.717503 1.277035
v -18.333273 1.050974 1.277035
v -17.324415 1.050974 1.277035
v -17.324415 1.402158 1.277035
v -17.278000 1.370501 1.277035
v -17.231335 1.339400 1.277035
v -17.184446 1.308874 1.277035
v -17.137360 1.278948 1.277035
v -17.090094 1.249642 1.277035
v -17.042673 1.220979 1.277035
v -16.995121 1.192981 1.277035
v -16.947456 1.165671 1.277035
v -16.899704 1.139070 1.277035
v -16.851885 1.113200 1.277035
v -16.804022 1.088084 1.277035
v -16.756138 1.063745 1.277035
v -16.742340 1.093601 1.277035
v -16.726660 1.125408 1.277035
v -16.709341 1.158724 1.277035
v -16.690626 1.193103 1.277035
v -16.670755 1.228103 1.277035
v -16.649979 1.263281 1.277035
v -16.628534 1.298192 1.277035
v -16.606670 1.332394 1.277035
v -16.584631 1.365444 1.277035
v -16.562658 1.396896 1.277035
v -16.540995 1.426310 1.277035
v -16.519886 1.453240 1.277035
v -16.702856 1.543630 1.277035
v -16.883810 1.644795 1.277035
v -17.061529 1.755538 1.277035
v -17.234789 1.874661 1.277035
v -17.402376 2.000968 1.277035
v -17.563065 2.133260 1.277035
v -17.715639 2.270342 1.277035
v -17.858879 2.411015 1.277035
v -17.991568 2.554083 1.277035
v -18.112484 2.698348 1.277035
v -18.220406 2.842613 1.277035
v -18.314117 2.985680 1.277035
v -18.754694 2.985680 1.277035
v -18.875153 2.832166 1.277035
v -19.005901 2.681823 1.277035
v -19.145782 2.535426 1.277035
v -19.293648 2.393751 1.277035
v -19.448339 2.257575 1.277035
v -19.608709 2.127673 1.277035
v -19.773600 2.004822 1.277035
v -19.941862 1.889796 1.277035
v -20.112339 1.783373 1.277035
v -20.283882 1.686328 1.277035
v -20.455336 1.599437 1.277035
v -20.625547 1.523477 1.277035
v -20.603088 1.495072 1.277035
v -20.580496 1.464385 1.277035
v -20.557905 1.431790 1.277035
v -20.535446 1.397666 1.277035
v -20.513254 1.362388 1.277035
v -20.491461 1.326335 1.277035
v -20.470200 1.289883 1.277035
v -20.449602 1.253408 1.277035
v -20.429802 1.217288 1.277035
v -20.410934 1.181900 1.277035
v -20.393133 1.147620 1.277035
v -20.376526 1.114826 1.277035
v -20.333298 1.135973 1.277035
v -20.289825 1.157896 1.277035
v -20.246132 1.180573 1.277035
v -20.202236 1.203982 1.277035
v -20.158165 1.228100 1.277035
v -20.113937 1.252905 1.277035
v -20.069576 1.278376 1.277035
v -20.025106 1.304489 1.277035
v -19.980547 1.331223 1.277035
v -19.935921 1.358556 1.277035
v -19.891249 1.386465 1.277035
v -19.846556 1.414929 1.277035
v -19.846556 1.050974 1.277035
v -18.773849 1.050974 1.277035
v -18.773849 0.495465 1.277035
v -20.223282 0.495465 1.277035
v -20.223282 -1.145523 1.277035
v -18.939865 -1.145523 1.277035
v -19.035812 -1.333852 1.277035
v -19.138632 -1.503890 1.277035
v -19.248547 -1.657035 1.277035
v -19.365780 -1.794681 1.277035
v -19.490547 -1.918228 1.277035
v -19.623077 -2.029070 1.277035
v -19.763586 -2.128606 1.277035
v -19.912300 -2.218231 1.277035
v -20.069439 -2.299342 1.277035
v -20.235226 -2.373337 1.277035
v -20.409878 -2.441612 1.277035
v -20.593622 -2.505563 1.277035
v -20.564800 -2.532261 1.277035
v -20.535980 -2.561109 1.277035
v -20.507423 -2.591863 1.277035
v -20.479401 -2.624280 1.277035
v -20.452175 -2.658117 1.277035
v -20.426012 -2.693128 1.277035
v -20.401180 -2.729070 1.277035
v -20.377945 -2.765700 1.277035
v -20.356571 -2.802773 1.277035
v -20.337326 -2.840045 1.277035
v -20.320477 -2.877274 1.277035
v -20.306290 -2.914214 1.277035
v -20.119350 -2.838852 1.277035
v -19.941505 -2.758812 1.277035
v -19.772528 -2.672875 1.277035
v -19.612198 -2.579821 1.277035
v -19.460293 -2.478430 1.277035
v -19.316589 -2.367484 1.277035
v -19.180866 -2.245763 1.277035
v -19.052904 -2.112048 1.277035
v -18.932482 -1.965119 1.277035
v -18.819374 -1.803757 1.277035
v -18.713362 -1.626742 1.277035
v -18.614220 -1.432855 1.277035
v -18.550453 -1.577113 1.277035
v -18.473333 -1.719065 1.277035
v -18.381762 -1.858267 1.277035
v -18.274626 -1.994277 1.277035
v -18.150816 -2.126651 1.277035
v -18.009226 -2.254946 1.277035
v -17.848747 -2.378717 1.277035
v -17.668270 -2.497523 1.277035
v -17.466688 -2.610919 1.277035
v -17.242889 -2.718461 1.277035
v -16.995768 -2.819708 1.277035
v -16.724211 -2.914214 1.277035
v -16.711382 -2.887055 1.277035
v -16.695509 -2.857102 1.277035
v -16.677021 -2.825021 1.277035
v -16.656340 -2.791477 1.277035
v -16.633884 -2.757135 1.277035
v -16.610079 -2.722659 1.277035
v -16.585340 -2.688716 1.277035
v -16.560091 -2.655970 1.277035
v -16.534752 -2.625086 1.277035
v -16.509747 -2.596729 1.277035
v -16.485497 -2.571566 1.277035
v -16.462420 -2.550260 1.277035
v -16.739761 -2.456529 1.277035
v -16.988573 -2.357522 1.277035
v -17.210377 -2.253549 1.277035
v -17.406712 -2.144920 1.277035
v -17.579098 -2.031945 1.277035
v -17.729073 -1.914935 1.277035
v -17.858162 -1.794201 1.277035
v -17.967896 -1.670052 1.277035
v -18.059805 -1.542800 1.277035
v -18.135420 -1.412754 1.277035
v -18.196268 -1.280225 1.277035
v -18.243881 -1.145523 1.277035
v -16.941307 -1.145523 1.277035
v -16.941307 0.495465 1.277035
v -18.333273 0.495465 1.277035
v -19.782707 1.459625 1.277035
v -19.663586 1.541114 1.277035
v -19.545977 1.625728 1.277035
v -19.430317 1.713136 1.277035
v -19.317055 1.803005 1.277035
v -19.206631 1.895003 1.277035
v -19.099489 1.988796 1.277035
v -18.996069 2.084053 1.277035
v -18.896818 2.180439 1.277035
v -18.802181 2.277625 1.277035
v -18.712597 2.375276 1.277035
v -18.628511 2.473060 1.277035
v -18.550367 2.570644 1.277035
v -18.483248 2.477450 1.277035
v -18.409834 2.383257 1.277035
v -18.330477 2.288400 1.277035
v -18.245533 2.193210 1.277035
v -18.155359 2.098020 1.277035
v -18.060307 2.003162 1.277035
v -17.960732 1.908970 1.277035
v -17.856987 1.815775 1.277035
v -17.749430 1.723911 1.277035
v -17.638414 1.633709 1.277035
v -17.524294 1.545503 1.277035
v -17.407423 1.459625 1.277035
v -18.320503 -0.749642 1.277035
v -18.322098 -0.724102 1.277035
v -18.323669 -0.698562 1.277035
v -18.325195 -0.673021 1.277035
v -18.326653 -0.647480 1.277035
v -18.328024 -0.621939 1.277035
v -18.329285 -0.596399 1.277035
v -18.330410 -0.570858 1.277035
v -18.331381 -0.545317 1.277035
v -18.332176 -0.519777 1.277035
v -18.332769 -0.494236 1.277035
v -18.333145 -0.468695 1.277035
v -18.333273 -0.443154 1.277035
v -18.333273 0.105970 1.277035
v -17.369112 0.105970 1.277035
v -17.369112 -0.749642 1.277035
v -18.761078 -0.749642 1.277035
v -19.782707 -0.749642 1.277035
v -19.782707 0.105970 1.277035
v -18.773849 0.105970 1.277035
v -18.773849 -0.455925 1.277035
v -12.695172 -1.394544 1.277035
v -12.695172 -0.928427 1.277035
v -9.674988 -0.928427 1.277034
v -9.674988 -1.394544 1.277034
v -12.695172 -0.117511 1.277034
v -9.674988 -0.117511 1.277034
v -9.674988 -0.577243 1.277034
v -12.695172 -0.577243 1.277035
v -12.695172 -2.218231 1.277035
v -12.695172 -1.739343 1.277035
v -9.674988 -1.739343 1.277034
v -9.674988 -2.218231 1.277034
v -13.174058 -2.843977 1.277035
v -12.695172 -2.843977 1.277035
v -12.695172 -2.588571 1.277035
v -9.674988 -2.588571 1.277034
v -9.674988 -2.863133 1.277034
v -9.215256 -2.863133 1.277034
v -9.215256 0.246444 1.277034
v -13.174058 0.246444 1.277035
v -13.595478 0.540161 1.277035
v -13.116592 0.540161 1.277034
v -13.116592 2.328008 1.277034
v -9.221641 2.328008 1.277034
v -9.221641 0.527391 1.277034
v -8.755524 0.527391 1.277034
v -8.755524 2.691962 1.277034
v -13.595478 2.691962 1.277034
v -12.746253 1.549017 1.277034
v -9.623907 1.549017 1.277034
v -9.623907 1.900201 1.277034
v -12.746253 1.900201 1.277034
v -12.746253 0.738101 1.277034
v -9.630292 0.738101 1.277034
v -9.630292 1.089285 1.277034
v -12.746253 1.089285 1.277034
v -2.677913 -0.532864 1.277034
v -2.699223 -0.706424 1.277034
v -2.732815 -0.861981 1.277034
v -2.777115 -0.999846 1.277034
v -2.830549 -1.120329 1.277034
v -2.891544 -1.223741 1.277034
v -2.958524 -1.310392 1.277034
v -3.029918 -1.380592 1.277034
v -3.104151 -1.434651 1.277034
v -3.179647 -1.472881 1.277034
v -3.254833 -1.495591 1.277034
v -3.328133 -1.503092 1.277034
v -3.403928 -1.494050 1.277034
v -3.481141 -1.466407 1.277034
v -3.559596 -1.419387 1.277034
v -3.639114 -1.352213 1.277034
v -3.719521 -1.264110 1.277034
v -3.800638 -1.154303 1.277034
v -3.882284 -1.022014 1.277034
v -3.964287 -0.866467 1.277034
v -4.046465 -0.686888 1.277034
v -4.128644 -0.482500 1.277034
v -4.210647 -0.252527 1.277034
v -4.292294 0.003807 1.277034
v -4.331521 0.137839 1.277034
v -4.369330 0.274733 1.277034
v -4.405632 0.414153 1.277034
v -4.440335 0.555769 1.277034
v -4.473355 0.699247 1.277034
v -4.504599 0.844254 1.277034
v -4.533984 0.990459 1.277034
v -4.561416 1.137529 1.277034
v -4.586809 1.285130 1.277034
v -4.610073 1.432931 1.277034
v -4.631121 1.580599 1.277034
v -4.649861 1.727802 1.277034
v -4.353382 1.671489 1.277034
v -4.077564 1.581653 1.277034
v -3.823385 1.462020 1.277034
v -3.591818 1.316314 1.277034
v -3.383842 1.148260 1.277034
v -3.200430 0.961582 1.277034
v -3.042560 0.760006 1.277034
v -2.911206 0.547256 1.277034
v -2.807343 0.327056 1.277034
v -2.731947 0.103132 1.277034
v -2.685994 -0.120792 1.277034
v -2.670460 -0.340992 1.277034
v -4.696969 -0.420126 1.277034
v -4.592515 -0.708553 1.277034
v -4.483451 -0.969931 1.277034
v -4.369863 -1.204172 1.277034
v -4.251842 -1.411187 1.277034
v -4.129473 -1.590888 1.277034
v -4.002848 -1.743186 1.277034
v -3.872054 -1.867993 1.277034
v -3.737180 -1.965219 1.277034
v -3.598319 -2.034775 1.277034
v -3.455553 -2.076575 1.277034
v -3.308976 -2.090528 1.277034
v -3.167228 -2.077103 1.277034
v -3.027461 -2.037407 1.277034
v -2.891641 -1.972302 1.277034
v -2.761739 -1.882655 1.277034
v -2.639730 -1.769330 1.277034
v -2.527588 -1.633190 1.277034
v -2.427284 -1.475102 1.277034
v -2.340794 -1.295929 1.277034
v -2.270087 -1.096537 1.277034
v -2.217140 -0.877789 1.277034
v -2.183925 -0.640551 1.277034
v -2.172416 -0.385688 1.277034
v -2.197566 -0.043487 1.277034
v -2.270915 0.287917 1.277034
v -2.389314 0.604910 1.277034
v -2.549616 0.903879 1.277034
v -2.748672 1.181209 1.277034
v -2.983335 1.433286 1.277034
v -3.250454 1.656497 1.277034
v -3.546885 1.847229 1.277034
v -3.869475 2.001866 1.277034
v -4.215080 2.116795 1.277034
v -4.580549 2.188403 1.277034
v -4.962736 2.213075 1.277034
v -5.324725 2.191595 1.277034
v -5.662679 2.129033 1.277034
v -5.975182 2.028204 1.277034
v -6.260816 1.891925 1.277034
v -6.518159 1.723010 1.277034
v -6.745791 1.524275 1.277034
v -6.942298 1.298536 1.277034
v -7.106258 1.048610 1.277034
v -7.236254 0.777310 1.277034
v -7.330864 0.487454 1.277034
v -7.388670 0.181857 1.277034
v -7.408254 -0.136666 1.277034
v -7.390044 -0.462432 1.277034
v -7.335979 -0.768709 1.277034
v -7.246932 -1.054634 1.277034
v -7.123762 -1.319341 1.277034
v -6.967335 -1.561967 1.277034
v -6.778519 -1.781645 1.277034
v -6.558175 -1.977512 1.277034
v -6.307168 -2.148704 1.277034
v -6.026366 -2.294354 1.277034
v -5.716630 -2.413599 1.277034
v -5.378826 -2.505574 1.277034
v -5.013817 -2.569415 1.277034
v -4.713714 -2.096913 1.277034
v -4.764637 -2.091865 1.277034
v -4.815139 -2.086330 1.277034
v -4.865063 -2.080351 1.277034
v -4.914256 -2.073973 1.277034
v -4.962563 -2.067241 1.277034
v -5.009825 -2.060198 1.277034
v -5.055891 -2.052889 1.277034
v -5.100605 -2.045358 1.277034
v -5.143813 -2.037650 1.277034
v -5.185357 -2.029809 1.277034
v -5.225084 -2.021880 1.277034
v -5.262838 -2.013906 1.277034
v -5.466436 -1.958789 1.277034
v -5.666755 -1.885848 1.277034
v -5.861046 -1.794815 1.277034
v -6.046556 -1.685424 1.277034
v -6.220538 -1.557411 1.277034
v -6.380240 -1.410507 1.277034
v -6.522918 -1.244449 1.277034
v -6.645816 -1.058968 1.277034
v -6.746191 -0.853801 1.277034
v -6.821290 -0.628679 1.277034
v -6.868368 -0.383338 1.277034
v -6.884672 -0.117511 1.277034
v -6.871854 0.119760 1.277034
v -6.833765 0.348251 1.277034
v -6.770932 0.566101 1.277034
v -6.683890 0.771446 1.277034
v -6.573170 0.962425 1.277034
v -6.439304 1.137174 1.277034
v -6.282823 1.293832 1.277034
v -6.104261 1.430537 1.277034
v -5.904150 1.545426 1.277034
v -5.683017 1.636636 1.277034
v -5.441400 1.702306 1.277034
v -5.179831 1.740572 1.277034
v -5.158268 1.589520 1.277034
v -5.135044 1.436715 1.277034
v -5.110090 1.282536 1.277034
v -5.083342 1.127360 1.277034
v -5.054731 0.971563 1.277034
v -5.024190 0.815521 1.277034
v -4.991654 0.659613 1.277034
v -4.957057 0.504215 1.277034
v -4.920333 0.349704 1.277034
v -4.881413 0.196456 1.277034
v -4.840230 0.044849 1.277034
v -4.796721 -0.104741 1.277034
v 2.623117 1.953429 1.277033
v 2.623966 2.004107 1.277033
v 2.625437 2.057935 1.277033
v 2.627573 2.114222 1.277033
v 2.630418 2.172284 1.277033
v 2.634017 2.231431 1.277033
v 2.638413 2.290978 1.277033
v 2.643653 2.350237 1.277033
v 2.649779 2.408520 1.277033
v 2.656837 2.465141 1.277033
v 2.664870 2.519411 1.277033
v 2.673923 2.570644 1.277033
v 2.048177 2.570644 1.277033
v 2.053082 2.519655 1.277033
v 2.058141 2.466028 1.277033
v 2.063244 2.410317 1.277033
v 2.068280 2.353076 1.277033
v 2.073139 2.294859 1.277033
v 2.077709 2.236221 1.277033
v 2.081880 2.177716 1.277033
v 2.085541 2.119899 1.277033
v 2.088583 2.063323 1.277033
v 2.090892 2.008542 1.277033
v 2.092360 1.956112 1.277033
v 2.092873 1.906587 1.277033
v 2.092873 0.865805 1.277033
v 1.874976 0.797885 1.277033
v 1.644817 0.722582 1.277033
v 1.405569 0.641027 1.277033
v 1.160402 0.554350 1.277033
v 0.912485 0.463683 1.277033
v 0.664991 0.370156 1.277033
v 0.421087 0.274900 1.277033
v 0.183946 0.179044 1.277033
v -0.043264 0.083721 1.277033
v -0.257371 -0.009939 1.277033
v -0.455204 -0.100805 1.277033
v -0.633593 -0.187748 1.277033
v -0.416497 -0.730487 1.277033
v -0.234453 -0.635389 1.277033
v -0.038176 -0.539050 1.277033
v 0.169541 -0.442356 1.277033
v 0.385906 -0.346195 1.277033
v 0.608122 -0.251452 1.277033
v 0.833398 -0.159015 1.277033
v 1.058941 -0.069770 1.277033
v 1.281956 0.015395 1.277033
v 1.499651 0.095594 1.277033
v 1.709231 0.169940 1.277033
v 1.907902 0.237546 1.277033
v 2.092873 0.297525 1.277033
v 2.086488 -1.809580 1.277033
v 2.086219 -1.861962 1.277033
v 2.085421 -1.919488 1.277033
v 2.084090 -1.981182 1.277033
v 2.082229 -2.046068 1.277033
v 2.079834 -2.113171 1.277033
v 2.076908 -2.181516 1.277033
v 2.073449 -2.250127 1.277033
v 2.069459 -2.318029 1.277033
v 2.064936 -2.384245 1.277033
v 2.059882 -2.447801 1.277033
v 2.054295 -2.507721 1.277033
v 2.048177 -2.563030 1.277033
v 2.667539 -2.563030 1.277033
v 2.659951 -2.509794 1.277033
v 2.653142 -2.452679 1.277033
v 2.647086 -2.392326 1.277033
v 2.641761 -2.329380 1.277033
v 2.637145 -2.264482 1.277033
v 2.633218 -2.198277 1.277033
v 2.629955 -2.131407 1.277033
v 2.627335 -2.064514 1.277033
v 2.625336 -1.998242 1.277033
v 2.623936 -1.933234 1.277033
v 2.623112 -1.870132 1.277033
v 2.622843 -1.809580 1.277033
v 2.622843 -1.671590 1.277033
v 2.622843 -1.447399 1.277033
v 2.622843 -1.153504 1.277033
v 2.622843 -0.806400 1.277033
v 2.622843 -0.422580 1.277033
v 2.622843 -0.018541 1.277033
v 2.622843 0.389223 1.277033
v 2.622843 0.784216 1.277033
v 2.622843 1.149944 1.277033
v 2.622843 1.469912 1.277033
v 2.622843 1.727625 1.277033
v 2.622843 1.906587 1.277033
v 8.043849 -0.238829 1.277033
v 8.065964 -0.156694 1.277033
v 8.096260 -0.056379 1.277033
v 8.133340 0.058480 1.277033
v 8.175807 0.184247 1.277033
v 8.222265 0.317286 1.277033
v 8.271318 0.453961 1.277033
v 8.321568 0.590636 1.277033
v 8.371618 0.723675 1.277033
v 8.420073 0.849442 1.277033
v 8.465534 0.964302 1.277032
v 8.506606 1.064617 1.277032
v 8.541890 1.146752 1.277032
v 8.075773 1.306381 1.277033
v 8.044631 1.230956 1.277033
v 8.006483 1.135046 1.277033
v 7.962836 1.022640 1.277033
v 7.915198 0.897730 1.277033
v 7.865078 0.764307 1.277033
v 7.813982 0.626361 1.277033
v 7.763418 0.487882 1.277033
v 7.714893 0.352863 1.277033
v 7.669916 0.225292 1.277033
v 7.629994 0.109162 1.277033
v 7.596635 0.008463 1.277033
v 7.571345 -0.072815 1.277033
v 5.905396 0.454411 1.277033
v 5.955218 0.280379 1.277033
v 6.009873 0.107765 1.277033
v 6.069649 -0.063119 1.277033
v 6.134834 -0.231964 1.277033
v 6.205718 -0.398459 1.277033
v 6.282587 -0.562293 1.277033
v 6.365731 -0.723156 1.277033
v 6.455438 -0.880738 1.277033
v 6.551996 -1.034729 1.277033
v 6.655692 -1.184817 1.277033
v 6.766815 -1.330693 1.277033
v 6.917518 -1.513627 1.277033
v 7.075315 -1.685809 1.277033
v 7.239318 -1.847392 1.277033
v 7.408644 -1.998534 1.277033
v 7.582402 -2.139388 1.277033
v 7.759709 -2.270110 1.277033
v 7.939676 -2.390856 1.277033
v 8.121416 -2.501780 1.277033
v 8.304045 -2.603037 1.277033
v 8.486672 -2.694783 1.277033
v 8.668412 -2.777173 1.277033
v 8.848379 -2.850363 1.277033
v 9.269800 -2.422556 1.277033
v 9.083372 -2.362751 1.277033
v 8.895261 -2.292104 1.277033
v 8.706707 -2.210948 1.277033
v 8.518950 -2.119615 1.277033
v 8.333234 -2.018439 1.277033
v 8.150798 -1.907752 1.277033
v 7.972885 -1.787886 1.277033
v 7.800736 -1.659174 1.277033
v 7.635594 -1.521948 1.277033
v 7.478700 -1.376542 1.277033
v 7.331295 -1.223287 1.277033
v 7.194621 -1.062516 1.277033
v 7.083878 -0.918462 1.277033
v 6.978590 -0.764630 1.277033
v 6.879155 -0.601886 1.277033
v 6.785971 -0.431094 1.277033
v 6.699438 -0.253118 1.277033
v 6.619956 -0.068824 1.277033
v 6.547924 0.120924 1.277033
v 6.483738 0.315261 1.277033
v 6.427802 0.513323 1.277033
v 6.380512 0.714246 1.277033
v 6.342268 0.917163 1.277033
v 6.313468 1.121211 1.277033
v 5.764344 0.948812 1.277033
v 5.775128 0.915948 1.277033
v 5.785183 0.884369 1.277033
v 5.794573 0.854032 1.277033
v 5.803363 0.824892 1.277033
v 5.811622 0.796905 1.277033
v 5.819414 0.770027 1.277033
v 5.826808 0.744213 1.277033
v 5.833870 0.719419 1.277033
v 5.840666 0.695600 1.277033
v 5.847262 0.672713 1.277033
v 5.853725 0.650712 1.277033
v 5.860122 0.629553 1.277033
v 9.461355 -0.634709 1.277032
v 9.490338 -0.540960 1.277032
v 9.528280 -0.428522 1.277032
v 9.573494 -0.301583 1.277032
v 9.624294 -0.164335 1.277032
v 9.678996 -0.020968 1.277032
v 9.735915 0.124327 1.277032
v 9.793367 0.267362 1.277032
v 9.849667 0.403944 1.277032
v 9.903128 0.529885 1.277032
v 9.952066 0.640994 1.277032
v 9.994797 0.733080 1.277032
v 10.029634 0.801953 1.277032
v 9.557133 0.987123 1.277032
v 9.521191 0.907393 1.277032
v 9.478175 0.807954 1.277032
v 9.429528 0.692507 1.277032
v 9.376693 0.564756 1.277032
v 9.321108 0.428402 1.277032
v 9.264213 0.287149 1.277032
v 9.207453 0.144698 1.277032
v 9.152266 0.004753 1.277032
v 9.100094 -0.128984 1.277032
v 9.052379 -0.252811 1.277032
v 9.010562 -0.363026 1.277033
v 8.976082 -0.455925 1.277033
v 12.577315 1.663950 1.277032
v 12.610775 1.731397 1.277032
v 12.647050 1.802325 1.277032
v 12.685764 1.875957 1.277032
v 12.726540 1.951519 1.277032
v 12.769000 2.028233 1.277032
v 12.812771 2.105325 1.277032
v 12.857470 2.182017 1.277032
v 12.902722 2.257534 1.277032
v 12.948155 2.331100 1.277032
v 12.993387 2.401939 1.277032
v 13.038042 2.469275 1.277032
v 13.081744 2.532333 1.277032
v 12.743330 2.672807 1.277032
v 12.702308 2.614025 1.277032
v 12.659378 2.550011 1.277032
v 12.615029 2.481651 1.277032
v 12.569749 2.409832 1.277032
v 12.524026 2.335443 1.277032
v 12.478346 2.259367 1.277032
v 12.433199 2.182494 1.277032
v 12.389071 2.105709 1.277032
v 12.346452 2.029900 1.277032
v 12.305828 1.955953 1.277032
v 12.267687 1.884756 1.277032
v 12.232517 1.817194 1.277032
v 11.811096 1.855505 1.277032
v 11.847367 1.925506 1.277032
v 11.885767 1.997812 1.277032
v 11.926029 2.071803 1.277032
v 11.967888 2.146858 1.277032
v 12.011076 2.222357 1.277032
v 12.055329 2.297678 1.277032
v 12.100380 2.372201 1.277032
v 12.145963 2.445306 1.277032
v 12.191812 2.516370 1.277032
v 12.237661 2.584774 1.277032
v 12.283244 2.649897 1.277032
v 12.328295 2.711118 1.277032
v 11.989880 2.857977 1.277032
v 11.947022 2.796150 1.277032
v 11.901878 2.729445 1.277032
v 11.855095 2.658839 1.277032
v 11.807313 2.585306 1.277032
v 11.759176 2.509822 1.277032
v 11.711329 2.433363 1.277032
v 11.664412 2.356904 1.277032
v 11.619069 2.281420 1.277032
v 11.575943 2.207887 1.277032
v 11.535677 2.137281 1.277032
v 11.498914 2.070576 1.277032
v 11.466297 2.008749 1.277032
v 17.155479 -1.483937 1.277032
v 17.047712 -1.377735 1.277032
v 16.936108 -1.258475 1.277032
v 16.822155 -1.128263 1.277032
v 16.707336 -0.989204 1.277032
v 16.593140 -0.843406 1.277032
v 16.481047 -0.692974 1.277032
v 16.372547 -0.540014 1.277032
v 16.269123 -0.386634 1.277032
v 16.172264 -0.234938 1.277032
v 16.083452 -0.087034 1.277032
v 16.004173 0.054974 1.277032
v 15.935914 0.188977 1.277032
v 15.488953 -0.028119 1.277032
v 15.562582 -0.170459 1.277032
v 15.648051 -0.321334 1.277032
v 15.743361 -0.478373 1.277032
v 15.846521 -0.639203 1.277032
v 15.955535 -0.801452 1.277032
v 16.068407 -0.962747 1.277032
v 16.183140 -1.120718 1.277032
v 16.297741 -1.272990 1.277032
v 16.410212 -1.417192 1.277032
v 16.518560 -1.550951 1.277032
v 16.620790 -1.671896 1.277032
v 16.714905 -1.777654 1.277032
v 12.187821 -1.745728 1.277032
v 12.254651 -1.615368 1.277032
v 12.329773 -1.474921 1.277032
v 12.411901 -1.326802 1.277032
v 12.499748 -1.173428 1.277032
v 12.592031 -1.017217 1.277032
v 12.687461 -0.860585 1.277032
v 12.784754 -0.705948 1.277032
v 12.882622 -0.555723 1.277032
v 12.979782 -0.412326 1.277032
v 13.074945 -0.278175 1.277032
v 13.166828 -0.155685 1.277032
v 13.254144 -0.047274 1.277032
v 12.819953 0.182592 1.277032
v 12.732005 0.072736 1.277032
v 12.638360 -0.050822 1.277032
v 12.540502 -0.185553 1.277032
v 12.439917 -0.328931 1.277032
v 12.338091 -0.478428 1.277032
v 12.236507 -0.631517 1.277032
v 12.136654 -0.785670 1.277032
v 12.040016 -0.938360 1.277032
v 11.948078 -1.087059 1.277032
v 11.862326 -1.229240 1.277032
v 11.784244 -1.362375 1.277032
v 11.715318 -1.483937 1.277032
v 14.639725 1.440469 1.277032
v 14.639725 2.098142 1.277032
v 14.640118 2.134741 1.277032
v 14.641262 2.173847 1.277032
v 14.643118 2.214770 1.277032
v 14.645638 2.256825 1.277032
v 14.648779 2.299322 1.277032
v 14.652497 2.341576 1.277032
v 14.656746 2.382899 1.277032
v 14.661484 2.422603 1.277032
v 14.666664 2.460001 1.277032
v 14.672243 2.494406 1.277032
v 14.678177 2.525131 1.277032
v 14.684422 2.551488 1.277032
v 14.084216 2.551488 1.277032
v 14.088993 2.526347 1.277032
v 14.093704 2.496150 1.277032
v 14.098282 2.461697 1.277032
v 14.102662 2.423785 1.277032
v 14.106773 2.383213 1.277032
v 14.110556 2.340778 1.277032
v 14.113935 2.297279 1.277032
v 14.116852 2.253514 1.277032
v 14.119234 2.210281 1.277032
v 14.121019 2.168378 1.277032
v 14.122139 2.128604 1.277032
v 14.122527 2.091757 1.277032
v 14.122527 1.440469 1.277032
v 12.436843 1.440469 1.277032
v 12.397396 1.440732 1.277032
v 12.355932 1.441504 1.277032
v 12.312829 1.442764 1.277032
v 12.268462 1.444490 1.277032
v 12.223207 1.446659 1.277032
v 12.177444 1.449249 1.277032
v 12.131547 1.452239 1.277032
v 12.085895 1.455605 1.277032
v 12.040862 1.459326 1.277032
v 11.996827 1.463380 1.277032
v 11.954167 1.467743 1.277032
v 11.913259 1.472396 1.277032
v 11.913259 0.942427 1.277032
v 11.956726 0.945361 1.277032
v 12.000791 0.947807 1.277032
v 12.045254 0.949810 1.277032
v 12.089916 0.951414 1.277032
v 12.134579 0.952663 1.277032
v 12.179042 0.953601 1.277032
v 12.223105 0.954274 1.277032
v 12.266572 0.954724 1.277032
v 12.309239 0.954997 1.277032
v 12.350909 0.955138 1.277032
v 12.391381 0.955190 1.277032
v 12.430456 0.955197 1.277032
v 14.122527 0.955197 1.277032
v 14.122527 0.910501 1.277032
v 14.122527 0.749242 1.277032
v 14.122527 0.534574 1.277032
v 14.122527 0.277471 1.277032
v 14.122527 -0.011092 1.277032
v 14.122527 -0.320140 1.277032
v 14.122527 -0.638700 1.277032
v 14.122527 -0.955797 1.277032
v 14.122527 -1.260456 1.277032
v 14.122527 -1.541703 1.277032
v 14.122527 -1.788562 1.277032
v 14.122527 -1.990061 1.277032
v 14.122527 -2.135224 1.277032
v 14.126017 -2.216365 1.277032
v 14.136598 -2.290567 1.277032
v 14.154453 -2.357807 1.277032
v 14.179758 -2.418063 1.277032
v 14.212687 -2.471313 1.277032
v 14.253423 -2.517536 1.277032
v 14.302139 -2.556708 1.277032
v 14.359014 -2.588807 1.277032
v 14.424226 -2.613812 1.277032
v 14.497952 -2.631700 1.277032
v 14.580367 -2.642449 1.277032
v 14.671651 -2.646037 1.277032
v 14.740952 -2.645645 1.277032
v 14.814194 -2.644500 1.277032
v 14.890543 -2.642645 1.277032
v 14.969153 -2.640125 1.277032
v 15.049183 -2.636984 1.277032
v 15.129787 -2.633267 1.277032
v 15.210126 -2.629017 1.277032
v 15.289356 -2.624280 1.277032
v 15.366637 -2.619100 1.277032
v 15.441122 -2.613520 1.277032
v 15.511971 -2.607586 1.277032
v 15.578344 -2.601341 1.277032
v 15.623042 -2.090528 1.277032
v 15.554086 -2.102766 1.277032
v 15.484843 -2.113940 1.277032
v 15.415822 -2.124050 1.277032
v 15.347533 -2.133095 1.277032
v 15.280484 -2.141077 1.277032
v 15.215188 -2.147994 1.277032
v 15.152154 -2.153847 1.277032
v 15.091890 -2.158636 1.277032
v 15.034907 -2.162361 1.277032
v 14.981715 -2.165021 1.277032
v 14.932827 -2.166617 1.277032
v 14.888746 -2.167150 1.277032
v 14.847753 -2.165546 1.277032
v 14.810884 -2.160705 1.277032
v 14.778005 -2.152584 1.277032
v 14.748983 -2.141136 1.277032
v 14.723686 -2.126319 1.277032
v 14.701982 -2.108087 1.277032
v 14.683736 -2.086396 1.277032
v 14.668814 -2.061203 1.277032
v 14.657085 -2.032462 1.277032
v 14.648417 -2.000130 1.277032
v 14.642674 -1.964162 1.277032
v 14.639725 -1.924513 1.277032
v 14.639725 -1.800812 1.277032
v 14.639725 -1.613858 1.277032
v 14.639725 -1.376487 1.277032
v 14.639725 -1.101537 1.277032
v 14.639725 -0.801844 1.277032
v 14.639725 -0.490245 1.277032
v 14.639725 -0.179578 1.277032
v 14.639725 0.117321 1.277032
v 14.639725 0.387615 1.277032
v 14.639725 0.618468 1.277032
v 14.639725 0.797042 1.277032
v 14.639725 0.910501 1.277032
v 14.639725 0.955197 1.277032
v 16.414801 0.955197 1.277032
v 16.462427 0.955064 1.277032
v 16.509544 0.954665 1.277032
v 16.556173 0.954000 1.277032
v 16.602337 0.953069 1.277032
v 16.648056 0.951871 1.277032
v 16.693356 0.950408 1.277032
v 16.738255 0.948679 1.277032
v 16.782778 0.946683 1.277032
v 16.826944 0.944422 1.277032
v 16.870779 0.941894 1.277032
v 16.914305 0.939101 1.277032
v 16.957541 0.936041 1.277032
v 16.957541 1.472396 1.277032
v 16.913208 1.467743 1.277032
v 16.869450 1.463379 1.277032
v 16.826046 1.459325 1.277032
v 16.782778 1.455604 1.277032
v 16.739418 1.452238 1.277032
v 16.695749 1.449249 1.277032
v 16.651548 1.446658 1.277032
v 16.606594 1.444489 1.277032
v 16.560663 1.442764 1.277032
v 16.513536 1.441504 1.277032
v 16.464989 1.440732 1.277032
v 16.414801 1.440469 1.277032
v 22.295706 1.989594 1.277031
v 22.077644 1.989594 1.277031
v 21.792408 1.989594 1.277031
v 21.456955 1.989594 1.277031
v 21.088243 1.989594 1.277031
v 20.703238 1.989594 1.277031
v 20.318899 1.989594 1.277031
v 19.952185 1.989594 1.277032
v 19.620054 1.989594 1.277032
v 19.339474 1.989594 1.277032
v 19.127401 1.989594 1.277032
v 19.000793 1.989594 1.277032
v 18.963886 1.989601 1.277032
v 18.923698 1.989653 1.277032
v 18.880672 1.989794 1.277032
v 18.835251 1.990067 1.277032
v 18.787880 1.990518 1.277032
v 18.739000 1.991190 1.277032
v 18.689058 1.992129 1.277032
v 18.638494 1.993378 1.277032
v 18.587753 1.994982 1.277032
v 18.537279 1.996984 1.277032
v 18.487511 1.999430 1.277032
v 18.438900 2.002364 1.277032
v 18.441833 1.962080 1.277032
v 18.444281 1.921131 1.277032
v 18.446281 1.879649 1.277032
v 18.447886 1.837769 1.277032
v 18.449135 1.795622 1.277032
v 18.450073 1.753343 1.277032
v 18.450747 1.711063 1.277032
v 18.451197 1.668917 1.277032
v 18.451469 1.627036 1.277032
v 18.451611 1.585555 1.277032
v 18.451662 1.544605 1.277032
v 18.451670 1.504321 1.277032
v 18.451670 1.385316 1.277032
v 18.451670 1.186009 1.277032
v 18.451670 0.922672 1.277032
v 18.451670 0.611580 1.277032
v 18.451670 0.269006 1.277032
v 18.451670 -0.088778 1.277032
v 18.451670 -0.445497 1.277032
v 18.451670 -0.784879 1.277032
v 18.451670 -1.090650 1.277032
v 18.451670 -1.346537 1.277032
v 18.451670 -1.536267 1.277032
v 18.451670 -1.643566 1.277032
v 18.451540 -1.700349 1.277032
v 18.451166 -1.766865 1.277032
v 18.450571 -1.840608 1.277032
v 18.449778 -1.919074 1.277032
v 18.448807 -1.999757 1.277032
v 18.447680 -2.080152 1.277032
v 18.446419 -2.157753 1.277032
v 18.445047 -2.230055 1.277032
v 18.443588 -2.294554 1.277032
v 18.442062 -2.348742 1.277032
v 18.440493 -2.390117 1.277032
v 18.438900 -2.416171 1.277032
v 18.988024 -2.416171 1.277032
v 18.981638 -2.045831 1.277032
v 22.467939 -2.045831 1.277031
v 22.455170 -2.416171 1.277031
v 23.004293 -2.416171 1.277031
v 23.002575 -2.387674 1.277031
v 23.000656 -2.345165 1.277031
v 22.998606 -2.290862 1.277031
v 22.996490 -2.226981 1.277031
v 22.994371 -2.155739 1.277031
v 22.992321 -2.079354 1.277031
v 22.990404 -2.000041 1.277031
v 22.988686 -1.920020 1.277031
v 22.987232 -1.841506 1.277031
v 22.986113 -1.766717 1.277031
v 22.985394 -1.697869 1.277031
v 22.985138 -1.637181 1.277031
v 22.985138 -1.525007 1.277031
v 22.985138 -1.330426 1.277031
v 22.985138 -1.069998 1.277031
v 22.985138 -0.760284 1.277031
v 22.985138 -0.417847 1.277031
v 22.985138 -0.059246 1.277031
v 22.985138 0.298955 1.277031
v 22.985138 0.640196 1.277031
v 22.985138 0.947914 1.277031
v 22.985138 1.205549 1.277031
v 22.985138 1.396538 1.277031
v 22.985138 1.504321 1.277031
v 22.985146 1.542044 1.277031
v 22.985197 1.581563 1.277031
v 22.985336 1.622546 1.277031
v 22.985611 1.664659 1.277031
v 22.986061 1.707571 1.277031
v 22.986734 1.750948 1.277031
v 22.987673 1.794458 1.277031
v 22.988922 1.837768 1.277031
v 22.990524 1.880547 1.277031
v 22.992527 1.922461 1.277031
v 22.994974 1.963177 1.277031
v 22.997910 2.002364 1.277031
v 22.937220 2.000771 1.277031
v 22.879545 1.999201 1.277031
v 22.824711 1.997675 1.277031
v 22.772535 1.996215 1.277031
v 22.722843 1.994844 1.277031
v 22.675457 1.993584 1.277031
v 22.630199 1.992457 1.277031
v 22.586893 1.991486 1.277031
v 22.545359 1.990691 1.277031
v 22.505423 1.990097 1.277031
v 22.466906 1.989723 1.277031
v 22.429628 1.989594 1.277031
v 18.975254 1.485166 1.277032
v 22.467939 1.485166 1.277031
v 22.467939 -1.547788 1.277031
v 18.975254 -1.547788 1.277032
v 22.295706 1.989594 1.277031
v 22.295706 1.989594 -1.277035
v 22.077644 1.989594 1.277031
v 22.077644 1.989594 -1.277035
v 21.792408 1.989594 1.277031
v 21.792408 1.989594 -1.277035
v 21.456955 1.989594 1.277031
v 21.456955 1.989594 -1.277035
v 21.088243 1.989594 1.277031
v 21.088243 1.989594 -1.277035
v 20.703238 1.989594 1.277031
v 20.703238 1.989594 -1.277035
v 20.318899 1.989594 1.277031
v 20.318899 1.989594 -1.277035
v 19.952185 1.989594 1.277032
v 19.952185 1.989594 -1.277035
v 19.620054 1.989594 1.277032
v 19.620054 1.989594 -1.277035
v 19.339474 1.989594 1.277032
v 19.339474 1.989594 -1.277035
v 19.127401 1.989594 1.277032
v 19.127401 1.989594 -1.277035
v 19.000793 1.989594 1.277032
v 19.000793 1.989594 -1.277035
v 18.963886 1.989601 1.277032
v 18.963886 1.989601 -1.277035
v 18.923698 1.989653 1.277032
v 18.923698 1.989653 -1.277035
v 18.880672 1.989794 1.277032
v 18.880672 1.989794 -1.277035
v 18.835251 1.990067 1.277032
v 18.835251 1.990067 -1.277035
v 18.787880 1.990518 1.277032
v 18.787880 1.990518 -1.277035
v 18.739000 1.991190 1.277032
v 18.739000 1.991190 -1.277035
v 18.689058 1.992129 1.277032
v 18.689058 1.992129 -1.277035
v 18.638494 1.993378 1.277032
v 18.638494 1.993378 -1.277035
v 18.587753 1.994982 1.277032
v 18.587753 1.994982 -1.277035
v 18.537279 1.996984 1.277032
v 18.537279 1.996984 -1.277035
v 18.487511 1.999430 1.277032
v 18.487511 1.999430 -1.277035
v 18.438900 2.002364 1.277032
v 18.438900 2.002364 -1.277035
v 18.441833 1.962080 1.277032
v 18.441833 1.962080 -1.277035
v 18.444281 1.921131 1.277032
v 18.444281 1.921131 -1.277035
v 18.446281 1.879649 1.277032
v 18.446281 1.879649 -1.277035
v 18.447886 1.837769 1.277032
v 18.447886 1.837769 -1.277035
v 18.449135 1.795622 1.277032
v 18.449135 1.795622 -1.277035
v 18.450073 1.753343 1.277032
v 18.450073 1.753343 -1.277035
v 18.450747 1.711063 1.277032
v 18.450747 1.711063 -1.277035
v 18.451197 1.668917 1.277032
v 18.451197 1.668917 -1.277035
v 18.451469 1.627036 1.277032
v 18.451469 1.627036 -1.277035
v 18.451611 1.585555 1.277032
v 18.451611 1.585555 -1.277035
v 18.451662 1.544605 1.277032
v 18.451662 1.544605 -1.277035
v 18.451670 1.504321 1.277032
v 18.451670 1.504321 -1.277035
v 18.451670 1.385316 1.277032
v 18.451670 1.385316 -1.277035
v 18.451670 1.186009 1.277032
v 18.451670 1.186009 -1.277035
v 18.451670 0.922672 1.277032
v 18.451670 0.922672 -1.277035
v 18.451670 0.611580 1.277032
v 18.451670 0.611580 -1.277035
v 18.451670 0.269006 1.277032
v 18.451670 0.269006 -1.277035
v 18.451670 -0.088778 1.277032
v 18.451670 -0.088778 -1.277035
v 18.451670 -0.445497 1.277032
v 18.451670 -0.445497 -1.277035
v 18.451670 -0.784879 1.277032
v 18.451670 -0.784879 -1.277035
v 18.451670 -1.090650 1.277032
v 18.451670 -1.090650 -1.277035
v 18.451670 -1.346537 1.277032
v 18.451670 -1.346537 -1.277035
v 18.451670 -1.536267 1.277032
v 18.451670 -1.536267 -1.277035
v 18.451670 -1.643566 1.277032
v 18.451670 -1.643566 -1.277035
v 18.451540 -1.700349 1.277032
v 18.451540 -1.700349 -1.277035
v 18.451166 -1.766865 1.277032
v 18.451166 -1.766865 -1.277035
v 18.450571 -1.840608 1.277032
v 18.450571 -1.840608 -1.277035
v 18.449778 -1.919074 1.277032
v 18.449778 -1.919074 -1.277035
v 18.448807 -1.999757 1.277032
v 18.448807 -1.999757 -1.277035
v 18.447680 -2.080152 1.277032
v 18.447680 -2.080152 -1.277035
v 18.446419 -2.157753 1.277032
v 18.446419 -2.157753 -1.277035
v 18.445047 -2.230055 1.277032
v 18.445047 -2.230055 -1.277035
v 18.443588 -2.294554 1.277032
v 18.443588 -2.294554 -1.277035
v 18.442062 -2.348742 1.277032
v 18.442062 -2.348742 -1.277035
v 18.440493 -2.390117 1.277032
v 18.440493 -2.390117 -1.277035
v 18.438900 -2.416171 1.277032
v 18.438900 -2.416171 -1.277035
v 18.988024 -2.416171 1.277032
v 18.988024 -2.416171 -1.277035
v 18.981638 -2.045831 1.277032
v 18.981638 -2.045831 -1.277035
v 22.467939 -2.045831 1.277031
v 22.467939 -2.045831 -1.277035
v 22.455170 -2.416171 1.277031
v 22.455170 -2.416171 -1.277035
v 23.004293 -2.416171 1.277031
v 23.004293 -2.416171 -1.277035
v 23.002575 -2.387674 1.277031
v 23.002575 -2.387674 -1.277035
v 23.000656 -2.345165 1.277031
v 23.000656 -2.345165 -1.277035
v 22.998606 -2.290862 1.277031
v 22.998606 -2.290862 -1.277035
v 22.996490 -2.226981 1.277031
v 22.996490 -2.226981 -1.277035
v 22.994371 -2.155739 1.277031
v 22.994371 -2.155739 -1.277035
v 22.992321 -2.079354 1.277031
v 22.992321 -2.079354 -1.277035
v 22.990404 -2.000041 1.277031
v 22.990404 -2.000041 -1.277035
v 22.988686 -1.920020 1.277031
v 22.988686 -1.920020 -1.277035
v 22.987232 -1.841506 1.277031
v 22.987232 -1.841506 -1.277035
v 22.986113 -1.766717 1.277031
v 22.986113 -1.766717 -1.277035
v 22.985394 -1.697869 1.277031
v 22.985394 -1.697869 -1.277035
v 22.985138 -1.637181 1.277031
v 22.985138 -1.637181 -1.277035
v 22.985138 -1.525007 1.277031
v 22.985138 -1.525007 -1.277035
v 22.985138 -1.330426 1.277031
v 22.985138 -1.330426 -1.277035
v 22.985138 -1.069998 1.277031
v 22.985138 -1.069998 -1.277035
v 22.985138 -0.760284 1.277031
v 22.985138 -0.760284 -1.277035
v 22.985138 -0.417847 1.277031
v 22.985138 -0.417847 -1.277035
v 22.985138 -0.059246 1.277031
v 22.985138 -0.059246 -1.277035
v 22.985138 0.298955 1.277031
v 22.985138 0.298955 -1.277035
v 22.985138 0.640196 1.277031
v 22.985138 0.640196 -1.277035
v 22.985138 0.947914 1.277031
v 22.985138 0.947914 -1.277035
v 22.985138 1.205549 1.277031
v 22.985138 1.205549 -1.277035
v 22.985138 1.396538 1.277031
v 22.985138 1.396538 -1.277035
v 22.985138 1.504321 1.277031
v 22.985138 1.504321 -1.277035
v 22.985146 1.542044 1.277031
v 22.985146 1.542044 -1.277035
v 22.985197 1.581563 1.277031
v 22.985197 1.581563 -1.277035
v 22.985336 1.622546 1.277031
v 22.985336 1.622546 -1.277035
v 22.985611 1.664659 1.277031
v 22.985611 1.664659 -1.277035
v 22.986061 1.707571 1.277031
v 22.986061 1.707571 -1.277035
v 22.986734 1.750948 1.277031
v 22.986734 1.750948 -1.277035
v 22.987673 1.794458 1.277031
v 22.987673 1.794458 -1.277035
v 22.988922 1.837768 1.277031
v 22.988922 1.837768 -1.277035
v 22.990524 1.880547 1.277031
v 22.990524 1.880547 -1.277035
v 22.992527 1.922461 1.277031
v 22.992527 1.922461 -1.277035
v 22.994974 1.963177 1.277031
v 22.994974 1.963177 -1.277035
v 22.997910 2.002364 1.277031
v 22.997910 2.002364 -1.277035
v 22.937220 2.000771 1.277031
v 22.937220 2.000771 -1.277035
v 22.879545 1.999201 1.277031
v 22.879545 1.999201 -1.277035
v 22.824711 1.997675 1.277031
v 22.824711 1.997675 -1.277035
v 22.772535 1.996215 1.277031
v 22.772535 1.996215 -1.277035
v 22.722843 1.994844 1.277031
v 22.722843 1.994844 -1.277035
v 22.675457 1.993584 1.277031
v 22.675457 1.993584 -1.277035
v 22.630199 1.992457 1.277031
v 22.630199 1.992457 -1.277035
v 22.586893 1.991486 1.277031
v 22.586893 1.991486 -1.277035
v 22.545359 1.990691 1.277031
v 22.545359 1.990691 -1.277035
v 22.505423 1.990097 1.277031
v 22.505423 1.990097 -1.277035
v 22.466906 1.989723 1.277031
v 22.466906 1.989723 -1.277035
v 22.429628 1.989594 1.277031
v 22.429628 1.989594 -1.277035
v 18.975254 1.485166 1.277032
v 18.975254 1.485166 -1.277035
v 22.467939 1.485166 1.277031
v 22.467939 1.485166 -1.277035
v 22.467939 -1.547788 1.277031
v 22.467939 -1.547788 -1.277035
v 18.975254 -1.547788 1.277032
v 18.975254 -1.547788 -1.277035
v 12.577315 1.663950 1.277032
v 12.577315 1.663950 -1.277035
v 12.610775 1.731397 1.277032
v 12.610775 1.731397 -1.277035
v 12.647050 1.802325 1.277032
v 12.647050 1.802325 -1.277035
v 12.685764 1.875957 1.277032
v 12.685764 1.875957 -1.277035
v 12.726540 1.951519 1.277032
v 12.726540 1.951519 -1.277035
v 12.769000 2.028233 1.277032
v 12.769000 2.028233 -1.277035
v 12.812771 2.105325 1.277032
v 12.812771 2.105325 -1.277035
v 12.857470 2.182017 1.277032
v 12.857470 2.182017 -1.277035
v 12.902722 2.257534 1.277032
v 12.902722 2.257534 -1.277035
v 12.948155 2.331100 1.277032
v 12.948155 2.331100 -1.277035
v 12.993387 2.401939 1.277032
v 12.993387 2.401939 -1.277035
v 13.038042 2.469275 1.277032
v 13.038042 2.469275 -1.277035
v 13.081744 2.532333 1.277032
v 13.081744 2.532333 -1.277035
v 12.743330 2.672807 1.277032
v 12.743330 2.672807 -1.277035
v 12.702308 2.614025 1.277032
v 12.702308 2.614025 -1.277035
v 12.659378 2.550011 1.277032
v 12.659378 2.550011 -1.277035
v 12.615029 2.481651 1.277032
v 12.615029 2.481651 -1.277035
v 12.569749 2.409832 1.277032
v 12.569749 2.409832 -1.277035
v 12.524026 2.335443 1.277032
v 12.524026 2.335443 -1.277035
v 12.478346 2.259367 1.277032
v 12.478346 2.259367 -1.277035
v 12.433199 2.182494 1.277032
v 12.433199 2.182494 -1.277035
v 12.389071 2.105709 1.277032
v 12.389071 2.105709 -1.277035
v 12.346452 2.029900 1.277032
v 12.346452 2.029900 -1.277035
v 12.305828 1.955953 1.277032
v 12.305828 1.955953 -1.277035
v 12.267687 1.884756 1.277032
v 12.267687 1.884756 -1.277035
v 12.232517 1.817194 1.277032
v 12.232517 1.817194 -1.277035
v 11.811096 1.855505 1.277032
v 11.811096 1.855505 -1.277034
v 11.847367 1.925506 1.277032
v 11.847367 1.925506 -1.277034
v 11.885767 1.997812 1.277032
v 11.885767 1.997812 -1.277034
v 11.926029 2.071803 1.277032
v 11.926029 2.071803 -1.277035
v 11.967888 2.146858 1.277032
v 11.967888 2.146858 -1.277035
v 12.011076 2.222357 1.277032
v 12.011076 2.222357 -1.277035
v 12.055329 2.297678 1.277032
v 12.055329 2.297678 -1.277035
v 12.100380 2.372201 1.277032
v 12.100380 2.372201 -1.277035
v 12.145963 2.445306 1.277032
v 12.145963 2.445306 -1.277035
v 12.191812 2.516370 1.277032
v 12.191812 2.516370 -1.277035
v 12.237661 2.584774 1.277032
v 12.237661 2.584774 -1.277035
v 12.283244 2.649897 1.277032
v 12.283244 2.649897 -1.277035
v 12.328295 2.711118 1.277032
v 12.328295 2.711118 -1.277035
v 11.989880 2.857977 1.277032
v 11.989880 2.857977 -1.277035
v 11.947022 2.796150 1.277032
v 11.947022 2.796150 -1.277035
v 11.901878 2.729445 1.277032
v 11.901878 2.729445 -1.277035
v 11.855095 2.658839 1.277032
v 11.855095 2.658839 -1.277035
v 11.807313 2.585306 1.277032
v 11.807313 2.585306 -1.277035
v 11.759176 2.509822 1.277032
v 11.759176 2.509822 -1.277035
v 11.711329 2.433363 1.277032
v 11.711329 2.433363 -1.277034
v 11.664412 2.356904 1.277032
v 11.664412 2.356904 -1.277034
v 11.619069 2.281420 1.277032
v 11.619069 2.281420 -1.277034
v 11.575943 2.207887 1.277032
v 11.575943 2.207887 -1.277034
v 11.535677 2.137281 1.277032
v 11.535677 2.137281 -1.277034
v 11.498914 2.070576 1.277032
v 11.498914 2.070576 -1.277034
v 11.466297 2.008749 1.277032
v 11.466297 2.008749 -1.277034
v 17.155479 -1.483937 1.277032
v 17.155479 -1.483937 -1.277035
v 17.047712 -1.377735 1.277032
v 17.047712 -1.377735 -1.277035
v 16.936108 -1.258475 1.277032
v 16.936108 -1.258475 -1.277035
v 16.822155 -1.128263 1.277032
v 16.822155 -1.128263 -1.277035
v 16.707336 -0.989204 1.277032
v 16.707336 -0.989204 -1.277035
v 16.593140 -0.843406 1.277032
v 16.593140 -0.843406 -1.277035
v 16.481047 -0.692974 1.277032
v 16.481047 -0.692974 -1.277035
v 16.372547 -0.540014 1.277032
v 16.372547 -0.540015 -1.277035
v 16.269123 -0.386634 1.277032
v 16.269123 -0.386634 -1.277035
v 16.172264 -0.234938 1.277032
v 16.172264 -0.234938 -1.277035
v 16.083452 -0.087034 1.277032
v 16.083452 -0.087034 -1.277035
v 16.004173 0.054974 1.277032
v 16.004173 0.054973 -1.277035
v 15.935914 0.188977 1.277032
v 15.935914 0.188977 -1.277035
v 15.488953 -0.028119 1.277032
v 15.488953 -0.028119 -1.277035
v 15.562582 -0.170459 1.277032
v 15.562582 -0.170459 -1.277035
v 15.648051 -0.321334 1.277032
v 15.648051 -0.321334 -1.277035
v 15.743361 -0.478373 1.277032
v 15.743361 -0.478373 -1.277035
v 15.846521 -0.639203 1.277032
v 15.846521 -0.639203 -1.277035
v 15.955535 -0.801452 1.277032
v 15.955535 -0.801452 -1.277035
v 16.068407 -0.962747 1.277032
v 16.068407 -0.962748 -1.277035
v 16.183140 -1.120718 1.277032
v 16.183140 -1.120718 -1.277035
v 16.297741 -1.272990 1.277032
v 16.297741 -1.272990 -1.277035
v 16.410212 -1.417192 1.277032
v 16.410212 -1.417192 -1.277035
v 16.518560 -1.550951 1.277032
v 16.518560 -1.550951 -1.277035
v 16.620790 -1.671896 1.277032
v 16.620790 -1.671896 -1.277035
v 16.714905 -1.777654 1.277032
v 16.714905 -1.777654 -1.277035
v 12.187821 -1.745728 1.277032
v 12.187821 -1.745728 -1.277034
v 12.254651 -1.615368 1.277032
v 12.254651 -1.615368 -1.277034
v 12.329773 -1.474921 1.277032
v 12.329773 -1.474921 -1.277034
v 12.411901 -1.326802 1.277032
v 12.411901 -1.326802 -1.277034
v 12.499748 -1.173428 1.277032
v 12.499748 -1.173428 -1.277034
v 12.592031 -1.017217 1.277032
v 12.592031 -1.017217 -1.277034
v 12.687461 -0.860585 1.277032
v 12.687461 -0.860585 -1.277034
v 12.784754 -0.705948 1.277032
v 12.784754 -0.705948 -1.277034
v 12.882622 -0.555723 1.277032
v 12.882622 -0.555723 -1.277034
v 12.979782 -0.412326 1.277032
v 12.979782 -0.412326 -1.277034
v 13.074945 -0.278175 1.277032
v 13.074945 -0.278175 -1.277034
v 13.166828 -0.155685 1.277032
v 13.166828 -0.155685 -1.277035
v 13.254144 -0.047274 1.277032
v 13.254144 -0.047274 -1.277035
v 12.819953 0.182592 1.277032
v 12.819953 0.182592 -1.277034
v 12.732005 0.072736 1.277032
v 12.732005 0.072735 -1.277034
v 12.638360 -0.050822 1.277032
v 12.638360 -0.050822 -1.277034
v 12.540502 -0.185553 1.277032
v 12.540502 -0.185553 -1.277034
v 12.439917 -0.328931 1.277032
v 12.439917 -0.328931 -1.277034
v 12.338091 -0.478428 1.277032
v 12.338091 -0.478428 -1.277034
v 12.236507 -0.631517 1.277032
v 12.236507 -0.631517 -1.277034
v 12.136654 -0.785670 1.277032
v 12.136654 -0.785670 -1.277034
v 12.040016 -0.938360 1.277032
v 12.040016 -0.938360 -1.277034
v 11.948078 -1.087059 1.277032
v 11.948078 -1.087059 -1.277034
v 11.862326 -1.229240 1.277032
v 11.862326 -1.229240 -1.277034
v 11.784244 -1.362375 1.277032
v 11.784244 -1.362375 -1.277034
v 11.715318 -1.483937 1.277032
v 11.715318 -1.483937 -1.277034
v 14.639725 1.440469 1.277032
v 14.639725 1.440469 -1.277035
v 14.639725 2.098142 1.277032
v 14.639725 2.098142 -1.277035
v 14.640118 2.134741 1.277032
v 14.640118 2.134741 -1.277035
v 14.641262 2.173847 1.277032
v 14.641262 2.173847 -1.277035
v 14.643118 2.214770 1.277032
v 14.643118 2.214770 -1.277035
v 14.645638 2.256825 1.277032
v 14.645638 2.256825 -1.277035
v 14.648779 2.299322 1.277032
v 14.648779 2.299322 -1.277035
v 14.652497 2.341576 1.277032
v 14.652497 2.341576 -1.277035
v 14.656746 2.382899 1.277032
v 14.656746 2.382899 -1.277035
v 14.661484 2.422603 1.277032
v 14.661484 2.422603 -1.277035
v 14.666664 2.460001 1.277032
v 14.666664 2.460001 -1.277035
v 14.672243 2.494406 1.277032
v 14.672243 2.494406 -1.277035
v 14.678177 2.525131 1.277032
v 14.678177 2.525131 -1.277035
v 14.684422 2.551488 1.277032
v 14.684422 2.551488 -1.277035
v 14.084216 2.551488 1.277032
v 14.084216 2.551488 -1.277035
v 14.088993 2.526347 1.277032
v 14.088993 2.526347 -1.277035
v 14.093704 2.496150 1.277032
v 14.093704 2.496150 -1.277035
v 14.098282 2.461697 1.277032
v 14.098282 2.461697 -1.277035
v 14.102662 2.423785 1.277032
v 14.102662 2.423785 -1.277035
v 14.106773 2.383213 1.277032
v 14.106773 2.383213 -1.277035
v 14.110556 2.340778 1.277032
v 14.110556 2.340778 -1.277035
v 14.113935 2.297279 1.277032
v 14.113935 2.297279 -1.277035
v 14.116852 2.253514 1.277032
v 14.116852 2.253514 -1.277035
v 14.119234 2.210281 1.277032
v 14.119234 2.210281 -1.277035
v 14.121019 2.168378 1.277032
v 14.121019 2.168378 -1.277035
v 14.122139 2.128604 1.277032
v 14.122139 2.128604 -1.277035
v 14.122527 2.091757 1.277032
v 14.122527 2.091757 -1.277035
v 14.122527 1.440469 1.277032
v 14.122527 1.440469 -1.277035
v 12.436843 1.440469 1.277032
v 12.436843 1.440469 -1.277035
v 12.397396 1.440732 1.277032
v 12.397396 1.440732 -1.277035
v 12.355932 1.441504 1.277032
v 12.355932 1.441504 -1.277035
v 12.312829 1.442764 1.277032
v 12.312829 1.442764 -1.277035
v 12.268462 1.444490 1.277032
v 12.268462 1.444490 -1.277035
v 12.223207 1.446659 1.277032
v 12.223207 1.446659 -1.277034
v 12.177444 1.449249 1.277032
v 12.177444 1.449249 -1.277034
v 12.131547 1.452239 1.277032
v 12.131547 1.452239 -1.277034
v 12.085895 1.455605 1.277032
v 12.085895 1.455605 -1.277034
v 12.040862 1.459326 1.277032
v 12.040862 1.459326 -1.277034
v 11.996827 1.463380 1.277032
v 11.996827 1.463380 -1.277034
v 11.954167 1.467743 1.277032
v 11.954167 1.467743 -1.277034
v 11.913259 1.472396 1.277032
v 11.913259 1.472396 -1.277034
v 11.913259 0.942427 1.277032
v 11.913259 0.942427 -1.277034
v 11.956726 0.945361 1.277032
v 11.956726 0.945361 -1.277034
v 12.000791 0.947807 1.277032
v 12.000791 0.947807 -1.277034
v 12.045254 0.949810 1.277032
v 12.045254 0.949810 -1.277034
v 12.089916 0.951414 1.277032
v 12.089916 0.951413 -1.277034
v 12.134579 0.952663 1.277032
v 12.134579 0.952663 -1.277034
v 12.179042 0.953601 1.277032
v 12.179042 0.953601 -1.277034
v 12.223105 0.954274 1.277032
v 12.223105 0.954274 -1.277034
v 12.266572 0.954724 1.277032
v 12.266572 0.954724 -1.277034
v 12.309239 0.954997 1.277032
v 12.309239 0.954997 -1.277034
v 12.350909 0.955138 1.277032
v 12.350909 0.955138 -1.277034
v 12.391381 0.955190 1.277032
v 12.391381 0.955190 -1.277034
v 12.430456 0.955197 1.277032
v 12.430456 0.955197 -1.277034
v 14.122527 0.955197 1.277032
v 14.122527 0.955197 -1.277035
v 14.122527 0.910501 1.277032
v 14.122527 0.910500 -1.277035
v 14.122527 0.749242 1.277032
v 14.122527 0.749242 -1.277035
v 14.122527 0.534574 1.277032
v 14.122527 0.534574 -1.277035
v 14.122527 0.277471 1.277032
v 14.122527 0.277471 -1.277035
v 14.122527 -0.011092 1.277032
v 14.122527 -0.011092 -1.277035
v 14.122527 -0.320140 1.277032
v 14.122527 -0.320140 -1.277035
v 14.122527 -0.638700 1.277032
v 14.122527 -0.638700 -1.277035
v 14.122527 -0.955797 1.277032
v 14.122527 -0.955797 -1.277035
v 14.122527 -1.260456 1.277032
v 14.122527 -1.260456 -1.277035
v 14.122527 -1.541703 1.277032
v 14.122527 -1.541703 -1.277035
v 14.122527 -1.788562 1.277032
v 14.122527 -1.788562 -1.277035
v 14.122527 -1.990061 1.277032
v 14.122527 -1.990061 -1.277035
v 14.122527 -2.135224 1.277032
v 14.122527 -2.135224 -1.277035
v 14.126017 -2.216365 1.277032
v 14.126017 -2.216365 -1.277035
v 14.136598 -2.290567 1.277032
v 14.136598 -2.290567 -1.277035
v 14.154453 -2.357807 1.277032
v 14.154453 -2.357807 -1.277035
v 14.179758 -2.418063 1.277032
v 14.179758 -2.418063 -1.277035
v 14.212687 -2.471313 1.277032
v 14.212687 -2.471313 -1.277035
v 14.253423 -2.517536 1.277032
v 14.253423 -2.517536 -1.277035
v 14.302139 -2.556708 1.277032
v 14.302139 -2.556708 -1.277035
v 14.359014 -2.588807 1.277032
v 14.359014 -2.588807 -1.277035
v 14.424226 -2.613812 1.277032
v 14.424226 -2.613812 -1.277035
v 14.497952 -2.631700 1.277032
v 14.497952 -2.631700 -1.277035
v 14.580367 -2.642449 1.277032
v 14.580367 -2.642449 -1.277035
v 14.671651 -2.646037 1.277032
v 14.671651 -2.646037 -1.277035
v 14.740952 -2.645645 1.277032
v 14.740952 -2.645645 -1.277035
v 14.814194 -2.644500 1.277032
v 14.814194 -2.644500 -1.277035
v 14.890543 -2.642645 1.277032
v 14.890543 -2.642645 -1.277035
v 14.969153 -2.640125 1.277032
v 14.969153 -2.640125 -1.277035
v 15.049183 -2.636984 1.277032
v 15.049183 -2.636984 -1.277035
v 15.129787 -2.633267 1.277032
v 15.129787 -2.633267 -1.277035
v 15.210126 -2.629017 1.277032
v 15.210126 -2.629017 -1.277035
v 15.289356 -2.624280 1.277032
v 15.289356 -2.624280 -1.277035
v 15.366637 -2.619100 1.277032
v 15.366637 -2.619100 -1.277035
v 15.441122 -2.613520 1.277032
v 15.441122 -2.613520 -1.277035
v 15.511971 -2.607586 1.277032
v 15.511971 -2.607586 -1.277035
v 15.578344 -2.601341 1.277032
v 15.578344 -2.601341 -1.277035
v 15.623042 -2.090528 1.277032
v 15.623042 -2.090528 -1.277035
v 15.554086 -2.102766 1.277032
v 15.554086 -2.102766 -1.277035
v 15.484843 -2.113940 1.277032
v 15.484843 -2.113940 -1.277035
v 15.415822 -2.124050 1.277032
v 15.415822 -2.124050 -1.277035
v 15.347533 -2.133095 1.277032
v 15.347533 -2.133095 -1.277035
v 15.280484 -2.141077 1.277032
v 15.280484 -2.141077 -1.277035
v 15.215188 -2.147994 1.277032
v 15.215188 -2.147994 -1.277035
v 15.152154 -2.153847 1.277032
v 15.152154 -2.153847 -1.277035
v 15.091890 -2.158636 1.277032
v 15.091890 -2.158636 -1.277035
v 15.034907 -2.162361 1.277032
v 15.034907 -2.162361 -1.277035
v 14.981715 -2.165021 1.277032
v 14.981715 -2.165021 -1.277035
v 14.932827 -2.166617 1.277032
v 14.932827 -2.166617 -1.277035
v 14.888746 -2.167150 1.277032
v 14.888746 -2.167150 -1.277035
v 14.847753 -2.165546 1.277032
v 14.847753 -2.165546 -1.277035
v 14.810884 -2.160705 1.277032
v 14.810884 -2.160705 -1.277035
v 14.778005 -2.152584 1.277032
v 14.778005 -2.152584 -1.277035
v 14.748983 -2.141136 1.277032
v 14.748983 -2.141136 -1.277035
v 14.723686 -2.126319 1.277032
v 14.723686 -2.126319 -1.277035
v 14.701982 -2.108087 1.277032
v 14.701982 -2.108087 -1.277035
v 14.683736 -2.086396 1.277032
v 14.683736 -2.086396 -1.277035
v 14.668814 -2.061203 1.277032
v 14.668814 -2.061203 -1.277035
v 14.657085 -2.032462 1.277032
v 14.657085 -2.032462 -1.277035
v 14.648417 -2.000130 1.277032
v 14.648417 -2.000130 -1.277035
v 14.642674 -1.964162 1.277032
v 14.642674 -1.964162 -1.277035
v 14.639725 -1.924513 1.277032
v 14.639725 -1.924513 -1.277035
v 14.639725 -1.800812 1.277032
v 14.639725 -1.800812 -1.277035
v 14.639725 -1.613858 1.277032
v 14.639725 -1.613858 -1.277035
v 14.639725 -1.376487 1.277032
v 14.639725 -1.376487 -1.277035
v 14.639725 -1.101537 1.277032
v 14.639725 -1.101537 -1.277035
v 14.639725 -0.801844 1.277032
v 14.639725 -0.801844 -1.277035
v 14.639725 -0.490245 1.277032
v 14.639725 -0.490245 -1.277035
v 14.639725 -0.179578 1.277032
v 14.639725 -0.179578 -1.277035
v 14.639725 0.117321 1.277032
v 14.639725 0.117321 -1.277035
v 14.639725 0.387615 1.277032
v 14.639725 0.387615 -1.277035
v 14.639725 0.618468 1.277032
v 14.639725 0.618468 -1.277035
v 14.639725 0.797042 1.277032
v 14.639725 0.797042 -1.277035
v 14.639725 0.910501 1.277032
v 14.639725 0.910500 -1.277035
v 14.639725 0.955197 1.277032
v 14.639725 0.955197 -1.277035
v 16.414801 0.955197 1.277032
v 16.414801 0.955197 -1.277035
v 16.462427 0.955064 1.277032
v 16.462427 0.955064 -1.277035
v 16.509544 0.954665 1.277032
v 16.509544 0.954665 -1.277035
v 16.556173 0.954000 1.277032
v 16.556173 0.954000 -1.277035
v 16.602337 0.953069 1.277032
v 16.602337 0.953069 -1.277035
v 16.648056 0.951871 1.277032
v 16.648056 0.951871 -1.277035
v 16.693356 0.950408 1.277032
v 16.693356 0.950408 -1.277035
v 16.738255 0.948679 1.277032
v 16.738255 0.948679 -1.277035
v 16.782778 0.946683 1.277032
v 16.782778 0.946683 -1.277035
v 16.826944 0.944422 1.277032
v 16.826944 0.944422 -1.277035
v 16.870779 0.941894 1.277032
v 16.870779 0.941894 -1.277035
v 16.914305 0.939101 1.277032
v 16.914305 0.939101 -1.277035
v 16.957541 0.936041 1.277032
v 16.957541 0.936041 -1.277035
v 16.957541 1.472396 1.277032
v 16.957541 1.472396 -1.277035
v 16.913208 1.467743 1.277032
v 16.913208 1.467743 -1.277035
v 16.869450 1.463379 1.277032
v 16.869450 1.463379 -1.277035
v 16.826046 1.459325 1.277032
v 16.826046 1.459325 -1.277035
v 16.782778 1.455604 1.277032
v 16.782778 1.455604 -1.277035
v 16.739418 1.452238 1.277032
v 16.739418 1.452238 -1.277035
v 16.695749 1.449249 1.277032
v 16.695749 1.449249 -1.277035
v 16.651548 1.446658 1.277032
v 16.651548 1.446658 -1.277035
v 16.606594 1.444489 1.277032
v 16.606594 1.444489 -1.277035
v 16.560663 1.442764 1.277032
v 16.560663 1.442764 -1.277035
v 16.513536 1.441504 1.277032
v 16.513536 1.441504 -1.277035
v 16.464989 1.440732 1.277032
v 16.464989 1.440732 -1.277035
v 16.414801 1.440469 1.277032
v 16.414801 1.440469 -1.277035
v 8.043849 -0.238829 1.277033
v 8.043849 -0.238829 -1.277034
v 8.065964 -0.156694 1.277033
v 8.065964 -0.156694 -1.277034
v 8.096260 -0.056379 1.277033
v 8.096260 -0.056379 -1.277034
v 8.133340 0.058480 1.277033
v 8.133340 0.058480 -1.277034
v 8.175807 0.184247 1.277033
v 8.175807 0.184247 -1.277034
v 8.222265 0.317286 1.277033
v 8.222265 0.317286 -1.277034
v 8.271318 0.453961 1.277033
v 8.271318 0.453961 -1.277034
v 8.321568 0.590636 1.277033
v 8.321568 0.590636 -1.277034
v 8.371618 0.723675 1.277033
v 8.371618 0.723675 -1.277034
v 8.420073 0.849442 1.277033
v 8.420073 0.849442 -1.277034
v 8.465534 0.964302 1.277032
v 8.465534 0.964302 -1.277034
v 8.506606 1.064617 1.277032
v 8.506606 1.064617 -1.277034
v 8.541890 1.146752 1.277032
v 8.541890 1.146752 -1.277034
v 8.075773 1.306381 1.277033
v 8.075773 1.306381 -1.277034
v 8.044631 1.230956 1.277033
v 8.044631 1.230956 -1.277034
v 8.006483 1.135046 1.277033
v 8.006483 1.135046 -1.277034
v 7.962836 1.022640 1.277033
v 7.962836 1.022640 -1.277034
v 7.915198 0.897730 1.277033
v 7.915198 0.897730 -1.277034
v 7.865078 0.764307 1.277033
v 7.865078 0.764307 -1.277034
v 7.813982 0.626361 1.277033
v 7.813982 0.626361 -1.277034
v 7.763418 0.487882 1.277033
v 7.763418 0.487882 -1.277034
v 7.714893 0.352863 1.277033
v 7.714893 0.352863 -1.277034
v 7.669916 0.225292 1.277033
v 7.669916 0.225292 -1.277034
v 7.629994 0.109162 1.277033
v 7.629994 0.109162 -1.277034
v 7.596635 0.008463 1.277033
v 7.596635 0.008463 -1.277034
v 7.571345 -0.072815 1.277033
v 7.571345 -0.072815 -1.277034
v 5.905396 0.454411 1.277033
v 5.905396 0.454411 -1.277034
v 5.955218 0.280379 1.277033
v 5.955218 0.280379 -1.277034
v 6.009873 0.107765 1.277033
v 6.009873 0.107765 -1.277034
v 6.069649 -0.063119 1.277033
v 6.069649 -0.063120 -1.277034
v 6.134834 -0.231964 1.277033
v 6.134834 -0.231964 -1.277034
v 6.205718 -0.398459 1.277033
v 6.205718 -0.398459 -1.277034
v 6.282587 -0.562293 1.277033
v 6.282587 -0.562293 -1.277034
v 6.365731 -0.723156 1.277033
v 6.365731 -0.723156 -1.277034
v 6.455438 -0.880738 1.277033
v 6.455438 -0.880738 -1.277034
v 6.551996 -1.034729 1.277033
v 6.551996 -1.034729 -1.277034
v 6.655692 -1.184817 1.277033
v 6.655692 -1.184817 -1.277034
v 6.766815 -1.330693 1.277033
v 6.766815 -1.330693 -1.277034
v 6.917518 -1.513627 1.277033
v 6.917518 -1.513627 -1.277034
v 7.075315 -1.685809 1.277033
v 7.075315 -1.685809 -1.277034
v 7.239318 -1.847392 1.277033
v 7.239318 -1.847392 -1.277034
v 7.408644 -1.998534 1.277033
v 7.408644 -1.998534 -1.277034
v 7.582402 -2.139388 1.277033
v 7.582402 -2.139388 -1.277034
v 7.759709 -2.270110 1.277033
v 7.759709 -2.270110 -1.277034
v 7.939676 -2.390856 1.277033
v 7.939676 -2.390856 -1.277034
v 8.121416 -2.501780 1.277033
v 8.121416 -2.501780 -1.277034
v 8.304045 -2.603037 1.277033
v 8.304045 -2.603037 -1.277034
v 8.486672 -2.694783 1.277033
v 8.486672 -2.694783 -1.277034
v 8.668412 -2.777173 1.277033
v 8.668412 -2.777173 -1.277034
v 8.848379 -2.850363 1.277033
v 8.848379 -2.850363 -1.277034
v 9.269800 -2.422556 1.277033
v 9.269800 -2.422556 -1.277034
v 9.083372 -2.362751 1.277033
v 9.083372 -2.362751 -1.277034
v 8.895261 -2.292104 1.277033
v 8.895261 -2.292104 -1.277034
v 8.706707 -2.210948 1.277033
v 8.706707 -2.210948 -1.277034
v 8.518950 -2.119615 1.277033
v 8.518950 -2.119615 -1.277034
v 8.333234 -2.018439 1.277033
v 8.333234 -2.018439 -1.277034
v 8.150798 -1.907752 1.277033
v 8.150798 -1.907752 -1.277034
v 7.972885 -1.787886 1.277033
v 7.972885 -1.787886 -1.277034
v 7.800736 -1.659174 1.277033
v 7.800736 -1.659174 -1.277034
v 7.635594 -1.521948 1.277033
v 7.635594 -1.521948 -1.277034
v 7.478700 -1.376542 1.277033
v 7.478700 -1.376542 -1.277034
v 7.331295 -1.223287 1.277033
v 7.331295 -1.223287 -1.277034
v 7.194621 -1.062516 1.277033
v 7.194621 -1.062516 -1.277034
v 7.083878 -0.918462 1.277033
v 7.083878 -0.918462 -1.277034
v 6.978590 -0.764630 1.277033
v 6.978590 -0.764630 -1.277034
v 6.879155 -0.601886 1.277033
v 6.879155 -0.601886 -1.277034
v 6.785971 -0.431094 1.277033
v 6.785971 -0.431094 -1.277034
v 6.699438 -0.253118 1.277033
v 6.699438 -0.253119 -1.277034
v 6.619956 -0.068824 1.277033
v 6.619956 -0.068824 -1.277034
v 6.547924 0.120924 1.277033
v 6.547924 0.120924 -1.277034
v 6.483738 0.315261 1.277033
v 6.483738 0.315261 -1.277034
v 6.427802 0.513323 1.277033
v 6.427802 0.513323 -1.277034
v 6.380512 0.714246 1.277033
v 6.380512 0.714245 -1.277034
v 6.342268 0.917163 1.277033
v 6.342268 0.917163 -1.277034
v 6.313468 1.121211 1.277033
v 6.313468 1.121211 -1.277034
v 5.764344 0.948812 1.277033
v 5.764344 0.948812 -1.277034
v 5.775128 0.915948 1.277033
v 5.775128 0.915947 -1.277034
v 5.785183 0.884369 1.277033
v 5.785183 0.884369 -1.277034
v 5.794573 0.854032 1.277033
v 5.794573 0.854032 -1.277034
v 5.803363 0.824892 1.277033
v 5.803363 0.824892 -1.277034
v 5.811622 0.796905 1.277033
v 5.811622 0.796905 -1.277034
v 5.819414 0.770027 1.277033
v 5.819414 0.770027 -1.277034
v 5.826808 0.744213 1.277033
v 5.826808 0.744213 -1.277034
v 5.833870 0.719419 1.277033
v 5.833870 0.719419 -1.277034
v 5.840666 0.695600 1.277033
v 5.840666 0.695600 -1.277034
v 5.847262 0.672713 1.277033
v 5.847262 0.672712 -1.277034
v 5.853725 0.650712 1.277033
v 5.853725 0.650712 -1.277034
v 5.860122 0.629553 1.277033
v 5.860122 0.629553 -1.277034
v 9.461355 -0.634709 1.277032
v 9.461355 -0.634710 -1.277034
v 9.490338 -0.540960 1.277032
v 9.490338 -0.540960 -1.277034
v 9.528280 -0.428522 1.277032
v 9.528280 -0.428522 -1.277034
v 9.573494 -0.301583 1.277032
v 9.573494 -0.301583 -1.277034
v 9.624294 -0.164335 1.277032
v 9.624294 -0.164336 -1.277034
v 9.678996 -0.020968 1.277032
v 9.678996 -0.020969 -1.277034
v 9.735915 0.124327 1.277032
v 9.735915 0.124327 -1.277034
v 9.793367 0.267362 1.277032
v 9.793367 0.267362 -1.277034
v 9.849667 0.403944 1.277032
v 9.849667 0.403944 -1.277034
v 9.903128 0.529885 1.277032
v 9.903128 0.529885 -1.277034
v 9.952066 0.640994 1.277032
v 9.952066 0.640993 -1.277034
v 9.994797 0.733080 1.277032
v 9.994797 0.733079 -1.277034
v 10.029634 0.801953 1.277032
v 10.029634 0.801953 -1.277034
v 9.557133 0.987123 1.277032
v 9.557133 0.987123 -1.277034
v 9.521191 0.907393 1.277032
v 9.521191 0.907393 -1.277034
v 9.478175 0.807954 1.277032
v 9.478175 0.807954 -1.277034
v 9.429528 0.692507 1.277032
v 9.429528 0.692507 -1.277034
v 9.376693 0.564756 1.277032
v 9.376693 0.564756 -1.277034
v 9.321108 0.428402 1.277032
v 9.321108 0.428402 -1.277034
v 9.264213 0.287149 1.277032
v 9.264213 0.287149 -1.277034
v 9.207453 0.144698 1.277032
v 9.207453 0.144698 -1.277034
v 9.152266 0.004753 1.277032
v 9.152266 0.004753 -1.277034
v 9.100094 -0.128984 1.277032
v 9.100094 -0.128984 -1.277034
v 9.052379 -0.252811 1.277032
v 9.052379 -0.252812 -1.277034
v 9.010562 -0.363026 1.277033
v 9.010562 -0.363026 -1.277034
v 8.976082 -0.455925 1.277033
v 8.976082 -0.455925 -1.277034
v 2.623117 1.953429 1.277033
v 2.623117 1.953429 -1.277034
v 2.623966 2.004107 1.277033
v 2.623966 2.004107 -1.277034
v 2.625437 2.057935 1.277033
v 2.625437 2.057935 -1.277034
v 2.627573 2.114222 1.277033
v 2.627573 2.114222 -1.277034
v 2.630418 2.172284 1.277033
v 2.630418 2.172284 -1.277034
v 2.634017 2.231431 1.277033
v 2.634017 2.231431 -1.277034
v 2.638413 2.290978 1.277033
v 2.638413 2.290978 -1.277034
v 2.643653 2.350237 1.277033
v 2.643653 2.350237 -1.277034
v 2.649779 2.408520 1.277033
v 2.649779 2.408520 -1.277034
v 2.656837 2.465141 1.277033
v 2.656837 2.465141 -1.277034
v 2.664870 2.519411 1.277033
v 2.664870 2.519411 -1.277034
v 2.673923 2.570644 1.277033
v 2.673923 2.570644 -1.277034
v 2.048177 2.570644 1.277033
v 2.048177 2.570644 -1.277034
v 2.053082 2.519655 1.277033
v 2.053082 2.519655 -1.277034
v 2.058141 2.466028 1.277033
v 2.058141 2.466028 -1.277034
v 2.063244 2.410317 1.277033
v 2.063244 2.410317 -1.277034
v 2.068280 2.353076 1.277033
v 2.068280 2.353076 -1.277034
v 2.073139 2.294859 1.277033
v 2.073139 2.294859 -1.277034
v 2.077709 2.236221 1.277033
v 2.077709 2.236221 -1.277034
v 2.081880 2.177716 1.277033
v 2.081880 2.177716 -1.277034
v 2.085541 2.119899 1.277033
v 2.085541 2.119899 -1.277034
v 2.088583 2.063323 1.277033
v 2.088583 2.063323 -1.277034
v 2.090892 2.008542 1.277033
v 2.090892 2.008542 -1.277034
v 2.092360 1.956112 1.277033
v 2.092360 1.956112 -1.277034
v 2.092873 1.906587 1.277033
v 2.092873 1.906587 -1.277034
v 2.092873 0.865805 1.277033
v 2.092873 0.865804 -1.277034
v 1.874976 0.797885 1.277033
v 1.874975 0.797884 -1.277034
v 1.644817 0.722582 1.277033
v 1.644817 0.722582 -1.277033
v 1.405569 0.641027 1.277033
v 1.405569 0.641027 -1.277033
v 1.160402 0.554350 1.277033
v 1.160402 0.554350 -1.277033
v 0.912485 0.463683 1.277033
v 0.912485 0.463683 -1.277033
v 0.664991 0.370156 1.277033
v 0.664990 0.370156 -1.277033
v 0.421087 0.274900 1.277033
v 0.421087 0.274899 -1.277033
v 0.183946 0.179044 1.277033
v 0.183945 0.179044 -1.277033
v -0.043264 0.083721 1.277033
v -0.043264 0.083721 -1.277033
v -0.257371 -0.009939 1.277033
v -0.257371 -0.009939 -1.277033
v -0.455204 -0.100805 1.277033
v -0.455204 -0.100806 -1.277033
v -0.633593 -0.187748 1.277033
v -0.633593 -0.187748 -1.277033
v -0.416497 -0.730487 1.277033
v -0.416497 -0.730487 -1.277033
v -0.234453 -0.635389 1.277033
v -0.234454 -0.635390 -1.277033
v -0.038176 -0.539050 1.277033
v -0.038177 -0.539050 -1.277033
v 0.169541 -0.442356 1.277033
v 0.169541 -0.442357 -1.277033
v 0.385906 -0.346195 1.277033
v 0.385905 -0.346195 -1.277033
v 0.608122 -0.251452 1.277033
v 0.608122 -0.251452 -1.277033
v 0.833398 -0.159015 1.277033
v 0.833398 -0.159015 -1.277033
v 1.058941 -0.069770 1.277033
v 1.058941 -0.069770 -1.277033
v 1.281956 0.015395 1.277033
v 1.281956 0.015395 -1.277033
v 1.499651 0.095594 1.277033
v 1.499651 0.095594 -1.277033
v 1.709231 0.169940 1.277033
v 1.709230 0.169940 -1.277033
v 1.907902 0.237546 1.277033
v 1.907902 0.237546 -1.277033
v 2.092873 0.297525 1.277033
v 2.092873 0.297525 -1.277034
v 2.086488 -1.809580 1.277033
v 2.086488 -1.809580 -1.277033
v 2.086219 -1.861962 1.277033
v 2.086219 -1.861962 -1.277033
v 2.085421 -1.919488 1.277033
v 2.085421 -1.919488 -1.277033
v 2.084090 -1.981182 1.277033
v 2.084090 -1.981182 -1.277033
v 2.082229 -2.046068 1.277033
v 2.082229 -2.046068 -1.277033
v 2.079834 -2.113171 1.277033
v 2.079834 -2.113171 -1.277033
v 2.076908 -2.181516 1.277033
v 2.076908 -2.181516 -1.277033
v 2.073449 -2.250127 1.277033
v 2.073449 -2.250127 -1.277033
v 2.069459 -2.318029 1.277033
v 2.069459 -2.318029 -1.277033
v 2.064936 -2.384245 1.277033
v 2.064936 -2.384245 -1.277033
v 2.059882 -2.447801 1.277033
v 2.059882 -2.447801 -1.277033
v 2.054295 -2.507721 1.277033
v 2.054295 -2.507721 -1.277033
v 2.048177 -2.563030 1.277033
v 2.048177 -2.563030 -1.277033
v 2.667539 -2.563030 1.277033
v 2.667539 -2.563030 -1.277033
v 2.659951 -2.509794 1.277033
v 2.659951 -2.509794 -1.277033
v 2.653142 -2.452679 1.277033
v 2.653142 -2.452679 -1.277033
v 2.647086 -2.392326 1.277033
v 2.647086 -2.392326 -1.277033
v 2.641761 -2.329380 1.277033
v 2.641761 -2.329380 -1.277033
v 2.637145 -2.264482 1.277033
v 2.637145 -2.264482 -1.277033
v 2.633218 -2.198277 1.277033
v 2.633218 -2.198277 -1.277033
v 2.629955 -2.131407 1.277033
v 2.629955 -2.131407 -1.277033
v 2.627335 -2.064514 1.277033
v 2.627335 -2.064514 -1.277033
v 2.625336 -1.998242 1.277033
v 2.625336 -1.998242 -1.277033
v 2.623936 -1.933234 1.277033
v 2.623936 -1.933234 -1.277033
v 2.623112 -1.870132 1.277033
v 2.623112 -1.870132 -1.277033
v 2.622843 -1.809580 1.277033
v 2.622843 -1.809580 -1.277033
v 2.622843 -1.671590 1.277033
v 2.622843 -1.671590 -1.277033
v 2.622843 -1.447399 1.277033
v 2.622843 -1.447399 -1.277033
v 2.622843 -1.153504 1.277033
v 2.622843 -1.153504 -1.277034
v 2.622843 -0.806400 1.277033
v 2.622843 -0.806400 -1.277034
v 2.622843 -0.422580 1.277033
v 2.622843 -0.422580 -1.277034
v 2.622843 -0.018541 1.277033
v 2.622843 -0.018541 -1.277034
v 2.622843 0.389223 1.277033
v 2.622843 0.389223 -1.277034
v 2.622843 0.784216 1.277033
v 2.622843 0.784216 -1.277034
v 2.622843 1.149944 1.277033
v 2.622843 1.149944 -1.277034
v 2.622843 1.469912 1.277033
v 2.622843 1.469912 -1.277034
v 2.622843 1.727625 1.277033
v 2.622843 1.727625 -1.277034
v 2.622843 1.906587 1.277033
v 2.622843 1.906587 -1.277034
v -2.677913 -0.532864 1.277034
v -2.677913 -0.532865 -1.277033
v -2.699223 -0.706424 1.277034
v -2.699223 -0.706424 -1.277033
v -2.732815 -0.861981 1.277034
v -2.732815 -0.861982 -1.277033
v -2.777115 -0.999846 1.277034
v -2.777115 -0.999846 -1.277033
v -2.830549 -1.120329 1.277034
v -2.830549 -1.120329 -1.277033
v -2.891544 -1.223741 1.277034
v -2.891544 -1.223741 -1.277033
v -2.958524 -1.310392 1.277034
v -2.958524 -1.310392 -1.277033
v -3.029918 -1.380592 1.277034
v -3.029918 -1.380592 -1.277033
v -3.104151 -1.434651 1.277034
v -3.104151 -1.434651 -1.277033
v -3.179647 -1.472881 1.277034
v -3.179647 -1.472881 -1.277033
v -3.254833 -1.495591 1.277034
v -3.254833 -1.495591 -1.277033
v -3.328133 -1.503092 1.277034
v -3.328133 -1.503092 -1.277033
v -3.403928 -1.494050 1.277034
v -3.403928 -1.494050 -1.277033
v -3.481141 -1.466407 1.277034
v -3.481141 -1.466407 -1.277033
v -3.559596 -1.419387 1.277034
v -3.559596 -1.419387 -1.277033
v -3.639114 -1.352213 1.277034
v -3.639114 -1.352213 -1.277033
v -3.719521 -1.264110 1.277034
v -3.719521 -1.264110 -1.277033
v -3.800638 -1.154303 1.277034
v -3.800638 -1.154303 -1.277033
v -3.882284 -1.022014 1.277034
v -3.882284 -1.022014 -1.277033
v -3.964287 -0.866467 1.277034
v -3.964287 -0.866468 -1.277033
v -4.046465 -0.686888 1.277034
v -4.046465 -0.686888 -1.277033
v -4.128644 -0.482500 1.277034
v -4.128644 -0.482500 -1.277033
v -4.210647 -0.252527 1.277034
v -4.210647 -0.252527 -1.277033
v -4.292294 0.003807 1.277034
v -4.292294 0.003807 -1.277033
v -4.331521 0.137839 1.277034
v -4.331521 0.137839 -1.277033
v -4.369330 0.274733 1.277034
v -4.369330 0.274733 -1.277033
v -4.405632 0.414153 1.277034
v -4.405632 0.414153 -1.277033
v -4.440335 0.555769 1.277034
v -4.440335 0.555769 -1.277033
v -4.473355 0.699247 1.277034
v -4.473355 0.699247 -1.277033
v -4.504599 0.844254 1.277034
v -4.504599 0.844254 -1.277033
v -4.533984 0.990459 1.277034
v -4.533984 0.990459 -1.277033
v -4.561416 1.137529 1.277034
v -4.561416 1.137529 -1.277033
v -4.586809 1.285130 1.277034
v -4.586809 1.285130 -1.277033
v -4.610073 1.432931 1.277034
v -4.610073 1.432931 -1.277033
v -4.631121 1.580599 1.277034
v -4.631121 1.580599 -1.277033
v -4.649861 1.727802 1.277034
v -4.649861 1.727802 -1.277033
v -4.353382 1.671489 1.277034
v -4.353382 1.671489 -1.277033
v -4.077564 1.581653 1.277034
v -4.077564 1.581653 -1.277033
v -3.823385 1.462020 1.277034
v -3.823385 1.462020 -1.277033
v -3.591818 1.316314 1.277034
v -3.591818 1.316314 -1.277033
v -3.383842 1.148260 1.277034
v -3.383842 1.148260 -1.277033
v -3.200430 0.961582 1.277034
v -3.200430 0.961582 -1.277033
v -3.042560 0.760006 1.277034
v -3.042560 0.760006 -1.277033
v -2.911206 0.547256 1.277034
v -2.911206 0.547256 -1.277033
v -2.807343 0.327056 1.277034
v -2.807343 0.327056 -1.277033
v -2.731947 0.103132 1.277034
v -2.731947 0.103132 -1.277033
v -2.685994 -0.120792 1.277034
v -2.685994 -0.120792 -1.277033
v -2.670460 -0.340992 1.277034
v -2.670460 -0.340992 -1.277033
v -4.696969 -0.420126 1.277034
v -4.696969 -0.420126 -1.277033
v -4.592515 -0.708553 1.277034
v -4.592515 -0.708553 -1.277033
v -4.483451 -0.969931 1.277034
v -4.483451 -0.969931 -1.277033
v -4.369863 -1.204172 1.277034
v -4.369863 -1.204172 -1.277033
v -4.251842 -1.411187 1.277034
v -4.251842 -1.411187 -1.277033
v -4.129473 -1.590888 1.277034
v -4.129473 -1.590888 -1.277033
v -4.002848 -1.743186 1.277034
v -4.002848 -1.743186 -1.277033
v -3.872054 -1.867993 1.277034
v -3.872054 -1.867993 -1.277033
v -3.737180 -1.965219 1.277034
v -3.737180 -1.965219 -1.277033
v -3.598319 -2.034775 1.277034
v -3.598319 -2.034775 -1.277033
v -3.455553 -2.076575 1.277034
v -3.455553 -2.076575 -1.277033
v -3.308976 -2.090528 1.277034
v -3.308976 -2.090528 -1.277033
v -3.167228 -2.077103 1.277034
v -3.167228 -2.077103 -1.277033
v -3.027461 -2.037407 1.277034
v -3.027461 -2.037407 -1.277033
v -2.891641 -1.972302 1.277034
v -2.891641 -1.972302 -1.277033
v -2.761739 -1.882655 1.277034
v -2.761739 -1.882655 -1.277033
v -2.639730 -1.769330 1.277034
v -2.639730 -1.769330 -1.277033
v -2.527588 -1.633190 1.277034
v -2.527588 -1.633190 -1.277033
v -2.427284 -1.475102 1.277034
v -2.427284 -1.475102 -1.277033
v -2.340794 -1.295929 1.277034
v -2.340794 -1.295929 -1.277033
v -2.270087 -1.096537 1.277034
v -2.270087 -1.096537 -1.277033
v -2.217140 -0.877789 1.277034
v -2.217140 -0.877789 -1.277033
v -2.183925 -0.640551 1.277034
v -2.183925 -0.640552 -1.277033
v -2.172416 -0.385688 1.277034
v -2.172416 -0.385688 -1.277033
v -2.197566 -0.043487 1.277034
v -2.197566 -0.043487 -1.277033
v -2.270915 0.287917 1.277034
v -2.270915 0.287917 -1.277033
v -2.389314 0.604910 1.277034
v -2.389314 0.604910 -1.277033
v -2.549616 0.903879 1.277034
v -2.549616 0.903879 -1.277033
v -2.748672 1.181209 1.277034
v -2.748672 1.181209 -1.277033
v -2.983335 1.433286 1.277034
v -2.983335 1.433286 -1.277033
v -3.250454 1.656497 1.277034
v -3.250454 1.656497 -1.277033
v -3.546885 1.847229 1.277034
v -3.546885 1.847229 -1.277033
v -3.869475 2.001866 1.277034
v -3.869475 2.001866 -1.277033
v -4.215080 2.116795 1.277034
v -4.215080 2.116795 -1.277033
v -4.580549 2.188403 1.277034
v -4.580549 2.188403 -1.277033
v -4.962736 2.213075 1.277034
v -4.962736 2.213075 -1.277033
v -5.324725 2.191595 1.277034
v -5.324725 2.191595 -1.277033
v -5.662679 2.129033 1.277034
v -5.662679 2.129033 -1.277033
v -5.975182 2.028204 1.277034
v -5.975182 2.028204 -1.277033
v -6.260816 1.891925 1.277034
v -6.260816 1.891925 -1.277033
v -6.518159 1.723010 1.277034
v -6.518159 1.723010 -1.277033
v -6.745791 1.524275 1.277034
v -6.745791 1.524275 -1.277033
v -6.942298 1.298536 1.277034
v -6.942298 1.298536 -1.277033
v -7.106258 1.048610 1.277034
v -7.106258 1.048610 -1.277033
v -7.236254 0.777310 1.277034
v -7.236254 0.777310 -1.277033
v -7.330864 0.487454 1.277034
v -7.330864 0.487454 -1.277033
v -7.388670 0.181857 1.277034
v -7.388670 0.181857 -1.277033
v -7.408254 -0.136666 1.277034
v -7.408254 -0.136667 -1.277033
v -7.390044 -0.462432 1.277034
v -7.390044 -0.462432 -1.277033
v -7.335979 -0.768709 1.277034
v -7.335979 -0.768709 -1.277033
v -7.246932 -1.054634 1.277034
v -7.246932 -1.054634 -1.277033
v -7.123762 -1.319341 1.277034
v -7.123762 -1.319341 -1.277033
v -6.967335 -1.561967 1.277034
v -6.967335 -1.561967 -1.277033
v -6.778519 -1.781645 1.277034
v -6.778519 -1.781645 -1.277033
v -6.558175 -1.977512 1.277034
v -6.558175 -1.977512 -1.277033
v -6.307168 -2.148704 1.277034
v -6.307168 -2.148704 -1.277033
v -6.026366 -2.294354 1.277034
v -6.026366 -2.294354 -1.277033
v -5.716630 -2.413599 1.277034
v -5.716630 -2.413599 -1.277033
v -5.378826 -2.505574 1.277034
v -5.378826 -2.505574 -1.277033
v -5.013817 -2.569415 1.277034
v -5.013817 -2.569415 -1.277033
v -4.713714 -2.096913 1.277034
v -4.713714 -2.096913 -1.277033
v -4.764637 -2.091865 1.277034
v -4.764637 -2.091865 -1.277033
v -4.815139 -2.086330 1.277034
v -4.815139 -2.086330 -1.277033
v -4.865063 -2.080351 1.277034
v -4.865063 -2.080351 -1.277033
v -4.914256 -2.073973 1.277034
v -4.914256 -2.073973 -1.277033
v -4.962563 -2.067241 1.277034
v -4.962563 -2.067241 -1.277033
v -5.009825 -2.060198 1.277034
v -5.009825 -2.060198 -1.277033
v -5.055891 -2.052889 1.277034
v -5.055891 -2.052889 -1.277033
v -5.100605 -2.045358 1.277034
v -5.100605 -2.045358 -1.277033
v -5.143813 -2.037650 1.277034
v -5.143813 -2.037650 -1.277033
v -5.185357 -2.029809 1.277034
v -5.185357 -2.029809 -1.277033
v -5.225084 -2.021880 1.277034
v -5.225084 -2.021880 -1.277033
v -5.262838 -2.013906 1.277034
v -5.262838 -2.013906 -1.277033
v -5.466436 -1.958789 1.277034
v -5.466436 -1.958789 -1.277033
v -5.666755 -1.885848 1.277034
v -5.666755 -1.885848 -1.277033
v -5.861046 -1.794815 1.277034
v -5.861046 -1.794815 -1.277033
v -6.046556 -1.685424 1.277034
v -6.046556 -1.685424 -1.277033
v -6.220538 -1.557411 1.277034
v -6.220538 -1.557411 -1.277033
v -6.380240 -1.410507 1.277034
v -6.380240 -1.410507 -1.277033
v -6.522918 -1.244449 1.277034
v -6.522918 -1.244449 -1.277033
v -6.645816 -1.058968 1.277034
v -6.645816 -1.058968 -1.277033
v -6.746191 -0.853801 1.277034
v -6.746191 -0.853801 -1.277033
v -6.821290 -0.628679 1.277034
v -6.821290 -0.628679 -1.277033
v -6.868368 -0.383338 1.277034
v -6.868368 -0.383338 -1.277033
v -6.884672 -0.117511 1.277034
v -6.884672 -0.117511 -1.277033
v -6.871854 0.119760 1.277034
v -6.871854 0.119760 -1.277033
v -6.833765 0.348251 1.277034
v -6.833765 0.348251 -1.277033
v -6.770932 0.566101 1.277034
v -6.770932 0.566101 -1.277033
v -6.683890 0.771446 1.277034
v -6.683890 0.771446 -1.277033
v -6.573170 0.962425 1.277034
v -6.573170 0.962425 -1.277033
v -6.439304 1.137174 1.277034
v -6.439304 1.137174 -1.277033
v -6.282823 1.293832 1.277034
v -6.282823 1.293832 -1.277033
v -6.104261 1.430537 1.277034
v -6.104261 1.430537 -1.277033
v -5.904150 1.545426 1.277034
v -5.904150 1.545426 -1.277033
v -5.683017 1.636636 1.277034
v -5.683017 1.636636 -1.277033
v -5.441400 1.702306 1.277034
v -5.441400 1.702306 -1.277033
v -5.179831 1.740572 1.277034
v -5.179831 1.740572 -1.277033
v -5.158268 1.589520 1.277034
v -5.158268 1.589520 -1.277033
v -5.135044 1.436715 1.277034
v -5.135044 1.436715 -1.277033
v -5.110090 1.282536 1.277034
v -5.110090 1.282536 -1.277033
v -5.083342 1.127360 1.277034
v -5.083342 1.127360 -1.277033
v -5.054731 0.971563 1.277034
v -5.054731 0.971562 -1.277033
v -5.024190 0.815521 1.277034
v -5.024190 0.815521 -1.277033
v -4.991654 0.659613 1.277034
v -4.991654 0.659613 -1.277033
v -4.957057 0.504215 1.277034
v -4.957057 0.504215 -1.277033
v -4.920333 0.349704 1.277034
v -4.920333 0.349703 -1.277033
v -4.881413 0.196456 1.277034
v -4.881413 0.196456 -1.277033
v -4.840230 0.044849 1.277034
v -4.840230 0.044849 -1.277033
v -4.796721 -0.104741 1.277034
v -4.796721 -0.104741 -1.277033
v -13.595478 0.540161 1.277035
v -13.595478 0.540161 -1.277032
v -13.116592 0.540161 1.277034
v -13.116592 0.540161 -1.277032
v -13.116592 2.328008 1.277034
v -13.116592 2.328008 -1.277032
v -9.221641 2.328008 1.277034
v -9.221641 2.328008 -1.277033
v -9.221641 0.527391 1.277034
v -9.221641 0.527391 -1.277032
v -8.755524 0.527391 1.277034
v -8.755524 0.527391 -1.277033
v -8.755524 2.691962 1.277034
v -8.755524 2.691962 -1.277033
v -13.595478 2.691962 1.277034
v -13.595478 2.691962 -1.277032
v -12.746253 1.549017 1.277034
v -12.746253 1.549017 -1.277032
v -9.623907 1.549017 1.277034
v -9.623907 1.549017 -1.277033
v -9.623907 1.900201 1.277034
v -9.623907 1.900201 -1.277033
v -12.746253 1.900201 1.277034
v -12.746253 1.900201 -1.277032
v -12.746253 0.738101 1.277034
v -12.746253 0.738101 -1.277032
v -9.630292 0.738101 1.277034
v -9.630292 0.738101 -1.277032
v -9.630292 1.089285 1.277034
v -9.630292 1.089285 -1.277032
v -12.746253 1.089285 1.277034
v -12.746253 1.089285 -1.277032
v -12.695172 -1.394544 1.277035
v -12.695172 -1.394544 -1.277032
v -12.695172 -0.928427 1.277035
v -12.695172 -0.928427 -1.277032
v -9.674988 -0.928427 1.277034
v -9.674988 -0.928427 -1.277032
v -9.674988 -1.394544 1.277034
v -9.674988 -1.394544 -1.277032
v -12.695172 -0.117511 1.277034
v -12.695172 -0.117511 -1.277032
v -9.674988 -0.117511 1.277034
v -9.674988 -0.117511 -1.277032
v -9.674988 -0.577243 1.277034
v -9.674988 -0.577243 -1.277032
v -12.695172 -0.577243 1.277035
v -12.695172 -0.577243 -1.277032
v -12.695172 -2.218231 1.277035
v -12.695172 -2.218231 -1.277032
v -12.695172 -1.739343 1.277035
v -12.695172 -1.739343 -1.277032
v -9.674988 -1.739343 1.277034
v -9.674988 -1.739343 -1.277032
v -9.674988 -2.218231 1.277034
v -9.674988 -2.218231 -1.277032
v -13.174058 -2.843977 1.277035
v -13.174058 -2.843977 -1.277032
v -12.695172 -2.843977 1.277035
v -12.695172 -2.843977 -1.277032
v -12.695172 -2.588571 1.277035
v -12.695172 -2.588571 -1.277032
v -9.674988 -2.588571 1.277034
v -9.674988 -2.588571 -1.277032
v -9.674988 -2.863133 1.277034
v -9.674988 -2.863133 -1.277032
v -9.215256 -2.863133 1.277034
v -9.215256 -2.863133 -1.277032
v -9.215256 0.246444 1.277034
v -9.215256 0.246443 -1.277032
v -13.174058 0.246444 1.277035
v -13.174058 0.246443 -1.277032
v -16.462420 2.736658 1.277035
v -16.462420 2.736658 -1.277032
v -16.781677 2.545103 1.277035
v -16.781677 2.545103 -1.277032
v -16.732380 2.409466 1.277035
v -16.732380 2.409466 -1.277032
v -16.680490 2.268264 1.277035
v -16.680490 2.268264 -1.277032
v -16.626337 2.122584 1.277035
v -16.626337 2.122584 -1.277032
v -16.570257 1.973512 1.277035
v -16.570257 1.973512 -1.277032
v -16.512579 1.822134 1.277035
v -16.512579 1.822134 -1.277032
v -16.453636 1.669537 1.277035
v -16.453636 1.669537 -1.277032
v -16.393766 1.516807 1.277035
v -16.393766 1.516807 -1.277032
v -16.333296 1.365030 1.277035
v -16.333296 1.365030 -1.277032
v -16.272560 1.215292 1.277035
v -16.272560 1.215292 -1.277032
v -16.211889 1.068681 1.277035
v -16.211889 1.068681 -1.277032
v -16.151619 0.926283 1.277035
v -16.151619 0.926283 -1.277032
v -16.092079 0.789183 1.277035
v -16.092079 0.789183 -1.277032
v -16.209145 0.664520 1.277035
v -16.209145 0.664520 -1.277032
v -16.311840 0.542674 1.277035
v -16.311840 0.542674 -1.277032
v -16.400967 0.423532 1.277035
v -16.400967 0.423532 -1.277032
v -16.477322 0.306984 1.277035
v -16.477322 0.306984 -1.277032
v -16.541704 0.192919 1.277035
v -16.541704 0.192919 -1.277032
v -16.594913 0.081227 1.277035
v -16.594913 0.081227 -1.277032
v -16.637745 -0.028204 1.277035
v -16.637745 -0.028204 -1.277032
v -16.671003 -0.135484 1.277035
v -16.671003 -0.135484 -1.277032
v -16.695478 -0.240725 1.277035
v -16.695478 -0.240725 -1.277032
v -16.711975 -0.344037 1.277035
v -16.711975 -0.344037 -1.277032
v -16.721285 -0.445530 1.277035
v -16.721285 -0.445531 -1.277032
v -16.724211 -0.545317 1.277035
v -16.724211 -0.545317 -1.277032
v -16.722595 -0.629758 1.277035
v -16.722595 -0.629758 -1.277032
v -16.717649 -0.710563 1.277035
v -16.717649 -0.710563 -1.277032
v -16.709248 -0.787554 1.277035
v -16.709248 -0.787555 -1.277032
v -16.697254 -0.860555 1.277035
v -16.697254 -0.860555 -1.277032
v -16.681534 -0.929388 1.277035
v -16.681534 -0.929388 -1.277032
v -16.661957 -0.993875 1.277035
v -16.661957 -0.993875 -1.277032
v -16.638388 -1.053840 1.277035
v -16.638388 -1.053840 -1.277032
v -16.610697 -1.109104 1.277035
v -16.610697 -1.109104 -1.277032
v -16.578749 -1.159490 1.277035
v -16.578749 -1.159490 -1.277032
v -16.542410 -1.204822 1.277035
v -16.542410 -1.204822 -1.277032
v -16.501551 -1.244922 1.277035
v -16.501551 -1.244922 -1.277032
v -16.456032 -1.279611 1.277035
v -16.456032 -1.279611 -1.277032
v -16.432905 -1.295042 1.277035
v -16.432905 -1.295042 -1.277032
v -16.408319 -1.309409 1.277035
v -16.408319 -1.309409 -1.277032
v -16.382402 -1.322711 1.277035
v -16.382402 -1.322711 -1.277032
v -16.355288 -1.334949 1.277035
v -16.355288 -1.334949 -1.277032
v -16.327108 -1.346124 1.277035
v -16.327108 -1.346124 -1.277032
v -16.297998 -1.356233 1.277035
v -16.297998 -1.356233 -1.277032
v -16.268089 -1.365279 1.277035
v -16.268089 -1.365279 -1.277032
v -16.237516 -1.373260 1.277035
v -16.237516 -1.373260 -1.277032
v -16.206411 -1.380178 1.277035
v -16.206411 -1.380178 -1.277032
v -16.174908 -1.386031 1.277035
v -16.174908 -1.386031 -1.277032
v -16.143137 -1.390820 1.277035
v -16.143137 -1.390820 -1.277032
v -16.111235 -1.394544 1.277035
v -16.111235 -1.394544 -1.277032
v -16.075474 -1.397597 1.277035
v -16.075474 -1.397597 -1.277032
v -16.038515 -1.400338 1.277035
v -16.038515 -1.400338 -1.277032
v -16.000492 -1.402725 1.277035
v -16.000492 -1.402725 -1.277032
v -15.961539 -1.404713 1.277035
v -15.961539 -1.404713 -1.277032
v -15.921788 -1.406258 1.277035
v -15.921788 -1.406258 -1.277032
v -15.881370 -1.407315 1.277035
v -15.881370 -1.407315 -1.277032
v -15.840422 -1.407839 1.277035
v -15.840422 -1.407839 -1.277032
v -15.799075 -1.407788 1.277035
v -15.799075 -1.407788 -1.277032
v -15.757460 -1.407115 1.277035
v -15.757460 -1.407115 -1.277032
v -15.715712 -1.405778 1.277035
v -15.715712 -1.405778 -1.277032
v -15.673963 -1.403731 1.277035
v -15.673963 -1.403731 -1.277032
v -15.632348 -1.400930 1.277035
v -15.632348 -1.400930 -1.277032
v -15.631422 -1.369344 1.277035
v -15.631422 -1.369344 -1.277032
v -15.628707 -1.335541 1.277035
v -15.628707 -1.335541 -1.277032
v -15.624261 -1.299964 1.277035
v -15.624261 -1.299964 -1.277032
v -15.618154 -1.263057 1.277035
v -15.618154 -1.263057 -1.277032
v -15.610451 -1.225264 1.277035
v -15.610451 -1.225264 -1.277032
v -15.601216 -1.187027 1.277035
v -15.601216 -1.187027 -1.277032
v -15.590520 -1.148790 1.277035
v -15.590520 -1.148790 -1.277032
v -15.578426 -1.110996 1.277035
v -15.578426 -1.110996 -1.277032
v -15.565002 -1.074089 1.277035
v -15.565002 -1.074089 -1.277032
v -15.550315 -1.038512 1.277035
v -15.550315 -1.038512 -1.277032
v -15.534431 -1.004709 1.277035
v -15.534431 -1.004709 -1.277032
v -15.517414 -0.973123 1.277035
v -15.517414 -0.973123 -1.277032
v -15.557032 -0.976179 1.277035
v -15.557032 -0.976179 -1.277032
v -15.596013 -0.978947 1.277035
v -15.596013 -0.978947 -1.277032
v -15.634238 -0.981404 1.277035
v -15.634238 -0.981404 -1.277032
v -15.671600 -0.983529 1.277035
v -15.671600 -0.983529 -1.277032
v -15.707987 -0.985299 1.277035
v -15.707987 -0.985299 -1.277032
v -15.743287 -0.986692 1.277035
v -15.743287 -0.986692 -1.277032
v -15.777390 -0.987686 1.277035
v -15.777390 -0.987686 -1.277032
v -15.810184 -0.988259 1.277035
v -15.810184 -0.988259 -1.277032
v -15.841560 -0.988388 1.277035
v -15.841560 -0.988388 -1.277032
v -15.871408 -0.988052 1.277035
v -15.871408 -0.988052 -1.277032
v -15.899613 -0.987228 1.277035
v -15.899613 -0.987228 -1.277032
v -15.926065 -0.985894 1.277035
v -15.926065 -0.985894 -1.277032
v -15.948027 -0.984150 1.277035
v -15.948027 -0.984150 -1.277032
v -15.969230 -0.982051 1.277035
v -15.969230 -0.982051 -1.277032
v -15.989724 -0.979509 1.277035
v -15.989724 -0.979509 -1.277032
v -16.009550 -0.976434 1.277035
v -16.009550 -0.976434 -1.277032
v -16.028757 -0.972739 1.277035
v -16.028757 -0.972739 -1.277032
v -16.047388 -0.968334 1.277035
v -16.047388 -0.968335 -1.277032
v -16.065485 -0.963132 1.277035
v -16.065485 -0.963132 -1.277032
v -16.083096 -0.957042 1.277035
v -16.083096 -0.957042 -1.277032
v -16.100262 -0.949977 1.277035
v -16.100262 -0.949977 -1.277032
v -16.117027 -0.941848 1.277035
v -16.117027 -0.941848 -1.277032
v -16.133442 -0.932566 1.277035
v -16.133442 -0.932566 -1.277032
v -16.149546 -0.922042 1.277035
v -16.149546 -0.922042 -1.277032
v -16.175112 -0.902650 1.277035
v -16.175112 -0.902650 -1.277032
v -16.197643 -0.879711 1.277035
v -16.197643 -0.879711 -1.277032
v -16.217289 -0.853401 1.277035
v -16.217289 -0.853402 -1.277032
v -16.234209 -0.823900 1.277035
v -16.234209 -0.823900 -1.277032
v -16.248556 -0.791382 1.277035
v -16.248556 -0.791383 -1.277032
v -16.260489 -0.756028 1.277035
v -16.260489 -0.756028 -1.277032
v -16.270157 -0.718012 1.277035
v -16.270157 -0.718012 -1.277032
v -16.277721 -0.677514 1.277035
v -16.277721 -0.677514 -1.277032
v -16.283333 -0.634709 1.277035
v -16.283333 -0.634710 -1.277032
v -16.287149 -0.589777 1.277035
v -16.287149 -0.589777 -1.277032
v -16.289328 -0.542893 1.277035
v -16.289328 -0.542893 -1.277032
v -16.290018 -0.494236 1.277035
v -16.290018 -0.494236 -1.277032
v -16.286846 -0.408169 1.277035
v -16.286846 -0.408169 -1.277032
v -16.276865 -0.319176 1.277035
v -16.276865 -0.319176 -1.277032
v -16.259392 -0.227256 1.277035
v -16.259392 -0.227256 -1.277032
v -16.233738 -0.132410 1.277035
v -16.233738 -0.132410 -1.277032
v -16.199213 -0.034637 1.277035
v -16.199213 -0.034637 -1.277032
v -16.155136 0.066062 1.277035
v -16.155136 0.066062 -1.277032
v -16.100813 0.169688 1.277035
v -16.100813 0.169688 -1.277032
v -16.035563 0.276241 1.277035
v -16.035563 0.276241 -1.277032
v -15.958693 0.385720 1.277035
v -15.958693 0.385720 -1.277032
v -15.869516 0.498126 1.277035
v -15.869516 0.498125 -1.277032
v -15.767349 0.613458 1.277035
v -15.767349 0.613458 -1.277032
v -15.651502 0.731716 1.277035
v -15.651502 0.731716 -1.277032
v -15.702556 0.855528 1.277035
v -15.702556 0.855528 -1.277032
v -15.753429 0.983664 1.277035
v -15.753429 0.983664 -1.277032
v -15.803949 1.115125 1.277035
v -15.803949 1.115125 -1.277032
v -15.853937 1.248914 1.277035
v -15.853937 1.248914 -1.277032
v -15.903215 1.384033 1.277035
v -15.903215 1.384033 -1.277032
v -15.951608 1.519485 1.277035
v -15.951608 1.519485 -1.277032
v -15.998934 1.654272 1.277035
v -15.998934 1.654272 -1.277032
v -16.045019 1.787397 1.277035
v -16.045019 1.787397 -1.277032
v -16.089684 1.917860 1.277035
v -16.089684 1.917860 -1.277032
v -16.132753 2.044666 1.277035
v -16.132753 2.044666 -1.277032
v -16.174051 2.166815 1.277035
v -16.174051 2.166815 -1.277032
v -16.213398 2.283311 1.277035
v -16.213398 2.283311 -1.277032
v -15.325858 2.283311 1.277035
v -15.325858 2.283311 -1.277032
v -15.325858 -2.882288 1.277035
v -15.325858 -2.882288 -1.277032
v -14.898052 -2.882288 1.277035
v -14.898052 -2.882288 -1.277032
v -14.898052 2.717503 1.277035
v -14.898052 2.717503 -1.277032
v -16.392183 2.717503 1.277035
v -16.392183 2.717503 -1.277032
v -18.333273 1.050974 1.277035
v -18.333273 1.050974 -1.277032
v -17.324415 1.050974 1.277035
v -17.324415 1.050974 -1.277032
v -17.324415 1.402158 1.277035
v -17.324415 1.402158 -1.277032
v -17.278000 1.370501 1.277035
v -17.278000 1.370501 -1.277032
v -17.231335 1.339400 1.277035
v -17.231335 1.339400 -1.277032
v -17.184446 1.308874 1.277035
v -17.184446 1.308874 -1.277032
v -17.137360 1.278948 1.277035
v -17.137360 1.278948 -1.277032
v -17.090094 1.249642 1.277035
v -17.090094 1.249642 -1.277032
v -17.042673 1.220979 1.277035
v -17.042673 1.220979 -1.277032
v -16.995121 1.192981 1.277035
v -16.995121 1.192981 -1.277032
v -16.947456 1.165671 1.277035
v -16.947456 1.165671 -1.277032
v -16.899704 1.139070 1.277035
v -16.899704 1.139070 -1.277032
v -16.851885 1.113200 1.277035
v -16.851885 1.113200 -1.277032
v -16.804022 1.088084 1.277035
v -16.804022 1.088084 -1.277032
v -16.756138 1.063745 1.277035
v -16.756138 1.063745 -1.277032
v -16.742340 1.093601 1.277035
v -16.742340 1.093601 -1.277032
v -16.726660 1.125408 1.277035
v -16.726660 1.125408 -1.277032
v -16.709341 1.158724 1.277035
v -16.709341 1.158724 -1.277032
v -16.690626 1.193103 1.277035
v -16.690626 1.193103 -1.277032
v -16.670755 1.228103 1.277035
v -16.670755 1.228103 -1.277032
v -16.649979 1.263281 1.277035
v -16.649979 1.263281 -1.277032
v -16.628534 1.298192 1.277035
v -16.628534 1.298192 -1.277032
v -16.606670 1.332394 1.277035
v -16.606670 1.332394 -1.277032
v -16.584631 1.365444 1.277035
v -16.584631 1.365444 -1.277032
v -16.562658 1.396896 1.277035
v -16.562658 1.396896 -1.277032
v -16.540995 1.426310 1.277035
v -16.540995 1.426310 -1.277032
v -16.519886 1.453240 1.277035
v -16.519886 1.453240 -1.277032
v -16.702856 1.543630 1.277035
v -16.702856 1.543630 -1.277032
v -16.883810 1.644795 1.277035
v -16.883810 1.644795 -1.277032
v -17.061529 1.755538 1.277035
v -17.061529 1.755538 -1.277032
v -17.234789 1.874661 1.277035
v -17.234789 1.874661 -1.277032
v -17.402376 2.000968 1.277035
v -17.402376 2.000968 -1.277032
v -17.563065 2.133260 1.277035
v -17.563065 2.133260 -1.277032
v -17.715639 2.270342 1.277035
v -17.715639 2.270342 -1.277032
v -17.858879 2.411015 1.277035
v -17.858879 2.411015 -1.277032
v -17.991568 2.554083 1.277035
v -17.991568 2.554083 -1.277032
v -18.112484 2.698348 1.277035
v -18.112484 2.698348 -1.277032
v -18.220406 2.842613 1.277035
v -18.220406 2.842613 -1.277032
v -18.314117 2.985680 1.277035
v -18.314117 2.985680 -1.277032
v -18.754694 2.985680 1.277035
v -18.754694 2.985680 -1.277032
v -18.875153 2.832166 1.277035
v -18.875153 2.832166 -1.277032
v -19.005901 2.681823 1.277035
v -19.005901 2.681823 -1.277032
v -19.145782 2.535426 1.277035
v -19.145782 2.535426 -1.277032
v -19.293648 2.393751 1.277035
v -19.293648 2.393751 -1.277032
v -19.448339 2.257575 1.277035
v -19.448339 2.257575 -1.277032
v -19.608709 2.127673 1.277035
v -19.608709 2.127673 -1.277032
v -19.773600 2.004822 1.277035
v -19.773600 2.004822 -1.277032
v -19.941862 1.889796 1.277035
v -19.941862 1.889796 -1.277032
v -20.112339 1.783373 1.277035
v -20.112339 1.783373 -1.277032
v -20.283882 1.686328 1.277035
v -20.283882 1.686328 -1.277032
v -20.455336 1.599437 1.277035
v -20.455336 1.599437 -1.277032
v -20.625547 1.523477 1.277035
v -20.625547 1.523477 -1.277032
v -20.603088 1.495072 1.277035
v -20.603088 1.495072 -1.277032
v -20.580496 1.464385 1.277035
v -20.580496 1.464385 -1.277032
v -20.557905 1.431790 1.277035
v -20.557905 1.431790 -1.277032
v -20.535446 1.397666 1.277035
v -20.535446 1.397666 -1.277032
v -20.513254 1.362388 1.277035
v -20.513254 1.362388 -1.277032
v -20.491461 1.326335 1.277035
v -20.491461 1.326335 -1.277032
v -20.470200 1.289883 1.277035
v -20.470200 1.289883 -1.277032
v -20.449602 1.253408 1.277035
v -20.449602 1.253408 -1.277032
v -20.429802 1.217288 1.277035
v -20.429802 1.217288 -1.277032
v -20.410934 1.181900 1.277035
v -20.410934 1.181900 -1.277032
v -20.393133 1.147620 1.277035
v -20.393133 1.147620 -1.277032
v -20.376526 1.114826 1.277035
v -20.376526 1.114826 -1.277032
v -20.333298 1.135973 1.277035
v -20.333298 1.135973 -1.277032
v -20.289825 1.157896 1.277035
v -20.289825 1.157896 -1.277032
v -20.246132 1.180573 1.277035
v -20.246132 1.180573 -1.277032
v -20.202236 1.203982 1.277035
v -20.202236 1.203982 -1.277032
v -20.158165 1.228100 1.277035
v -20.158165 1.228100 -1.277032
v -20.113937 1.252905 1.277035
v -20.113937 1.252905 -1.277032
v -20.069576 1.278376 1.277035
v -20.069576 1.278376 -1.277032
v -20.025106 1.304489 1.277035
v -20.025106 1.304489 -1.277032
v -19.980547 1.331223 1.277035
v -19.980547 1.331223 -1.277032
v -19.935921 1.358556 1.277035
v -19.935921 1.358556 -1.277032
v -19.891249 1.386465 1.277035
v -19.891249 1.386465 -1.277032
v -19.846556 1.414929 1.277035
v -19.846556 1.414929 -1.277032
v -19.846556 1.050974 1.277035
v -19.846556 1.050974 -1.277032
v -18.773849 1.050974 1.277035
v -18.773849 1.050974 -1.277032
v -18.773849 0.495465 1.277035
v -18.773849 0.495465 -1.277032
v -20.223282 0.495465 1.277035
v -20.223282 0.495465 -1.277032
v -20.223282 -1.145523 1.277035
v -20.223282 -1.145523 -1.277032
v -18.939865 -1.145523 1.277035
v -18.939865 -1.145523 -1.277032
v -19.035812 -1.333852 1.277035
v -19.035812 -1.333852 -1.277032
v -19.138632 -1.503890 1.277035
v -19.138632 -1.503890 -1.277032
v -19.248547 -1.657035 1.277035
v -19.248547 -1.657035 -1.277032
v -19.365780 -1.794681 1.277035
v -19.365780 -1.794681 -1.277032
v -19.490547 -1.918228 1.277035
v -19.490547 -1.918228 -1.277032
v -19.623077 -2.029070 1.277035
v -19.623077 -2.029070 -1.277032
v -19.763586 -2.128606 1.277035
v -19.763586 -2.128606 -1.277032
v -19.912300 -2.218231 1.277035
v -19.912300 -2.218231 -1.277032
v -20.069439 -2.299342 1.277035
v -20.069439 -2.299342 -1.277031
v -20.235226 -2.373337 1.277035
v -20.235226 -2.373337 -1.277031
v -20.409878 -2.441612 1.277035
v -20.409878 -2.441612 -1.277031
v -20.593622 -2.505563 1.277035
v -20.593622 -2.505563 -1.277031
v -20.564800 -2.532261 1.277035
v -20.564800 -2.532261 -1.277031
v -20.535980 -2.561109 1.277035
v -20.535980 -2.561109 -1.277031
v -20.507423 -2.591863 1.277035
v -20.507423 -2.591863 -1.277031
v -20.479401 -2.624280 1.277035
v -20.479401 -2.624280 -1.277031
v -20.452175 -2.658117 1.277035
v -20.452175 -2.658117 -1.277031
v -20.426012 -2.693128 1.277035
v -20.426012 -2.693128 -1.277031
v -20.401180 -2.729070 1.277035
v -20.401180 -2.729070 -1.277031
v -20.377945 -2.765700 1.277035
v -20.377945 -2.765700 -1.277031
v -20.356571 -2.802773 1.277035
v -20.356571 -2.802773 -1.277031
v -20.337326 -2.840045 1.277035
v -20.337326 -2.840045 -1.277031
v -20.320477 -2.877274 1.277035
v -20.320477 -2.877274 -1.277031
v -20.306290 -2.914214 1.277035
v -20.306290 -2.914214 -1.277031
v -20.119350 -2.838852 1.277035
v -20.119350 -2.838852 -1.277031
v -19.941505 -2.758812 1.277035
v -19.941505 -2.758812 -1.277031
v -19.772528 -2.672875 1.277035
v -19.772528 -2.672875 -1.277032
v -19.612198 -2.579821 1.277035
v -19.612198 -2.579821 -1.277032
v -19.460293 -2.478430 1.277035
v -19.460293 -2.478430 -1.277032
v -19.316589 -2.367484 1.277035
v -19.316589 -2.367484 -1.277032
v -19.180866 -2.245763 1.277035
v -19.180866 -2.245763 -1.277032
v -19.052904 -2.112048 1.277035
v -19.052904 -2.112048 -1.277032
v -18.932482 -1.965119 1.277035
v -18.932482 -1.965119 -1.277032
v -18.819374 -1.803757 1.277035
v -18.819374 -1.803757 -1.277032
v -18.713362 -1.626742 1.277035
v -18.713362 -1.626742 -1.277032
v -18.614220 -1.432855 1.277035
v -18.614220 -1.432855 -1.277032
v -18.550453 -1.577113 1.277035
v -18.550453 -1.577113 -1.277032
v -18.473333 -1.719065 1.277035
v -18.473333 -1.719065 -1.277032
v -18.381762 -1.858267 1.277035
v -18.381762 -1.858267 -1.277032
v -18.274626 -1.994277 1.277035
v -18.274626 -1.994277 -1.277032
v -18.150816 -2.126651 1.277035
v -18.150816 -2.126651 -1.277032
v -18.009226 -2.254946 1.277035
v -18.009226 -2.254946 -1.277032
v -17.848747 -2.378717 1.277035
v -17.848747 -2.378717 -1.277032
v -17.668270 -2.497523 1.277035
v -17.668270 -2.497523 -1.277032
v -17.466688 -2.610919 1.277035
v -17.466688 -2.610919 -1.277032
v -17.242889 -2.718461 1.277035
v -17.242889 -2.718461 -1.277032
v -16.995768 -2.819708 1.277035
v -16.995768 -2.819708 -1.277032
v -16.724211 -2.914214 1.277035
v -16.724211 -2.914214 -1.277032
v -16.711382 -2.887055 1.277035
v -16.711382 -2.887055 -1.277032
v -16.695509 -2.857102 1.277035
v -16.695509 -2.857102 -1.277032
v -16.677021 -2.825021 1.277035
v -16.677021 -2.825021 -1.277032
v -16.656340 -2.791477 1.277035
v -16.656340 -2.791477 -1.277032
v -16.633884 -2.757135 1.277035
v -16.633884 -2.757135 -1.277032
v -16.610079 -2.722659 1.277035
v -16.610079 -2.722659 -1.277032
v -16.585340 -2.688716 1.277035
v -16.585340 -2.688716 -1.277032
v -16.560091 -2.655970 1.277035
v -16.560091 -2.655970 -1.277032
v -16.534752 -2.625086 1.277035
v -16.534752 -2.625086 -1.277032
v -16.509747 -2.596729 1.277035
v -16.509747 -2.596729 -1.277032
v -16.485497 -2.571566 1.277035
v -16.485497 -2.571566 -1.277032
v -16.462420 -2.550260 1.277035
v -16.462420 -2.550260 -1.277032
v -16.739761 -2.456529 1.277035
v -16.739761 -2.456529 -1.277032
v -16.988573 -2.357522 1.277035
v -16.988573 -2.357522 -1.277032
v -17.210377 -2.253549 1.277035
v -17.210377 -2.253549 -1.277032
v -17.406712 -2.144920 1.277035
v -17.406712 -2.144920 -1.277032
v -17.579098 -2.031945 1.277035
v -17.579098 -2.031945 -1.277032
v -17.729073 -1.914935 1.277035
v -17.729073 -1.914935 -1.277032
v -17.858162 -1.794201 1.277035
v -17.858162 -1.794201 -1.277032
v -17.967896 -1.670052 1.277035
v -17.967896 -1.670052 -1.277032
v -18.059805 -1.542800 1.277035
v -18.059805 -1.542800 -1.277032
v -18.135420 -1.412754 1.277035
v -18.135420 -1.412754 -1.277032
v -18.196268 -1.280225 1.277035
v -18.196268 -1.280225 -1.277032
v -18.243881 -1.145523 1.277035
v -18.243881 -1.145523 -1.277032
v -16.941307 -1.145523 1.277035
v -16.941307 -1.145523 -1.277032
v -16.941307 0.495465 1.277035
v -16.941307 0.495465 -1.277032
v -18.333273 0.495465 1.277035
v -18.333273 0.495465 -1.277032
v -19.782707 1.459625 1.277035
v -19.782707 1.459625 -1.277032
v -19.663586 1.541114 1.277035
v -19.663586 1.541114 -1.277032
v -19.545977 1.625728 1.277035
v -19.545977 1.625728 -1.277032
v -19.430317 1.713136 1.277035
v -19.430317 1.713136 -1.277032
v -19.317055 1.803005 1.277035
v -19.317055 1.803005 -1.277032
v -19.206631 1.895003 1.277035
v -19.206631 1.895003 -1.277032
v -19.099489 1.988796 1.277035
v -19.099489 1.988796 -1.277032
v -18.996069 2.084053 1.277035
v -18.996069 2.084053 -1.277032
v -18.896818 2.180439 1.277035
v -18.896818 2.180439 -1.277032
v -18.802181 2.277625 1.277035
v -18.802181 2.277625 -1.277032
v -18.712597 2.375276 1.277035
v -18.712597 2.375276 -1.277032
v -18.628511 2.473060 1.277035
v -18.628511 2.473060 -1.277032
v -18.550367 2.570644 1.277035
v -18.550367 2.570644 -1.277032
v -18.483248 2.477450 1.277035
v -18.483248 2.477450 -1.277032
v -18.409834 2.383257 1.277035
v -18.409834 2.383257 -1.277032
v -18.330477 2.288400 1.277035
v -18.330477 2.288400 -1.277032
v -18.245533 2.193210 1.277035
v -18.245533 2.193210 -1.277032
v -18.155359 2.098020 1.277035
v -18.155359 2.098020 -1.277032
v -18.060307 2.003162 1.277035
v -18.060307 2.003162 -1.277032
v -17.960732 1.908970 1.277035
v -17.960732 1.908970 -1.277032
v -17.856987 1.815775 1.277035
v -17.856987 1.815775 -1.277032
v -17.749430 1.723911 1.277035
v -17.749430 1.723911 -1.277032
v -17.638414 1.633709 1.277035
v -17.638414 1.633709 -1.277032
v -17.524294 1.545503 1.277035
v -17.524294 1.545503 -1.277032
v -17.407423 1.459625 1.277035
v -17.407423 1.459625 -1.277032
v -18.320503 -0.749642 1.277035
v -18.320503 -0.749643 -1.277032
v -18.322098 -0.724102 1.277035
v -18.322098 -0.724102 -1.277032
v -18.323669 -0.698562 1.277035
v -18.323669 -0.698562 -1.277032
v -18.325195 -0.673021 1.277035
v -18.325195 -0.673021 -1.277032
v -18.326653 -0.647480 1.277035
v -18.326653 -0.647480 -1.277032
v -18.328024 -0.621939 1.277035
v -18.328024 -0.621940 -1.277032
v -18.329285 -0.596399 1.277035
v -18.329285 -0.596399 -1.277032
v -18.330410 -0.570858 1.277035
v -18.330410 -0.570858 -1.277032
v -18.331381 -0.545317 1.277035
v -18.331381 -0.545317 -1.277032
v -18.332176 -0.519777 1.277035
v -18.332176 -0.519777 -1.277032
v -18.332769 -0.494236 1.277035
v -18.332769 -0.494236 -1.277032
v -18.333145 -0.468695 1.277035
v -18.333145 -0.468695 -1.277032
v -18.333273 -0.443154 1.277035
v -18.333273 -0.443155 -1.277032
v -18.333273 0.105970 1.277035
v -18.333273 0.105970 -1.277032
v -17.369112 0.105970 1.277035
v -17.369112 0.105970 -1.277032
v -17.369112 -0.749642 1.277035
v -17.369112 -0.749643 -1.277032
v -18.761078 -0.749642 1.277035
v -18.761078 -0.749643 -1.277032
v -19.782707 -0.749642 1.277035
v -19.782707 -0.749643 -1.277032
v -19.782707 0.105970 1.277035
v -19.782707 0.105970 -1.277032
v -18.773849 0.105970 1.277035
v -18.773849 0.105970 -1.277032
v -18.773849 -0.455925 1.277035
v -18.773849 -0.455925 -1.277032
v -22.048355 -3.304141 -1.249426
v -22.048355 -3.238487 -1.249426
v -22.229473 -3.018978 -1.249426
v -22.419483 -2.788463 -1.249426
v -22.615940 -2.548828 -1.249426
v -22.816402 -2.301964 -1.249426
v -23.018427 -2.049759 -1.249426
v -23.219574 -1.794102 -1.249426
v -23.417398 -1.536882 -1.249426
v -23.609459 -1.279987 -1.249426
v -23.793312 -1.025307 -1.249426
v -23.966516 -0.774730 -1.249426
v -24.126629 -0.530146 -1.249426
v -24.271208 -0.293443 -1.249426
v -24.343115 -0.168344 -1.249426
v -24.408768 -0.050020 -1.249426
v -24.468170 0.062964 -1.249426
v -24.521318 0.172040 -1.249426
v -24.568213 0.278640 -1.249426
v -24.608856 0.384199 -1.249426
v -24.643246 0.490148 -1.249426
v -24.671383 0.597921 -1.249426
v -24.693268 0.708951 -1.249426
v -24.708900 0.824670 -1.249426
v -24.718279 0.946512 -1.249426
v -24.721405 1.075909 -1.249426
v -24.711815 1.247300 -1.249426
v -24.683758 1.409084 -1.249426
v -24.638311 1.560253 -1.249426
v -24.576550 1.699794 -1.249426
v -24.499546 1.826700 -1.249426
v -24.408377 1.939960 -1.249426
v -24.304115 2.038566 -1.249426
v -24.187838 2.121507 -1.249426
v -24.060617 2.187775 -1.249426
v -23.923529 2.236359 -1.249426
v -23.777647 2.266249 -1.249426
v -23.624048 2.276437 -1.249426
v -23.508938 2.271998 -1.249426
v -23.393305 2.258113 -1.249426
v -23.277021 2.233938 -1.249426
v -23.159956 2.198626 -1.249426
v -23.041979 2.151328 -1.249426
v -22.922958 2.091199 -1.249426
v -22.802767 2.017393 -1.249426
v -22.681273 1.929062 -1.249426
v -22.558346 1.825360 -1.249426
v -22.433855 1.705439 -1.249426
v -22.307671 1.568454 -1.249426
v -22.179663 1.413558 -1.249426
v -22.179663 2.567190 -1.249426
v -22.307888 2.665877 -1.249426
v -22.434811 2.755641 -1.249426
v -22.560690 2.836547 -1.249426
v -22.685789 2.908659 -1.249426
v -22.810366 2.972044 -1.249426
v -22.934683 3.026767 -1.249426
v -23.059000 3.072892 -1.249426
v -23.183577 3.110485 -1.249426
v -23.308676 3.139610 -1.249426
v -23.434555 3.160333 -1.249426
v -23.561478 3.172719 -1.249426
v -23.689703 3.176833 -1.249426
v -23.970430 3.160094 -1.249426
v -24.234777 3.110919 -1.249426
v -24.481213 3.030870 -1.249426
v -24.708206 2.921513 -1.249426
v -24.914227 2.784408 -1.249426
v -25.097744 2.621120 -1.249426
v -25.257225 2.433212 -1.249426
v -25.391144 2.222247 -1.249426
v -25.497967 1.989787 -1.249426
v -25.576164 1.737398 -1.249426
v -25.624207 1.466641 -1.249426
v -25.640560 1.179080 -1.249426
v -25.628660 0.921751 -1.249426
v -25.592274 0.668005 -1.249426
v -25.530354 0.414389 -1.249426
v -25.441860 0.157451 -1.249426
v -25.325750 -0.106261 -1.249426
v -25.180983 -0.380199 -1.249426
v -25.006514 -0.667815 -1.249426
v -24.801302 -0.972560 -1.249426
v -24.564304 -1.297887 -1.249426
v -24.294481 -1.647249 -1.249426
v -23.990789 -2.024096 -1.249426
v -23.652185 -2.431882 -1.249426
v -26.100136 -2.431882 -1.249425
v -26.100136 -3.304141 -1.249425
v -22.048355 -3.304141 1.249426
v -22.048355 -3.238487 1.249426
v -22.229473 -3.018978 1.249426
v -22.419483 -2.788463 1.249426
v -22.615940 -2.548828 1.249426
v -22.816402 -2.301964 1.249426
v -23.018427 -2.049759 1.249426
v -23.219574 -1.794102 1.249426
v -23.417398 -1.536881 1.249426
v -23.609459 -1.279987 1.249426
v -23.793312 -1.025307 1.249426
v -23.966516 -0.774730 1.249426
v -24.126629 -0.530146 1.249426
v -24.271208 -0.293442 1.249426
v -24.343115 -0.168344 1.249426
v -24.408768 -0.050020 1.249426
v -24.468170 0.062964 1.249426
v -24.521318 0.172040 1.249426
v -24.568213 0.278641 1.249426
v -24.608856 0.384199 1.249426
v -24.643246 0.490149 1.249426
v -24.671383 0.597922 1.249426
v -24.693268 0.708952 1.249426
v -24.708900 0.824670 1.249426
v -24.718279 0.946512 1.249426
v -24.721405 1.075909 1.249426
v -24.711815 1.247300 1.249426
v -24.683758 1.409084 1.249426
v -24.638311 1.560253 1.249426
v -24.576550 1.699794 1.249426
v -24.499546 1.826700 1.249426
v -24.408377 1.939961 1.249426
v -24.304115 2.038566 1.249426
v -24.187838 2.121507 1.249426
v -24.060617 2.187775 1.249426
v -23.923529 2.236359 1.249426
v -23.777647 2.266249 1.249426
v -23.624048 2.276437 1.249426
v -23.508938 2.271998 1.249426
v -23.393305 2.258113 1.249426
v -23.277021 2.233938 1.249426
v -23.159956 2.198626 1.249426
v -23.041979 2.151328 1.249426
v -22.922958 2.091199 1.249426
v -22.802767 2.017393 1.249426
v -22.681273 1.929062 1.249426
v -22.558346 1.825360 1.249426
v -22.433855 1.705440 1.249426
v -22.307671 1.568454 1.249426
v -22.179663 1.413558 1.249426
v -22.179663 2.567190 1.249426
v -22.307888 2.665877 1.249426
v -22.434811 2.755641 1.249426
v -22.560690 2.836547 1.249426
v -22.685789 2.908659 1.249426
v -22.810366 2.972044 1.249426
v -22.934683 3.026767 1.249426
v -23.059000 3.072892 1.249426
v -23.183577 3.110485 1.249426
v -23.308676 3.139610 1.249426
v -23.434555 3.160333 1.249426
v -23.561478 3.172719 1.249426
v -23.689701 3.176833 1.249426
v -23.970430 3.160094 1.249426
v -24.234777 3.110919 1.249426
v -24.481213 3.030870 1.249426
v -24.708206 2.921513 1.249426
v -24.914227 2.784408 1.249426
v -25.097744 2.621120 1.249426
v -25.257225 2.433212 1.249426
v -25.391144 2.222247 1.249426
v -25.497967 1.989788 1.249426
v -25.576164 1.737398 1.249426
v -25.624207 1.466641 1.249426
v -25.640560 1.179080 1.249426
v -25.628660 0.921752 1.249426
v -25.592274 0.668005 1.249426
v -25.530354 0.414389 1.249426
v -25.441860 0.157451 1.249426
v -25.325750 -0.106261 1.249426
v -25.180983 -0.380199 1.249426
v -25.006514 -0.667814 1.249426
v -24.801302 -0.972560 1.249426
v -24.564304 -1.297887 1.249426
v -24.294481 -1.647249 1.249426
v -23.990789 -2.024096 1.249426
v -23.652185 -2.431882 1.249426
v -26.100136 -2.431882 1.249426
v -26.100136 -3.304141 1.249426
v -22.048355 -3.304141 1.249426
v -22.048355 -3.304141 -1.249426
v -22.048355 -3.238487 1.249426
v -22.048355 -3.238487 -1.249426
v -22.229473 -3.018978 1.249426
v -22.229473 -3.018978 -1.249426
v -22.419483 -2.788463 1.249426
v -22.419483 -2.788463 -1.249426
v -22.615940 -2.548828 1.249426
v -22.615940 -2.548828 -1.249426
v -22.816402 -2.301964 1.249426
v -22.816402 -2.301964 -1.249426
v -23.018427 -2.049759 1.249426
v -23.018427 -2.049759 -1.249426
v -23.219574 -1.794102 1.249426
v -23.219574 -1.794102 -1.249426
v -23.417398 -1.536881 1.249426
v -23.417398 -1.536882 -1.249426
v -23.609459 -1.279987 1.249426
v -23.609459 -1.279987 -1.249426
v -23.793312 -1.025307 1.249426
v -23.793312 -1.025307 -1.249426
v -23.966516 -0.774730 1.249426
v -23.966516 -0.774730 -1.249426
v -24.126629 -0.530146 1.249426
v -24.126629 -0.530146 -1.249426
v -24.271208 -0.293442 1.249426
v -24.271208 -0.293443 -1.249426
v -24.343115 -0.168344 1.249426
v -24.343115 -0.168344 -1.249426
v -24.408768 -0.050020 1.249426
v -24.408768 -0.050020 -1.249426
v -24.468170 0.062964 1.249426
v -24.468170 0.062964 -1.249426
v -24.521318 0.172040 1.249426
v -24.521318 0.172040 -1.249426
v -24.568213 0.278641 1.249426
v -24.568213 0.278640 -1.249426
v -24.608856 0.384199 1.249426
v -24.608856 0.384199 -1.249426
v -24.643246 0.490149 1.249426
v -24.643246 0.490148 -1.249426
v -24.671383 0.597922 1.249426
v -24.671383 0.597921 -1.249426
v -24.693268 0.708952 1.249426
v -24.693268 0.708951 -1.249426
v -24.708900 0.824670 1.249426
v -24.708900 0.824670 -1.249426
v -24.718279 0.946512 1.249426
v -24.718279 0.946512 -1.249426
v -24.721405 1.075909 1.249426
v -24.721405 1.075909 -1.249426
v -24.711815 1.247300 1.249426
v -24.711815 1.247300 -1.249426
v -24.683758 1.409084 1.249426
v -24.683758 1.409084 -1.249426
v -24.638311 1.560253 1.249426
v -24.638311 1.560253 -1.249426
v -24.576550 1.699794 1.249426
v -24.576550 1.699794 -1.249426
v -24.499546 1.826700 1.249426
v -24.499546 1.826700 -1.249426
v -24.408377 1.939961 1.249426
v -24.408377 1.939960 -1.249426
v -24.304115 2.038566 1.249426
v -24.304115 2.038566 -1.249426
v -24.187838 2.121507 1.249426
v -24.187838 2.121507 -1.249426
v -24.060617 2.187775 1.249426
v -24.060617 2.187775 -1.249426
v -23.923529 2.236359 1.249426
v -23.923529 2.236359 -1.249426
v -23.777647 2.266249 1.249426
v -23.777647 2.266249 -1.249426
v -23.624048 2.276437 1.249426
v -23.624048 2.276437 -1.249426
v -23.508938 2.271998 1.249426
v -23.508938 2.271998 -1.249426
v -23.393305 2.258113 1.249426
v -23.393305 2.258113 -1.249426
v -23.277021 2.233938 1.249426
v -23.277021 2.233938 -1.249426
v -23.159956 2.198626 1.249426
v -23.159956 2.198626 -1.249426
v -23.041979 2.151328 1.249426
v -23.041979 2.151328 -1.249426
v -22.922958 2.091199 1.249426
v -22.922958 2.091199 -1.249426
v -22.802767 2.017393 1.249426
v -22.802767 2.017393 -1.249426
v -22.681273 1.929062 1.249426
v -22.681273 1.929062 -1.249426
v -22.558346 1.825360 1.249426
v -22.558346 1.825360 -1.249426
v -22.433855 1.705440 1.249426
v -22.433855 1.705439 -1.249426
v -22.307671 1.568454 1.249426
v -22.307671 1.568454 -1.249426
v -22.179663 1.413558 1.249426
v -22.179663 1.413558 -1.249426
v -22.179663 2.567190 1.249426
v -22.179663 2.567190 -1.249426
v -22.307888 2.665877 1.249426
v -22.307888 2.665877 -1.249426
v -22.434811 2.755641 1.249426
v -22.434811 2.755641 -1.249426
v -22.560690 2.836547 1.249426
v -22.560690 2.836547 -1.249426
v -22.685789 2.908659 1.249426
v -22.685789 2.908659 -1.249426
v -22.810366 2.972044 1.249426
v -22.810366 2.972044 -1.249426
v -22.934683 3.026767 1.249426
v -22.934683 3.026767 -1.249426
v -23.059000 3.072892 1.249426
v -23.059000 3.072892 -1.249426
v -23.183577 3.110485 1.249426
v -23.183577 3.110485 -1.249426
v -23.308676 3.139610 1.249426
v -23.308676 3.139610 -1.249426
v -23.434555 3.160333 1.249426
v -23.434555 3.160333 -1.249426
v -23.561478 3.172719 1.249426
v -23.561478 3.172719 -1.249426
v -23.689701 3.176833 1.249426
v -23.689703 3.176833 -1.249426
v -23.970430 3.160094 1.249426
v -23.970430 3.160094 -1.249426
v -24.234777 3.110919 1.249426
v -24.234777 3.110919 -1.249426
v -24.481213 3.030870 1.249426
v -24.481213 3.030870 -1.249426
v -24.708206 2.921513 1.249426
v -24.708206 2.921513 -1.249426
v -24.914227 2.784408 1.249426
v -24.914227 2.784408 -1.249426
v -25.097744 2.621120 1.249426
v -25.097744 2.621120 -1.249426
v -25.257225 2.433212 1.249426
v -25.257225 2.433212 -1.249426
v -25.391144 2.222247 1.249426
v -25.391144 2.222247 -1.249426
v -25.497967 1.989788 1.249426
v -25.497967 1.989787 -1.249426
v -25.576164 1.737398 1.249426
v -25.576164 1.737398 -1.249426
v -25.624207 1.466641 1.249426
v -25.624207 1.466641 -1.249426
v -25.640560 1.179080 1.249426
v -25.640560 1.179080 -1.249426
v -25.628660 0.921752 1.249426
v -25.628660 0.921751 -1.249426
v -25.592274 0.668005 1.249426
v -25.592274 0.668005 -1.249426
v -25.530354 0.414389 1.249426
v -25.530354 0.414389 -1.249426
v -25.441860 0.157451 1.249426
v -25.441860 0.157451 -1.249426
v -25.325750 -0.106261 1.249426
v -25.325750 -0.106261 -1.249426
v -25.180983 -0.380199 1.249426
v -25.180983 -0.380199 -1.249426
v -25.006514 -0.667814 1.249426
v -25.006514 -0.667815 -1.249426
v -24.801302 -0.972560 1.249426
v -24.801302 -0.972560 -1.249426
v -24.564304 -1.297887 1.249426
v -24.564304 -1.297887 -1.249426
v -24.294481 -1.647249 1.249426
v -24.294481 -1.647249 -1.249426
v -23.990789 -2.024096 1.249426
v -23.990789 -2.024096 -1.249426
v -23.652185 -2.431882 1.249426
v -23.652185 -2.431882 -1.249426
v -26.100136 -2.431882 1.249426
v -26.100136 -2.431882 -1.249425
v -26.100136 -3.304141 1.249426
v -26.100136 -3.304141 -1.249425
vn -0.0000 -0.0000 -1.0000
vn 0.0001 -0.0000 -1.0000
vn -0.0000 -0.0000 1.0000
vn -0.0001 -0.0000 1.0000
vn -0.0000 0.0003 1.0000
vn -0.0000 1.0000 -0.0000
vn 0.0001 1.0000 -0.0000
vn 0.0007 1.0000 -0.0000
vn 0.0023 1.0000 -0.0000
vn 0.0046 1.0000 -0.0000
vn 0.0078 1.0000 -0.0000
vn 0.0116 0.9999 -0.0000
vn 0.0163 0.9999 -0.0000
vn 0.0217 0.9998 -0.0000
vn 0.0281 0.9996 -0.0000
vn 0.0356 0.9994 -0.0000
vn 0.0444 0.9990 -0.0000
vn 0.0547 0.9985 -0.0000
vn -0.7115 0.7027 -0.0000
vn -0.9978 -0.0661 -0.0000
vn -0.9985 -0.0539 -0.0000
vn -0.9991 -0.0432 -0.0000
vn -0.9994 -0.0340 -0.0000
vn -0.9997 -0.0259 -0.0000
vn -0.9998 -0.0191 -0.0000
vn -0.9999 -0.0133 -0.0000
vn -1.0000 -0.0086 -0.0000
vn -1.0000 -0.0050 -0.0000
vn -1.0000 -0.0023 -0.0000
vn -1.0000 -0.0007 -0.0000
vn -1.0000 -0.0001 -0.0000
vn -1.0000 -0.0000 -0.0000
vn -1.0000 0.0011 -0.0000
vn -1.0000 0.0040 -0.0000
vn -1.0000 0.0068 -0.0000
vn -1.0000 0.0091 -0.0000
vn -0.9999 0.0111 -0.0000
vn -0.9999 0.0130 -0.0000
vn -0.9999 0.0151 -0.0000
vn -0.9998 0.0176 -0.0000
vn -0.9998 0.0208 -0.0000
vn -0.9997 0.0254 -0.0000
vn -0.9995 0.0330 -0.0000
vn -0.9988 0.0495 -0.0000
vn -0.7284 -0.6852 -0.0000
vn 0.7132 -0.7010 -0.0000
vn -0.7192 -0.6948 -0.0000
vn 0.7281 -0.6855 -0.0000
vn 0.9986 0.0526 -0.0000
vn 0.9991 0.0414 -0.0000
vn 0.9994 0.0354 -0.0000
vn 0.9995 0.0314 -0.0000
vn 0.9996 0.0283 -0.0000
vn 0.9997 0.0255 -0.0000
vn 0.9997 0.0228 -0.0000
vn 0.9998 0.0200 -0.0000
vn 0.9999 0.0167 -0.0000
vn 0.9999 0.0127 -0.0000
vn 1.0000 0.0073 -0.0000
vn 1.0000 0.0021 -0.0000
vn 1.0000 -0.0000 -0.0000
vn 1.0000 -0.0001 -0.0000
vn 1.0000 -0.0007 -0.0000
vn 1.0000 -0.0024 -0.0000
vn 1.0000 -0.0050 -0.0000
vn 1.0000 -0.0085 -0.0000
vn 0.9999 -0.0130 -0.0000
vn 0.9998 -0.0185 -0.0000
vn 0.9997 -0.0252 -0.0000
vn 0.9995 -0.0331 -0.0000
vn 0.9991 -0.0426 -0.0000
vn 0.9985 -0.0539 -0.0000
vn 0.9977 -0.0674 -0.0000
vn 0.7241 0.6897 -0.0000
vn -0.0267 0.9996 -0.0000
vn -0.0275 0.9996 -0.0000
vn -0.0279 0.9996 -0.0000
vn -0.0278 0.9996 -0.0000
vn -0.0271 0.9996 -0.0000
vn -0.0257 0.9997 -0.0000
vn -0.0237 0.9997 -0.0000
vn -0.0208 0.9998 -0.0000
vn -0.0170 0.9999 -0.0000
vn -0.0123 0.9999 -0.0000
vn -0.0066 1.0000 -0.0000
vn -0.0017 1.0000 -0.0000
vn 0.7071 -0.7071 -0.0000
vn -0.7071 -0.7071 -0.0000
vn -0.7071 0.7071 -0.0000
vn 0.7071 0.7071 -0.0000
vn 0.3392 -0.9407 -0.0000
vn 0.8931 -0.4499 -0.0000
vn 0.8877 -0.4604 -0.0000
vn 0.8826 -0.4701 -0.0000
vn 0.8775 -0.4796 -0.0000
vn 0.8723 -0.4890 -0.0000
vn 0.8668 -0.4987 -0.0000
vn 0.8609 -0.5088 -0.0000
vn 0.8543 -0.5197 -0.0000
vn 0.8469 -0.5318 -0.0000
vn 0.8381 -0.5454 -0.0000
vn 0.8277 -0.5612 -0.0000
vn 0.9595 0.2818 -0.0000
vn -0.2802 0.9599 -0.0000
vn -0.8253 0.5647 -0.0000
vn -0.8347 0.5506 -0.0000
vn -0.8424 0.5388 -0.0000
vn -0.8489 0.5285 -0.0000
vn -0.8546 0.5192 -0.0000
vn -0.8598 0.5106 -0.0000
vn -0.8647 0.5023 -0.0000
vn -0.8694 0.4942 -0.0000
vn -0.8741 0.4858 -0.0000
vn -0.8790 0.4769 -0.0000
vn -0.8843 0.4670 -0.0000
vn -0.9440 -0.3300 -0.0000
vn 0.3309 -0.9437 -0.0000
vn 0.8855 -0.4646 -0.0000
vn 0.8808 -0.4735 -0.0000
vn 0.8759 -0.4825 -0.0000
vn 0.8707 -0.4918 -0.0000
vn 0.8651 -0.5016 -0.0000
vn 0.8590 -0.5120 -0.0000
vn 0.8522 -0.5232 -0.0000
vn 0.8445 -0.5356 -0.0000
vn 0.8355 -0.5495 -0.0000
vn 0.8250 -0.5651 -0.0000
vn 0.8124 -0.5831 -0.0000
vn 0.9655 0.2604 -0.0000
vn -0.2741 0.9617 -0.0000
vn -0.8250 0.5651 -0.0000
vn -0.8309 0.5564 -0.0000
vn -0.8361 0.5486 -0.0000
vn -0.8408 0.5413 -0.0000
vn -0.8454 0.5341 -0.0000
vn -0.8500 0.5268 -0.0000
vn -0.8548 0.5190 -0.0000
vn -0.8599 0.5104 -0.0000
vn -0.8656 0.5007 -0.0000
vn -0.8723 0.4891 -0.0000
vn -0.8802 0.4747 -0.0000
vn -0.9449 -0.3274 -0.0000
vn 0.9955 -0.0949 -0.0000
vn 0.7162 0.6979 -0.0000
vn 0.7414 0.6710 -0.0000
vn 0.7619 0.6477 -0.0000
vn 0.7793 0.6267 -0.0000
vn 0.7946 0.6071 -0.0000
vn 0.8088 0.5881 -0.0000
vn 0.8224 0.5689 -0.0000
vn 0.8360 0.5487 -0.0000
vn 0.8502 0.5265 -0.0000
vn 0.8653 0.5012 -0.0000
vn 0.8823 0.4708 -0.0000
vn 0.3181 0.9480 -0.0000
vn -0.9490 0.3152 -0.0000
vn -0.8793 -0.4763 -0.0000
vn -0.8626 -0.5059 -0.0000
vn -0.8484 -0.5294 -0.0000
vn -0.8359 -0.5488 -0.0000
vn -0.8247 -0.5655 -0.0000
vn -0.8142 -0.5805 -0.0000
vn -0.8041 -0.5945 -0.0000
vn -0.7938 -0.6082 -0.0000
vn -0.7828 -0.6223 -0.0000
vn -0.7704 -0.6375 -0.0000
vn -0.7554 -0.6552 -0.0000
vn -0.1274 -0.9918 -0.0000
vn 0.2913 -0.9566 -0.0000
vn 0.8859 -0.4639 -0.0000
vn 0.8782 -0.4783 -0.0000
vn 0.8712 -0.4910 -0.0000
vn 0.8644 -0.5028 -0.0000
vn 0.8575 -0.5145 -0.0000
vn 0.8502 -0.5264 -0.0000
vn 0.8422 -0.5392 -0.0000
vn 0.8329 -0.5534 -0.0000
vn 0.8218 -0.5698 -0.0000
vn 0.8079 -0.5894 -0.0000
vn 0.7895 -0.6138 -0.0000
vn 0.9795 0.2015 -0.0000
vn -0.2030 0.9792 -0.0000
vn -0.7889 0.6145 -0.0000
vn -0.8031 0.5959 -0.0000
vn -0.8139 0.5810 -0.0000
vn -0.8226 0.5686 -0.0000
vn -0.8299 0.5579 -0.0000
vn -0.8363 0.5483 -0.0000
vn -0.8422 0.5392 -0.0000
vn -0.8478 0.5303 -0.0000
vn -0.8534 0.5212 -0.0000
vn -0.8595 0.5112 -0.0000
vn -0.8663 0.4996 -0.0000
vn -0.9626 -0.2711 -0.0000
vn 1.0000 -0.0054 -0.0000
vn 0.9998 -0.0200 -0.0000
vn 0.9993 -0.0373 -0.0000
vn 0.9986 -0.0526 -0.0000
vn 0.9978 -0.0668 -0.0000
vn 0.9967 -0.0807 -0.0000
vn 0.9955 -0.0950 -0.0000
vn 0.9939 -0.1104 -0.0000
vn 0.9918 -0.1278 -0.0000
vn 0.9889 -0.1486 -0.0000
vn 0.9846 -0.1749 -0.0000
vn 0.9777 -0.2101 -0.0000
vn 0.7844 0.6203 -0.0000
vn -0.7703 0.6377 -0.0000
vn -0.9854 -0.1704 -0.0000
vn -0.9897 -0.1429 -0.0000
vn -0.9924 -0.1233 -0.0000
vn -0.9942 -0.1078 -0.0000
vn -0.9955 -0.0948 -0.0000
vn -0.9965 -0.0831 -0.0000
vn -0.9974 -0.0720 -0.0000
vn -0.9982 -0.0607 -0.0000
vn -0.9988 -0.0488 -0.0000
vn -0.9994 -0.0354 -0.0000
vn -0.9998 -0.0193 -0.0000
vn -1.0000 -0.0053 -0.0000
vn 0.0033 1.0000 -0.0000
vn 0.0126 0.9999 -0.0000
vn 0.0239 0.9997 -0.0000
vn 0.0340 0.9994 -0.0000
vn 0.0434 0.9991 -0.0000
vn 0.0522 0.9986 -0.0000
vn 0.0608 0.9982 -0.0000
vn 0.0693 0.9976 -0.0000
vn 0.0779 0.9970 -0.0000
vn 0.0870 0.9962 -0.0000
vn 0.0967 0.9953 -0.0000
vn 0.1074 0.9942 -0.0000
vn -0.6660 0.7460 -0.0000
vn -0.6829 -0.7305 -0.0000
vn 0.0614 -0.9981 -0.0000
vn 0.0502 -0.9987 -0.0000
vn 0.0404 -0.9992 -0.0000
vn 0.0319 -0.9995 -0.0000
vn 0.0245 -0.9997 -0.0000
vn 0.0182 -0.9998 -0.0000
vn 0.0128 -0.9999 -0.0000
vn 0.0084 -1.0000 -0.0000
vn 0.0049 -1.0000 -0.0000
vn 0.0023 -1.0000 -0.0000
vn 0.0007 -1.0000 -0.0000
vn 0.0001 -1.0000 -0.0000
vn -0.9998 -0.0215 -0.0000
vn -0.9957 -0.0922 -0.0000
vn -0.9799 -0.1993 -0.0000
vn -0.9465 -0.3227 -0.0000
vn -0.8890 -0.4580 -0.0000
vn -0.8032 -0.5957 -0.0000
vn -0.6910 -0.7229 -0.0000
vn -0.5609 -0.8279 -0.0000
vn -0.4259 -0.9048 -0.0000
vn -0.2975 -0.9547 -0.0000
vn -0.1828 -0.9831 -0.0000
vn -0.0844 -0.9964 -0.0000
vn -0.0168 -0.9999 -0.0000
vn 0.0106 -0.9999 -0.0000
vn 0.0200 -0.9998 -0.0000
vn 0.0282 -0.9996 -0.0000
vn 0.0356 -0.9994 -0.0000
vn 0.0426 -0.9991 -0.0000
vn 0.0494 -0.9988 -0.0000
vn 0.0563 -0.9984 -0.0000
vn 0.0633 -0.9980 -0.0000
vn 0.0708 -0.9975 -0.0000
vn 0.0791 -0.9969 -0.0000
vn 0.0886 -0.9961 -0.0000
vn 0.7094 -0.7048 -0.0000
vn 0.6752 0.7376 -0.0000
vn -0.1670 0.9860 -0.0000
vn -0.1521 0.9884 -0.0000
vn -0.1381 0.9904 -0.0000
vn -0.1248 0.9922 -0.0000
vn -0.1118 0.9937 -0.0000
vn -0.0989 0.9951 -0.0000
vn -0.0858 0.9963 -0.0000
vn -0.0722 0.9974 -0.0000
vn -0.0576 0.9983 -0.0000
vn -0.0413 0.9991 -0.0000
vn -0.0224 0.9997 -0.0000
vn 0.0135 0.9999 -0.0000
vn 0.0847 0.9964 -0.0000
vn 0.1853 0.9827 -0.0000
vn 0.3041 0.9527 -0.0000
vn 0.4375 0.8992 -0.0000
vn 0.5763 0.8172 -0.0000
vn 0.7069 0.7073 -0.0000
vn 0.8156 0.5786 -0.0000
vn 0.8956 0.4449 -0.0000
vn 0.9478 0.3190 -0.0000
vn 0.9780 0.2086 -0.0000
vn 0.9932 0.1160 -0.0000
vn 0.9993 0.0371 -0.0000
vn -0.0014 -1.0000 -0.0000
vn -0.0056 -1.0000 -0.0000
vn -0.0114 -0.9999 -0.0000
vn -0.0172 -0.9999 -0.0000
vn -0.0232 -0.9997 -0.0000
vn -0.0292 -0.9996 -0.0000
vn -0.0354 -0.9994 -0.0000
vn -0.0416 -0.9991 -0.0000
vn -0.0480 -0.9988 -0.0000
vn -0.0544 -0.9985 -0.0000
vn -0.0608 -0.9981 -0.0000
vn -0.0673 -0.9977 -0.0000
vn 0.6817 -0.7316 -0.0000
vn 0.6692 0.7431 -0.0000
vn -0.1018 0.9948 -0.0000
vn -0.0961 0.9954 -0.0000
vn -0.0893 0.9960 -0.0000
vn -0.0815 0.9967 -0.0000
vn -0.0728 0.9973 -0.0000
vn -0.0634 0.9980 -0.0000
vn -0.0534 0.9986 -0.0000
vn -0.0429 0.9991 -0.0000
vn -0.0321 0.9995 -0.0000
vn -0.0213 0.9998 -0.0000
vn -0.0106 0.9999 -0.0000
vn -0.0026 1.0000 -0.0000
vn 0.4662 -0.8847 -0.0000
vn 0.9616 -0.2746 -0.0000
vn 0.9545 -0.2982 -0.0000
vn 0.9496 -0.3136 -0.0000
vn 0.9458 -0.3248 -0.0000
vn 0.9427 -0.3337 -0.0000
vn 0.9399 -0.3414 -0.0000
vn 0.9373 -0.3486 -0.0000
vn 0.9346 -0.3558 -0.0000
vn 0.9315 -0.3638 -0.0000
vn 0.9276 -0.3735 -0.0000
vn 0.9222 -0.3868 -0.0000
vn 0.9141 0.4055 -0.0000
vn -0.4120 0.9112 -0.0000
vn -0.9268 0.3756 -0.0000
vn -0.9307 0.3658 -0.0000
vn -0.9333 0.3592 -0.0000
vn -0.9352 0.3540 -0.0000
vn -0.9369 0.3495 -0.0000
vn -0.9385 0.3452 -0.0000
vn -0.9402 0.3406 -0.0000
vn -0.9421 0.3354 -0.0000
vn -0.9444 0.3288 -0.0000
vn -0.9475 0.3198 -0.0000
vn -0.9521 0.3058 -0.0000
vn -0.8935 -0.4490 -0.0000
vn -0.9649 -0.2628 -0.0000
vn -0.9575 -0.2886 -0.0000
vn -0.9487 -0.3161 -0.0000
vn -0.9385 -0.3452 -0.0000
vn -0.9266 -0.3760 -0.0000
vn -0.9128 -0.4083 -0.0000
vn -0.8970 -0.4420 -0.0000
vn -0.8789 -0.4770 -0.0000
vn -0.8583 -0.5131 -0.0000
vn -0.8352 -0.5500 -0.0000
vn -0.8093 -0.5874 -0.0000
vn -0.7838 -0.6210 -0.0000
vn -0.7548 -0.6560 -0.0000
vn -0.7198 -0.6942 -0.0000
vn -0.6841 -0.7294 -0.0000
vn -0.6480 -0.7616 -0.0000
vn -0.6117 -0.7911 -0.0000
vn -0.5754 -0.8179 -0.0000
vn -0.5392 -0.8422 -0.0000
vn -0.5030 -0.8643 -0.0000
vn -0.4670 -0.8843 -0.0000
vn -0.4310 -0.9024 -0.0000
vn -0.3949 -0.9187 -0.0000
vn 0.2019 -0.9794 -0.0000
vn 0.9710 0.2389 -0.0000
vn 0.3286 0.9445 -0.0000
vn 0.3736 0.9276 -0.0000
vn 0.4165 0.9091 -0.0000
vn 0.4580 0.8889 -0.0000
vn 0.4987 0.8668 -0.0000
vn 0.5389 0.8424 -0.0000
vn 0.5790 0.8154 -0.0000
vn 0.6192 0.7853 -0.0000
vn 0.6597 0.7516 -0.0000
vn 0.7005 0.7136 -0.0000
vn 0.7417 0.6708 -0.0000
vn 0.7776 0.6288 -0.0000
vn 0.8093 0.5874 -0.0000
vn 0.8396 0.5433 -0.0000
vn 0.8658 0.5003 -0.0000
vn 0.8888 0.4582 -0.0000
vn 0.9090 0.4167 -0.0000
vn 0.9268 0.3756 -0.0000
vn 0.9425 0.3343 -0.0000
vn 0.9562 0.2928 -0.0000
vn 0.9681 0.2505 -0.0000
vn 0.9783 0.2072 -0.0000
vn 0.9867 0.1625 -0.0000
vn 0.5339 0.8456 -0.0000
vn -0.8894 0.4571 -0.0000
vn -0.9515 -0.3076 -0.0000
vn -0.9541 -0.2995 -0.0000
vn -0.9563 -0.2922 -0.0000
vn -0.9583 -0.2859 -0.0000
vn -0.9598 -0.2807 -0.0000
vn -0.9609 -0.2769 -0.0000
vn -0.9615 -0.2746 -0.0000
vn -0.9617 -0.2741 -0.0000
vn -0.9613 -0.2756 -0.0000
vn -0.9602 -0.2794 -0.0000
vn -0.9583 -0.2856 -0.0000
vn -0.9629 -0.2699 -0.0000
vn 0.4430 -0.8965 -0.0000
vn 0.9515 -0.3076 -0.0000
vn 0.9448 -0.3276 -0.0000
vn 0.9399 -0.3413 -0.0000
vn 0.9361 -0.3518 -0.0000
vn 0.9327 -0.3606 -0.0000
vn 0.9295 -0.3687 -0.0000
vn 0.9262 -0.3769 -0.0000
vn 0.9225 -0.3859 -0.0000
vn 0.9179 -0.3969 -0.0000
vn 0.9112 -0.4120 -0.0000
vn 0.8998 -0.4362 -0.0000
vn 0.9343 0.3565 -0.0000
vn -0.3773 0.9261 -0.0000
vn -0.9148 0.4040 -0.0000
vn -0.9197 0.3927 -0.0000
vn -0.9228 0.3852 -0.0000
vn -0.9251 0.3798 -0.0000
vn -0.9283 0.3719 -0.0000
vn -0.9296 0.3685 -0.0000
vn -0.9310 0.3651 -0.0000
vn -0.9324 0.3615 -0.0000
vn -0.9340 0.3572 -0.0000
vn -0.9362 0.3514 -0.0000
vn -0.9085 -0.4180 -0.0000
vn 0.9999 -0.0113 -0.0000
vn 0.9998 -0.0220 -0.0000
vn 0.9995 -0.0326 -0.0000
vn 0.9991 -0.0434 -0.0000
vn 0.9985 -0.0548 -0.0000
vn 0.9977 -0.0672 -0.0000
vn 0.9967 -0.0809 -0.0000
vn 0.9954 -0.0963 -0.0000
vn 0.9935 -0.1141 -0.0000
vn 0.9908 -0.1351 -0.0000
vn 0.9871 -0.1602 -0.0000
vn 0.7662 0.6426 -0.0000
vn -0.7402 0.6724 -0.0000
vn -0.9957 -0.0926 -0.0000
vn -0.9960 -0.0894 -0.0000
vn -0.9963 -0.0854 -0.0000
vn -0.9968 -0.0804 -0.0000
vn -0.9972 -0.0744 -0.0000
vn -0.9977 -0.0672 -0.0000
vn -0.9983 -0.0584 -0.0000
vn -0.9989 -0.0479 -0.0000
vn -0.9994 -0.0351 -0.0000
vn -0.9998 -0.0192 -0.0000
vn -1.0000 -0.0052 -0.0000
vn -0.8055 0.5926 -0.0000
vn -0.3043 0.9526 -0.0000
vn -0.3168 0.9485 -0.0000
vn -0.3280 0.9447 -0.0000
vn -0.3384 0.9410 -0.0000
vn -0.3485 0.9373 -0.0000
vn -0.3586 0.9335 -0.0000
vn -0.3693 0.9293 -0.0000
vn -0.3808 0.9246 -0.0000
vn -0.3938 0.9192 -0.0000
vn -0.4091 0.9125 -0.0000
vn -0.4278 0.9039 -0.0000
vn -0.9329 0.3601 -0.0000
vn -0.3471 -0.9378 -0.0000
vn 0.4519 -0.8921 -0.0000
vn 0.4313 -0.9022 -0.0000
vn 0.4141 -0.9102 -0.0000
vn 0.3992 -0.9169 -0.0000
vn 0.3859 -0.9225 -0.0000
vn 0.3738 -0.9275 -0.0000
vn 0.3623 -0.9320 -0.0000
vn 0.3512 -0.9363 -0.0000
vn 0.3400 -0.9404 -0.0000
vn 0.3282 -0.9446 -0.0000
vn 0.3153 -0.9490 -0.0000
vn -0.5893 -0.8079 -0.0000
vn -0.5893 -0.8080 -0.0000
vn -1.0000 0.0041 -0.0000
vn -1.0000 0.0095 -0.0000
vn -0.9998 0.0177 -0.0000
vn -0.9997 0.0251 -0.0000
vn -0.9995 0.0322 -0.0000
vn -0.9992 0.0392 -0.0000
vn -0.9989 0.0466 -0.0000
vn -0.9985 0.0545 -0.0000
vn -0.9980 0.0634 -0.0000
vn -0.9973 0.0737 -0.0000
vn -0.9963 0.0861 -0.0000
vn -0.9948 0.1014 -0.0000
vn -0.7450 -0.6671 -0.0000
vn 0.7554 -0.6553 -0.0000
vn 0.9915 0.1298 -0.0000
vn 0.9940 0.1091 -0.0000
vn 0.9958 0.0921 -0.0000
vn 0.9970 0.0776 -0.0000
vn 0.9979 0.0651 -0.0000
vn 0.9985 0.0540 -0.0000
vn 0.9990 0.0439 -0.0000
vn 0.9994 0.0346 -0.0000
vn 0.9997 0.0258 -0.0000
vn 0.9999 0.0173 -0.0000
vn 1.0000 0.0087 -0.0000
vn 1.0000 0.0022 -0.0000
vn 1.0000 -0.0029 -0.0000
vn -0.9968 0.0804 -0.0000
vn -0.9860 0.1666 -0.0000
vn -0.9659 0.2588 -0.0000
vn -0.9344 0.3562 -0.0000
vn -0.8892 0.4575 -0.0000
vn -0.8279 0.5609 -0.0000
vn -0.7479 0.6638 -0.0000
vn -0.6467 0.7628 -0.0000
vn -0.5219 0.8530 -0.0000
vn -0.3719 0.9283 -0.0000
vn -0.1964 0.9805 -0.0000
vn 0.0084 1.0000 -0.0000
vn 0.2292 0.9734 -0.0000
vn 0.4276 0.9040 -0.0000
vn 0.5816 0.8135 -0.0000
vn 0.6934 0.7205 -0.0000
vn 0.7725 0.6350 -0.0000
vn 0.8284 0.5602 -0.0000
vn 0.8683 0.4961 -0.0000
vn 0.8973 0.4414 -0.0000
vn 0.9188 0.3947 -0.0000
vn 0.9350 0.3545 -0.0000
vn 0.9475 0.3197 -0.0000
vn 0.9564 0.2922 -0.0000
vn 0.9619 0.2736 -0.0000
vn 0.9658 0.2591 -0.0000
vn 0.9695 0.2450 -0.0000
vn 0.9729 0.2311 -0.0000
vn 0.9761 0.2175 -0.0000
vn 0.9790 0.2038 -0.0000
vn 0.9817 0.1902 -0.0000
vn 0.9843 0.1765 -0.0000
vn 0.9889 0.1483 -0.0000
vn 0.9910 0.1337 -0.0000
vn 0.6852 -0.7284 -0.0000
vn -0.2487 -0.9686 -0.0000
vn -0.3685 -0.9296 -0.0000
vn -0.4801 -0.8772 -0.0000
vn -0.5815 -0.8135 -0.0000
vn -0.6720 -0.7405 -0.0000
vn -0.7515 -0.6598 -0.0000
vn -0.8204 -0.5719 -0.0000
vn -0.8791 -0.4767 -0.0000
vn -0.9276 -0.3735 -0.0000
vn -0.9655 -0.2606 -0.0000
vn -0.9907 -0.1360 -0.0000
vn -0.9999 -0.0158 -0.0000
vn -0.9470 -0.3211 -0.0000
vn -0.9318 -0.3629 -0.0000
vn -0.9117 -0.4109 -0.0000
vn -0.8848 -0.4661 -0.0000
vn -0.8483 -0.5295 -0.0000
vn -0.7987 -0.6018 -0.0000
vn -0.7309 -0.6825 -0.0000
vn -0.6391 -0.7692 -0.0000
vn -0.5180 -0.8554 -0.0000
vn -0.3659 -0.9307 -0.0000
vn -0.1887 -0.9820 -0.0000
vn -0.0002 -1.0000 -0.0000
vn 0.1845 -0.9828 -0.0000
vn 0.3540 -0.9352 -0.0000
vn 0.5017 -0.8651 -0.0000
vn 0.6259 -0.7799 -0.0000
vn 0.7278 -0.6858 -0.0000
vn 0.8097 -0.5869 -0.0000
vn 0.8739 -0.4860 -0.0000
vn 0.9229 -0.3850 -0.0000
vn 0.9585 -0.2851 -0.0000
vn 0.9823 -0.1872 -0.0000
vn 0.9958 -0.0920 -0.0000
vn 0.9999 0.0141 -0.0000
vn 0.9894 0.1451 -0.0000
vn 0.9589 0.2837 -0.0000
vn 0.9111 0.4122 -0.0000
vn 0.8487 0.5289 -0.0000
vn 0.7737 0.6335 -0.0000
vn 0.6879 0.7258 -0.0000
vn 0.5923 0.8057 -0.0000
vn 0.4876 0.8731 -0.0000
vn 0.3747 0.9272 -0.0000
vn 0.2544 0.9671 -0.0000
vn 0.1286 0.9917 -0.0000
vn 0.0026 1.0000 -0.0000
vn -0.1209 0.9927 -0.0000
vn -0.2451 0.9695 -0.0000
vn -0.3697 0.9292 -0.0000
vn -0.4908 0.8713 -0.0000
vn -0.6046 0.7965 -0.0000
vn -0.7076 0.7066 -0.0000
vn -0.7970 0.6039 -0.0000
vn -0.8709 0.4914 -0.0000
vn -0.9282 0.3720 -0.0000
vn -0.9686 0.2486 -0.0000
vn -0.9923 0.1239 -0.0000
vn -1.0000 0.0028 -0.0000
vn -0.9934 -0.1150 -0.0000
vn -0.9717 -0.2361 -0.0000
vn -0.9328 -0.3604 -0.0000
vn -0.8756 -0.4830 -0.0000
vn -0.8013 -0.5983 -0.0000
vn -0.7130 -0.7012 -0.0000
vn -0.6152 -0.7884 -0.0000
vn -0.5129 -0.8585 -0.0000
vn -0.4105 -0.9119 -0.0000
vn -0.3114 -0.9503 -0.0000
vn -0.2177 -0.9760 -0.0000
vn 0.4040 -0.9148 -0.0000
vn 0.8991 0.4377 -0.0000
vn 0.1038 0.9946 -0.0000
vn 0.1139 0.9935 -0.0000
vn 0.1237 0.9923 -0.0000
vn 0.1333 0.9911 -0.0000
vn 0.1427 0.9898 -0.0000
vn 0.1520 0.9884 -0.0000
vn 0.1614 0.9869 -0.0000
vn 0.1709 0.9853 -0.0000
vn 0.1805 0.9836 -0.0000
vn 0.1906 0.9817 -0.0000
vn 0.2012 0.9796 -0.0000
vn 0.2341 0.9722 -0.0000
vn 0.3020 0.9533 -0.0000
vn 0.3836 0.9235 -0.0000
vn 0.4666 0.8845 -0.0000
vn 0.5510 0.8345 -0.0000
vn 0.6358 0.7719 -0.0000
vn 0.7190 0.6950 -0.0000
vn 0.7976 0.6032 -0.0000
vn 0.8678 0.4970 -0.0000
vn 0.9255 0.3788 -0.0000
vn 0.9675 0.2530 -0.0000
vn 0.9921 0.1251 -0.0000
vn 1.0000 0.0036 -0.0000
vn 0.9940 -0.1094 -0.0000
vn 0.9752 -0.2211 -0.0000
vn 0.9425 -0.3343 -0.0000
vn 0.8946 -0.4468 -0.0000
vn 0.8312 -0.5560 -0.0000
vn 0.7523 -0.6588 -0.0000
vn 0.6591 -0.7520 -0.0000
vn 0.5541 -0.8324 -0.0000
vn 0.4405 -0.8977 -0.0000
vn 0.3224 -0.9466 -0.0000
vn 0.2039 -0.9790 -0.0000
vn -0.5987 -0.8010 -0.0000
vn -0.9893 -0.1458 -0.0000
vn -0.9879 -0.1550 -0.0000
vn -0.9863 -0.1648 -0.0000
vn -0.9845 -0.1752 -0.0000
vn -0.9825 -0.1864 -0.0000
vn -0.9802 -0.1982 -0.0000
vn -0.9775 -0.2108 -0.0000
vn -0.9745 -0.2243 -0.0000
vn -0.9711 -0.2387 -0.0000
vn -0.9672 -0.2542 -0.0000
vn -0.9627 -0.2707 -0.0000
vn -0.9569 -0.2904 -0.0000
vn -0.1367 0.9906 -0.0000
vn -0.9425 0.3343 -0.0000
vn -0.9392 -0.3433 -0.0000
vn -0.9380 -0.3467 -0.0000
vn -0.9366 -0.3503 -0.0000
vn -0.9352 -0.3541 -0.0000
vn -0.9337 -0.3582 -0.0000
vn -0.9319 -0.3626 -0.0000
vn -0.9300 -0.3675 -0.0000
vn -0.9278 -0.3730 -0.0000
vn -0.9253 -0.3791 -0.0000
vn -0.9225 -0.3861 -0.0000
vn -0.9191 -0.3941 -0.0000
vn -0.9852 0.1713 -0.0000
vn -0.7471 0.6647 -0.0000
vn -0.7830 0.6220 -0.0000
vn -0.8190 0.5738 -0.0000
vn -0.8541 0.5201 -0.0000
vn -0.8874 0.4611 -0.0000
vn -0.9176 0.3975 -0.0000
vn -0.9438 0.3305 -0.0000
vn -0.9652 0.2615 -0.0000
vn -0.9814 0.1922 -0.0000
vn -0.9922 0.1246 -0.0000
vn -0.9982 0.0604 -0.0000
vn -1.0000 0.0051 -0.0000
vn -0.9992 -0.0401 -0.0000
vn -0.9964 -0.0848 -0.0000
vn -0.9908 -0.1353 -0.0000
vn -0.9813 -0.1925 -0.0000
vn -0.9665 -0.2567 -0.0000
vn -0.9445 -0.3284 -0.0000
vn -0.9133 -0.4073 -0.0000
vn -0.8704 -0.4924 -0.0000
vn -0.8136 -0.5814 -0.0000
vn -0.7417 -0.6708 -0.0000
vn -0.6546 -0.7560 -0.0000
vn -0.5809 -0.8140 -0.0000
vn -0.5300 -0.8480 -0.0000
vn -0.4808 -0.8769 -0.0000
vn -0.4341 -0.9008 -0.0000
vn -0.3901 -0.9208 -0.0000
vn -0.3484 -0.9373 -0.0000
vn -0.3088 -0.9511 -0.0000
vn -0.2711 -0.9626 -0.0000
vn -0.2349 -0.9720 -0.0000
vn -0.1999 -0.9798 -0.0000
vn -0.1659 -0.9861 -0.0000
vn -0.1325 -0.9912 -0.0000
vn -0.1005 -0.9949 -0.0000
vn -0.0795 -0.9968 -0.0000
vn -0.0683 -0.9977 -0.0000
vn -0.0568 -0.9984 -0.0000
vn -0.0449 -0.9990 -0.0000
vn -0.0325 -0.9995 -0.0000
vn -0.0195 -0.9998 -0.0000
vn -0.0058 -1.0000 -0.0000
vn 0.0087 -1.0000 -0.0000
vn 0.0241 -0.9997 -0.0000
vn 0.0405 -0.9992 -0.0000
vn 0.0581 -0.9983 -0.0000
vn 0.7204 -0.6936 -0.0000
vn 0.9985 -0.0547 -0.0000
vn 0.9948 -0.1021 -0.0000
vn 0.9896 -0.1437 -0.0000
vn 0.9834 -0.1815 -0.0000
vn 0.9761 -0.2173 -0.0000
vn 0.9677 -0.2521 -0.0000
vn 0.9579 -0.2871 -0.0000
vn 0.9463 -0.3233 -0.0000
vn 0.9323 -0.3618 -0.0000
vn 0.9150 -0.4036 -0.0000
vn 0.8931 -0.4500 -0.0000
vn 0.8382 0.5454 -0.0000
vn -0.0739 0.9973 -0.0000
vn -0.0675 0.9977 -0.0000
vn -0.0605 0.9982 -0.0000
vn -0.0527 0.9986 -0.0000
vn -0.0440 0.9990 -0.0000
vn -0.0343 0.9994 -0.0000
vn -0.0233 0.9997 -0.0000
vn -0.0108 0.9999 -0.0000
vn 0.0036 1.0000 -0.0000
vn 0.0202 0.9998 -0.0000
vn 0.0398 0.9992 -0.0000
vn 0.0648 0.9979 -0.0000
vn 0.0888 0.9960 -0.0000
vn 0.1108 0.9938 -0.0000
vn 0.1382 0.9904 -0.0000
vn 0.1711 0.9853 -0.0000
vn 0.2095 0.9778 -0.0000
vn 0.2533 0.9674 -0.0000
vn 0.3017 0.9534 -0.0000
vn 0.3538 0.9353 -0.0000
vn 0.4086 0.9127 -0.0000
vn 0.4645 0.8856 -0.0000
vn 0.5199 0.8542 -0.0000
vn 0.5760 0.8174 -0.0000
vn 0.6606 0.7507 -0.0000
vn 0.7591 0.6510 -0.0000
vn 0.8359 0.5489 -0.0000
vn 0.8924 0.4512 -0.0000
vn 0.9321 0.3621 -0.0000
vn 0.9590 0.2833 -0.0000
vn 0.9766 0.2152 -0.0000
vn 0.9876 0.1569 -0.0000
vn 0.9942 0.1073 -0.0000
vn 0.9979 0.0655 -0.0000
vn 0.9995 0.0303 -0.0000
vn 0.9972 -0.0742 -0.0000
vn 0.9888 -0.1492 -0.0000
vn 0.9746 -0.2241 -0.0000
vn 0.9548 -0.2972 -0.0000
vn 0.9301 -0.3672 -0.0000
vn 0.9014 -0.4329 -0.0000
vn 0.8697 -0.4935 -0.0000
vn 0.8360 -0.5487 -0.0000
vn 0.8013 -0.5983 -0.0000
vn 0.7663 -0.6425 -0.0000
vn 0.7317 -0.6817 -0.0000
vn 0.9816 -0.1908 -0.0000
vn 0.9270 0.3751 -0.0000
vn 0.9314 0.3639 -0.0000
vn 0.9351 0.3544 -0.0000
vn 0.9381 0.3463 -0.0000
vn 0.9406 0.3395 -0.0000
vn 0.9426 0.3339 -0.0000
vn 0.9443 0.3292 -0.0000
vn 0.9455 0.3255 -0.0000
vn 0.9465 0.3228 -0.0000
vn 0.9471 0.3209 -0.0000
vn 0.9474 0.3201 -0.0000
vn 0.1327 0.9912 -0.0000
vn 0.4672 -0.8842 -0.0000
vn -0.5590 -0.8291 -0.0000
vn -0.5501 -0.8351 -0.0000
vn -0.5410 -0.8410 -0.0000
vn -0.5317 -0.8469 -0.0000
vn -0.5221 -0.8529 -0.0000
vn -0.5123 -0.8588 -0.0000
vn -0.5023 -0.8647 -0.0000
vn -0.4919 -0.8707 -0.0000
vn -0.4812 -0.8766 -0.0000
vn -0.4702 -0.8825 -0.0000
vn -0.4589 -0.8885 -0.0000
vn 0.3276 -0.9448 -0.0000
vn 0.9024 -0.4309 -0.0000
vn 0.8922 -0.4517 -0.0000
vn 0.8828 -0.4697 -0.0000
vn 0.8740 -0.4859 -0.0000
vn 0.8654 -0.5011 -0.0000
vn 0.8566 -0.5160 -0.0000
vn 0.8474 -0.5310 -0.0000
vn 0.8373 -0.5467 -0.0000
vn 0.8259 -0.5638 -0.0000
vn 0.8125 -0.5829 -0.0000
vn 0.7962 -0.6050 -0.0000
vn 0.9751 0.2217 -0.0000
vn 0.4656 0.8850 -0.0000
vn 0.5086 0.8610 -0.0000
vn 0.5478 0.8366 -0.0000
vn 0.5844 0.8115 -0.0000
vn 0.6189 0.7855 -0.0000
vn 0.6521 0.7581 -0.0000
vn 0.6847 0.7288 -0.0000
vn 0.7171 0.6969 -0.0000
vn 0.7500 0.6614 -0.0000
vn 0.7839 0.6209 -0.0000
vn 0.8190 0.5738 -0.0000
vn 0.4754 0.8798 -0.0000
vn -0.4374 0.8993 -0.0000
vn -0.7709 0.6370 -0.0000
vn -0.7390 0.6737 -0.0000
vn -0.6764 0.7365 -0.0000
vn -0.6452 0.7640 -0.0000
vn -0.6136 0.7896 -0.0000
vn -0.5810 0.8139 -0.0000
vn -0.5471 0.8371 -0.0000
vn -0.5111 0.8595 -0.0000
vn -0.4723 0.8814 -0.0000
vn -0.4299 0.9029 -0.0000
vn -0.9711 0.2387 -0.0000
vn -0.7950 -0.6066 -0.0000
vn -0.8137 -0.5813 -0.0000
vn -0.8287 -0.5597 -0.0000
vn -0.8409 -0.5412 -0.0000
vn -0.8512 -0.5249 -0.0000
vn -0.8598 -0.5106 -0.0000
vn -0.8673 -0.4978 -0.0000
vn -0.8738 -0.4862 -0.0000
vn -0.8797 -0.4756 -0.0000
vn -0.8850 -0.4657 -0.0000
vn -0.8898 -0.4563 -0.0000
vn -0.3179 -0.9481 -0.0000
vn 0.4449 -0.8956 -0.0000
vn 0.4555 -0.8902 -0.0000
vn 0.4656 -0.8850 -0.0000
vn 0.4753 -0.8798 -0.0000
vn 0.4846 -0.8747 -0.0000
vn 0.4936 -0.8697 -0.0000
vn 0.5022 -0.8648 -0.0000
vn 0.5104 -0.8599 -0.0000
vn 0.5184 -0.8551 -0.0000
vn 0.5261 -0.8504 -0.0000
vn 0.5335 -0.8458 -0.0000
vn -0.4811 -0.8767 -0.0000
vn -0.8526 -0.5225 -0.0000
vn -0.8740 0.4860 -0.0000
vn -0.8347 0.5507 -0.0000
vn -0.7875 0.6163 -0.0000
vn -0.7331 0.6801 -0.0000
vn -0.6732 0.7395 -0.0000
vn -0.6103 0.7922 -0.0000
vn -0.5475 0.8368 -0.0000
vn -0.4877 0.8730 -0.0000
vn -0.4333 0.9013 -0.0000
vn -0.3859 0.9225 -0.0000
vn -0.3465 0.9381 -0.0000
vn -0.9788 0.2047 -0.0000
vn -0.6936 -0.7203 -0.0000
vn -0.7202 -0.6937 -0.0000
vn -0.7448 -0.6673 -0.0000
vn -0.7679 -0.6405 -0.0000
vn -0.7902 -0.6128 -0.0000
vn -0.8120 -0.5836 -0.0000
vn -0.8338 -0.5521 -0.0000
vn -0.8556 -0.5177 -0.0000
vn -0.8777 -0.4793 -0.0000
vn -0.9001 -0.4357 -0.0000
vn -0.9227 -0.3856 -0.0000
vn -0.3990 -0.9169 -0.0000
vn 0.3922 -0.9199 -0.0000
vn 0.4320 -0.9019 -0.0000
vn 0.4778 -0.8785 -0.0000
vn 0.5288 -0.8487 -0.0000
vn 0.5835 -0.8121 -0.0000
vn 0.6398 -0.7685 -0.0000
vn 0.6956 -0.7185 -0.0000
vn 0.7485 -0.6631 -0.0000
vn 0.7967 -0.6044 -0.0000
vn 0.8389 -0.5442 -0.0000
vn 0.8746 -0.4848 -0.0000
vn -0.0282 -0.9996 -0.0000
vn -0.8974 -0.4412 -0.0000
vn -0.8578 -0.5139 -0.0000
vn -0.8112 -0.5847 -0.0000
vn -0.7586 -0.6515 -0.0000
vn -0.7015 -0.7127 -0.0000
vn -0.6416 -0.7670 -0.0000
vn -0.5807 -0.8141 -0.0000
vn -0.5204 -0.8539 -0.0000
vn -0.4619 -0.8869 -0.0000
vn -0.4063 -0.9137 -0.0000
vn -0.3540 -0.9352 -0.0000
vn 0.3869 -0.9221 -0.0000
vn 0.8941 -0.4478 -0.0000
vn 0.8751 -0.4839 -0.0000
vn 0.8589 -0.5121 -0.0000
vn 0.8442 -0.5361 -0.0000
vn 0.8300 -0.5578 -0.0000
vn 0.8156 -0.5786 -0.0000
vn 0.8001 -0.5999 -0.0000
vn 0.7826 -0.6225 -0.0000
vn 0.7617 -0.6480 -0.0000
vn 0.7352 -0.6778 -0.0000
vn 0.6995 -0.7146 -0.0000
vn 0.9781 0.2083 -0.0000
vn 0.3451 0.9386 -0.0000
vn 0.3973 0.9177 -0.0000
vn 0.4545 0.8907 -0.0000
vn 0.5165 0.8563 -0.0000
vn 0.5821 0.8131 -0.0000
vn 0.6498 0.7601 -0.0000
vn 0.7170 0.6971 -0.0000
vn 0.7809 0.6246 -0.0000
vn 0.8386 0.5447 -0.0000
vn 0.8877 0.4605 -0.0000
vn 0.8165 -0.5774 -0.0000
vn 0.9553 0.2955 -0.0000
vn 0.5744 -0.8186 -0.0000
vn 0.5935 -0.8048 -0.0000
vn 0.6123 -0.7906 -0.0000
vn 0.6309 -0.7759 -0.0000
vn 0.6494 -0.7604 -0.0000
vn 0.6681 -0.7440 -0.0000
vn 0.6871 -0.7265 -0.0000
vn 0.7066 -0.7076 -0.0000
vn 0.7267 -0.6869 -0.0000
vn 0.7476 -0.6641 -0.0000
vn 0.7695 -0.6386 -0.0000
vn -0.0255 -0.9997 -0.0000
vn -0.8002 -0.5997 -0.0000
vn -0.7780 -0.6283 -0.0000
vn -0.7567 -0.6538 -0.0000
vn -0.7361 -0.6768 -0.0000
vn -0.7163 -0.6978 -0.0000
vn -0.6969 -0.7172 -0.0000
vn -0.6778 -0.7353 -0.0000
vn -0.6589 -0.7522 -0.0000
vn -0.6401 -0.7683 -0.0000
vn -0.6211 -0.7837 -0.0000
vn -0.6019 -0.7986 -0.0000
vn -0.9502 0.3116 -0.0000
vn 0.9981 0.0619 -0.0000
vn 0.9982 0.0605 -0.0000
vn 0.9983 0.0583 -0.0000
vn 0.9985 0.0553 -0.0000
vn 0.9987 0.0515 -0.0000
vn 0.9989 0.0466 -0.0000
vn 0.9992 0.0410 -0.0000
vn 0.9996 0.0272 -0.0000
vn 0.9998 0.0190 -0.0000
vn 1.0000 0.0099 -0.0000
vn 1.0000 0.0025 -0.0000
vn -0.7223 0.6916 -0.0000
vn -0.9998 -0.0217 -0.0000
vn 0.9411 0.3381 -0.0000
vn 0.7715 0.6362 -0.0000
vn 0.7748 0.6322 -0.0000
vn 0.7784 0.6278 -0.0000
vn 0.7832 0.6218 -0.0000
vn 0.7893 0.6140 -0.0000
vn 0.7968 0.6042 -0.0000
vn 0.8059 0.5921 -0.0000
vn 0.8167 0.5770 -0.0000
vn 0.8297 0.5582 -0.0000
vn 0.8451 0.5345 -0.0000
vn 0.8603 0.5098 -0.0000
vn 0.8707 0.4918 -0.0000
vn 0.8798 0.4753 -0.0000
vn 0.8921 0.4518 -0.0000
vn 0.9073 0.4204 -0.0000
vn 0.9245 0.3811 -0.0000
vn 0.9425 0.3341 -0.0000
vn 0.9598 0.2808 -0.0000
vn 0.9748 0.2231 -0.0000
vn 0.9865 0.1637 -0.0000
vn 0.9944 0.1054 -0.0000
vn 0.9987 0.0505 -0.0000
vn 0.9999 -0.0159 -0.0000
vn 0.9935 -0.1136 -0.0000
vn 0.9732 -0.2298 -0.0000
vn 0.9379 -0.3470 -0.0000
vn 0.8865 -0.4627 -0.0000
vn 0.8187 -0.5742 -0.0000
vn 0.7347 -0.6783 -0.0000
vn 0.6354 -0.7722 -0.0000
vn 0.5226 -0.8526 -0.0000
vn 0.3990 -0.9170 -0.0000
vn 0.2680 -0.9634 -0.0000
vn 0.1338 -0.9910 -0.0000
vn 0.0138 -0.9999 -0.0000
vn -0.0789 -0.9969 -0.0000
vn -0.1615 -0.9869 -0.0000
vn -0.2464 -0.9692 -0.0000
vn -0.3308 -0.9437 -0.0000
vn -0.4119 -0.9112 -0.0000
vn -0.4875 -0.8731 -0.0000
vn -0.5561 -0.8311 -0.0000
vn -0.6168 -0.7871 -0.0000
vn -0.6696 -0.7427 -0.0000
vn -0.7150 -0.6992 -0.0000
vn -0.7534 -0.6575 -0.0000
vn 0.3385 -0.9410 -0.0000
vn 0.8972 0.4416 -0.0000
vn 0.5938 0.8046 -0.0000
vn 0.5592 0.8290 -0.0000
vn 0.5202 0.8540 -0.0000
vn 0.4766 0.8791 -0.0000
vn 0.4283 0.9036 -0.0000
vn 0.3755 0.9268 -0.0000
vn 0.3185 0.9479 -0.0000
vn 0.2580 0.9662 -0.0000
vn 0.1947 0.9809 -0.0000
vn 0.1299 0.9915 -0.0000
vn 0.0646 0.9979 -0.0000
vn -0.0137 0.9999 -0.0000
vn -0.1214 0.9926 -0.0000
vn -0.2464 0.9692 -0.0000
vn -0.3723 0.9281 -0.0000
vn -0.4952 0.8688 -0.0000
vn -0.6109 0.7917 -0.0000
vn -0.7153 0.6988 -0.0000
vn -0.8053 0.5929 -0.0000
vn -0.8785 0.4778 -0.0000
vn -0.9339 0.3575 -0.0000
vn -0.9718 0.2358 -0.0000
vn -0.9933 0.1159 -0.0000
vn -1.0000 0.0053 -0.0000
vn -0.9956 -0.0942 -0.0000
vn -0.9818 -0.1898 -0.0000
vn -0.9595 -0.2817 -0.0000
vn -0.9312 -0.3646 -0.0000
vn -0.9002 -0.4354 -0.0000
vn -0.8699 -0.4932 -0.0000
vn -0.8425 -0.5387 -0.0000
vn -0.8190 -0.5738 -0.0000
vn -0.7999 -0.6001 -0.0000
vn -0.7851 -0.6194 -0.0000
vn -0.7740 -0.6332 -0.0000
vn -0.9052 0.4250 -0.0000
vt 0.516129 0.000000
vt 0.521994 0.000000
vt 0.519062 0.000000
vt 0.524927 0.000000
vt 0.513196 0.000000
vt 0.527859 0.000000
vt 0.404692 0.000000
vt 0.002933 0.000000
vt 0.000000 0.000000
vt 0.398827 0.000000
vt 0.392962 0.000000
vt 0.401760 0.000000
vt 0.510264 0.000000
vt 0.903226 0.000000
vt 0.530792 0.000000
vt 0.906158 0.000000
vt 0.900293 0.000000
vt 0.507331 0.000000
vt 0.005865 0.000000
vt 0.533724 0.000000
vt 0.909091 0.000000
vt 0.897361 0.000000
vt 0.504399 0.000000
vt 0.390029 0.000000
vt 0.008798 0.000000
vt 0.536657 0.000000
vt 0.912023 0.000000
vt 0.894428 0.000000
vt 0.914956 0.000000
vt 0.395894 0.000000
vt 0.387097 0.000000
vt 0.891496 0.000000
vt 0.501466 0.000000
vt 0.011730 0.000000
vt 0.539589 0.000000
vt 0.917889 0.000000
vt 0.888563 0.000000
vt 0.384164 0.000000
vt 0.498534 0.000000
vt 0.542522 0.000000
vt 0.014663 0.000000
vt 0.920821 0.000000
vt 0.885630 0.000000
vt 0.381232 0.000000
vt 0.545455 0.000000
vt 0.923754 0.000000
vt 0.495601 0.000000
vt 0.882698 0.000000
vt 0.017595 0.000000
vt 0.378299 0.000000
vt 0.926686 0.000000
vt 0.879765 0.000000
vt 0.548387 0.000000
vt 0.492669 0.000000
vt 0.020528 0.000000
vt 0.929619 0.000000
vt 0.876833 0.000000
vt 0.375367 0.000000
vt 0.551320 0.000000
vt 0.489736 0.000000
vt 0.932551 0.000000
vt 0.873900 0.000000
vt 0.554252 0.000000
vt 0.023460 0.000000
vt 0.372434 0.000000
vt 0.486804 0.000000
vt 0.935484 0.000000
vt 0.870968 0.000000
vt 0.557185 0.000000
vt 0.938416 0.000000
vt 0.483871 0.000000
vt 0.868035 0.000000
vt 0.560117 0.000000
vt 0.369501 0.000000
vt 0.026393 0.000000
vt 0.563050 0.000000
vt 0.565982 0.000000
vt 0.480938 0.000000
vt 0.627566 0.000000
vt 0.568915 0.000000
vt 0.478006 0.000000
vt 0.413490 0.000000
vt 0.630499 0.000000
vt 0.624633 0.000000
vt 0.416422 0.000000
vt 0.410557 0.000000
vt 0.571847 0.000000
vt 0.475073 0.000000
vt 0.621701 0.000000
vt 0.366569 0.000000
vt 0.419355 0.000000
vt 0.472141 0.000000
vt 0.029326 0.000000
vt 0.574780 0.000000
vt 0.618768 0.000000
vt 0.422287 0.000000
vt 0.469208 0.000000
vt 0.615836 0.000000
vt 0.577713 0.000000
vt 0.425220 0.000000
vt 0.612903 0.000000
vt 0.466276 0.000000
vt 0.580645 0.000000
vt 0.428153 0.000000
vt 0.609971 0.000000
vt 0.463343 0.000000
vt 0.583578 0.000000
vt 0.607038 0.000000
vt 0.431085 0.000000
vt 0.363636 0.000000
vt 0.460411 0.000000
vt 0.604106 0.000000
vt 0.434018 0.000000
vt 0.586510 0.000000
vt 0.032258 0.000000
vt 0.601173 0.000000
vt 0.457478 0.000000
vt 0.436950 0.000000
vt 0.589443 0.000000
vt 0.598240 0.000000
vt 0.439883 0.000000
vt 0.454545 0.000000
vt 0.595308 0.000000
vt 0.592375 0.000000
vt 0.442815 0.000000
vt 0.451613 0.000000
vt 0.360704 0.000000
vt 0.445748 0.000000
vt 0.448680 0.000000
vt 0.035191 0.000000
vt 0.407625 0.000000
vt 0.865103 0.000000
vt 0.633431 0.000000
vt 0.636364 0.000000
vt 0.357771 0.000000
vt 0.038123 0.000000
vt 0.354839 0.000000
vt 0.041056 0.000000
vt 0.351906 0.000000
vt 0.043988 0.000000
vt 0.348974 0.000000
vt 0.046921 0.000000
vt 0.346041 0.000000
vt 0.859238 0.000000
vt 0.982405 0.000000
vt 0.862170 0.000000
vt 0.639296 0.000000
vt 0.979472 0.000000
vt 0.997067 0.000000
vt 0.994135 0.000000
vt 0.642229 0.000000
vt 0.049853 0.000000
vt 0.343109 0.000000
vt 0.052786 0.000000
vt 0.340176 0.000000
vt 0.055718 0.000000
vt 0.337243 0.000000
vt 0.985337 0.000000
vt 0.976540 0.000000
vt 1.000000 0.000000
vt 0.991202 0.000000
vt 0.058651 0.000000
vt 0.334311 0.000000
vt 0.061584 0.000000
vt 0.331378 0.000000
vt 0.328446 0.000000
vt 0.064516 0.000000
vt 0.325513 0.000000
vt 0.067449 0.000000
vt 0.322581 0.000000
vt 0.070381 0.000000
vt 0.319648 0.000000
vt 0.973607 0.000000
vt 0.073314 0.000000
vt 0.988270 0.000000
vt 0.970675 0.000000
vt 0.316716 0.000000
vt 0.967742 0.000000
vt 0.964809 0.000000
vt 0.313783 0.000000
vt 0.076246 0.000000
vt 0.961877 0.000000
vt 0.958944 0.000000
vt 0.310850 0.000000
vt 0.956012 0.000000
vt 0.953079 0.000000
vt 0.079179 0.000000
vt 0.307918 0.000000
vt 0.950147 0.000000
vt 0.947214 0.000000
vt 0.304985 0.000000
vt 0.944282 0.000000
vt 0.082111 0.000000
vt 0.302053 0.000000
vt 0.941349 0.000000
vt 0.299120 0.000000
vt 0.085044 0.000000
vt 0.296188 0.000000
vt 0.293255 0.000000
vt 0.290323 0.000000
vt 0.087977 0.000000
vt 0.287390 0.000000
vt 0.284457 0.000000
vt 0.281525 0.000000
vt 0.090909 0.000000
vt 0.278592 0.000000
vt 0.275660 0.000000
vt 0.272727 0.000000
vt 0.269795 0.000000
vt 0.266862 0.000000
vt 0.263930 0.000000
vt 0.260997 0.000000
vt 0.211144 0.000000
vt 0.217009 0.000000
vt 0.214076 0.000000
vt 0.219941 0.000000
vt 0.258065 0.000000
vt 0.222874 0.000000
vt 0.255132 0.000000
vt 0.225806 0.000000
vt 0.252199 0.000000
vt 0.228739 0.000000
vt 0.249267 0.000000
vt 0.231672 0.000000
vt 0.246334 0.000000
vt 0.234604 0.000000
vt 0.243402 0.000000
vt 0.237537 0.000000
vt 0.240469 0.000000
vt 0.093842 0.000000
vt 0.208211 0.000000
vt 0.205279 0.000000
vt 0.096774 0.000000
vt 0.202346 0.000000
vt 0.099707 0.000000
vt 0.199413 0.000000
vt 0.856305 0.000000
vt 0.853372 0.000000
vt 0.645161 0.000000
vt 0.648094 0.000000
vt 0.196481 0.000000
vt 0.102639 0.000000
vt 0.193548 0.000000
vt 0.105572 0.000000
vt 0.190616 0.000000
vt 0.108504 0.000000
vt 0.187683 0.000000
vt 0.111437 0.000000
vt 0.850440 0.000000
vt 0.114370 0.000000
vt 0.184751 0.000000
vt 0.117302 0.000000
vt 0.120235 0.000000
vt 0.750733 0.000000
vt 0.651026 0.000000
vt 0.123167 0.000000
vt 0.181818 0.000000
vt 0.126100 0.000000
vt 0.129032 0.000000
vt 0.131965 0.000000
vt 0.178886 0.000000
vt 0.134897 0.000000
vt 0.137830 0.000000
vt 0.140762 0.000000
vt 0.143695 0.000000
vt 0.146628 0.000000
vt 0.149560 0.000000
vt 0.152493 0.000000
vt 0.175953 0.000000
vt 0.155425 0.000000
vt 0.173021 0.000000
vt 0.158358 0.000000
vt 0.170088 0.000000
vt 0.161290 0.000000
vt 0.167155 0.000000
vt 0.164223 0.000000
vt 0.847507 0.000000
vt 0.753666 0.000000
vt 0.747801 0.000000
vt 0.653959 0.000000
vt 0.844575 0.000000
vt 0.756598 0.000000
vt 0.744868 0.000000
vt 0.656892 0.000000
vt 0.841642 0.000000
vt 0.759531 0.000000
vt 0.838710 0.000000
vt 0.659824 0.000000
vt 0.741935 0.000000
vt 0.762463 0.000000
vt 0.835777 0.000000
vt 0.662757 0.000000
vt 0.739003 0.000000
vt 0.765396 0.000000
vt 0.665689 0.000000
vt 0.832845 0.000000
vt 0.736070 0.000000
vt 0.768328 0.000000
vt 0.668622 0.000000
vt 0.829912 0.000000
vt 0.671554 0.000000
vt 0.733138 0.000000
vt 0.826979 0.000000
vt 0.771261 0.000000
vt 0.674487 0.000000
vt 0.824047 0.000000
vt 0.730205 0.000000
vt 0.677419 0.000000
vt 0.774194 0.000000
vt 0.680352 0.000000
vt 0.821114 0.000000
vt 0.727273 0.000000
vt 0.777126 0.000000
vt 0.683284 0.000000
vt 0.686217 0.000000
vt 0.818182 0.000000
vt 0.689150 0.000000
vt 0.815249 0.000000
vt 0.724340 0.000000
vt 0.692082 0.000000
vt 0.812317 0.000000
vt 0.780059 0.000000
vt 0.695015 0.000000
vt 0.809384 0.000000
vt 0.806452 0.000000
vt 0.697947 0.000000
vt 0.721408 0.000000
vt 0.803519 0.000000
vt 0.700880 0.000000
vt 0.782991 0.000000
vt 0.800587 0.000000
vt 0.703812 0.000000
vt 0.797654 0.000000
vt 0.718475 0.000000
vt 0.706745 0.000000
vt 0.794721 0.000000
vt 0.709677 0.000000
vt 0.791789 0.000000
vt 0.788856 0.000000
vt 0.785924 0.000000
vt 0.715542 0.000000
vt 0.712610 0.000000
vt 0.714286 0.000000
vt 0.657143 0.000000
vt 0.742857 0.000000
vt 0.771429 0.000000
vt 0.628571 0.000000
vt 0.571429 0.000000
vt 0.685714 0.000000
vt 0.600000 0.000000
vt 0.828571 0.000000
vt 0.885714 0.000000
vt 0.857143 0.000000
vt 0.800000 0.000000
vt 0.942857 0.000000
vt 0.971429 0.000000
vt 0.914286 0.000000
vt 0.485714 0.000000
vt 0.142857 0.000000
vt 0.514286 0.000000
vt 0.542857 0.000000
vt 0.114286 0.000000
vt 0.342857 0.000000
vt 0.171429 0.000000
vt 0.200000 0.000000
vt 0.057143 0.000000
vt 0.028571 0.000000
vt 0.085714 0.000000
vt 0.285714 0.000000
vt 0.257143 0.000000
vt 0.314286 0.000000
vt 0.228571 0.000000
vt 0.428571 0.000000
vt 0.400000 0.000000
vt 0.457143 0.000000
vt 0.371429 0.000000
vt 0.525641 0.000000
vt 0.538462 0.000000
vt 0.532051 0.000000
vt 0.544872 0.000000
vt 0.519231 0.000000
vt 0.551282 0.000000
vt 0.512821 0.000000
vt 0.557692 0.000000
vt 0.506410 0.000000
vt 0.564103 0.000000
vt 0.500000 0.000000
vt 0.224359 0.000000
vt 0.923077 0.000000
vt 0.929487 0.000000
vt 0.916667 0.000000
vt 0.230769 0.000000
vt 0.217949 0.000000
vt 0.570513 0.000000
vt 0.910256 0.000000
vt 0.237179 0.000000
vt 0.493590 0.000000
vt 0.903846 0.000000
vt 0.935897 0.000000
vt 0.243590 0.000000
vt 0.211538 0.000000
vt 0.897436 0.000000
vt 0.576923 0.000000
vt 0.250000 0.000000
vt 0.942308 0.000000
vt 0.487179 0.000000
vt 0.205128 0.000000
vt 0.891026 0.000000
vt 0.256410 0.000000
vt 0.583333 0.000000
vt 0.884615 0.000000
vt 0.198718 0.000000
vt 0.948718 0.000000
vt 0.480769 0.000000
vt 0.262821 0.000000
vt 0.192308 0.000000
vt 0.878205 0.000000
vt 0.955128 0.000000
vt 0.589744 0.000000
vt 0.185897 0.000000
vt 0.961538 0.000000
vt 0.871795 0.000000
vt 0.269231 0.000000
vt 0.474359 0.000000
vt 0.179487 0.000000
vt 0.967949 0.000000
vt 0.596154 0.000000
vt 0.865385 0.000000
vt 0.275641 0.000000
vt 0.173077 0.000000
vt 0.974359 0.000000
vt 0.467949 0.000000
vt 0.858974 0.000000
vt 0.166667 0.000000
vt 0.282051 0.000000
vt 0.980769 0.000000
vt 0.602564 0.000000
vt 0.160256 0.000000
vt 0.987179 0.000000
vt 0.852564 0.000000
vt 0.288462 0.000000
vt 0.461538 0.000000
vt 0.153846 0.000000
vt 0.993590 0.000000
vt 0.608974 0.000000
vt 0.147436 0.000000
vt 0.846154 0.000000
vt 0.294872 0.000000
vt 0.141026 0.000000
vt 0.455128 0.000000
vt 0.307692 0.000000
vt 0.839744 0.000000
vt 0.301282 0.000000
vt 0.615385 0.000000
vt 0.134615 0.000000
vt 0.833333 0.000000
vt 0.448718 0.000000
vt 0.314103 0.000000
vt 0.621795 0.000000
vt 0.128205 0.000000
vt 0.006410 0.000000
vt 0.826923 0.000000
vt 0.442308 0.000000
vt 0.121795 0.000000
vt 0.012821 0.000000
vt 0.320513 0.000000
vt 0.628205 0.000000
vt 0.820513 0.000000
vt 0.019231 0.000000
vt 0.115385 0.000000
vt 0.435897 0.000000
vt 0.326923 0.000000
vt 0.025641 0.000000
vt 0.108974 0.000000
vt 0.634615 0.000000
vt 0.814103 0.000000
vt 0.429487 0.000000
vt 0.032051 0.000000
vt 0.102564 0.000000
vt 0.333333 0.000000
vt 0.038462 0.000000
vt 0.807692 0.000000
vt 0.096154 0.000000
vt 0.423077 0.000000
vt 0.044872 0.000000
vt 0.641026 0.000000
vt 0.089744 0.000000
vt 0.051282 0.000000
vt 0.801282 0.000000
vt 0.339744 0.000000
vt 0.083333 0.000000
vt 0.057692 0.000000
vt 0.076923 0.000000
vt 0.064103 0.000000
vt 0.416667 0.000000
vt 0.070513 0.000000
vt 0.794872 0.000000
vt 0.647436 0.000000
vt 0.346154 0.000000
vt 0.410256 0.000000
vt 0.788462 0.000000
vt 0.352564 0.000000
vt 0.403846 0.000000
vt 0.653846 0.000000
vt 0.782051 0.000000
vt 0.358974 0.000000
vt 0.397436 0.000000
vt 0.775641 0.000000
vt 0.769231 0.000000
vt 0.365385 0.000000
vt 0.391026 0.000000
vt 0.660256 0.000000
vt 0.762821 0.000000
vt 0.756410 0.000000
vt 0.750000 0.000000
vt 0.371795 0.000000
vt 0.384615 0.000000
vt 0.743590 0.000000
vt 0.737179 0.000000
vt 0.730769 0.000000
vt 0.724359 0.000000
vt 0.717949 0.000000
vt 0.711538 0.000000
vt 0.378205 0.000000
vt 0.705128 0.000000
vt 0.698718 0.000000
vt 0.692308 0.000000
vt 0.685897 0.000000
vt 0.666667 0.000000
vt 0.673077 0.000000
vt 0.679487 0.000000
vt 0.113636 0.000000
vt 0.136364 0.000000
vt 0.125000 0.000000
vt 0.147727 0.000000
vt 0.159091 0.000000
vt 0.102273 0.000000
vt 0.170455 0.000000
vt 0.079545 0.000000
vt 0.193182 0.000000
vt 0.068182 0.000000
vt 0.204545 0.000000
vt 0.056818 0.000000
vt 0.215909 0.000000
vt 0.045455 0.000000
vt 0.227273 0.000000
vt 0.034091 0.000000
vt 0.238636 0.000000
vt 0.022727 0.000000
vt 0.011364 0.000000
vt 0.261364 0.000000
vt 0.988636 0.000000
vt 0.284091 0.000000
vt 0.977273 0.000000
vt 0.965909 0.000000
vt 0.954545 0.000000
vt 0.295455 0.000000
vt 0.306818 0.000000
vt 0.943182 0.000000
vt 0.318182 0.000000
vt 0.329545 0.000000
vt 0.340909 0.000000
vt 0.352273 0.000000
vt 0.931818 0.000000
vt 0.568182 0.000000
vt 0.579545 0.000000
vt 0.556818 0.000000
vt 0.375000 0.000000
vt 0.386364 0.000000
vt 0.534091 0.000000
vt 0.522727 0.000000
vt 0.397727 0.000000
vt 0.511364 0.000000
vt 0.409091 0.000000
vt 0.920455 0.000000
vt 0.420455 0.000000
vt 0.488636 0.000000
vt 0.477273 0.000000
vt 0.465909 0.000000
vt 0.443182 0.000000
vt 0.431818 0.000000
vt 0.897727 0.000000
vt 0.886364 0.000000
vt 0.875000 0.000000
vt 0.863636 0.000000
vt 0.852273 0.000000
vt 0.590909 0.000000
vt 0.602273 0.000000
vt 0.840909 0.000000
vt 0.613636 0.000000
vt 0.829545 0.000000
vt 0.625000 0.000000
vt 0.806818 0.000000
vt 0.647727 0.000000
vt 0.795455 0.000000
vt 0.659091 0.000000
vt 0.784091 0.000000
vt 0.670455 0.000000
vt 0.772727 0.000000
vt 0.681818 0.000000
vt 0.761364 0.000000
vt 0.693182 0.000000
vt 0.704545 0.000000
vt 0.738636 0.000000
vt 0.715909 0.000000
vt 0.106195 0.000000
vt 0.123894 0.000000
vt 0.115044 0.000000
vt 0.132743 0.000000
vt 0.097345 0.000000
vt 0.141593 0.000000
vt 0.646018 0.000000
vt 0.663717 0.000000
vt 0.654867 0.000000
vt 0.088496 0.000000
vt 0.150442 0.000000
vt 0.884956 0.000000
vt 0.902655 0.000000
vt 0.893805 0.000000
vt 0.079646 0.000000
vt 0.672566 0.000000
vt 0.637168 0.000000
vt 0.681416 0.000000
vt 0.911504 0.000000
vt 0.159292 0.000000
vt 0.690265 0.000000
vt 0.699115 0.000000
vt 0.070796 0.000000
vt 0.707965 0.000000
vt 0.920354 0.000000
vt 0.876106 0.000000
vt 0.716814 0.000000
vt 0.725664 0.000000
vt 0.168142 0.000000
vt 0.734513 0.000000
vt 0.867257 0.000000
vt 0.061947 0.000000
vt 0.743363 0.000000
vt 0.628319 0.000000
vt 0.752212 0.000000
vt 0.929204 0.000000
vt 0.761062 0.000000
vt 0.769912 0.000000
vt 0.858407 0.000000
vt 0.230089 0.000000
vt 0.176991 0.000000
vt 0.053097 0.000000
vt 0.938053 0.000000
vt 0.849558 0.000000
vt 0.619469 0.000000
vt 0.185841 0.000000
vt 0.238938 0.000000
vt 0.044248 0.000000
vt 0.946903 0.000000
vt 0.840708 0.000000
vt 0.194690 0.000000
vt 0.035398 0.000000
vt 0.610619 0.000000
vt 0.955752 0.000000
vt 0.247788 0.000000
vt 0.831858 0.000000
vt 0.203540 0.000000
vt 0.026549 0.000000
vt 0.964602 0.000000
vt 0.823009 0.000000
vt 0.601770 0.000000
vt 0.212389 0.000000
vt 0.256637 0.000000
vt 0.017699 0.000000
vt 0.221239 0.000000
vt 0.973451 0.000000
vt 0.814159 0.000000
vt 0.008850 0.000000
vt 0.265487 0.000000
vt 0.592920 0.000000
vt 0.982301 0.000000
vt 0.805310 0.000000
vt 0.274336 0.000000
vt 0.991150 0.000000
vt 0.584071 0.000000
vt 0.796460 0.000000
vt 0.283186 0.000000
vt 0.787611 0.000000
vt 0.575221 0.000000
vt 0.778761 0.000000
vt 0.292035 0.000000
vt 0.566372 0.000000
vt 0.300885 0.000000
vt 0.557522 0.000000
vt 0.309735 0.000000
vt 0.548673 0.000000
vt 0.318584 0.000000
vt 0.539823 0.000000
vt 0.327434 0.000000
vt 0.530973 0.000000
vt 0.336283 0.000000
vt 0.522124 0.000000
vt 0.345133 0.000000
vt 0.513274 0.000000
vt 0.504425 0.000000
vt 0.353982 0.000000
vt 0.495575 0.000000
vt 0.362832 0.000000
vt 0.486726 0.000000
vt 0.371681 0.000000
vt 0.477876 0.000000
vt 0.469027 0.000000
vt 0.380531 0.000000
vt 0.460177 0.000000
vt 0.389381 0.000000
vt 0.451327 0.000000
vt 0.442478 0.000000
vt 0.398230 0.000000
vt 0.433628 0.000000
vt 0.407080 0.000000
vt 0.415929 0.000000
vt 0.424779 0.000000
vt 0.146718 0.000000
vt 0.154440 0.000000
vt 0.150579 0.000000
vt 0.158301 0.000000
vt 0.162162 0.000000
vt 0.046332 0.000000
vt 0.054054 0.000000
vt 0.050193 0.000000
vt 0.166023 0.000000
vt 0.138996 0.000000
vt 0.057915 0.000000
vt 0.169884 0.000000
vt 0.135135 0.000000
vt 0.447876 0.000000
vt 0.455598 0.000000
vt 0.451737 0.000000
vt 0.459459 0.000000
vt 0.061776 0.000000
vt 0.042471 0.000000
vt 0.463320 0.000000
vt 0.444015 0.000000
vt 0.131274 0.000000
vt 0.173745 0.000000
vt 0.467181 0.000000
vt 0.440154 0.000000
vt 0.065637 0.000000
vt 0.038610 0.000000
vt 0.471042 0.000000
vt 0.436293 0.000000
vt 0.127413 0.000000
vt 0.177606 0.000000
vt 0.474903 0.000000
vt 0.432432 0.000000
vt 0.069498 0.000000
vt 0.034749 0.000000
vt 0.478764 0.000000
vt 0.123552 0.000000
vt 0.181467 0.000000
vt 0.424710 0.000000
vt 0.482625 0.000000
vt 0.073359 0.000000
vt 0.030888 0.000000
vt 0.420849 0.000000
vt 0.119691 0.000000
vt 0.486486 0.000000
vt 0.185328 0.000000
vt 0.077220 0.000000
vt 0.027027 0.000000
vt 0.416988 0.000000
vt 0.490348 0.000000
vt 0.115830 0.000000
vt 0.413127 0.000000
vt 0.494208 0.000000
vt 0.189189 0.000000
vt 0.081081 0.000000
vt 0.023166 0.000000
vt 0.409266 0.000000
vt 0.498069 0.000000
vt 0.111969 0.000000
vt 0.193050 0.000000
vt 0.405405 0.000000
vt 0.501930 0.000000
vt 0.084942 0.000000
vt 0.019305 0.000000
vt 0.401544 0.000000
vt 0.505791 0.000000
vt 0.108108 0.000000
vt 0.196911 0.000000
vt 0.088803 0.000000
vt 0.015444 0.000000
vt 0.104247 0.000000
vt 0.100386 0.000000
vt 0.092664 0.000000
vt 0.011583 0.000000
vt 0.096525 0.000000
vt 0.007722 0.000000
vt 0.003861 0.000000
vt 0.949807 0.000000
vt 0.957529 0.000000
vt 0.953668 0.000000
vt 0.552124 0.000000
vt 0.559846 0.000000
vt 0.555985 0.000000
vt 0.548263 0.000000
vt 0.961390 0.000000
vt 0.544402 0.000000
vt 0.965251 0.000000
vt 0.540541 0.000000
vt 0.969112 0.000000
vt 0.536680 0.000000
vt 0.972973 0.000000
vt 0.532819 0.000000
vt 0.976834 0.000000
vt 0.528958 0.000000
vt 0.980695 0.000000
vt 0.525097 0.000000
vt 0.984556 0.000000
vt 0.521236 0.000000
vt 0.988417 0.000000
vt 0.517375 0.000000
vt 0.992278 0.000000
vt 0.513514 0.000000
vt 0.996139 0.000000
vt 0.509652 0.000000
vt 0.945946 0.000000
vt 0.942085 0.000000
vt 0.938224 0.000000
vt 0.934363 0.000000
vt 0.930502 0.000000
vt 0.926641 0.000000
vt 0.922780 0.000000
vt 0.918919 0.000000
vt 0.915058 0.000000
vt 0.911197 0.000000
vt 0.907336 0.000000
vt 0.903475 0.000000
vt 0.899614 0.000000
vt 0.606178 0.000000
vt 0.602317 0.000000
vt 0.598456 0.000000
vt 0.594595 0.000000
vt 0.590734 0.000000
vt 0.586873 0.000000
vt 0.583012 0.000000
vt 0.579151 0.000000
vt 0.575290 0.000000
vt 0.567568 0.000000
vt 0.563707 0.000000
vt 0.895753 0.000000
vt 0.610039 0.000000
vt 0.613900 0.000000
vt 0.891892 0.000000
vt 0.617761 0.000000
vt 0.888031 0.000000
vt 0.621622 0.000000
vt 0.884170 0.000000
vt 0.625483 0.000000
vt 0.880309 0.000000
vt 0.629344 0.000000
vt 0.243243 0.000000
vt 0.250965 0.000000
vt 0.247104 0.000000
vt 0.347490 0.000000
vt 0.355212 0.000000
vt 0.351351 0.000000
vt 0.876448 0.000000
vt 0.359073 0.000000
vt 0.239382 0.000000
vt 0.633205 0.000000
vt 0.254826 0.000000
vt 0.343629 0.000000
vt 0.362934 0.000000
vt 0.235521 0.000000
vt 0.339768 0.000000
vt 0.258687 0.000000
vt 0.872587 0.000000
vt 0.366795 0.000000
vt 0.231660 0.000000
vt 0.335907 0.000000
vt 0.637066 0.000000
vt 0.262548 0.000000
vt 0.370656 0.000000
vt 0.227799 0.000000
vt 0.332046 0.000000
vt 0.266409 0.000000
vt 0.374517 0.000000
vt 0.868726 0.000000
vt 0.223938 0.000000
vt 0.328185 0.000000
vt 0.378378 0.000000
vt 0.640927 0.000000
vt 0.270270 0.000000
vt 0.220077 0.000000
vt 0.324324 0.000000
vt 0.382239 0.000000
vt 0.274131 0.000000
vt 0.864865 0.000000
vt 0.216216 0.000000
vt 0.320463 0.000000
vt 0.386100 0.000000
vt 0.644788 0.000000
vt 0.277992 0.000000
vt 0.212355 0.000000
vt 0.316602 0.000000
vt 0.389961 0.000000
vt 0.861004 0.000000
vt 0.281853 0.000000
vt 0.208494 0.000000
vt 0.312741 0.000000
vt 0.393822 0.000000
vt 0.204633 0.000000
vt 0.648649 0.000000
vt 0.308880 0.000000
vt 0.397683 0.000000
vt 0.200772 0.000000
vt 0.289575 0.000000
vt 0.305019 0.000000
vt 0.297297 0.000000
vt 0.301158 0.000000
vt 0.652510 0.000000
vt 0.293436 0.000000
vt 0.853282 0.000000
vt 0.656371 0.000000
vt 0.849421 0.000000
vt 0.845560 0.000000
vt 0.841699 0.000000
vt 0.660232 0.000000
vt 0.837838 0.000000
vt 0.833977 0.000000
vt 0.830116 0.000000
vt 0.826255 0.000000
vt 0.752896 0.000000
vt 0.760618 0.000000
vt 0.756757 0.000000
vt 0.764479 0.000000
vt 0.822394 0.000000
vt 0.768340 0.000000
vt 0.772201 0.000000
vt 0.818533 0.000000
vt 0.776062 0.000000
vt 0.664093 0.000000
vt 0.779923 0.000000
vt 0.814672 0.000000
vt 0.783784 0.000000
vt 0.810811 0.000000
vt 0.787645 0.000000
vt 0.791506 0.000000
vt 0.806950 0.000000
vt 0.795367 0.000000
vt 0.799228 0.000000
vt 0.803089 0.000000
vt 0.667954 0.000000
vt 0.671815 0.000000
vt 0.675676 0.000000
vt 0.679537 0.000000
vt 0.683398 0.000000
vt 0.687259 0.000000
vt 0.691120 0.000000
vt 0.694981 0.000000
vt 0.749035 0.000000
vt 0.745174 0.000000
vt 0.741313 0.000000
vt 0.698842 0.000000
vt 0.737452 0.000000
vt 0.733591 0.000000
vt 0.729730 0.000000
vt 0.702703 0.000000
vt 0.725869 0.000000
vt 0.722008 0.000000
vt 0.718147 0.000000
vt 0.706564 0.000000
vt 0.710425 0.000000
vt 0.853448 0.000000
vt 0.870690 0.000000
vt 0.862069 0.000000
vt 0.189655 0.000000
vt 0.206897 0.000000
vt 0.198276 0.000000
vt 0.879310 0.000000
vt 0.181034 0.000000
vt 0.887931 0.000000
vt 0.896552 0.000000
vt 0.172414 0.000000
vt 0.905172 0.000000
vt 0.163793 0.000000
vt 0.913793 0.000000
vt 0.922414 0.000000
vt 0.155172 0.000000
vt 0.931035 0.000000
vt 0.146552 0.000000
vt 0.939655 0.000000
vt 0.137931 0.000000
vt 0.948276 0.000000
vt 0.129310 0.000000
vt 0.956897 0.000000
vt 0.120690 0.000000
vt 0.112069 0.000000
vt 0.965517 0.000000
vt 0.103448 0.000000
vt 0.094828 0.000000
vt 0.008621 0.000000
vt 0.017241 0.000000
vt 0.025862 0.000000
vt 0.034483 0.000000
vt 0.043103 0.000000
vt 0.051724 0.000000
vt 0.060345 0.000000
vt 0.068966 0.000000
vt 0.077586 0.000000
vt 0.086207 0.000000
vt 0.844828 0.000000
vt 0.215517 0.000000
vt 0.836207 0.000000
vt 0.224138 0.000000
vt 0.827586 0.000000
vt 0.232759 0.000000
vt 0.241379 0.000000
vt 0.818965 0.000000
vt 0.810345 0.000000
vt 0.258621 0.000000
vt 0.801724 0.000000
vt 0.267241 0.000000
vt 0.793103 0.000000
vt 0.275862 0.000000
vt 0.784483 0.000000
vt 0.284483 0.000000
vt 0.775862 0.000000
vt 0.293103 0.000000
vt 0.767241 0.000000
vt 0.301724 0.000000
vt 0.758621 0.000000
vt 0.982759 0.000000
vt 0.974138 0.000000
vt 0.310345 0.000000
vt 0.991379 0.000000
vt 0.741379 0.000000
vt 0.318966 0.000000
vt 0.732759 0.000000
vt 0.327586 0.000000
vt 0.724138 0.000000
vt 0.336207 0.000000
vt 0.715517 0.000000
vt 0.344828 0.000000
vt 0.706897 0.000000
vt 0.353448 0.000000
vt 0.698276 0.000000
vt 0.362069 0.000000
vt 0.689655 0.000000
vt 0.370690 0.000000
vt 0.681035 0.000000
vt 0.379310 0.000000
vt 0.672414 0.000000
vt 0.387931 0.000000
vt 0.663793 0.000000
vt 0.396552 0.000000
vt 0.655172 0.000000
vt 0.405172 0.000000
vt 0.646552 0.000000
vt 0.413793 0.000000
vt 0.637931 0.000000
vt 0.422414 0.000000
vt 0.629310 0.000000
vt 0.431034 0.000000
vt 0.439655 0.000000
vt 0.620690 0.000000
vt 0.448276 0.000000
vt 0.612069 0.000000
vt 0.525862 0.000000
vt 0.456897 0.000000
vt 0.603448 0.000000
vt 0.534483 0.000000
vt 0.543103 0.000000
vt 0.517241 0.000000
vt 0.594828 0.000000
vt 0.465517 0.000000
vt 0.586207 0.000000
vt 0.474138 0.000000
vt 0.577586 0.000000
vt 0.482759 0.000000
vt 0.568965 0.000000
vt 0.491379 0.000000
vt 0.560345 0.000000
vt 0.551724 0.000000
vt 0.508621 0.000000
vt 0.000000 1.000000
vt 0.008850 1.000000
vt 0.017699 1.000000
vt 0.026549 1.000000
vt 0.035398 1.000000
vt 0.044248 1.000000
vt 0.053097 1.000000
vt 0.061947 1.000000
vt 0.070796 1.000000
vt 0.079646 1.000000
vt 0.088496 1.000000
vt 0.097345 1.000000
vt 0.106195 1.000000
vt 0.115044 1.000000
vt 0.123894 1.000000
vt 0.132743 1.000000
vt 0.141593 1.000000
vt 0.150442 1.000000
vt 0.159292 1.000000
vt 0.168142 1.000000
vt 0.176991 1.000000
vt 0.185841 1.000000
vt 0.194690 1.000000
vt 0.203540 1.000000
vt 0.212389 1.000000
vt 0.221239 1.000000
vt 0.230089 1.000000
vt 0.238938 1.000000
vt 0.247788 1.000000
vt 0.256637 1.000000
vt 0.265487 1.000000
vt 0.274336 1.000000
vt 0.283186 1.000000
vt 0.292035 1.000000
vt 0.300885 1.000000
vt 0.309735 1.000000
vt 0.318584 1.000000
vt 0.327434 1.000000
vt 0.336283 1.000000
vt 0.345133 1.000000
vt 0.353982 1.000000
vt 0.362832 1.000000
vt 0.371681 1.000000
vt 0.380531 1.000000
vt 0.389381 1.000000
vt 0.398230 1.000000
vt 0.407080 1.000000
vt 0.415929 1.000000
vt 0.424779 1.000000
vt 0.433628 1.000000
vt 0.442478 1.000000
vt 0.451327 1.000000
vt 0.460177 1.000000
vt 0.469027 1.000000
vt 0.477876 1.000000
vt 0.486726 1.000000
vt 0.495575 1.000000
vt 0.504425 1.000000
vt 0.513274 1.000000
vt 0.522124 1.000000
vt 0.530973 1.000000
vt 0.539823 1.000000
vt 0.548673 1.000000
vt 0.557522 1.000000
vt 0.566372 1.000000
vt 0.575221 1.000000
vt 0.584071 1.000000
vt 0.592920 1.000000
vt 0.601770 1.000000
vt 0.610619 1.000000
vt 0.619469 1.000000
vt 0.628319 1.000000
vt 0.637168 1.000000
vt 0.646018 1.000000
vt 0.654867 1.000000
vt 0.663717 1.000000
vt 0.672566 1.000000
vt 0.681416 1.000000
vt 0.690265 1.000000
vt 0.699115 1.000000
vt 0.707965 1.000000
vt 0.716814 1.000000
vt 0.725664 1.000000
vt 0.734513 1.000000
vt 0.743363 1.000000
vt 0.752212 1.000000
vt 0.761062 1.000000
vt 0.769912 1.000000
vt 0.778761 1.000000
vt 0.787611 1.000000
vt 0.796460 1.000000
vt 0.805310 1.000000
vt 0.814159 1.000000
vt 0.823009 1.000000
vt 0.831858 1.000000
vt 0.840708 1.000000
vt 0.849558 1.000000
vt 0.858407 1.000000
vt 0.867257 1.000000
vt 0.876106 1.000000
vt 0.884956 1.000000
vt 0.893805 1.000000
vt 0.902655 1.000000
vt 0.911504 1.000000
vt 0.920354 1.000000
vt 0.929204 1.000000
vt 0.938053 1.000000
vt 0.946903 1.000000
vt 0.955752 1.000000
vt 0.964602 1.000000
vt 0.973451 1.000000
vt 0.982301 1.000000
vt 0.991150 1.000000
vt 1.000000 1.000000
vt 0.250000 1.000000
vt 0.500000 1.000000
vt 0.750000 1.000000
vt 0.038462 1.000000
vt 0.076923 1.000000
vt 0.115385 1.000000
vt 0.153846 1.000000
vt 0.192308 1.000000
vt 0.230769 1.000000
vt 0.269231 1.000000
vt 0.307692 1.000000
vt 0.346154 1.000000
vt 0.384615 1.000000
vt 0.423077 1.000000
vt 0.461538 1.000000
vt 0.538462 1.000000
vt 0.576923 1.000000
vt 0.615385 1.000000
vt 0.653846 1.000000
vt 0.692308 1.000000
vt 0.730769 1.000000
vt 0.769231 1.000000
vt 0.807692 1.000000
vt 0.846154 1.000000
vt 0.884615 1.000000
vt 0.923077 1.000000
vt 0.961538 1.000000
vt 0.006410 1.000000
vt 0.012821 1.000000
vt 0.019231 1.000000
vt 0.025641 1.000000
vt 0.032051 1.000000
vt 0.044872 1.000000
vt 0.051282 1.000000
vt 0.057692 1.000000
vt 0.064103 1.000000
vt 0.070513 1.000000
vt 0.083333 1.000000
vt 0.089744 1.000000
vt 0.096154 1.000000
vt 0.102564 1.000000
vt 0.108974 1.000000
vt 0.121795 1.000000
vt 0.128205 1.000000
vt 0.134615 1.000000
vt 0.141026 1.000000
vt 0.147436 1.000000
vt 0.160256 1.000000
vt 0.166667 1.000000
vt 0.173077 1.000000
vt 0.179487 1.000000
vt 0.185897 1.000000
vt 0.198718 1.000000
vt 0.205128 1.000000
vt 0.211538 1.000000
vt 0.217949 1.000000
vt 0.224359 1.000000
vt 0.237179 1.000000
vt 0.243590 1.000000
vt 0.256410 1.000000
vt 0.262821 1.000000
vt 0.275641 1.000000
vt 0.282051 1.000000
vt 0.288462 1.000000
vt 0.294872 1.000000
vt 0.301282 1.000000
vt 0.314103 1.000000
vt 0.320513 1.000000
vt 0.326923 1.000000
vt 0.333333 1.000000
vt 0.339744 1.000000
vt 0.352564 1.000000
vt 0.358974 1.000000
vt 0.365385 1.000000
vt 0.371795 1.000000
vt 0.378205 1.000000
vt 0.391026 1.000000
vt 0.397436 1.000000
vt 0.403846 1.000000
vt 0.410256 1.000000
vt 0.416667 1.000000
vt 0.429487 1.000000
vt 0.435897 1.000000
vt 0.442308 1.000000
vt 0.448718 1.000000
vt 0.455128 1.000000
vt 0.467949 1.000000
vt 0.474359 1.000000
vt 0.480769 1.000000
vt 0.487179 1.000000
vt 0.493590 1.000000
vt 0.506410 1.000000
vt 0.512821 1.000000
vt 0.519231 1.000000
vt 0.525641 1.000000
vt 0.532051 1.000000
vt 0.544872 1.000000
vt 0.551282 1.000000
vt 0.557692 1.000000
vt 0.564103 1.000000
vt 0.570513 1.000000
vt 0.583333 1.000000
vt 0.589744 1.000000
vt 0.596154 1.000000
vt 0.602564 1.000000
vt 0.608974 1.000000
vt 0.621795 1.000000
vt 0.628205 1.000000
vt 0.634615 1.000000
vt 0.641026 1.000000
vt 0.647436 1.000000
vt 0.660256 1.000000
vt 0.666667 1.000000
vt 0.673077 1.000000
vt 0.679487 1.000000
vt 0.685897 1.000000
vt 0.698718 1.000000
vt 0.705128 1.000000
vt 0.711538 1.000000
vt 0.717949 1.000000
vt 0.724359 1.000000
vt 0.737179 1.000000
vt 0.743590 1.000000
vt 0.756410 1.000000
vt 0.762821 1.000000
vt 0.775641 1.000000
vt 0.782051 1.000000
vt 0.788462 1.000000
vt 0.794872 1.000000
vt 0.801282 1.000000
vt 0.814103 1.000000
vt 0.820513 1.000000
vt 0.826923 1.000000
vt 0.833333 1.000000
vt 0.839744 1.000000
vt 0.852564 1.000000
vt 0.858974 1.000000
vt 0.865385 1.000000
vt 0.871795 1.000000
vt 0.878205 1.000000
vt 0.891026 1.000000
vt 0.897436 1.000000
vt 0.903846 1.000000
vt 0.910256 1.000000
vt 0.916667 1.000000
vt 0.929487 1.000000
vt 0.935897 1.000000
vt 0.942308 1.000000
vt 0.948718 1.000000
vt 0.955128 1.000000
vt 0.967949 1.000000
vt 0.974359 1.000000
vt 0.980769 1.000000
vt 0.987179 1.000000
vt 0.993590 1.000000
vt 0.016129 1.000000
vt 0.016129 0.000000
vt 0.032258 1.000000
vt 0.048387 1.000000
vt 0.048387 0.000000
vt 0.064516 1.000000
vt 0.080645 1.000000
vt 0.080645 0.000000
vt 0.096774 1.000000
vt 0.112903 1.000000
vt 0.112903 0.000000
vt 0.129032 1.000000
vt 0.145161 1.000000
vt 0.145161 0.000000
vt 0.161290 1.000000
vt 0.177419 1.000000
vt 0.177419 0.000000
vt 0.193548 1.000000
vt 0.209677 1.000000
vt 0.209677 0.000000
vt 0.225806 1.000000
vt 0.241935 1.000000
vt 0.241935 0.000000
vt 0.258065 1.000000
vt 0.274194 1.000000
vt 0.274194 0.000000
vt 0.290323 1.000000
vt 0.306452 1.000000
vt 0.306452 0.000000
vt 0.322581 1.000000
vt 0.338710 1.000000
vt 0.338710 0.000000
vt 0.354839 1.000000
vt 0.370968 1.000000
vt 0.370968 0.000000
vt 0.387097 1.000000
vt 0.403226 1.000000
vt 0.403226 0.000000
vt 0.419355 1.000000
vt 0.435484 1.000000
vt 0.435484 0.000000
vt 0.451613 1.000000
vt 0.467742 1.000000
vt 0.467742 0.000000
vt 0.483871 1.000000
vt 0.516129 1.000000
vt 0.532258 1.000000
vt 0.532258 0.000000
vt 0.548387 1.000000
vt 0.564516 1.000000
vt 0.564516 0.000000
vt 0.580645 1.000000
vt 0.596774 1.000000
vt 0.596774 0.000000
vt 0.612903 1.000000
vt 0.629032 1.000000
vt 0.629032 0.000000
vt 0.645161 1.000000
vt 0.661290 1.000000
vt 0.661290 0.000000
vt 0.677419 1.000000
vt 0.693548 1.000000
vt 0.693548 0.000000
vt 0.709677 1.000000
vt 0.725806 1.000000
vt 0.725806 0.000000
vt 0.741935 1.000000
vt 0.758065 1.000000
vt 0.758065 0.000000
vt 0.774194 1.000000
vt 0.790323 1.000000
vt 0.790323 0.000000
vt 0.806452 1.000000
vt 0.822581 1.000000
vt 0.822581 0.000000
vt 0.838710 1.000000
vt 0.854839 1.000000
vt 0.854839 0.000000
vt 0.870968 1.000000
vt 0.887097 1.000000
vt 0.887097 0.000000
vt 0.903226 1.000000
vt 0.919355 1.000000
vt 0.919355 0.000000
vt 0.935484 1.000000
vt 0.951613 1.000000
vt 0.951613 0.000000
vt 0.967742 1.000000
vt 0.983871 1.000000
vt 0.983871 0.000000
vt 0.011236 1.000000
vt 0.011236 0.000000
vt 0.022472 1.000000
vt 0.022472 0.000000
vt 0.033708 1.000000
vt 0.033708 0.000000
vt 0.044944 1.000000
vt 0.044944 0.000000
vt 0.056180 1.000000
vt 0.056180 0.000000
vt 0.067416 1.000000
vt 0.067416 0.000000
vt 0.078652 1.000000
vt 0.078652 0.000000
vt 0.089888 1.000000
vt 0.089888 0.000000
vt 0.101124 1.000000
vt 0.101124 0.000000
vt 0.112360 1.000000
vt 0.112360 0.000000
vt 0.123596 1.000000
vt 0.123596 0.000000
vt 0.134831 1.000000
vt 0.134831 0.000000
vt 0.146067 1.000000
vt 0.146067 0.000000
vt 0.157303 1.000000
vt 0.157303 0.000000
vt 0.168539 1.000000
vt 0.168539 0.000000
vt 0.179775 1.000000
vt 0.179775 0.000000
vt 0.191011 1.000000
vt 0.191011 0.000000
vt 0.202247 1.000000
vt 0.202247 0.000000
vt 0.213483 1.000000
vt 0.213483 0.000000
vt 0.224719 1.000000
vt 0.224719 0.000000
vt 0.235955 1.000000
vt 0.235955 0.000000
vt 0.247191 1.000000
vt 0.247191 0.000000
vt 0.258427 1.000000
vt 0.258427 0.000000
vt 0.269663 1.000000
vt 0.269663 0.000000
vt 0.280899 1.000000
vt 0.280899 0.000000
vt 0.292135 1.000000
vt 0.292135 0.000000
vt 0.303371 1.000000
vt 0.303371 0.000000
vt 0.314607 1.000000
vt 0.314607 0.000000
vt 0.325843 1.000000
vt 0.325843 0.000000
vt 0.337079 1.000000
vt 0.337079 0.000000
vt 0.348315 1.000000
vt 0.348315 0.000000
vt 0.359551 1.000000
vt 0.359551 0.000000
vt 0.370787 1.000000
vt 0.370787 0.000000
vt 0.382022 1.000000
vt 0.382022 0.000000
vt 0.393258 1.000000
vt 0.393258 0.000000
vt 0.404494 1.000000
vt 0.404494 0.000000
vt 0.415730 1.000000
vt 0.415730 0.000000
vt 0.426966 1.000000
vt 0.426966 0.000000
vt 0.438202 1.000000
vt 0.438202 0.000000
vt 0.449438 1.000000
vt 0.449438 0.000000
vt 0.460674 1.000000
vt 0.460674 0.000000
vt 0.471910 1.000000
vt 0.471910 0.000000
vt 0.483146 1.000000
vt 0.483146 0.000000
vt 0.494382 1.000000
vt 0.494382 0.000000
vt 0.505618 1.000000
vt 0.505618 0.000000
vt 0.516854 1.000000
vt 0.516854 0.000000
vt 0.528090 1.000000
vt 0.528090 0.000000
vt 0.539326 1.000000
vt 0.539326 0.000000
vt 0.550562 1.000000
vt 0.550562 0.000000
vt 0.561798 1.000000
vt 0.561798 0.000000
vt 0.573034 1.000000
vt 0.573034 0.000000
vt 0.584270 1.000000
vt 0.584270 0.000000
vt 0.595506 1.000000
vt 0.595506 0.000000
vt 0.606742 1.000000
vt 0.606742 0.000000
vt 0.617977 1.000000
vt 0.617977 0.000000
vt 0.629214 1.000000
vt 0.629214 0.000000
vt 0.640449 1.000000
vt 0.640449 0.000000
vt 0.651685 1.000000
vt 0.651685 0.000000
vt 0.662921 1.000000
vt 0.662921 0.000000
vt 0.674157 1.000000
vt 0.674157 0.000000
vt 0.685393 1.000000
vt 0.685393 0.000000
vt 0.696629 1.000000
vt 0.696629 0.000000
vt 0.707865 1.000000
vt 0.707865 0.000000
vt 0.719101 1.000000
vt 0.719101 0.000000
vt 0.730337 1.000000
vt 0.730337 0.000000
vt 0.741573 1.000000
vt 0.741573 0.000000
vt 0.752809 1.000000
vt 0.752809 0.000000
vt 0.764045 1.000000
vt 0.764045 0.000000
vt 0.775281 1.000000
vt 0.775281 0.000000
vt 0.786517 1.000000
vt 0.786517 0.000000
vt 0.797753 1.000000
vt 0.797753 0.000000
vt 0.808989 1.000000
vt 0.808989 0.000000
vt 0.820225 1.000000
vt 0.820225 0.000000
vt 0.831461 1.000000
vt 0.831461 0.000000
vt 0.842697 1.000000
vt 0.842697 0.000000
vt 0.853933 1.000000
vt 0.853933 0.000000
vt 0.865169 1.000000
vt 0.865169 0.000000
vt 0.876405 1.000000
vt 0.876405 0.000000
vt 0.887640 1.000000
vt 0.887640 0.000000
vt 0.898876 1.000000
vt 0.898876 0.000000
vt 0.910112 1.000000
vt 0.910112 0.000000
vt 0.921348 1.000000
vt 0.921348 0.000000
vt 0.932584 1.000000
vt 0.932584 0.000000
vt 0.943820 1.000000
vt 0.943820 0.000000
vt 0.955056 1.000000
vt 0.955056 0.000000
vt 0.966292 1.000000
vt 0.966292 0.000000
vt 0.977528 1.000000
vt 0.977528 0.000000
vt 0.988764 1.000000
vt 0.988764 0.000000
vt 0.020833 1.000000
vt 0.020833 0.000000
vt 0.041667 1.000000
vt 0.041667 0.000000
vt 0.062500 1.000000
vt 0.062500 0.000000
vt 0.104167 1.000000
vt 0.104167 0.000000
vt 0.125000 1.000000
vt 0.145833 1.000000
vt 0.145833 0.000000
vt 0.187500 1.000000
vt 0.187500 0.000000
vt 0.208333 1.000000
vt 0.208333 0.000000
vt 0.229167 1.000000
vt 0.229167 0.000000
vt 0.270833 1.000000
vt 0.270833 0.000000
vt 0.291667 1.000000
vt 0.291667 0.000000
vt 0.312500 1.000000
vt 0.312500 0.000000
vt 0.354167 1.000000
vt 0.354167 0.000000
vt 0.375000 1.000000
vt 0.395833 1.000000
vt 0.395833 0.000000
vt 0.437500 1.000000
vt 0.437500 0.000000
vt 0.458333 1.000000
vt 0.458333 0.000000
vt 0.479167 1.000000
vt 0.479167 0.000000
vt 0.520833 1.000000
vt 0.520833 0.000000
vt 0.541667 1.000000
vt 0.541667 0.000000
vt 0.562500 1.000000
vt 0.562500 0.000000
vt 0.604167 1.000000
vt 0.604167 0.000000
vt 0.625000 1.000000
vt 0.645833 1.000000
vt 0.645833 0.000000
vt 0.687500 1.000000
vt 0.687500 0.000000
vt 0.708333 1.000000
vt 0.708333 0.000000
vt 0.729167 1.000000
vt 0.729167 0.000000
vt 0.770833 1.000000
vt 0.770833 0.000000
vt 0.791667 1.000000
vt 0.791667 0.000000
vt 0.812500 1.000000
vt 0.812500 0.000000
vt 0.854167 1.000000
vt 0.854167 0.000000
vt 0.875000 1.000000
vt 0.895833 1.000000
vt 0.895833 0.000000
vt 0.937500 1.000000
vt 0.937500 0.000000
vt 0.958333 1.000000
vt 0.958333 0.000000
vt 0.979167 1.000000
vt 0.979167 0.000000
vt 0.009174 1.000000
vt 0.009174 0.000000
vt 0.018349 1.000000
vt 0.018349 0.000000
vt 0.027523 1.000000
vt 0.027523 0.000000
vt 0.036697 1.000000
vt 0.036697 0.000000
vt 0.045872 1.000000
vt 0.045872 0.000000
vt 0.055046 1.000000
vt 0.055046 0.000000
vt 0.064220 1.000000
vt 0.064220 0.000000
vt 0.073394 1.000000
vt 0.073394 0.000000
vt 0.082569 1.000000
vt 0.082569 0.000000
vt 0.091743 1.000000
vt 0.091743 0.000000
vt 0.100917 1.000000
vt 0.100917 0.000000
vt 0.110092 1.000000
vt 0.110092 0.000000
vt 0.119266 1.000000
vt 0.119266 0.000000
vt 0.128440 1.000000
vt 0.128440 0.000000
vt 0.137615 1.000000
vt 0.137615 0.000000
vt 0.146789 1.000000
vt 0.146789 0.000000
vt 0.155963 1.000000
vt 0.155963 0.000000
vt 0.165138 1.000000
vt 0.165138 0.000000
vt 0.174312 1.000000
vt 0.174312 0.000000
vt 0.183486 1.000000
vt 0.183486 0.000000
vt 0.192661 1.000000
vt 0.192661 0.000000
vt 0.201835 1.000000
vt 0.201835 0.000000
vt 0.211009 1.000000
vt 0.211009 0.000000
vt 0.220183 1.000000
vt 0.220183 0.000000
vt 0.229358 1.000000
vt 0.229358 0.000000
vt 0.238532 1.000000
vt 0.238532 0.000000
vt 0.247706 1.000000
vt 0.247706 0.000000
vt 0.256881 1.000000
vt 0.256881 0.000000
vt 0.266055 1.000000
vt 0.266055 0.000000
vt 0.275229 1.000000
vt 0.275229 0.000000
vt 0.284404 1.000000
vt 0.284404 0.000000
vt 0.293578 1.000000
vt 0.293578 0.000000
vt 0.302752 1.000000
vt 0.302752 0.000000
vt 0.311927 1.000000
vt 0.311927 0.000000
vt 0.321101 1.000000
vt 0.321101 0.000000
vt 0.330275 1.000000
vt 0.330275 0.000000
vt 0.339450 1.000000
vt 0.339450 0.000000
vt 0.348624 1.000000
vt 0.348624 0.000000
vt 0.357798 1.000000
vt 0.357798 0.000000
vt 0.366972 1.000000
vt 0.366972 0.000000
vt 0.376147 1.000000
vt 0.376147 0.000000
vt 0.385321 1.000000
vt 0.385321 0.000000
vt 0.394495 1.000000
vt 0.394495 0.000000
vt 0.403670 1.000000
vt 0.403670 0.000000
vt 0.412844 1.000000
vt 0.412844 0.000000
vt 0.422018 1.000000
vt 0.422018 0.000000
vt 0.431193 1.000000
vt 0.431193 0.000000
vt 0.440367 1.000000
vt 0.440367 0.000000
vt 0.449541 1.000000
vt 0.449541 0.000000
vt 0.458716 1.000000
vt 0.458716 0.000000
vt 0.467890 1.000000
vt 0.467890 0.000000
vt 0.477064 1.000000
vt 0.477064 0.000000
vt 0.486239 1.000000
vt 0.486239 0.000000
vt 0.495413 1.000000
vt 0.495413 0.000000
vt 0.504587 1.000000
vt 0.504587 0.000000
vt 0.513761 1.000000
vt 0.513761 0.000000
vt 0.522936 1.000000
vt 0.522936 0.000000
vt 0.532110 1.000000
vt 0.532110 0.000000
vt 0.541284 1.000000
vt 0.541284 0.000000
vt 0.550459 1.000000
vt 0.550459 0.000000
vt 0.559633 1.000000
vt 0.559633 0.000000
vt 0.568807 1.000000
vt 0.568807 0.000000
vt 0.577982 1.000000
vt 0.577982 0.000000
vt 0.587156 1.000000
vt 0.587156 0.000000
vt 0.596330 1.000000
vt 0.596330 0.000000
vt 0.605505 1.000000
vt 0.605505 0.000000
vt 0.614679 1.000000
vt 0.614679 0.000000
vt 0.623853 1.000000
vt 0.623853 0.000000
vt 0.633027 1.000000
vt 0.633027 0.000000
vt 0.642202 1.000000
vt 0.642202 0.000000
vt 0.651376 1.000000
vt 0.651376 0.000000
vt 0.660550 1.000000
vt 0.660550 0.000000
vt 0.669725 1.000000
vt 0.669725 0.000000
vt 0.678899 1.000000
vt 0.678899 0.000000
vt 0.688073 1.000000
vt 0.688073 0.000000
vt 0.697248 1.000000
vt 0.697248 0.000000
vt 0.706422 1.000000
vt 0.706422 0.000000
vt 0.715596 1.000000
vt 0.715596 0.000000
vt 0.724771 1.000000
vt 0.724771 0.000000
vt 0.733945 1.000000
vt 0.733945 0.000000
vt 0.743119 1.000000
vt 0.743119 0.000000
vt 0.752294 1.000000
vt 0.752294 0.000000
vt 0.761468 1.000000
vt 0.761468 0.000000
vt 0.770642 1.000000
vt 0.770642 0.000000
vt 0.779817 1.000000
vt 0.779817 0.000000
vt 0.788991 1.000000
vt 0.788991 0.000000
vt 0.798165 1.000000
vt 0.798165 0.000000
vt 0.807339 1.000000
vt 0.807339 0.000000
vt 0.816514 1.000000
vt 0.816514 0.000000
vt 0.825688 1.000000
vt 0.825688 0.000000
vt 0.834862 1.000000
vt 0.834862 0.000000
vt 0.844037 1.000000
vt 0.844037 0.000000
vt 0.853211 1.000000
vt 0.853211 0.000000
vt 0.862385 1.000000
vt 0.862385 0.000000
vt 0.871560 1.000000
vt 0.871560 0.000000
vt 0.880734 1.000000
vt 0.880734 0.000000
vt 0.889908 1.000000
vt 0.889908 0.000000
vt 0.899083 1.000000
vt 0.899083 0.000000
vt 0.908257 1.000000
vt 0.908257 0.000000
vt 0.917431 1.000000
vt 0.917431 0.000000
vt 0.926606 1.000000
vt 0.926606 0.000000
vt 0.935780 1.000000
vt 0.935780 0.000000
vt 0.944954 1.000000
vt 0.944954 0.000000
vt 0.954128 1.000000
vt 0.954128 0.000000
vt 0.963303 1.000000
vt 0.963303 0.000000
vt 0.972477 1.000000
vt 0.972477 0.000000
vt 0.981651 1.000000
vt 0.981651 0.000000
vt 0.990826 1.000000
vt 0.990826 0.000000
vt 0.007194 1.000000
vt 0.007194 0.000000
vt 0.014388 1.000000
vt 0.014388 0.000000
vt 0.021583 1.000000
vt 0.021583 0.000000
vt 0.028777 1.000000
vt 0.028777 0.000000
vt 0.035971 1.000000
vt 0.035971 0.000000
vt 0.043165 1.000000
vt 0.043165 0.000000
vt 0.050360 1.000000
vt 0.050360 0.000000
vt 0.057554 1.000000
vt 0.057554 0.000000
vt 0.064748 1.000000
vt 0.064748 0.000000
vt 0.071942 1.000000
vt 0.071942 0.000000
vt 0.079137 1.000000
vt 0.079137 0.000000
vt 0.086331 1.000000
vt 0.086331 0.000000
vt 0.093525 1.000000
vt 0.093525 0.000000
vt 0.100719 1.000000
vt 0.100719 0.000000
vt 0.107914 1.000000
vt 0.107914 0.000000
vt 0.115108 1.000000
vt 0.115108 0.000000
vt 0.122302 1.000000
vt 0.122302 0.000000
vt 0.129496 1.000000
vt 0.129496 0.000000
vt 0.136691 1.000000
vt 0.136691 0.000000
vt 0.143885 1.000000
vt 0.143885 0.000000
vt 0.151079 1.000000
vt 0.151079 0.000000
vt 0.158273 1.000000
vt 0.158273 0.000000
vt 0.165468 1.000000
vt 0.165468 0.000000
vt 0.172662 1.000000
vt 0.172662 0.000000
vt 0.179856 1.000000
vt 0.179856 0.000000
vt 0.187050 1.000000
vt 0.187050 0.000000
vt 0.194245 1.000000
vt 0.194245 0.000000
vt 0.201439 1.000000
vt 0.201439 0.000000
vt 0.208633 1.000000
vt 0.208633 0.000000
vt 0.215827 1.000000
vt 0.215827 0.000000
vt 0.223022 1.000000
vt 0.223022 0.000000
vt 0.230216 1.000000
vt 0.230216 0.000000
vt 0.237410 1.000000
vt 0.237410 0.000000
vt 0.244604 1.000000
vt 0.244604 0.000000
vt 0.251799 1.000000
vt 0.251799 0.000000
vt 0.258993 1.000000
vt 0.258993 0.000000
vt 0.266187 1.000000
vt 0.266187 0.000000
vt 0.273381 1.000000
vt 0.273381 0.000000
vt 0.280576 1.000000
vt 0.280576 0.000000
vt 0.287770 1.000000
vt 0.287770 0.000000
vt 0.294964 1.000000
vt 0.294964 0.000000
vt 0.302158 1.000000
vt 0.302158 0.000000
vt 0.309353 1.000000
vt 0.309353 0.000000
vt 0.316547 1.000000
vt 0.316547 0.000000
vt 0.323741 1.000000
vt 0.323741 0.000000
vt 0.330935 1.000000
vt 0.330935 0.000000
vt 0.338129 1.000000
vt 0.338129 0.000000
vt 0.345324 1.000000
vt 0.345324 0.000000
vt 0.352518 1.000000
vt 0.352518 0.000000
vt 0.359712 1.000000
vt 0.359712 0.000000
vt 0.366906 1.000000
vt 0.366906 0.000000
vt 0.374101 1.000000
vt 0.374101 0.000000
vt 0.381295 1.000000
vt 0.381295 0.000000
vt 0.388489 1.000000
vt 0.388489 0.000000
vt 0.395683 1.000000
vt 0.395683 0.000000
vt 0.402878 1.000000
vt 0.402878 0.000000
vt 0.410072 1.000000
vt 0.410072 0.000000
vt 0.417266 1.000000
vt 0.417266 0.000000
vt 0.424460 1.000000
vt 0.424460 0.000000
vt 0.431655 1.000000
vt 0.431655 0.000000
vt 0.438849 1.000000
vt 0.438849 0.000000
vt 0.446043 1.000000
vt 0.446043 0.000000
vt 0.453237 1.000000
vt 0.453237 0.000000
vt 0.460432 1.000000
vt 0.460432 0.000000
vt 0.467626 1.000000
vt 0.467626 0.000000
vt 0.474820 1.000000
vt 0.474820 0.000000
vt 0.482014 1.000000
vt 0.482014 0.000000
vt 0.489209 1.000000
vt 0.489209 0.000000
vt 0.496403 1.000000
vt 0.496403 0.000000
vt 0.503597 1.000000
vt 0.503597 0.000000
vt 0.510791 1.000000
vt 0.510791 0.000000
vt 0.517986 1.000000
vt 0.517986 0.000000
vt 0.525180 1.000000
vt 0.525180 0.000000
vt 0.532374 1.000000
vt 0.532374 0.000000
vt 0.539568 1.000000
vt 0.539568 0.000000
vt 0.546763 1.000000
vt 0.546763 0.000000
vt 0.553957 1.000000
vt 0.553957 0.000000
vt 0.561151 1.000000
vt 0.561151 0.000000
vt 0.568345 1.000000
vt 0.568345 0.000000
vt 0.575540 1.000000
vt 0.575540 0.000000
vt 0.582734 1.000000
vt 0.582734 0.000000
vt 0.589928 1.000000
vt 0.589928 0.000000
vt 0.597122 1.000000
vt 0.597122 0.000000
vt 0.604317 1.000000
vt 0.604317 0.000000
vt 0.611511 1.000000
vt 0.611511 0.000000
vt 0.618705 1.000000
vt 0.618705 0.000000
vt 0.625899 1.000000
vt 0.625899 0.000000
vt 0.633094 1.000000
vt 0.633094 0.000000
vt 0.640288 1.000000
vt 0.640288 0.000000
vt 0.647482 1.000000
vt 0.647482 0.000000
vt 0.654676 1.000000
vt 0.654676 0.000000
vt 0.661870 1.000000
vt 0.661870 0.000000
vt 0.669065 1.000000
vt 0.669065 0.000000
vt 0.676259 1.000000
vt 0.676259 0.000000
vt 0.683453 1.000000
vt 0.683453 0.000000
vt 0.690647 1.000000
vt 0.690647 0.000000
vt 0.697842 1.000000
vt 0.697842 0.000000
vt 0.705036 1.000000
vt 0.705036 0.000000
vt 0.712230 1.000000
vt 0.712230 0.000000
vt 0.719424 1.000000
vt 0.719424 0.000000
vt 0.726619 1.000000
vt 0.726619 0.000000
vt 0.733813 1.000000
vt 0.733813 0.000000
vt 0.741007 1.000000
vt 0.741007 0.000000
vt 0.748201 1.000000
vt 0.748201 0.000000
vt 0.755396 1.000000
vt 0.755396 0.000000
vt 0.762590 1.000000
vt 0.762590 0.000000
vt 0.769784 1.000000
vt 0.769784 0.000000
vt 0.776978 1.000000
vt 0.776978 0.000000
vt 0.784173 1.000000
vt 0.784173 0.000000
vt 0.791367 1.000000
vt 0.791367 0.000000
vt 0.798561 1.000000
vt 0.798561 0.000000
vt 0.805755 1.000000
vt 0.805755 0.000000
vt 0.812950 1.000000
vt 0.812950 0.000000
vt 0.820144 1.000000
vt 0.820144 0.000000
vt 0.827338 1.000000
vt 0.827338 0.000000
vt 0.834532 1.000000
vt 0.834532 0.000000
vt 0.841727 1.000000
vt 0.841727 0.000000
vt 0.848921 1.000000
vt 0.848921 0.000000
vt 0.856115 1.000000
vt 0.856115 0.000000
vt 0.863309 1.000000
vt 0.863309 0.000000
vt 0.870504 1.000000
vt 0.870504 0.000000
vt 0.877698 1.000000
vt 0.877698 0.000000
vt 0.884892 1.000000
vt 0.884892 0.000000
vt 0.892086 1.000000
vt 0.892086 0.000000
vt 0.899281 1.000000
vt 0.899281 0.000000
vt 0.906475 1.000000
vt 0.906475 0.000000
vt 0.913669 1.000000
vt 0.913669 0.000000
vt 0.920863 1.000000
vt 0.920863 0.000000
vt 0.928058 1.000000
vt 0.928058 0.000000
vt 0.935252 1.000000
vt 0.935252 0.000000
vt 0.942446 1.000000
vt 0.942446 0.000000
vt 0.949640 1.000000
vt 0.949640 0.000000
vt 0.956835 1.000000
vt 0.956835 0.000000
vt 0.964029 1.000000
vt 0.964029 0.000000
vt 0.971223 1.000000
vt 0.971223 0.000000
vt 0.978417 1.000000
vt 0.978417 0.000000
vt 0.985611 1.000000
vt 0.985611 0.000000
vt 0.992806 1.000000
vt 0.992806 0.000000
vt 0.006369 1.000000
vt 0.006369 0.000000
vt 0.012739 1.000000
vt 0.012739 0.000000
vt 0.019108 1.000000
vt 0.019108 0.000000
vt 0.025478 1.000000
vt 0.025478 0.000000
vt 0.031847 1.000000
vt 0.031847 0.000000
vt 0.038217 1.000000
vt 0.038217 0.000000
vt 0.044586 1.000000
vt 0.044586 0.000000
vt 0.050955 1.000000
vt 0.050955 0.000000
vt 0.057325 1.000000
vt 0.057325 0.000000
vt 0.063694 1.000000
vt 0.063694 0.000000
vt 0.070064 1.000000
vt 0.070064 0.000000
vt 0.076433 1.000000
vt 0.076433 0.000000
vt 0.082803 1.000000
vt 0.082803 0.000000
vt 0.089172 1.000000
vt 0.089172 0.000000
vt 0.095541 1.000000
vt 0.095541 0.000000
vt 0.101911 1.000000
vt 0.101911 0.000000
vt 0.108280 1.000000
vt 0.108280 0.000000
vt 0.114650 1.000000
vt 0.114650 0.000000
vt 0.121019 1.000000
vt 0.121019 0.000000
vt 0.127389 1.000000
vt 0.127389 0.000000
vt 0.133758 1.000000
vt 0.133758 0.000000
vt 0.140127 1.000000
vt 0.140127 0.000000
vt 0.146497 1.000000
vt 0.146497 0.000000
vt 0.152866 1.000000
vt 0.152866 0.000000
vt 0.159236 1.000000
vt 0.159236 0.000000
vt 0.165605 1.000000
vt 0.165605 0.000000
vt 0.171975 1.000000
vt 0.171975 0.000000
vt 0.178344 1.000000
vt 0.178344 0.000000
vt 0.184713 1.000000
vt 0.184713 0.000000
vt 0.191083 1.000000
vt 0.191083 0.000000
vt 0.197452 1.000000
vt 0.197452 0.000000
vt 0.203822 1.000000
vt 0.203822 0.000000
vt 0.210191 1.000000
vt 0.210191 0.000000
vt 0.216561 1.000000
vt 0.216561 0.000000
vt 0.222930 1.000000
vt 0.222930 0.000000
vt 0.229299 1.000000
vt 0.229299 0.000000
vt 0.235669 1.000000
vt 0.235669 0.000000
vt 0.242038 1.000000
vt 0.242038 0.000000
vt 0.248408 1.000000
vt 0.248408 0.000000
vt 0.254777 1.000000
vt 0.254777 0.000000
vt 0.261146 1.000000
vt 0.261146 0.000000
vt 0.267516 1.000000
vt 0.267516 0.000000
vt 0.273885 1.000000
vt 0.273885 0.000000
vt 0.280255 1.000000
vt 0.280255 0.000000
vt 0.286624 1.000000
vt 0.286624 0.000000
vt 0.292994 1.000000
vt 0.292994 0.000000
vt 0.299363 1.000000
vt 0.299363 0.000000
vt 0.305732 1.000000
vt 0.305732 0.000000
vt 0.312102 1.000000
vt 0.312102 0.000000
vt 0.318471 1.000000
vt 0.318471 0.000000
vt 0.324841 1.000000
vt 0.324841 0.000000
vt 0.331210 1.000000
vt 0.331210 0.000000
vt 0.337580 1.000000
vt 0.337580 0.000000
vt 0.343949 1.000000
vt 0.343949 0.000000
vt 0.350318 1.000000
vt 0.350318 0.000000
vt 0.356688 1.000000
vt 0.356688 0.000000
vt 0.363057 1.000000
vt 0.363057 0.000000
vt 0.369427 1.000000
vt 0.369427 0.000000
vt 0.375796 1.000000
vt 0.375796 0.000000
vt 0.382166 1.000000
vt 0.382166 0.000000
vt 0.388535 1.000000
vt 0.388535 0.000000
vt 0.394904 1.000000
vt 0.394904 0.000000
vt 0.401274 1.000000
vt 0.401274 0.000000
vt 0.407643 1.000000
vt 0.407643 0.000000
vt 0.414013 1.000000
vt 0.414013 0.000000
vt 0.420382 1.000000
vt 0.420382 0.000000
vt 0.426752 1.000000
vt 0.426752 0.000000
vt 0.433121 1.000000
vt 0.433121 0.000000
vt 0.439490 1.000000
vt 0.439490 0.000000
vt 0.445860 1.000000
vt 0.445860 0.000000
vt 0.452229 1.000000
vt 0.452229 0.000000
vt 0.458599 1.000000
vt 0.458599 0.000000
vt 0.464968 1.000000
vt 0.464968 0.000000
vt 0.471338 1.000000
vt 0.471338 0.000000
vt 0.477707 1.000000
vt 0.477707 0.000000
vt 0.484076 1.000000
vt 0.484076 0.000000
vt 0.490446 1.000000
vt 0.490446 0.000000
vt 0.496815 1.000000
vt 0.496815 0.000000
vt 0.503185 1.000000
vt 0.503185 0.000000
vt 0.509554 1.000000
vt 0.509554 0.000000
vt 0.515924 1.000000
vt 0.515924 0.000000
vt 0.522293 1.000000
vt 0.522293 0.000000
vt 0.528662 1.000000
vt 0.528662 0.000000
vt 0.535032 1.000000
vt 0.535032 0.000000
vt 0.541401 1.000000
vt 0.541401 0.000000
vt 0.547771 1.000000
vt 0.547771 0.000000
vt 0.554140 1.000000
vt 0.554140 0.000000
vt 0.560510 1.000000
vt 0.560510 0.000000
vt 0.566879 1.000000
vt 0.566879 0.000000
vt 0.573248 1.000000
vt 0.573248 0.000000
vt 0.579618 1.000000
vt 0.579618 0.000000
vt 0.585987 1.000000
vt 0.585987 0.000000
vt 0.592357 1.000000
vt 0.592357 0.000000
vt 0.598726 1.000000
vt 0.598726 0.000000
vt 0.605096 1.000000
vt 0.605096 0.000000
vt 0.611465 1.000000
vt 0.611465 0.000000
vt 0.617834 1.000000
vt 0.617834 0.000000
vt 0.624204 1.000000
vt 0.624204 0.000000
vt 0.630573 1.000000
vt 0.630573 0.000000
vt 0.636943 1.000000
vt 0.636943 0.000000
vt 0.643312 1.000000
vt 0.643312 0.000000
vt 0.649682 1.000000
vt 0.649682 0.000000
vt 0.656051 1.000000
vt 0.656051 0.000000
vt 0.662420 1.000000
vt 0.662420 0.000000
vt 0.668790 1.000000
vt 0.668790 0.000000
vt 0.675159 1.000000
vt 0.675159 0.000000
vt 0.681529 1.000000
vt 0.681529 0.000000
vt 0.687898 1.000000
vt 0.687898 0.000000
vt 0.694268 1.000000
vt 0.694268 0.000000
vt 0.700637 1.000000
vt 0.700637 0.000000
vt 0.707006 1.000000
vt 0.707006 0.000000
vt 0.713376 1.000000
vt 0.713376 0.000000
vt 0.719745 1.000000
vt 0.719745 0.000000
vt 0.726115 1.000000
vt 0.726115 0.000000
vt 0.732484 1.000000
vt 0.732484 0.000000
vt 0.738854 1.000000
vt 0.738854 0.000000
vt 0.745223 1.000000
vt 0.745223 0.000000
vt 0.751592 1.000000
vt 0.751592 0.000000
vt 0.757962 1.000000
vt 0.757962 0.000000
vt 0.764331 1.000000
vt 0.764331 0.000000
vt 0.770701 1.000000
vt 0.770701 0.000000
vt 0.777070 1.000000
vt 0.777070 0.000000
vt 0.783440 1.000000
vt 0.783440 0.000000
vt 0.789809 1.000000
vt 0.789809 0.000000
vt 0.796178 1.000000
vt 0.796178 0.000000
vt 0.802548 1.000000
vt 0.802548 0.000000
vt 0.808917 1.000000
vt 0.808917 0.000000
vt 0.815287 1.000000
vt 0.815287 0.000000
vt 0.821656 1.000000
vt 0.821656 0.000000
vt 0.828025 1.000000
vt 0.828025 0.000000
vt 0.834395 1.000000
vt 0.834395 0.000000
vt 0.840764 1.000000
vt 0.840764 0.000000
vt 0.847134 1.000000
vt 0.847134 0.000000
vt 0.853503 1.000000
vt 0.853503 0.000000
vt 0.859873 1.000000
vt 0.859873 0.000000
vt 0.866242 1.000000
vt 0.866242 0.000000
vt 0.872611 1.000000
vt 0.872611 0.000000
vt 0.878981 1.000000
vt 0.878981 0.000000
vt 0.885350 1.000000
vt 0.885350 0.000000
vt 0.891720 1.000000
vt 0.891720 0.000000
vt 0.898089 1.000000
vt 0.898089 0.000000
vt 0.904459 1.000000
vt 0.904459 0.000000
vt 0.910828 1.000000
vt 0.910828 0.000000
vt 0.917197 1.000000
vt 0.917197 0.000000
vt 0.923567 1.000000
vt 0.923567 0.000000
vt 0.929936 1.000000
vt 0.929936 0.000000
vt 0.936306 1.000000
vt 0.936306 0.000000
vt 0.942675 1.000000
vt 0.942675 0.000000
vt 0.949045 1.000000
vt 0.949045 0.000000
vt 0.955414 1.000000
vt 0.955414 0.000000
vt 0.961783 1.000000
vt 0.961783 0.000000
vt 0.968153 1.000000
vt 0.968153 0.000000
vt 0.974522 1.000000
vt 0.974522 0.000000
vt 0.980892 1.000000
vt 0.980892 0.000000
vt 0.987261 1.000000
vt 0.987261 0.000000
vt 0.993631 1.000000
vt 0.993631 0.000000
vt 0.040000 1.000000
vt 0.040000 0.000000
vt 0.080000 1.000000
vt 0.080000 0.000000
vt 0.120000 1.000000
vt 0.120000 0.000000
vt 0.160000 1.000000
vt 0.160000 0.000000
vt 0.200000 1.000000
vt 0.240000 1.000000
vt 0.240000 0.000000
vt 0.280000 1.000000
vt 0.280000 0.000000
vt 0.320000 1.000000
vt 0.320000 0.000000
vt 0.360000 1.000000
vt 0.360000 0.000000
vt 0.400000 1.000000
vt 0.440000 1.000000
vt 0.440000 0.000000
vt 0.480000 1.000000
vt 0.480000 0.000000
vt 0.520000 1.000000
vt 0.520000 0.000000
vt 0.560000 1.000000
vt 0.560000 0.000000
vt 0.600000 1.000000
vt 0.640000 1.000000
vt 0.640000 0.000000
vt 0.680000 1.000000
vt 0.680000 0.000000
vt 0.720000 1.000000
vt 0.720000 0.000000
vt 0.760000 1.000000
vt 0.760000 0.000000
vt 0.800000 1.000000
vt 0.840000 1.000000
vt 0.840000 0.000000
vt 0.880000 1.000000
vt 0.880000 0.000000
vt 0.920000 1.000000
vt 0.920000 0.000000
vt 0.960000 1.000000
vt 0.960000 0.000000
s 1
f 177/1/1 179/2/1 178/3/1
f 177/1/1 180/4/1 179/2/1
f 176/5/1 180/4/1 177/1/1
f 176/5/1 181/6/1 180/4/1
f 139/7/1 2/8/1 1/9/1
f 137/10/1 135/11/1 138/12/1
f 135/11/1 139/7/1 138/12/1
f 135/11/1 2/8/1 139/7/1
f 175/13/1 181/6/1 176/5/1
f 175/13/1 309/14/1 181/6/1
f 309/14/1 182/15/1 181/6/1
f 175/13/1 310/16/1 309/14/1
f 308/17/1 182/15/1 309/14/1
f 174/18/1 310/16/1 175/13/1
f 135/11/1 3/19/1 2/8/1
f 308/17/1 183/20/1 182/15/1
f 174/18/1 311/21/1 310/16/1
f 307/22/1 183/20/1 308/17/1
f 173/23/1 311/21/1 174/18/1
f 135/11/1 134/24/1 3/19/1
f 134/24/1 4/25/1 3/19/1
f 307/22/1 184/26/1 183/20/1
f 173/23/1 312/27/1 311/21/1
f 306/28/1 184/26/1 307/22/1
f 173/23/1 313/29/1 312/27/1
f 137/10/1 136/30/1 135/11/1
f 133/31/1 4/25/1 134/24/1
f 305/32/1 184/26/1 306/28/1
f 172/33/1 313/29/1 173/23/1
f 133/31/1 5/34/1 4/25/1
f 305/32/1 185/35/1 184/26/1
f 172/33/1 314/36/1 313/29/1
f 304/37/1 185/35/1 305/32/1
f 132/38/1 5/34/1 133/31/1
f 171/39/1 314/36/1 172/33/1
f 304/37/1 186/40/1 185/35/1
f 132/38/1 6/41/1 5/34/1
f 171/39/1 315/42/1 314/36/1
f 303/43/1 186/40/1 304/37/1
f 131/44/1 6/41/1 132/38/1
f 303/43/1 187/45/1 186/40/1
f 171/39/1 316/46/1 315/42/1
f 170/47/1 316/46/1 171/39/1
f 302/48/1 187/45/1 303/43/1
f 131/44/1 7/49/1 6/41/1
f 130/50/1 7/49/1 131/44/1
f 170/47/1 317/51/1 316/46/1
f 301/52/1 187/45/1 302/48/1
f 301/52/1 188/53/1 187/45/1
f 169/54/1 317/51/1 170/47/1
f 130/50/1 8/55/1 7/49/1
f 169/54/1 318/56/1 317/51/1
f 300/57/1 188/53/1 301/52/1
f 129/58/1 8/55/1 130/50/1
f 300/57/1 189/59/1 188/53/1
f 168/60/1 318/56/1 169/54/1
f 168/60/1 319/61/1 318/56/1
f 299/62/1 189/59/1 300/57/1
f 299/62/1 190/63/1 189/59/1
f 129/58/1 9/64/1 8/55/1
f 128/65/1 9/64/1 129/58/1
f 167/66/1 319/61/1 168/60/1
f 167/66/1 320/67/1 319/61/1
f 298/68/1 190/63/1 299/62/1
f 298/68/1 191/69/1 190/63/1
f 167/66/1 321/70/1 320/67/1
f 166/71/1 321/70/1 167/66/1
f 297/72/1 191/69/1 298/68/1
f 297/72/1 192/73/1 191/69/1
f 127/74/1 9/64/1 128/65/1
f 127/74/1 10/75/1 9/64/1
f 297/72/1 193/76/1 192/73/1
f 297/72/1 194/77/1 193/76/1
f 166/71/1 297/72/1 321/70/1
f 166/71/1 194/77/1 297/72/1
f 165/78/1 194/77/1 166/71/1
f 165/78/1 215/79/1 194/77/1
f 215/79/1 195/80/1 194/77/1
f 164/81/1 142/82/1 165/78/1
f 142/82/1 215/79/1 165/78/1
f 142/82/1 216/83/1 215/79/1
f 214/84/1 195/80/1 215/79/1
f 164/81/1 143/85/1 142/82/1
f 141/86/1 216/83/1 142/82/1
f 214/84/1 196/87/1 195/80/1
f 163/88/1 143/85/1 164/81/1
f 213/89/1 196/87/1 214/84/1
f 126/90/1 10/75/1 127/74/1
f 163/88/1 144/91/1 143/85/1
f 162/92/1 144/91/1 163/88/1
f 126/90/1 11/93/1 10/75/1
f 213/89/1 197/94/1 196/87/1
f 212/95/1 197/94/1 213/89/1
f 162/92/1 145/96/1 144/91/1
f 161/97/1 145/96/1 162/92/1
f 211/98/1 197/94/1 212/95/1
f 211/98/1 198/99/1 197/94/1
f 161/97/1 146/100/1 145/96/1
f 210/101/1 198/99/1 211/98/1
f 160/102/1 146/100/1 161/97/1
f 210/101/1 199/103/1 198/99/1
f 160/102/1 147/104/1 146/100/1
f 209/105/1 199/103/1 210/101/1
f 159/106/1 147/104/1 160/102/1
f 209/105/1 200/107/1 199/103/1
f 208/108/1 200/107/1 209/105/1
f 159/106/1 148/109/1 147/104/1
f 125/110/1 11/93/1 126/90/1
f 158/111/1 148/109/1 159/106/1
f 207/112/1 200/107/1 208/108/1
f 158/111/1 149/113/1 148/109/1
f 207/112/1 201/114/1 200/107/1
f 125/110/1 12/115/1 11/93/1
f 206/116/1 201/114/1 207/112/1
f 157/117/1 149/113/1 158/111/1
f 157/117/1 150/118/1 149/113/1
f 206/116/1 202/119/1 201/114/1
f 205/120/1 202/119/1 206/116/1
f 157/117/1 151/121/1 150/118/1
f 156/122/1 151/121/1 157/117/1
f 204/123/1 202/119/1 205/120/1
f 204/123/1 203/124/1 202/119/1
f 156/122/1 152/125/1 151/121/1
f 155/126/1 152/125/1 156/122/1
f 124/127/1 12/115/1 125/110/1
f 155/126/1 153/128/1 152/125/1
f 154/129/1 153/128/1 155/126/1
f 124/127/1 13/130/1 12/115/1
s 0
f 140/131/1 216/83/1 141/86/1
s 1
f 296/132/1 217/133/1 140/131/1
s 0
f 217/133/1 216/83/1 140/131/1
s 1
f 296/132/1 218/134/1 217/133/1
f 123/135/1 13/130/1 124/127/1
f 123/135/1 14/136/1 13/130/1
f 122/137/1 14/136/1 123/135/1
f 122/137/1 15/138/1 14/136/1
f 121/139/1 15/138/1 122/137/1
f 121/139/1 16/140/1 15/138/1
f 120/141/1 16/140/1 121/139/1
f 120/141/1 17/142/1 16/140/1
f 119/143/1 17/142/1 120/141/1
f 294/144/1 336/145/1 295/146/1
f 336/145/1 296/132/1 295/146/1
f 336/145/1 218/134/1 296/132/1
f 336/145/1 219/147/1 218/134/1
f 336/145/1 335/148/1 219/147/1
f 335/148/1 341/149/1 219/147/1
f 341/149/1 340/150/1 219/147/1
f 340/150/1 220/151/1 219/147/1
f 119/143/1 18/152/1 17/142/1
f 118/153/1 18/152/1 119/143/1
f 118/153/1 19/154/1 18/152/1
f 117/155/1 19/154/1 118/153/1
f 117/155/1 20/156/1 19/154/1
f 116/157/1 20/156/1 117/155/1
f 294/144/1 337/158/1 336/145/1
f 334/159/1 341/149/1 335/148/1
f 334/159/1 342/160/1 341/149/1
f 339/161/1 220/151/1 340/150/1
f 116/157/1 21/162/1 20/156/1
f 115/163/1 21/162/1 116/157/1
f 115/163/1 22/164/1 21/162/1
f 114/165/1 22/164/1 115/163/1
f 113/166/1 22/164/1 114/165/1
f 113/166/1 23/167/1 22/164/1
f 112/168/1 23/167/1 113/166/1
f 112/168/1 24/169/1 23/167/1
f 111/170/1 24/169/1 112/168/1
f 111/170/1 25/171/1 24/169/1
f 110/172/1 25/171/1 111/170/1
f 333/173/1 342/160/1 334/159/1
f 110/172/1 26/174/1 25/171/1
f 333/173/1 338/175/1 342/160/1
f 332/176/1 338/175/1 333/173/1
f 109/177/1 26/174/1 110/172/1
f 331/178/1 338/175/1 332/176/1
f 330/179/1 338/175/1 331/178/1
f 108/180/1 26/174/1 109/177/1
f 108/180/1 27/181/1 26/174/1
f 329/182/1 338/175/1 330/179/1
f 328/183/1 338/175/1 329/182/1
f 107/184/1 27/181/1 108/180/1
f 327/185/1 338/175/1 328/183/1
f 326/186/1 338/175/1 327/185/1
f 107/184/1 28/187/1 27/181/1
f 106/188/1 28/187/1 107/184/1
f 325/189/1 338/175/1 326/186/1
f 324/190/1 338/175/1 325/189/1
f 105/191/1 28/187/1 106/188/1
f 323/192/1 338/175/1 324/190/1
f 105/191/1 29/193/1 28/187/1
f 104/194/1 29/193/1 105/191/1
f 322/195/1 338/175/1 323/192/1
f 294/144/1 322/195/1 337/158/1
f 294/144/1 338/175/1 322/195/1
f 294/144/1 339/161/1 338/175/1
f 294/144/1 220/151/1 339/161/1
f 103/196/1 29/193/1 104/194/1
f 103/196/1 30/197/1 29/193/1
f 102/198/1 30/197/1 103/196/1
f 101/199/1 30/197/1 102/198/1
f 100/200/1 30/197/1 101/199/1
f 100/200/1 31/201/1 30/197/1
f 99/202/1 31/201/1 100/200/1
f 98/203/1 31/201/1 99/202/1
f 97/204/1 31/201/1 98/203/1
f 97/204/1 32/205/1 31/201/1
f 96/206/1 32/205/1 97/204/1
f 95/207/1 32/205/1 96/206/1
f 94/208/1 32/205/1 95/207/1
f 93/209/1 32/205/1 94/208/1
f 92/210/1 32/205/1 93/209/1
f 91/211/1 32/205/1 92/210/1
f 90/212/1 32/205/1 91/211/1
f 73/213/1 75/214/1 74/215/1
f 73/213/1 76/216/1 75/214/1
f 89/217/1 32/205/1 90/212/1
f 73/213/1 77/218/1 76/216/1
f 88/219/1 32/205/1 89/217/1
f 73/213/1 78/220/1 77/218/1
f 87/221/1 32/205/1 88/219/1
f 73/213/1 79/222/1 78/220/1
f 86/223/1 32/205/1 87/221/1
f 73/213/1 80/224/1 79/222/1
f 85/225/1 32/205/1 86/223/1
f 73/213/1 81/226/1 80/224/1
f 84/227/1 32/205/1 85/225/1
f 73/213/1 82/228/1 81/226/1
f 83/229/1 32/205/1 84/227/1
f 73/213/1 83/229/1 82/228/1
f 73/213/1 32/205/1 83/229/1
f 73/213/1 33/230/1 32/205/1
f 72/231/1 33/230/1 73/213/1
f 71/232/1 33/230/1 72/231/1
f 71/232/1 34/233/1 33/230/1
f 70/234/1 34/233/1 71/232/1
f 70/234/1 35/235/1 34/233/1
f 69/236/1 35/235/1 70/234/1
s 0
f 293/237/1 220/151/1 294/144/1
s 1
f 292/238/1 221/239/1 293/237/1
s 0
f 221/239/1 220/151/1 293/237/1
s 1
f 292/238/1 222/240/1 221/239/1
f 68/241/1 35/235/1 69/236/1
f 68/241/1 36/242/1 35/235/1
f 67/243/1 36/242/1 68/241/1
f 67/243/1 37/244/1 36/242/1
f 66/245/1 37/244/1 67/243/1
f 66/245/1 38/246/1 37/244/1
f 65/247/1 38/246/1 66/245/1
f 65/247/1 39/248/1 38/246/1
f 291/249/1 222/240/1 292/238/1
f 65/247/1 40/250/1 39/248/1
f 64/251/1 40/250/1 65/247/1
f 64/251/1 41/252/1 40/250/1
f 64/251/1 42/253/1 41/252/1
f 291/249/1 257/254/1 222/240/1
f 257/254/1 223/255/1 222/240/1
f 64/251/1 43/256/1 42/253/1
f 63/257/1 43/256/1 64/251/1
f 63/257/1 44/258/1 43/256/1
f 63/257/1 45/259/1 44/258/1
f 63/257/1 46/260/1 45/259/1
f 62/261/1 46/260/1 63/257/1
f 62/261/1 47/262/1 46/260/1
f 62/261/1 48/263/1 47/262/1
f 62/261/1 49/264/1 48/263/1
f 62/261/1 50/265/1 49/264/1
f 62/261/1 51/266/1 50/265/1
f 62/261/1 52/267/1 51/266/1
f 62/261/1 53/268/1 52/267/1
f 61/269/1 53/268/1 62/261/1
f 61/269/1 54/270/1 53/268/1
f 60/271/1 54/270/1 61/269/1
f 60/271/1 55/272/1 54/270/1
f 59/273/1 55/272/1 60/271/1
f 59/273/1 56/274/1 55/272/1
f 58/275/1 56/274/1 59/273/1
f 58/275/1 57/276/1 56/274/1
f 290/277/1 257/254/1 291/249/1
f 290/277/1 258/278/1 257/254/1
f 256/279/1 223/255/1 257/254/1
f 256/279/1 224/280/1 223/255/1
f 289/281/1 258/278/1 290/277/1
f 289/281/1 259/282/1 258/278/1
f 255/283/1 224/280/1 256/279/1
f 255/283/1 225/284/1 224/280/1
f 288/285/1 259/282/1 289/281/1
f 288/285/1 260/286/1 259/282/1
f 287/287/1 260/286/1 288/285/1
f 255/283/1 226/288/1 225/284/1
f 254/289/1 226/288/1 255/283/1
f 287/287/1 261/290/1 260/286/1
f 286/291/1 261/290/1 287/287/1
f 254/289/1 227/292/1 226/288/1
f 253/293/1 227/292/1 254/289/1
f 286/291/1 262/294/1 261/290/1
f 253/293/1 228/295/1 227/292/1
f 285/296/1 262/294/1 286/291/1
f 252/297/1 228/295/1 253/293/1
f 285/296/1 263/298/1 262/294/1
f 252/297/1 229/299/1 228/295/1
f 284/300/1 263/298/1 285/296/1
f 252/297/1 230/301/1 229/299/1
f 251/302/1 230/301/1 252/297/1
f 283/303/1 263/298/1 284/300/1
f 283/303/1 264/304/1 263/298/1
f 251/302/1 231/305/1 230/301/1
f 282/306/1 264/304/1 283/303/1
f 250/307/1 231/305/1 251/302/1
f 250/307/1 232/308/1 231/305/1
f 282/306/1 265/309/1 264/304/1
f 250/307/1 233/310/1 232/308/1
f 281/311/1 265/309/1 282/306/1
f 249/312/1 233/310/1 250/307/1
f 281/311/1 266/313/1 265/309/1
f 249/312/1 234/314/1 233/310/1
f 249/312/1 235/315/1 234/314/1
f 280/316/1 266/313/1 281/311/1
f 249/312/1 236/317/1 235/315/1
f 279/318/1 266/313/1 280/316/1
f 248/319/1 236/317/1 249/312/1
f 248/319/1 237/320/1 236/317/1
f 278/321/1 266/313/1 279/318/1
f 278/321/1 267/322/1 266/313/1
f 248/319/1 238/323/1 237/320/1
f 277/324/1 267/322/1 278/321/1
f 276/325/1 267/322/1 277/324/1
f 248/319/1 239/326/1 238/323/1
f 247/327/1 239/326/1 248/319/1
f 275/328/1 267/322/1 276/325/1
f 247/327/1 240/329/1 239/326/1
f 275/328/1 268/330/1 267/322/1
f 274/331/1 268/330/1 275/328/1
f 247/327/1 241/332/1 240/329/1
f 273/333/1 268/330/1 274/331/1
f 246/334/1 241/332/1 247/327/1
f 246/334/1 242/335/1 241/332/1
f 272/336/1 268/330/1 273/333/1
f 246/334/1 243/337/1 242/335/1
f 272/336/1 271/338/1 268/330/1
f 271/338/1 270/339/1 268/330/1
f 270/339/1 269/340/1 268/330/1
f 245/341/1 244/342/1 246/334/1
f 244/342/1 243/337/1 246/334/1
f 368/343/1 366/344/1 369/345/1
f 366/344/1 370/346/1 369/345/1
f 366/344/1 365/347/1 370/346/1
f 365/347/1 363/348/1 370/346/1
f 368/343/1 367/349/1 366/344/1
f 364/350/1 363/348/1 365/347/1
f 372/351/1 374/352/1 373/353/1
f 372/351/1 371/354/1 374/352/1
f 376/355/1 378/160/1 377/356/1
f 376/355/1 375/357/1 378/160/1
f 360/358/1 348/359/1 361/360/1
f 348/359/1 362/361/1 361/360/1
f 348/359/1 347/362/1 362/361/1
f 347/362/1 355/363/1 362/361/1
f 360/358/1 349/364/1 348/359/1
f 350/365/1 355/363/1 347/362/1
f 360/358/1 345/366/1 349/364/1
f 345/366/1 350/365/1 349/364/1
f 345/366/1 344/367/1 350/365/1
f 344/367/1 355/363/1 350/365/1
f 360/358/1 346/368/1 345/366/1
f 343/9/1 355/363/1 344/367/1
f 360/358/1 353/369/1 346/368/1
f 353/369/1 343/9/1 346/368/1
f 353/369/1 352/370/1 343/9/1
f 352/370/1 355/363/1 343/9/1
f 360/358/1 354/371/1 353/369/1
f 351/372/1 355/363/1 352/370/1
f 360/358/1 358/373/1 354/371/1
f 358/373/1 351/372/1 354/371/1
f 358/373/1 357/374/1 351/372/1
f 357/374/1 355/363/1 351/372/1
f 360/358/1 359/375/1 358/373/1
f 356/376/1 355/363/1 357/374/1
f 461/377/1 463/378/1 462/379/1
f 461/377/1 464/380/1 463/378/1
f 460/381/1 464/380/1 461/377/1
f 460/381/1 465/382/1 464/380/1
f 459/383/1 465/382/1 460/381/1
f 459/383/1 466/384/1 465/382/1
f 458/385/1 466/384/1 459/383/1
f 458/385/1 467/386/1 466/384/1
f 457/387/1 414/388/1 458/385/1
f 414/388/1 523/389/1 458/385/1
f 523/389/1 467/386/1 458/385/1
f 414/388/1 524/390/1 523/389/1
f 522/391/1 467/386/1 523/389/1
f 457/387/1 415/392/1 414/388/1
f 413/393/1 524/390/1 414/388/1
f 522/391/1 468/394/1 467/386/1
f 521/395/1 468/394/1 522/391/1
f 457/387/1 416/396/1 415/392/1
f 456/397/1 416/396/1 457/387/1
f 520/398/1 468/394/1 521/395/1
f 413/393/1 525/399/1 524/390/1
f 456/397/1 417/400/1 416/396/1
f 412/401/1 525/399/1 413/393/1
f 519/402/1 468/394/1 520/398/1
f 519/402/1 469/403/1 468/394/1
f 456/397/1 418/404/1 417/400/1
f 412/401/1 526/405/1 525/399/1
f 455/406/1 418/404/1 456/397/1
f 411/407/1 526/405/1 412/401/1
f 518/408/1 469/403/1 519/402/1
f 455/406/1 419/409/1 418/404/1
f 518/408/1 470/410/1 469/403/1
f 517/411/1 470/410/1 518/408/1
f 410/412/1 526/405/1 411/407/1
f 410/412/1 527/413/1 526/405/1
f 454/414/1 419/409/1 455/406/1
f 454/414/1 420/415/1 419/409/1
f 409/416/1 527/413/1 410/412/1
f 516/417/1 470/410/1 517/411/1
f 409/416/1 528/418/1 527/413/1
f 516/417/1 471/419/1 470/410/1
f 408/420/1 528/418/1 409/416/1
f 408/420/1 529/421/1 528/418/1
f 515/422/1 471/419/1 516/417/1
f 454/414/1 421/423/1 420/415/1
f 453/424/1 421/423/1 454/414/1
f 407/425/1 529/421/1 408/420/1
f 407/425/1 530/426/1 529/421/1
f 515/422/1 472/427/1 471/419/1
f 514/428/1 472/427/1 515/422/1
f 453/424/1 422/429/1 421/423/1
f 406/430/1 530/426/1 407/425/1
f 406/430/1 531/431/1 530/426/1
f 452/432/1 422/429/1 453/424/1
f 513/433/1 472/427/1 514/428/1
f 405/434/1 531/431/1 406/430/1
f 452/432/1 423/435/1 422/429/1
f 405/434/1 532/436/1 531/431/1
f 513/433/1 473/437/1 472/427/1
f 404/438/1 532/436/1 405/434/1
f 404/438/1 533/439/1 532/436/1
f 512/440/1 473/437/1 513/433/1
f 452/432/1 424/441/1 423/435/1
f 451/442/1 424/441/1 452/432/1
f 403/443/1 533/439/1 404/438/1
f 403/443/1 534/444/1 533/439/1
f 512/440/1 474/445/1 473/437/1
f 402/446/1 534/444/1 403/443/1
f 511/447/1 474/445/1 512/440/1
f 451/442/1 425/448/1 424/441/1
f 402/446/1 535/160/1 534/444/1
f 401/449/1 535/160/1 402/446/1
f 450/450/1 425/448/1 451/442/1
f 401/449/1 427/451/1 535/160/1
f 510/452/1 474/445/1 511/447/1
f 450/450/1 426/453/1 425/448/1
f 510/452/1 475/454/1 474/445/1
f 400/455/1 427/451/1 401/449/1
f 450/450/1 379/9/1 426/453/1
f 509/456/1 475/454/1 510/452/1
f 449/457/1 379/9/1 450/450/1
f 400/455/1 428/458/1 427/451/1
f 509/456/1 476/459/1 475/454/1
f 399/460/1 428/458/1 400/455/1
f 449/457/1 380/461/1 379/9/1
f 508/462/1 476/459/1 509/456/1
f 448/463/1 380/461/1 449/457/1
f 398/464/1 428/458/1 399/460/1
f 448/463/1 381/465/1 380/461/1
f 398/464/1 429/466/1 428/458/1
f 508/462/1 477/467/1 476/459/1
f 507/468/1 477/467/1 508/462/1
f 448/463/1 382/469/1 381/465/1
f 397/470/1 429/466/1 398/464/1
f 447/471/1 382/469/1 448/463/1
f 397/470/1 430/472/1 429/466/1
f 447/471/1 383/473/1 382/469/1
f 396/474/1 430/472/1 397/470/1
f 507/468/1 478/475/1 477/467/1
f 506/476/1 478/475/1 507/468/1
f 446/477/1 383/473/1 447/471/1
f 446/477/1 384/478/1 383/473/1
f 395/479/1 430/472/1 396/474/1
f 395/479/1 431/480/1 430/472/1
f 446/477/1 385/481/1 384/478/1
f 505/482/1 478/475/1 506/476/1
f 394/483/1 431/480/1 395/479/1
f 445/484/1 385/481/1 446/477/1
f 445/484/1 386/485/1 385/481/1
f 505/482/1 479/486/1 478/475/1
f 393/487/1 431/480/1 394/483/1
f 445/484/1 387/488/1 386/485/1
f 504/489/1 479/486/1 505/482/1
f 393/487/1 432/490/1 431/480/1
f 392/491/1 432/490/1 393/487/1
f 445/484/1 388/492/1 387/488/1
f 391/493/1 432/490/1 392/491/1
f 445/484/1 389/494/1 388/492/1
f 444/495/1 389/494/1 445/484/1
f 390/496/1 432/490/1 391/493/1
f 444/495/1 390/496/1 389/494/1
f 444/495/1 432/490/1 390/496/1
f 503/497/1 479/486/1 504/489/1
f 503/497/1 480/498/1 479/486/1
f 444/495/1 433/499/1 432/490/1
f 443/500/1 433/499/1 444/495/1
f 502/501/1 480/498/1 503/497/1
f 443/500/1 434/502/1 433/499/1
f 442/503/1 434/502/1 443/500/1
f 502/501/1 481/504/1 480/498/1
f 501/505/1 481/504/1 502/501/1
f 442/503/1 435/506/1 434/502/1
f 441/507/1 435/506/1 442/503/1
f 500/508/1 481/504/1 501/505/1
f 499/509/1 481/504/1 500/508/1
f 441/507/1 436/510/1 435/506/1
f 440/511/1 436/510/1 441/507/1
f 499/509/1 482/512/1 481/504/1
f 498/513/1 482/512/1 499/509/1
f 497/514/1 482/512/1 498/513/1
f 496/515/1 482/512/1 497/514/1
f 440/511/1 437/516/1 436/510/1
f 439/517/1 437/516/1 440/511/1
f 495/518/1 482/512/1 496/515/1
f 494/519/1 482/512/1 495/518/1
f 493/520/1 482/512/1 494/519/1
f 492/521/1 482/512/1 493/520/1
f 491/522/1 482/512/1 492/521/1
f 490/523/1 482/512/1 491/522/1
f 439/517/1 438/524/1 437/516/1
f 489/525/1 482/512/1 490/523/1
f 488/526/1 482/512/1 489/525/1
f 487/527/1 482/512/1 488/526/1
f 486/528/1 482/512/1 487/527/1
f 486/528/1 483/529/1 482/512/1
f 486/528/1 484/530/1 483/529/1
f 486/528/1 485/531/1 484/530/1
f 546/532/1 548/533/1 547/534/1
f 546/532/1 549/535/1 548/533/1
f 546/532/1 550/536/1 549/535/1
f 545/537/1 550/536/1 546/532/1
f 545/537/1 551/538/1 550/536/1
f 544/205/1 551/538/1 545/537/1
f 544/205/1 552/257/1 551/538/1
f 543/539/1 552/257/1 544/205/1
f 543/539/1 553/540/1 552/257/1
f 542/541/1 553/540/1 543/539/1
f 542/541/1 554/542/1 553/540/1
f 541/543/1 554/542/1 542/541/1
f 541/543/1 555/544/1 554/542/1
f 540/545/1 555/544/1 541/543/1
f 540/545/1 556/546/1 555/544/1
f 539/547/1 556/546/1 540/545/1
f 539/547/1 557/548/1 556/546/1
f 538/549/1 557/548/1 539/547/1
f 538/549/1 558/404/1 557/548/1
f 537/550/1 558/404/1 538/549/1
f 537/550/1 559/551/1 558/404/1
f 536/9/1 559/551/1 537/550/1
f 536/9/1 560/208/1 559/551/1
f 624/160/1 560/208/1 536/9/1
f 623/552/1 560/208/1 624/160/1
f 623/552/1 561/553/1 560/208/1
f 622/554/1 561/553/1 623/552/1
f 621/555/1 561/553/1 622/554/1
f 620/556/1 561/553/1 621/555/1
f 620/556/1 562/557/1 561/553/1
f 620/556/1 563/558/1 562/557/1
f 619/559/1 563/558/1 620/556/1
f 619/559/1 564/560/1 563/558/1
f 619/559/1 565/561/1 564/560/1
f 619/559/1 566/562/1 565/561/1
f 619/559/1 567/563/1 566/562/1
f 618/564/1 586/565/1 619/559/1
f 586/565/1 567/563/1 619/559/1
f 586/565/1 568/110/1 567/563/1
f 618/564/1 587/566/1 586/565/1
f 585/567/1 568/110/1 586/565/1
f 585/567/1 569/568/1 568/110/1
f 584/45/1 569/568/1 585/567/1
f 584/45/1 570/569/1 569/568/1
f 583/570/1 570/569/1 584/45/1
f 582/571/1 570/569/1 583/570/1
f 582/571/1 571/572/1 570/569/1
f 581/573/1 571/572/1 582/571/1
f 581/573/1 572/574/1 571/572/1
f 617/575/1 587/566/1 618/564/1
f 580/387/1 572/574/1 581/573/1
f 580/387/1 573/576/1 572/574/1
f 579/577/1 573/576/1 580/387/1
f 579/577/1 578/578/1 573/576/1
f 578/578/1 577/579/1 573/576/1
f 577/579/1 576/122/1 573/576/1
f 576/122/1 575/580/1 573/576/1
f 575/580/1 574/581/1 573/576/1
f 616/21/1 587/566/1 617/575/1
f 615/582/1 587/566/1 616/21/1
f 614/583/1 587/566/1 615/582/1
f 613/584/1 587/566/1 614/583/1
f 612/585/1 587/566/1 613/584/1
f 611/586/1 587/566/1 612/585/1
f 611/586/1 588/587/1 587/566/1
f 611/586/1 589/588/1 588/587/1
f 610/589/1 589/588/1 611/586/1
f 610/589/1 590/590/1 589/588/1
f 609/591/1 590/590/1 610/589/1
f 609/591/1 591/592/1 590/590/1
f 608/316/1 591/592/1 609/591/1
f 608/316/1 592/134/1 591/592/1
f 607/593/1 592/134/1 608/316/1
f 607/593/1 593/594/1 592/134/1
f 606/595/1 593/594/1 607/593/1
f 606/595/1 594/596/1 593/594/1
f 605/597/1 594/596/1 606/595/1
f 605/597/1 595/598/1 594/596/1
f 604/599/1 595/598/1 605/597/1
f 604/599/1 596/600/1 595/598/1
f 603/601/1 596/600/1 604/599/1
f 603/601/1 597/602/1 596/600/1
f 602/515/1 597/602/1 603/601/1
f 602/515/1 598/603/1 597/602/1
f 601/604/1 598/603/1 602/515/1
f 601/604/1 599/605/1 598/603/1
f 600/312/1 599/605/1 601/604/1
f 637/606/1 639/607/1 638/608/1
f 637/606/1 640/609/1 639/607/1
f 636/610/1 640/609/1 637/606/1
f 636/610/1 641/611/1 640/609/1
f 698/612/1 700/613/1 699/614/1
f 635/615/1 641/611/1 636/610/1
f 635/615/1 642/616/1 641/611/1
f 725/617/1 727/618/1 726/619/1
f 634/620/1 642/616/1 635/615/1
f 698/612/1 701/621/1 700/613/1
f 697/622/1 701/621/1 698/612/1
f 697/622/1 702/623/1 701/621/1
f 725/617/1 728/624/1 727/618/1
f 634/620/1 643/625/1 642/616/1
f 697/622/1 703/626/1 702/623/1
f 697/622/1 704/627/1 703/626/1
f 633/628/1 643/625/1 634/620/1
f 697/622/1 705/629/1 704/627/1
f 725/617/1 729/630/1 728/624/1
f 724/631/1 729/630/1 725/617/1
f 697/622/1 706/632/1 705/629/1
f 697/622/1 707/633/1 706/632/1
f 633/628/1 644/634/1 643/625/1
f 697/622/1 708/635/1 707/633/1
f 723/636/1 729/630/1 724/631/1
f 632/637/1 644/634/1 633/628/1
f 697/622/1 709/638/1 708/635/1
f 696/639/1 709/638/1 697/622/1
f 696/639/1 710/640/1 709/638/1
f 723/636/1 730/641/1 729/630/1
f 696/639/1 711/642/1 710/640/1
f 696/639/1 712/643/1 711/642/1
f 722/644/1 730/641/1 723/636/1
f 696/639/1 651/645/1 712/643/1
f 632/637/1 645/646/1 644/634/1
f 631/647/1 645/646/1 632/637/1
f 722/644/1 731/648/1 730/641/1
f 721/649/1 731/648/1 722/644/1
f 695/650/1 651/645/1 696/639/1
f 631/647/1 646/651/1 645/646/1
f 695/650/1 652/652/1 651/645/1
f 630/653/1 646/651/1 631/647/1
f 721/649/1 732/654/1 731/648/1
f 720/655/1 732/654/1 721/649/1
f 630/653/1 647/656/1 646/651/1
f 629/657/1 647/656/1 630/653/1
f 694/658/1 652/652/1 695/650/1
f 720/655/1 733/659/1 732/654/1
f 694/658/1 653/660/1 652/652/1
f 719/661/1 733/659/1 720/655/1
f 629/657/1 648/662/1 647/656/1
f 628/663/1 648/662/1 629/657/1
f 719/661/1 734/664/1 733/659/1
f 718/665/1 734/664/1 719/661/1
f 693/666/1 653/660/1 694/658/1
f 628/663/1 649/667/1 648/662/1
f 693/666/1 654/668/1 653/660/1
f 627/669/1 649/667/1 628/663/1
f 627/669/1 650/670/1 649/667/1
f 718/665/1 735/671/1 734/664/1
f 717/672/1 735/671/1 718/665/1
f 626/673/1 650/670/1 627/669/1
f 693/666/1 655/674/1 654/668/1
f 692/675/1 655/674/1 693/666/1
f 626/673/1 625/9/1 650/670/1
f 717/672/1 736/676/1 735/671/1
f 716/677/1 736/676/1 717/672/1
f 692/675/1 656/678/1 655/674/1
f 716/677/1 737/679/1 736/676/1
f 691/680/1 656/678/1 692/675/1
f 715/681/1 737/679/1 716/677/1
f 715/681/1 738/160/1 737/679/1
f 691/680/1 657/682/1 656/678/1
f 714/683/1 738/160/1 715/681/1
f 690/684/1 657/682/1 691/680/1
f 714/683/1 713/685/1 738/160/1
f 690/684/1 658/686/1 657/682/1
f 689/687/1 658/686/1 690/684/1
f 689/687/1 659/688/1 658/686/1
f 688/689/1 659/688/1 689/687/1
f 688/689/1 660/690/1 659/688/1
f 687/691/1 660/690/1 688/689/1
f 687/691/1 661/692/1 660/690/1
f 686/693/1 661/692/1 687/691/1
f 686/693/1 662/694/1 661/692/1
f 685/695/1 662/694/1 686/693/1
f 685/695/1 663/696/1 662/694/1
f 684/697/1 663/696/1 685/695/1
f 684/697/1 664/698/1 663/696/1
f 683/699/1 664/698/1 684/697/1
f 682/700/1 664/698/1 683/699/1
f 682/700/1 665/701/1 664/698/1
f 681/702/1 665/701/1 682/700/1
f 681/702/1 666/703/1 665/701/1
f 680/704/1 666/703/1 681/702/1
f 680/704/1 667/705/1 666/703/1
f 679/706/1 667/705/1 680/704/1
f 678/707/1 667/705/1 679/706/1
f 678/707/1 668/708/1 667/705/1
f 677/709/1 668/708/1 678/707/1
f 677/709/1 669/710/1 668/708/1
f 676/711/1 669/710/1 677/709/1
f 675/712/1 669/710/1 676/711/1
f 675/712/1 670/713/1 669/710/1
f 674/714/1 670/713/1 675/712/1
f 674/714/1 671/715/1 670/713/1
f 674/714/1 672/716/1 671/715/1
f 674/714/1 673/717/1 672/716/1
f 777/718/1 779/719/1 778/720/1
f 777/718/1 780/721/1 779/719/1
f 777/718/1 781/722/1 780/721/1
f 776/359/1 781/722/1 777/718/1
f 751/723/1 753/724/1 752/725/1
f 776/359/1 782/726/1 781/722/1
f 775/727/1 782/726/1 776/359/1
f 751/723/1 754/728/1 753/724/1
f 775/727/1 783/729/1 782/726/1
f 774/730/1 783/729/1 775/727/1
f 855/731/1 857/732/1 856/733/1
f 855/731/1 858/734/1 857/732/1
f 751/723/1 755/735/1 754/728/1
f 750/736/1 755/735/1 751/723/1
f 855/731/1 859/737/1 858/734/1
f 854/738/1 859/737/1 855/731/1
f 773/739/1 783/729/1 774/730/1
f 773/739/1 784/740/1 783/729/1
f 854/738/1 860/741/1 859/737/1
f 853/742/1 860/741/1 854/738/1
f 750/736/1 756/743/1 755/735/1
f 749/744/1 756/743/1 750/736/1
f 853/742/1 861/745/1 860/741/1
f 852/746/1 861/745/1 853/742/1
f 772/747/1 784/740/1 773/739/1
f 772/747/1 785/748/1 784/740/1
f 852/746/1 862/749/1 861/745/1
f 851/750/1 862/749/1 852/746/1
f 749/744/1 757/751/1 756/743/1
f 748/752/1 757/751/1 749/744/1
f 851/750/1 863/753/1 862/749/1
f 850/373/1 863/753/1 851/750/1
f 771/754/1 785/748/1 772/747/1
f 771/754/1 786/755/1 785/748/1
f 849/756/1 863/753/1 850/373/1
f 849/756/1 864/757/1 863/753/1
f 748/752/1 758/758/1 757/751/1
f 747/759/1 758/758/1 748/752/1
f 848/760/1 864/757/1 849/756/1
f 770/761/1 786/755/1 771/754/1
f 848/760/1 865/762/1 864/757/1
f 770/761/1 787/763/1 786/755/1
f 747/759/1 759/764/1 758/758/1
f 746/765/1 759/764/1 747/759/1
f 847/766/1 865/762/1 848/760/1
f 847/766/1 866/767/1 865/762/1
f 769/768/1 787/763/1 770/761/1
f 846/769/1 866/767/1 847/766/1
f 846/769/1 867/770/1 866/767/1
f 769/768/1 788/771/1 787/763/1
f 746/765/1 760/772/1 759/764/1
f 745/773/1 760/772/1 746/765/1
f 845/774/1 867/770/1 846/769/1
f 845/774/1 868/775/1 867/770/1
f 768/776/1 788/771/1 769/768/1
f 768/776/1 789/777/1 788/771/1
f 844/778/1 868/775/1 845/774/1
f 844/778/1 869/779/1 868/775/1
f 745/773/1 761/780/1 760/772/1
f 744/781/1 761/780/1 745/773/1
f 843/782/1 869/779/1 844/778/1
f 843/782/1 870/783/1 869/779/1
f 767/784/1 789/777/1 768/776/1
f 767/784/1 790/785/1 789/777/1
f 744/781/1 762/786/1 761/780/1
f 743/787/1 762/786/1 744/781/1
f 767/784/1 766/788/1 790/785/1
f 766/788/1 765/789/1 790/785/1
f 743/787/1 763/790/1 762/786/1
f 742/791/1 763/790/1 743/787/1
f 742/791/1 764/792/1 763/790/1
f 741/793/1 764/792/1 742/791/1
f 741/793/1 740/794/1 764/792/1
f 740/794/1 739/9/1 764/792/1
f 985/795/1 987/796/1 986/797/1
f 882/798/1 884/799/1 883/800/1
f 881/801/1 884/799/1 882/798/1
f 985/795/1 988/802/1 987/796/1
f 880/803/1 884/799/1 881/801/1
f 985/795/1 989/804/1 988/802/1
f 879/805/1 884/799/1 880/803/1
f 985/795/1 990/806/1 989/804/1
f 878/807/1 884/799/1 879/805/1
f 985/795/1 991/808/1 990/806/1
f 877/809/1 884/799/1 878/807/1
f 985/795/1 992/810/1 991/808/1
f 876/811/1 884/799/1 877/809/1
f 985/795/1 993/812/1 992/810/1
f 875/813/1 884/799/1 876/811/1
f 985/795/1 994/814/1 993/812/1
f 874/815/1 884/799/1 875/813/1
f 985/795/1 995/816/1 994/814/1
f 873/817/1 884/799/1 874/815/1
f 985/795/1 996/818/1 995/816/1
f 872/819/1 884/799/1 873/817/1
f 985/795/1 997/820/1 996/818/1
f 871/821/1 884/799/1 872/819/1
f 985/795/1 998/160/1 997/820/1
f 985/795/1 843/782/1 998/160/1
f 985/795/1 870/783/1 843/782/1
f 985/795/1 871/821/1 870/783/1
f 985/795/1 984/822/1 871/821/1
f 984/822/1 983/823/1 871/821/1
f 983/823/1 982/824/1 871/821/1
f 982/824/1 981/825/1 871/821/1
f 981/825/1 980/826/1 871/821/1
f 980/826/1 979/827/1 871/821/1
f 979/827/1 978/828/1 871/821/1
f 978/828/1 977/829/1 871/821/1
f 977/829/1 976/830/1 871/821/1
f 976/830/1 975/831/1 871/821/1
f 975/831/1 974/832/1 871/821/1
f 974/832/1 973/833/1 871/821/1
f 973/833/1 972/834/1 871/821/1
f 972/834/1 896/835/1 871/821/1
f 896/835/1 895/836/1 871/821/1
f 895/836/1 894/837/1 871/821/1
f 894/837/1 893/838/1 871/821/1
f 893/838/1 892/839/1 871/821/1
f 892/839/1 891/840/1 871/821/1
f 891/840/1 890/841/1 871/821/1
f 890/841/1 889/842/1 871/821/1
f 889/842/1 888/843/1 871/821/1
f 888/843/1 887/348/1 871/821/1
f 887/348/1 886/844/1 871/821/1
f 886/844/1 885/845/1 871/821/1
f 885/845/1 884/799/1 871/821/1
f 971/846/1 897/847/1 972/834/1
f 897/847/1 896/835/1 972/834/1
f 971/846/1 898/848/1 897/847/1
f 970/849/1 898/848/1 971/846/1
f 970/849/1 899/850/1 898/848/1
f 969/851/1 899/850/1 970/849/1
f 969/851/1 900/852/1 899/850/1
f 968/853/1 900/852/1 969/851/1
f 968/853/1 901/854/1 900/852/1
f 967/855/1 901/854/1 968/853/1
f 967/855/1 902/856/1 901/854/1
f 802/857/1 804/858/1 803/859/1
f 829/860/1 831/861/1 830/862/1
f 966/863/1 902/856/1 967/855/1
f 829/860/1 832/864/1 831/861/1
f 801/865/1 804/858/1 802/857/1
f 966/863/1 903/866/1 902/856/1
f 801/865/1 805/867/1 804/858/1
f 828/868/1 832/864/1 829/860/1
f 828/868/1 833/869/1 832/864/1
f 800/870/1 805/867/1 801/865/1
f 827/871/1 833/869/1 828/868/1
f 800/870/1 806/872/1 805/867/1
f 965/873/1 903/866/1 966/863/1
f 827/871/1 834/874/1 833/869/1
f 799/875/1 806/872/1 800/870/1
f 826/876/1 834/874/1 827/871/1
f 965/873/1 904/877/1 903/866/1
f 799/875/1 807/878/1 806/872/1
f 826/876/1 835/879/1 834/874/1
f 798/880/1 807/878/1 799/875/1
f 825/881/1 835/879/1 826/876/1
f 798/880/1 808/882/1 807/878/1
f 825/881/1 836/883/1 835/879/1
f 964/884/1 904/877/1 965/873/1
f 797/885/1 808/882/1 798/880/1
f 824/886/1 836/883/1 825/881/1
f 824/886/1 837/887/1 836/883/1
f 964/884/1 905/888/1 904/877/1
f 797/885/1 809/889/1 808/882/1
f 796/890/1 809/889/1 797/885/1
f 823/891/1 837/887/1 824/886/1
f 823/891/1 838/892/1 837/887/1
f 796/890/1 810/893/1 809/889/1
f 963/894/1 905/888/1 964/884/1
f 795/895/1 810/893/1 796/890/1
f 822/896/1 838/892/1 823/891/1
f 822/896/1 839/897/1 838/892/1
f 963/894/1 906/898/1 905/888/1
f 795/895/1 811/899/1 810/893/1
f 794/900/1 811/899/1 795/895/1
f 821/901/1 839/897/1 822/896/1
f 821/901/1 840/902/1 839/897/1
f 962/903/1 906/898/1 963/894/1
f 794/900/1 812/904/1 811/899/1
f 793/905/1 812/904/1 794/900/1
f 820/906/1 840/902/1 821/901/1
f 820/906/1 841/907/1 840/902/1
f 792/908/1 812/904/1 793/905/1
f 962/903/1 907/909/1 906/898/1
f 792/908/1 813/369/1 812/904/1
f 819/910/1 841/907/1 820/906/1
f 819/910/1 842/911/1 841/907/1
f 961/353/1 907/909/1 962/903/1
f 791/912/1 813/369/1 792/908/1
f 791/912/1 814/913/1 813/369/1
f 818/914/1 842/911/1 819/910/1
f 816/915/1 814/913/1 791/912/1
f 818/914/1 817/916/1 842/911/1
f 961/353/1 908/917/1 907/909/1
f 816/915/1 815/918/2 814/913/1
f 960/919/1 908/917/1 961/353/1
f 960/919/1 909/920/1 908/917/1
f 959/921/1 909/920/1 960/919/1
f 958/922/1 909/920/1 959/921/1
f 957/923/1 909/920/1 958/922/1
f 957/923/1 910/924/1 909/920/1
f 956/925/1 910/924/1 957/923/1
f 955/926/1 910/924/1 956/925/1
f 954/927/1 910/924/1 955/926/1
f 953/928/1 910/924/1 954/927/1
f 934/929/1 936/930/1 935/931/1
f 934/929/1 937/932/1 936/930/1
f 952/933/1 910/924/1 953/928/1
f 934/929/1 938/934/1 937/932/1
f 934/929/1 939/935/1 938/934/1
f 951/936/1 910/924/1 952/933/1
f 934/929/1 940/937/1 939/935/1
f 951/936/1 911/938/1 910/924/1
f 934/929/1 941/939/1 940/937/1
f 950/940/1 911/938/1 951/936/1
f 934/929/1 942/941/1 941/939/1
f 949/942/1 911/938/1 950/940/1
f 934/929/1 943/943/1 942/941/1
f 934/929/1 944/944/1 943/943/1
f 948/945/1 911/938/1 949/942/1
f 934/929/1 945/946/1 944/944/1
f 934/929/1 946/947/1 945/946/1
f 947/948/1 911/938/1 948/945/1
f 934/929/1 947/948/1 946/947/1
f 934/929/1 911/938/1 947/948/1
f 934/929/1 912/949/1 911/938/1
f 934/929/1 913/950/1 912/949/1
f 934/929/1 914/951/1 913/950/1
f 934/929/1 915/952/1 914/951/1
f 934/929/1 916/953/1 915/952/1
f 934/929/1 917/954/1 916/953/1
f 934/929/1 918/955/1 917/954/1
f 934/929/1 919/956/1 918/955/1
f 933/957/1 919/956/1 934/929/1
f 932/958/1 919/956/1 933/957/1
f 931/959/1 919/956/1 932/958/1
f 931/959/1 920/960/1 919/956/1
f 930/961/1 920/960/1 931/959/1
f 929/962/1 920/960/1 930/961/1
f 928/963/1 920/960/1 929/962/1
f 928/963/1 921/964/1 920/960/1
f 927/965/1 921/964/1 928/963/1
f 926/966/1 921/964/1 927/965/1
f 925/967/1 921/964/1 926/966/1
f 925/967/1 922/968/1 921/964/1
f 924/343/1 922/968/1 925/967/1
f 923/969/1 922/968/1 924/343/1
f 1098/970/1 1100/971/1 1099/972/1
f 1021/973/1 1023/974/1 1022/975/1
f 1098/970/1 1101/976/1 1100/971/1
f 1020/977/1 1023/974/1 1021/973/1
f 1098/970/1 1102/978/1 1101/976/1
f 1098/970/1 1103/979/1 1102/978/1
f 1019/980/1 1023/974/1 1020/977/1
f 1098/970/1 1104/981/1 1103/979/1
f 1018/982/1 1023/974/1 1019/980/1
f 1098/970/1 1105/983/1 1104/981/1
f 1098/970/1 1106/984/1 1105/983/1
f 1017/985/1 1023/974/1 1018/982/1
f 1098/970/1 1107/986/1 1106/984/1
f 1016/987/1 1023/974/1 1017/985/1
f 1098/970/1 1108/988/1 1107/986/1
f 1015/989/1 1023/974/1 1016/987/1
f 1098/970/1 1109/990/1 1108/988/1
f 1014/991/1 1023/974/1 1015/989/1
f 1098/970/1 1110/992/1 1109/990/1
f 1013/993/1 1023/974/1 1014/991/1
f 1012/994/1 1023/974/1 1013/993/1
f 1098/970/1 1111/995/1 1110/992/1
f 1011/996/1 1023/974/1 1012/994/1
f 1010/997/1 1023/974/1 1011/996/1
f 1098/970/1 999/9/1 1111/995/1
f 1098/970/1 1000/998/1 999/9/1
f 1098/970/1 1001/999/1 1000/998/1
f 1098/970/1 1002/1000/1 1001/999/1
f 1098/970/1 1003/1001/1 1002/1000/1
f 1098/970/1 1004/1002/1 1003/1001/1
f 1098/970/1 1005/1003/1 1004/1002/1
f 1098/970/1 1006/1004/1 1005/1003/1
f 1098/970/1 1007/1005/1 1006/1004/1
f 1098/970/1 1008/1006/1 1007/1005/1
f 1098/970/1 1009/1007/1 1008/1006/1
f 1098/970/1 1010/997/1 1009/1007/1
f 1098/970/1 1023/974/1 1010/997/1
f 1097/1008/1 1023/974/1 1098/970/1
f 1097/1008/1 1024/1009/1 1023/974/1
f 1096/1010/1 1024/1009/1 1097/1008/1
f 1096/1010/1 1025/1011/1 1024/1009/1
f 1095/1012/1 1025/1011/1 1096/1010/1
f 1095/1012/1 1026/1013/1 1025/1011/1
f 1095/1012/1 1027/1014/1 1026/1013/1
f 1094/1015/1 1027/1014/1 1095/1012/1
f 1094/1015/1 1028/404/1 1027/1014/1
f 1093/1016/1 1028/404/1 1094/1015/1
f 1093/1016/1 1029/1017/1 1028/404/1
f 1092/1018/1 1029/1017/1 1093/1016/1
f 1092/1018/1 1030/1019/1 1029/1017/1
f 1091/1020/1 1030/1019/1 1092/1018/1
f 1091/1020/1 1031/1021/1 1030/1019/1
f 1090/1022/1 1031/1021/1 1091/1020/1
f 1090/1022/1 1032/1023/1 1031/1021/1
f 1089/1024/1 1032/1023/1 1090/1022/1
f 1089/1024/1 1033/1025/1 1032/1023/1
f 1088/1026/1 1033/1025/1 1089/1024/1
f 1088/1026/1 1034/1027/1 1033/1025/1
f 1087/1028/1 1034/1027/1 1088/1026/1
f 1086/515/1 1113/1029/1 1087/1028/1
f 1113/1029/1 1034/1027/1 1087/1028/1
f 1113/1029/1 1112/1030/1 1034/1027/1
f 1112/1030/1 1035/1031/1 1034/1027/1
f 1086/515/1 1114/1032/1 1113/1029/1
f 1115/160/1 1035/1031/1 1112/1030/1
f 1085/1033/1 1114/1032/1 1086/515/1
f 1115/160/1 1036/1034/1 1035/1031/1
f 1084/1035/1 1114/1032/1 1085/1033/1
f 1115/160/1 1037/1036/1 1036/1034/1
f 1083/1037/1 1114/1032/1 1084/1035/1
f 1115/160/1 1038/1038/1 1037/1036/1
f 1082/1039/1 1114/1032/1 1083/1037/1
f 1115/160/1 1039/1040/1 1038/1038/1
f 1081/1041/1 1114/1032/1 1082/1039/1
f 1115/160/1 1040/1042/1 1039/1040/1
f 1080/1043/1 1114/1032/1 1081/1041/1
f 1115/160/1 1041/1044/1 1040/1042/1
f 1079/1045/1 1114/1032/1 1080/1043/1
f 1115/160/1 1042/1046/1 1041/1044/1
f 1078/1047/1 1114/1032/1 1079/1045/1
f 1115/160/1 1043/1048/1 1042/1046/1
f 1077/1049/1 1114/1032/1 1078/1047/1
f 1115/160/1 1044/1050/1 1043/1048/1
f 1076/1051/1 1114/1032/1 1077/1049/1
f 1115/160/1 1045/1052/1 1044/1050/1
f 1075/1053/1 1114/1032/1 1076/1051/1
f 1115/160/1 1046/1054/1 1045/1052/1
f 1075/1053/1 1115/160/1 1114/1032/1
f 1075/1053/1 1046/1054/1 1115/160/1
f 1074/1055/1 1046/1054/1 1075/1053/1
f 1074/1055/1 1047/1056/1 1046/1054/1
f 1073/1057/1 1047/1056/1 1074/1055/1
f 1073/1057/1 1048/1058/1 1047/1056/1
f 1072/1059/1 1048/1058/1 1073/1057/1
f 1072/1059/1 1049/1060/1 1048/1058/1
f 1072/1059/1 1050/1061/1 1049/1060/1
f 1071/1062/1 1050/1061/1 1072/1059/1
f 1071/1062/1 1051/1063/1 1050/1061/1
f 1070/1064/1 1051/1063/1 1071/1062/1
f 1070/1064/1 1060/1065/1 1051/1063/1
f 1060/1065/1 1052/1066/1 1051/1063/1
f 1069/1067/1 1061/1068/1 1070/1064/1
f 1061/1068/1 1060/1065/1 1070/1064/1
f 1069/1067/1 1062/1069/1 1061/1068/1
f 1059/1070/1 1052/1066/1 1060/1065/1
f 1068/1071/1 1062/1069/1 1069/1067/1
f 1059/1070/1 1053/1072/1 1052/1066/1
f 1067/1073/1 1062/1069/1 1068/1071/1
f 1059/1070/1 1054/1074/1 1053/1072/1
f 1066/1075/1 1062/1069/1 1067/1073/1
f 1059/1070/1 1055/1076/1 1054/1074/1
f 1065/1077/1 1062/1069/1 1066/1075/1
f 1059/1070/1 1056/1078/1 1055/1076/1
f 1064/1079/1 1062/1069/1 1065/1077/1
f 1059/1070/1 1057/387/1 1056/1078/1
f 1063/1080/1 1062/1069/1 1064/1079/1
f 1059/1070/1 1058/1081/1 1057/387/1
f 1292/1/3 1293/3/3 1294/2/3
f 1292/1/3 1294/2/3 1295/4/3
f 1291/5/3 1292/1/3 1295/4/3
f 1291/5/3 1295/4/3 1296/6/3
f 1254/7/3 1116/9/3 1117/8/3
f 1252/10/3 1253/12/3 1250/11/3
f 1250/11/3 1253/12/3 1254/7/3
f 1250/11/3 1254/7/3 1117/8/3
f 1290/13/3 1291/5/3 1296/6/3
f 1290/13/3 1296/6/3 1424/14/3
f 1424/14/3 1296/6/3 1297/15/3
f 1290/13/3 1424/14/3 1425/16/3
f 1423/17/3 1424/14/3 1297/15/3
f 1289/18/3 1290/13/3 1425/16/3
f 1250/11/3 1117/8/3 1118/19/3
f 1423/17/3 1297/15/3 1298/20/3
f 1289/18/3 1425/16/3 1426/21/3
f 1422/22/3 1423/17/3 1298/20/3
f 1288/23/3 1289/18/3 1426/21/3
f 1250/11/3 1118/19/3 1249/24/3
f 1249/24/3 1118/19/3 1119/25/3
f 1422/22/3 1298/20/3 1299/26/3
f 1288/23/3 1426/21/3 1427/27/3
f 1421/28/3 1422/22/3 1299/26/3
f 1288/23/3 1427/27/3 1428/29/3
f 1252/10/3 1250/11/3 1251/30/3
f 1248/31/3 1249/24/3 1119/25/3
f 1420/32/3 1421/28/3 1299/26/3
f 1287/33/3 1288/23/3 1428/29/3
f 1248/31/3 1119/25/3 1120/34/3
f 1420/32/3 1299/26/3 1300/35/3
f 1287/33/3 1428/29/3 1429/36/3
f 1419/37/3 1420/32/3 1300/35/3
f 1247/38/3 1248/31/3 1120/34/3
f 1286/39/3 1287/33/3 1429/36/3
f 1419/37/3 1300/35/3 1301/40/3
f 1247/38/3 1120/34/3 1121/41/3
f 1286/39/3 1429/36/3 1430/42/3
f 1418/43/3 1419/37/3 1301/40/3
f 1246/44/3 1247/38/3 1121/41/3
f 1418/43/3 1301/40/3 1302/45/3
f 1286/39/3 1430/42/3 1431/46/3
f 1285/47/3 1286/39/3 1431/46/3
f 1417/48/3 1418/43/3 1302/45/3
f 1246/44/3 1121/41/3 1122/49/3
f 1245/50/3 1246/44/3 1122/49/3
f 1285/47/3 1431/46/3 1432/51/3
f 1416/52/3 1417/48/3 1302/45/3
f 1416/52/3 1302/45/3 1303/53/3
f 1284/54/3 1285/47/3 1432/51/3
f 1245/50/3 1122/49/3 1123/55/3
f 1284/54/3 1432/51/3 1433/56/3
f 1415/57/3 1416/52/3 1303/53/3
f 1244/58/3 1245/50/3 1123/55/3
f 1415/57/3 1303/53/3 1304/59/3
f 1283/60/3 1284/54/3 1433/56/3
f 1283/60/3 1433/56/3 1434/61/3
f 1414/62/3 1415/57/3 1304/59/3
f 1414/62/3 1304/59/3 1305/63/3
f 1244/58/3 1123/55/3 1124/64/3
f 1243/65/3 1244/58/3 1124/64/3
f 1282/66/3 1283/60/3 1434/61/3
f 1282/66/3 1434/61/3 1435/67/3
f 1413/68/3 1414/62/3 1305/63/3
f 1413/68/3 1305/63/3 1306/69/3
f 1282/66/3 1435/67/3 1436/70/3
f 1281/71/3 1282/66/3 1436/70/3
f 1412/72/3 1413/68/3 1306/69/3
f 1412/72/3 1306/69/3 1307/73/3
f 1242/74/3 1243/65/3 1124/64/3
f 1242/74/3 1124/64/3 1125/75/3
f 1412/72/3 1307/73/3 1308/76/3
f 1412/72/3 1308/76/3 1309/77/3
f 1281/71/3 1436/70/3 1412/72/3
f 1281/71/3 1412/72/3 1309/77/3
f 1280/78/3 1281/71/3 1309/77/3
f 1280/78/3 1309/77/3 1330/79/3
f 1330/79/3 1309/77/3 1310/80/3
f 1279/81/3 1280/78/3 1257/82/3
f 1257/82/3 1280/78/3 1330/79/3
f 1257/82/3 1330/79/3 1331/83/3
f 1329/84/3 1330/79/3 1310/80/3
f 1279/81/3 1257/82/3 1258/85/3
f 1256/86/3 1257/82/3 1331/83/3
f 1329/84/3 1310/80/3 1311/87/3
f 1278/88/3 1279/81/3 1258/85/3
f 1328/89/3 1329/84/3 1311/87/3
f 1241/90/3 1242/74/3 1125/75/3
f 1278/88/3 1258/85/3 1259/91/3
f 1277/92/3 1278/88/3 1259/91/3
f 1241/90/3 1125/75/3 1126/93/3
f 1328/89/3 1311/87/3 1312/94/3
f 1327/95/3 1328/89/3 1312/94/3
f 1277/92/3 1259/91/3 1260/96/3
f 1276/97/3 1277/92/3 1260/96/3
f 1326/98/3 1327/95/3 1312/94/3
f 1326/98/3 1312/94/3 1313/99/3
f 1276/97/3 1260/96/3 1261/100/3
f 1325/101/3 1326/98/3 1313/99/3
f 1275/102/3 1276/97/3 1261/100/3
f 1325/101/3 1313/99/3 1314/103/3
f 1275/102/3 1261/100/3 1262/104/3
f 1324/105/3 1325/101/3 1314/103/3
f 1274/106/3 1275/102/3 1262/104/3
f 1324/105/3 1314/103/3 1315/107/3
f 1323/108/3 1324/105/3 1315/107/3
f 1274/106/3 1262/104/3 1263/109/3
f 1240/110/3 1241/90/3 1126/93/3
f 1273/111/3 1274/106/3 1263/109/3
f 1322/112/3 1323/108/3 1315/107/3
f 1273/111/3 1263/109/3 1264/113/3
f 1322/112/3 1315/107/3 1316/114/3
f 1240/110/3 1126/93/3 1127/115/3
f 1321/116/3 1322/112/3 1316/114/3
f 1272/117/3 1273/111/3 1264/113/3
f 1272/117/3 1264/113/3 1265/118/3
f 1321/116/3 1316/114/3 1317/119/3
f 1320/120/3 1321/116/3 1317/119/3
f 1272/117/3 1265/118/3 1266/121/3
f 1271/122/3 1272/117/3 1266/121/3
f 1319/123/3 1320/120/3 1317/119/3
f 1319/123/3 1317/119/3 1318/124/3
f 1271/122/3 1266/121/3 1267/125/3
f 1270/126/3 1271/122/3 1267/125/3
f 1239/127/3 1240/110/3 1127/115/3
f 1270/126/3 1267/125/3 1268/128/3
f 1269/129/3 1270/126/3 1268/128/3
f 1239/127/3 1127/115/3 1128/130/3
s 0
f 1255/131/1 1256/86/1 1331/83/1
s 1
f 1411/132/3 1255/131/3 1332/133/3
s 0
f 1332/133/1 1255/131/1 1331/83/1
s 1
f 1411/132/3 1332/133/3 1333/134/3
f 1238/135/3 1239/127/3 1128/130/3
f 1238/135/3 1128/130/3 1129/136/3
f 1237/137/3 1238/135/3 1129/136/3
f 1237/137/3 1129/136/3 1130/138/3
f 1236/139/3 1237/137/3 1130/138/3
f 1236/139/3 1130/138/3 1131/140/3
f 1235/141/3 1236/139/3 1131/140/3
f 1235/141/3 1131/140/3 1132/142/3
f 1234/143/3 1235/141/3 1132/142/3
f 1409/144/3 1410/146/3 1451/145/3
f 1451/145/3 1410/146/3 1411/132/3
f 1451/145/3 1411/132/3 1333/134/3
f 1451/145/3 1333/134/3 1334/147/3
f 1451/145/3 1334/147/3 1450/148/3
f 1450/148/3 1334/147/3 1456/149/3
f 1456/149/3 1334/147/3 1455/150/3
f 1455/150/3 1334/147/3 1335/151/3
f 1234/143/3 1132/142/3 1133/152/3
f 1233/153/3 1234/143/3 1133/152/3
f 1233/153/3 1133/152/3 1134/154/3
f 1232/155/3 1233/153/3 1134/154/3
f 1232/155/3 1134/154/3 1135/156/3
f 1231/157/3 1232/155/3 1135/156/3
f 1409/144/3 1451/145/3 1452/158/3
f 1449/159/3 1450/148/3 1456/149/3
f 1449/159/3 1456/149/3 1457/160/3
f 1454/161/3 1455/150/3 1335/151/3
f 1231/157/3 1135/156/3 1136/162/3
f 1230/163/3 1231/157/3 1136/162/3
f 1230/163/3 1136/162/3 1137/164/3
f 1229/165/3 1230/163/3 1137/164/3
f 1228/166/3 1229/165/3 1137/164/3
f 1228/166/3 1137/164/3 1138/167/3
f 1227/168/3 1228/166/3 1138/167/3
f 1227/168/3 1138/167/3 1139/169/3
f 1226/170/3 1227/168/3 1139/169/3
f 1226/170/3 1139/169/3 1140/171/3
f 1225/172/3 1226/170/3 1140/171/3
f 1448/173/3 1449/159/3 1457/160/3
f 1225/172/3 1140/171/3 1141/174/3
f 1448/173/3 1457/160/3 1453/175/3
f 1447/176/3 1448/173/3 1453/175/3
f 1224/177/3 1225/172/3 1141/174/3
f 1446/178/3 1447/176/3 1453/175/3
f 1445/179/3 1446/178/3 1453/175/3
f 1223/180/3 1224/177/3 1141/174/3
f 1223/180/3 1141/174/3 1142/181/3
f 1444/182/3 1445/179/3 1453/175/3
f 1443/183/3 1444/182/3 1453/175/3
f 1222/184/3 1223/180/3 1142/181/3
f 1442/185/3 1443/183/3 1453/175/3
f 1441/186/3 1442/185/3 1453/175/3
f 1222/184/3 1142/181/3 1143/187/3
f 1221/188/3 1222/184/3 1143/187/3
f 1440/189/3 1441/186/3 1453/175/3
f 1439/190/3 1440/189/3 1453/175/3
f 1220/191/3 1221/188/3 1143/187/3
f 1438/192/3 1439/190/3 1453/175/3
f 1220/191/3 1143/187/3 1144/193/3
f 1219/194/3 1220/191/3 1144/193/3
f 1437/195/3 1438/192/3 1453/175/3
f 1409/144/3 1452/158/3 1437/195/3
f 1409/144/3 1437/195/3 1453/175/3
f 1409/144/3 1453/175/3 1454/161/3
f 1409/144/3 1454/161/3 1335/151/3
f 1218/196/3 1219/194/3 1144/193/3
f 1218/196/3 1144/193/3 1145/197/3
f 1217/198/3 1218/196/3 1145/197/3
f 1216/199/3 1217/198/3 1145/197/3
f 1215/200/3 1216/199/3 1145/197/3
f 1215/200/3 1145/197/3 1146/201/3
f 1214/202/3 1215/200/3 1146/201/3
f 1213/203/3 1214/202/3 1146/201/3
f 1212/204/3 1213/203/3 1146/201/3
f 1212/204/3 1146/201/3 1147/205/3
f 1211/206/3 1212/204/3 1147/205/3
f 1210/207/3 1211/206/3 1147/205/3
f 1209/208/3 1210/207/3 1147/205/3
f 1208/209/3 1209/208/3 1147/205/3
f 1207/210/3 1208/209/3 1147/205/3
f 1206/211/3 1207/210/3 1147/205/3
f 1205/212/3 1206/211/3 1147/205/3
f 1188/213/3 1189/215/3 1190/214/3
f 1188/213/3 1190/214/3 1191/216/3
f 1204/217/3 1205/212/3 1147/205/3
f 1188/213/3 1191/216/3 1192/218/3
f 1203/219/3 1204/217/3 1147/205/3
f 1188/213/3 1192/218/3 1193/220/3
f 1202/221/3 1203/219/3 1147/205/3
f 1188/213/3 1193/220/3 1194/222/3
f 1201/223/3 1202/221/3 1147/205/3
f 1188/213/3 1194/222/3 1195/224/3
f 1200/225/3 1201/223/3 1147/205/3
f 1188/213/3 1195/224/3 1196/226/3
f 1199/227/3 1200/225/3 1147/205/3
f 1188/213/3 1196/226/3 1197/228/3
f 1198/229/3 1199/227/3 1147/205/3
f 1188/213/3 1197/228/3 1198/229/3
f 1188/213/3 1198/229/3 1147/205/3
f 1188/213/3 1147/205/3 1148/230/3
f 1187/231/3 1188/213/3 1148/230/3
f 1186/232/3 1187/231/3 1148/230/3
f 1186/232/3 1148/230/3 1149/233/3
f 1185/234/3 1186/232/3 1149/233/3
f 1185/234/3 1149/233/3 1150/235/3
f 1184/236/3 1185/234/3 1150/235/3
s 0
f 1408/237/1 1409/144/1 1335/151/1
s 1
f 1407/238/3 1408/237/3 1336/239/3
s 0
f 1336/239/1 1408/237/1 1335/151/1
s 1
f 1407/238/3 1336/239/3 1337/240/3
f 1183/241/3 1184/236/3 1150/235/3
f 1183/241/3 1150/235/3 1151/242/3
f 1182/243/3 1183/241/3 1151/242/3
f 1182/243/3 1151/242/3 1152/244/3
f 1181/245/3 1182/243/3 1152/244/3
f 1181/245/3 1152/244/3 1153/246/3
f 1180/247/3 1181/245/3 1153/246/3
f 1180/247/3 1153/246/3 1154/248/3
f 1406/249/3 1407/238/3 1337/240/3
f 1180/247/3 1154/248/3 1155/250/3
f 1179/251/3 1180/247/3 1155/250/3
f 1179/251/3 1155/250/3 1156/252/3
f 1179/251/3 1156/252/3 1157/253/3
f 1406/249/3 1337/240/3 1372/254/3
f 1372/254/3 1337/240/3 1338/255/3
f 1179/251/3 1157/253/3 1158/256/3
f 1178/257/3 1179/251/3 1158/256/3
f 1178/257/3 1158/256/3 1159/258/3
f 1178/257/3 1159/258/3 1160/259/3
f 1178/257/3 1160/259/3 1161/260/3
f 1177/261/3 1178/257/3 1161/260/3
f 1177/261/3 1161/260/3 1162/262/3
f 1177/261/3 1162/262/3 1163/263/3
f 1177/261/3 1163/263/3 1164/264/3
f 1177/261/3 1164/264/3 1165/265/3
f 1177/261/3 1165/265/3 1166/266/3
f 1177/261/3 1166/266/3 1167/267/3
f 1177/261/3 1167/267/3 1168/268/3
f 1176/269/3 1177/261/3 1168/268/3
f 1176/269/3 1168/268/3 1169/270/3
f 1175/271/3 1176/269/3 1169/270/3
f 1175/271/3 1169/270/3 1170/272/3
f 1174/273/3 1175/271/3 1170/272/3
f 1174/273/3 1170/272/3 1171/274/3
f 1173/275/3 1174/273/3 1171/274/3
f 1173/275/3 1171/274/3 1172/276/3
f 1405/277/3 1406/249/3 1372/254/3
f 1405/277/3 1372/254/3 1373/278/3
f 1371/279/3 1372/254/3 1338/255/3
f 1371/279/3 1338/255/3 1339/280/3
f 1404/281/3 1405/277/3 1373/278/3
f 1404/281/3 1373/278/3 1374/282/3
f 1370/283/3 1371/279/3 1339/280/3
f 1370/283/3 1339/280/3 1340/284/3
f 1403/285/3 1404/281/3 1374/282/3
f 1403/285/3 1374/282/3 1375/286/3
f 1402/287/3 1403/285/3 1375/286/3
f 1370/283/3 1340/284/3 1341/288/3
f 1369/289/3 1370/283/3 1341/288/3
f 1402/287/3 1375/286/3 1376/290/3
f 1401/291/3 1402/287/3 1376/290/3
f 1369/289/3 1341/288/3 1342/292/3
f 1368/293/3 1369/289/3 1342/292/3
f 1401/291/3 1376/290/3 1377/294/3
f 1368/293/3 1342/292/3 1343/295/3
f 1400/296/3 1401/291/3 1377/294/3
f 1367/297/3 1368/293/3 1343/295/3
f 1400/296/3 1377/294/3 1378/298/3
f 1367/297/3 1343/295/3 1344/299/3
f 1399/300/3 1400/296/3 1378/298/3
f 1367/297/3 1344/299/3 1345/301/3
f 1366/302/3 1367/297/3 1345/301/3
f 1398/303/3 1399/300/3 1378/298/3
f 1398/303/3 1378/298/3 1379/304/3
f 1366/302/3 1345/301/3 1346/305/3
f 1397/306/3 1398/303/3 1379/304/3
f 1365/307/3 1366/302/3 1346/305/3
f 1365/307/3 1346/305/3 1347/308/3
f 1397/306/3 1379/304/3 1380/309/3
f 1365/307/3 1347/308/3 1348/310/3
f 1396/311/3 1397/306/3 1380/309/3
f 1364/312/3 1365/307/3 1348/310/3
f 1396/311/3 1380/309/3 1381/313/3
f 1364/312/3 1348/310/3 1349/314/3
f 1364/312/3 1349/314/3 1350/315/3
f 1395/316/3 1396/311/3 1381/313/3
f 1364/312/3 1350/315/3 1351/317/3
f 1394/318/3 1395/316/3 1381/313/3
f 1363/319/3 1364/312/3 1351/317/3
f 1363/319/3 1351/317/3 1352/320/3
f 1393/321/3 1394/318/3 1381/313/3
f 1393/321/3 1381/313/3 1382/322/3
f 1363/319/3 1352/320/3 1353/323/3
f 1392/324/3 1393/321/3 1382/322/3
f 1391/325/3 1392/324/3 1382/322/3
f 1363/319/3 1353/323/3 1354/326/3
f 1362/327/3 1363/319/3 1354/326/3
f 1390/328/3 1391/325/3 1382/322/3
f 1362/327/3 1354/326/3 1355/329/3
f 1390/328/3 1382/322/3 1383/330/3
f 1389/331/3 1390/328/3 1383/330/3
f 1362/327/3 1355/329/3 1356/332/3
f 1388/333/3 1389/331/3 1383/330/3
f 1361/334/3 1362/327/3 1356/332/3
f 1361/334/3 1356/332/3 1357/335/3
f 1387/336/3 1388/333/3 1383/330/3
f 1361/334/3 1357/335/3 1358/337/3
f 1387/336/3 1383/330/3 1386/338/3
f 1386/338/3 1383/330/3 1385/339/3
f 1385/339/3 1383/330/3 1384/340/3
f 1360/341/3 1361/334/3 1359/342/3
f 1359/342/3 1361/334/3 1358/337/3
f 1483/343/3 1484/345/3 1481/344/3
f 1481/344/3 1484/345/3 1485/346/3
f 1481/344/3 1485/346/3 1480/347/3
f 1480/347/3 1485/346/3 1478/348/3
f 1483/343/3 1481/344/3 1482/349/3
f 1479/350/3 1480/347/3 1478/348/3
f 1487/351/3 1488/353/3 1489/352/3
f 1487/351/3 1489/352/3 1486/354/3
f 1491/355/3 1492/356/3 1493/160/3
f 1491/355/3 1493/160/3 1490/357/3
f 1475/358/3 1476/360/3 1463/359/3
f 1463/359/3 1476/360/3 1477/361/3
f 1463/359/3 1477/361/3 1462/362/3
f 1462/362/3 1477/361/3 1470/363/3
f 1475/358/3 1463/359/3 1464/364/3
f 1465/365/3 1462/362/3 1470/363/3
f 1475/358/3 1464/364/3 1460/366/3
f 1460/366/3 1464/364/3 1465/365/3
f 1460/366/3 1465/365/3 1459/367/3
f 1459/367/3 1465/365/3 1470/363/3
f 1475/358/3 1460/366/3 1461/368/3
f 1458/9/3 1459/367/3 1470/363/3
f 1475/358/3 1461/368/3 1468/369/3
f 1468/369/3 1461/368/3 1458/9/3
f 1468/369/3 1458/9/3 1467/370/3
f 1467/370/3 1458/9/3 1470/363/3
f 1475/358/3 1468/369/3 1469/371/3
f 1466/372/3 1467/370/3 1470/363/3
f 1475/358/3 1469/371/3 1473/373/3
f 1473/373/3 1469/371/3 1466/372/3
f 1473/373/3 1466/372/3 1472/374/3
f 1472/374/3 1466/372/3 1470/363/3
f 1475/358/3 1473/373/3 1474/375/3
f 1471/376/3 1472/374/3 1470/363/3
f 1576/377/3 1577/379/3 1578/378/3
f 1576/377/3 1578/378/3 1579/380/3
f 1575/381/3 1576/377/3 1579/380/3
f 1575/381/3 1579/380/3 1580/382/3
f 1574/383/3 1575/381/3 1580/382/3
f 1574/383/3 1580/382/3 1581/384/3
f 1573/385/3 1574/383/3 1581/384/3
f 1573/385/3 1581/384/3 1582/386/3
f 1572/387/3 1573/385/3 1529/388/3
f 1529/388/3 1573/385/3 1638/389/3
f 1638/389/3 1573/385/3 1582/386/3
f 1529/388/3 1638/389/3 1639/390/3
f 1637/391/3 1638/389/3 1582/386/3
f 1572/387/3 1529/388/3 1530/392/3
f 1528/393/3 1529/388/3 1639/390/3
f 1637/391/3 1582/386/3 1583/394/3
f 1636/395/3 1637/391/3 1583/394/3
f 1572/387/3 1530/392/3 1531/396/3
f 1571/397/3 1572/387/3 1531/396/3
f 1635/398/3 1636/395/3 1583/394/3
f 1528/393/3 1639/390/3 1640/399/3
f 1571/397/3 1531/396/3 1532/400/3
f 1527/401/3 1528/393/3 1640/399/3
f 1634/402/3 1635/398/3 1583/394/3
f 1634/402/3 1583/394/3 1584/403/3
f 1571/397/3 1532/400/3 1533/404/3
f 1527/401/3 1640/399/3 1641/405/3
f 1570/406/3 1571/397/3 1533/404/3
f 1526/407/3 1527/401/3 1641/405/3
f 1633/408/3 1634/402/3 1584/403/3
f 1570/406/3 1533/404/3 1534/409/3
f 1633/408/3 1584/403/3 1585/410/3
f 1632/411/3 1633/408/3 1585/410/3
f 1525/412/3 1526/407/3 1641/405/3
f 1525/412/3 1641/405/3 1642/413/3
f 1569/414/3 1570/406/3 1534/409/3
f 1569/414/3 1534/409/3 1535/415/3
f 1524/416/3 1525/412/3 1642/413/3
f 1631/417/3 1632/411/3 1585/410/3
f 1524/416/3 1642/413/3 1643/418/3
f 1631/417/3 1585/410/3 1586/419/3
f 1523/420/3 1524/416/3 1643/418/3
f 1523/420/3 1643/418/3 1644/421/3
f 1630/422/3 1631/417/3 1586/419/3
f 1569/414/3 1535/415/3 1536/423/3
f 1568/424/3 1569/414/3 1536/423/3
f 1522/425/3 1523/420/3 1644/421/3
f 1522/425/3 1644/421/3 1645/426/3
f 1630/422/3 1586/419/3 1587/427/3
f 1629/428/3 1630/422/3 1587/427/3
f 1568/424/3 1536/423/3 1537/429/3
f 1521/430/3 1522/425/3 1645/426/3
f 1521/430/3 1645/426/3 1646/431/3
f 1567/432/3 1568/424/3 1537/429/3
f 1628/433/3 1629/428/3 1587/427/3
f 1520/434/3 1521/430/3 1646/431/3
f 1567/432/3 1537/429/3 1538/435/3
f 1520/434/3 1646/431/3 1647/436/3
f 1628/433/3 1587/427/3 1588/437/3
f 1519/438/3 1520/434/3 1647/436/3
f 1519/438/3 1647/436/3 1648/439/3
f 1627/440/3 1628/433/3 1588/437/3
f 1567/432/3 1538/435/3 1539/441/3
f 1566/442/3 1567/432/3 1539/441/3
f 1518/443/3 1519/438/3 1648/439/3
f 1518/443/3 1648/439/3 1649/444/3
f 1627/440/3 1588/437/3 1589/445/3
f 1517/446/3 1518/443/3 1649/444/3
f 1626/447/3 1627/440/3 1589/445/3
f 1566/442/3 1539/441/3 1540/448/3
f 1517/446/3 1649/444/3 1650/160/3
f 1516/449/3 1517/446/3 1650/160/3
f 1565/450/3 1566/442/3 1540/448/3
f 1516/449/3 1650/160/3 1542/451/3
f 1625/452/3 1626/447/3 1589/445/3
f 1565/450/3 1540/448/3 1541/453/3
f 1625/452/3 1589/445/3 1590/454/3
f 1515/455/3 1516/449/3 1542/451/3
f 1565/450/3 1541/453/3 1494/9/3
f 1624/456/3 1625/452/3 1590/454/3
f 1564/457/3 1565/450/3 1494/9/3
f 1515/455/3 1542/451/3 1543/458/3
f 1624/456/3 1590/454/3 1591/459/3
f 1514/460/3 1515/455/3 1543/458/3
f 1564/457/3 1494/9/3 1495/461/3
f 1623/462/3 1624/456/3 1591/459/3
f 1563/463/3 1564/457/3 1495/461/3
f 1513/464/3 1514/460/3 1543/458/3
f 1563/463/3 1495/461/3 1496/465/3
f 1513/464/3 1543/458/3 1544/466/3
f 1623/462/3 1591/459/3 1592/467/3
f 1622/468/3 1623/462/3 1592/467/3
f 1563/463/3 1496/465/3 1497/469/3
f 1512/470/3 1513/464/3 1544/466/3
f 1562/471/3 1563/463/3 1497/469/3
f 1512/470/3 1544/466/3 1545/472/3
f 1562/471/3 1497/469/3 1498/473/3
f 1511/474/3 1512/470/3 1545/472/3
f 1622/468/3 1592/467/3 1593/475/3
f 1621/476/3 1622/468/3 1593/475/3
f 1561/477/3 1562/471/3 1498/473/3
f 1561/477/3 1498/473/3 1499/478/3
f 1510/479/3 1511/474/3 1545/472/3
f 1510/479/3 1545/472/3 1546/480/3
f 1561/477/3 1499/478/3 1500/481/3
f 1620/482/3 1621/476/3 1593/475/3
f 1509/483/3 1510/479/3 1546/480/3
f 1560/484/3 1561/477/3 1500/481/3
f 1560/484/3 1500/481/3 1501/485/3
f 1620/482/3 1593/475/3 1594/486/3
f 1508/487/3 1509/483/3 1546/480/3
f 1560/484/3 1501/485/3 1502/488/3
f 1619/489/3 1620/482/3 1594/486/3
f 1508/487/3 1546/480/3 1547/490/3
f 1507/491/3 1508/487/3 1547/490/3
f 1560/484/3 1502/488/3 1503/492/3
f 1506/493/3 1507/491/3 1547/490/3
f 1560/484/3 1503/492/3 1504/494/3
f 1559/495/3 1560/484/3 1504/494/3
f 1505/496/3 1506/493/3 1547/490/3
f 1559/495/3 1504/494/3 1505/496/3
f 1559/495/3 1505/496/3 1547/490/3
f 1618/497/3 1619/489/3 1594/486/3
f 1618/497/3 1594/486/3 1595/498/3
f 1559/495/3 1547/490/3 1548/499/3
f 1558/500/3 1559/495/3 1548/499/3
f 1617/501/3 1618/497/3 1595/498/3
f 1558/500/3 1548/499/3 1549/502/3
f 1557/503/3 1558/500/3 1549/502/3
f 1617/501/3 1595/498/3 1596/504/3
f 1616/505/3 1617/501/3 1596/504/3
f 1557/503/3 1549/502/3 1550/506/3
f 1556/507/3 1557/503/3 1550/506/3
f 1615/508/3 1616/505/3 1596/504/3
f 1614/509/3 1615/508/3 1596/504/3
f 1556/507/3 1550/506/3 1551/510/3
f 1555/511/3 1556/507/3 1551/510/3
f 1614/509/3 1596/504/3 1597/512/3
f 1613/513/3 1614/509/3 1597/512/3
f 1612/514/3 1613/513/3 1597/512/3
f 1611/515/3 1612/514/3 1597/512/3
f 1555/511/3 1551/510/3 1552/516/3
f 1554/517/3 1555/511/3 1552/516/3
f 1610/518/3 1611/515/3 1597/512/3
f 1609/519/3 1610/518/3 1597/512/3
f 1608/520/3 1609/519/3 1597/512/3
f 1607/521/3 1608/520/3 1597/512/3
f 1606/522/3 1607/521/3 1597/512/3
f 1605/523/3 1606/522/3 1597/512/3
f 1554/517/3 1552/516/3 1553/524/3
f 1604/525/3 1605/523/3 1597/512/3
f 1603/526/3 1604/525/3 1597/512/3
f 1602/527/3 1603/526/3 1597/512/3
f 1601/528/3 1602/527/3 1597/512/3
f 1601/528/3 1597/512/3 1598/529/3
f 1601/528/3 1598/529/3 1599/530/3
f 1601/528/3 1599/530/3 1600/531/3
f 1661/532/3 1662/534/3 1663/533/3
f 1661/532/3 1663/533/3 1664/535/3
f 1661/532/3 1664/535/3 1665/536/3
f 1660/537/3 1661/532/3 1665/536/3
f 1660/537/3 1665/536/3 1666/538/3
f 1659/205/3 1660/537/3 1666/538/3
f 1659/205/3 1666/538/3 1667/257/3
f 1658/539/3 1659/205/3 1667/257/3
f 1658/539/3 1667/257/3 1668/540/3
f 1657/541/3 1658/539/3 1668/540/3
f 1657/541/3 1668/540/3 1669/542/3
f 1656/543/3 1657/541/3 1669/542/3
f 1656/543/3 1669/542/3 1670/544/3
f 1655/545/3 1656/543/3 1670/544/3
f 1655/545/3 1670/544/3 1671/546/3
f 1654/547/3 1655/545/3 1671/546/3
f 1654/547/3 1671/546/3 1672/548/3
f 1653/549/3 1654/547/3 1672/548/3
f 1653/549/3 1672/548/3 1673/404/3
f 1652/550/3 1653/549/3 1673/404/3
f 1652/550/3 1673/404/3 1674/551/3
f 1651/9/3 1652/550/3 1674/551/3
f 1651/9/3 1674/551/3 1675/208/3
f 1739/160/3 1651/9/3 1675/208/3
f 1738/552/3 1739/160/3 1675/208/3
f 1738/552/3 1675/208/3 1676/553/3
f 1737/554/3 1738/552/3 1676/553/3
f 1736/555/3 1737/554/3 1676/553/3
f 1735/556/3 1736/555/3 1676/553/3
f 1735/556/3 1676/553/3 1677/557/3
f 1735/556/3 1677/557/3 1678/558/3
f 1734/559/3 1735/556/3 1678/558/3
f 1734/559/3 1678/558/3 1679/560/3
f 1734/559/3 1679/560/3 1680/561/3
f 1734/559/3 1680/561/3 1681/562/3
f 1734/559/3 1681/562/3 1682/563/3
f 1733/564/3 1734/559/3 1701/565/3
f 1701/565/3 1734/559/3 1682/563/3
f 1701/565/3 1682/563/3 1683/110/3
f 1733/564/3 1701/565/3 1702/566/3
f 1700/567/3 1701/565/3 1683/110/3
f 1700/567/3 1683/110/3 1684/568/3
f 1699/45/3 1700/567/3 1684/568/3
f 1699/45/3 1684/568/3 1685/569/3
f 1698/570/3 1699/45/3 1685/569/3
f 1697/571/3 1698/570/3 1685/569/3
f 1697/571/3 1685/569/3 1686/572/3
f 1696/573/3 1697/571/3 1686/572/3
f 1696/573/3 1686/572/3 1687/574/3
f 1732/575/3 1733/564/3 1702/566/3
f 1695/387/3 1696/573/3 1687/574/3
f 1695/387/3 1687/574/3 1688/576/3
f 1694/577/3 1695/387/3 1688/576/3
f 1694/577/3 1688/576/3 1693/578/3
f 1693/578/3 1688/576/3 1692/579/3
f 1692/579/3 1688/576/3 1691/122/3
f 1691/122/3 1688/576/3 1690/580/3
f 1690/580/3 1688/576/3 1689/581/3
f 1731/21/3 1732/575/3 1702/566/3
f 1730/582/3 1731/21/3 1702/566/3
f 1729/583/3 1730/582/3 1702/566/3
f 1728/584/3 1729/583/3 1702/566/3
f 1727/585/3 1728/584/3 1702/566/3
f 1726/586/3 1727/585/3 1702/566/3
f 1726/586/3 1702/566/3 1703/587/3
f 1726/586/3 1703/587/3 1704/588/3
f 1725/589/3 1726/586/3 1704/588/3
f 1725/589/3 1704/588/3 1705/590/3
f 1724/591/3 1725/589/3 1705/590/3
f 1724/591/3 1705/590/3 1706/592/3
f 1723/316/3 1724/591/3 1706/592/3
f 1723/316/3 1706/592/3 1707/134/3
f 1722/593/3 1723/316/3 1707/134/3
f 1722/593/3 1707/134/3 1708/594/3
f 1721/595/3 1722/593/3 1708/594/3
f 1721/595/3 1708/594/3 1709/596/3
f 1720/597/3 1721/595/3 1709/596/3
f 1720/597/3 1709/596/3 1710/598/3
f 1719/599/3 1720/597/3 1710/598/3
f 1719/599/3 1710/598/3 1711/600/3
f 1718/601/3 1719/599/3 1711/600/3
f 1718/601/3 1711/600/3 1712/602/3
f 1717/515/3 1718/601/3 1712/602/3
f 1717/515/3 1712/602/3 1713/603/3
f 1716/604/3 1717/515/3 1713/603/3
f 1716/604/3 1713/603/3 1714/605/3
f 1715/312/3 1716/604/3 1714/605/3
f 1752/606/3 1753/608/3 1754/607/3
f 1752/606/3 1754/607/3 1755/609/3
f 1751/610/3 1752/606/3 1755/609/3
f 1751/610/3 1755/609/3 1756/611/3
f 1813/612/3 1814/614/3 1815/613/3
f 1750/615/3 1751/610/3 1756/611/3
f 1750/615/3 1756/611/3 1757/616/3
f 1840/617/3 1841/619/3 1842/618/3
f 1749/620/3 1750/615/3 1757/616/3
f 1813/612/3 1815/613/3 1816/621/3
f 1812/622/3 1813/612/3 1816/621/3
f 1812/622/3 1816/621/3 1817/623/3
f 1840/617/3 1842/618/3 1843/624/3
f 1749/620/3 1757/616/3 1758/625/3
f 1812/622/3 1817/623/3 1818/626/3
f 1812/622/3 1818/626/3 1819/627/3
f 1748/628/3 1749/620/3 1758/625/3
f 1812/622/3 1819/627/3 1820/629/3
f 1840/617/3 1843/624/3 1844/630/3
f 1839/631/3 1840/617/3 1844/630/3
f 1812/622/3 1820/629/3 1821/632/3
f 1812/622/3 1821/632/3 1822/633/3
f 1748/628/3 1758/625/3 1759/634/3
f 1812/622/3 1822/633/3 1823/635/3
f 1838/636/3 1839/631/3 1844/630/3
f 1747/637/3 1748/628/3 1759/634/3
f 1812/622/3 1823/635/3 1824/638/3
f 1811/639/3 1812/622/3 1824/638/3
f 1811/639/3 1824/638/3 1825/640/3
f 1838/636/3 1844/630/3 1845/641/3
f 1811/639/3 1825/640/3 1826/642/3
f 1811/639/3 1826/642/3 1827/643/3
f 1837/644/3 1838/636/3 1845/641/3
f 1811/639/3 1827/643/3 1766/645/3
f 1747/637/3 1759/634/3 1760/646/3
f 1746/647/3 1747/637/3 1760/646/3
f 1837/644/3 1845/641/3 1846/648/3
f 1836/649/3 1837/644/3 1846/648/3
f 1810/650/3 1811/639/3 1766/645/3
f 1746/647/3 1760/646/3 1761/651/3
f 1810/650/3 1766/645/3 1767/652/3
f 1745/653/3 1746/647/3 1761/651/3
f 1836/649/3 1846/648/3 1847/654/3
f 1835/655/3 1836/649/3 1847/654/3
f 1745/653/3 1761/651/3 1762/656/3
f 1744/657/3 1745/653/3 1762/656/3
f 1809/658/3 1810/650/3 1767/652/3
f 1835/655/3 1847/654/3 1848/659/3
f 1809/658/3 1767/652/3 1768/660/3
f 1834/661/3 1835/655/3 1848/659/3
f 1744/657/3 1762/656/3 1763/662/3
f 1743/663/3 1744/657/3 1763/662/3
f 1834/661/3 1848/659/3 1849/664/3
f 1833/665/3 1834/661/3 1849/664/3
f 1808/666/3 1809/658/3 1768/660/3
f 1743/663/3 1763/662/3 1764/667/3
f 1808/666/3 1768/660/3 1769/668/3
f 1742/669/3 1743/663/3 1764/667/3
f 1742/669/3 1764/667/3 1765/670/3
f 1833/665/3 1849/664/3 1850/671/3
f 1832/672/3 1833/665/3 1850/671/3
f 1741/673/3 1742/669/3 1765/670/3
f 1808/666/3 1769/668/3 1770/674/3
f 1807/675/3 1808/666/3 1770/674/3
f 1741/673/3 1765/670/3 1740/9/3
f 1832/672/3 1850/671/3 1851/676/3
f 1831/677/3 1832/672/3 1851/676/3
f 1807/675/3 1770/674/3 1771/678/3
f 1831/677/3 1851/676/3 1852/679/3
f 1806/680/3 1807/675/3 1771/678/3
f 1830/681/3 1831/677/3 1852/679/3
f 1830/681/3 1852/679/3 1853/160/3
f 1806/680/3 1771/678/3 1772/682/3
f 1829/683/3 1830/681/3 1853/160/3
f 1805/684/3 1806/680/3 1772/682/3
f 1829/683/3 1853/160/3 1828/685/3
f 1805/684/3 1772/682/3 1773/686/3
f 1804/687/3 1805/684/3 1773/686/3
f 1804/687/3 1773/686/3 1774/688/3
f 1803/689/3 1804/687/3 1774/688/3
f 1803/689/3 1774/688/3 1775/690/3
f 1802/691/3 1803/689/3 1775/690/3
f 1802/691/3 1775/690/3 1776/692/3
f 1801/693/3 1802/691/3 1776/692/3
f 1801/693/3 1776/692/3 1777/694/3
f 1800/695/3 1801/693/3 1777/694/3
f 1800/695/3 1777/694/3 1778/696/3
f 1799/697/3 1800/695/3 1778/696/3
f 1799/697/3 1778/696/3 1779/698/3
f 1798/699/3 1799/697/3 1779/698/3
f 1797/700/3 1798/699/3 1779/698/3
f 1797/700/3 1779/698/3 1780/701/3
f 1796/702/3 1797/700/3 1780/701/3
f 1796/702/3 1780/701/3 1781/703/3
f 1795/704/3 1796/702/3 1781/703/3
f 1795/704/3 1781/703/3 1782/705/3
f 1794/706/3 1795/704/3 1782/705/3
f 1793/707/3 1794/706/3 1782/705/3
f 1793/707/3 1782/705/3 1783/708/3
f 1792/709/3 1793/707/3 1783/708/3
f 1792/709/3 1783/708/3 1784/710/3
f 1791/711/3 1792/709/3 1784/710/3
f 1790/712/3 1791/711/3 1784/710/3
f 1790/712/3 1784/710/3 1785/713/3
f 1789/714/3 1790/712/3 1785/713/3
f 1789/714/3 1785/713/3 1786/715/3
f 1789/714/3 1786/715/3 1787/716/3
f 1789/714/3 1787/716/3 1788/717/3
f 1892/718/3 1893/720/3 1894/719/3
f 1892/718/3 1894/719/3 1895/721/3
f 1892/718/3 1895/721/3 1896/722/3
f 1891/359/3 1892/718/3 1896/722/3
f 1866/723/3 1867/725/3 1868/724/3
f 1891/359/3 1896/722/3 1897/726/3
f 1890/727/3 1891/359/3 1897/726/3
f 1866/723/3 1868/724/3 1869/728/3
f 1890/727/3 1897/726/3 1898/729/3
f 1889/730/3 1890/727/3 1898/729/3
f 1970/731/3 1971/733/3 1972/732/3
f 1970/731/3 1972/732/3 1973/734/3
f 1866/723/3 1869/728/3 1870/735/3
f 1865/736/3 1866/723/3 1870/735/3
f 1970/731/3 1973/734/3 1974/737/3
f 1969/738/3 1970/731/3 1974/737/3
f 1888/739/3 1889/730/3 1898/729/3
f 1888/739/3 1898/729/3 1899/740/3
f 1969/738/3 1974/737/3 1975/741/3
f 1968/742/3 1969/738/3 1975/741/3
f 1865/736/3 1870/735/3 1871/743/3
f 1864/744/3 1865/736/3 1871/743/3
f 1968/742/3 1975/741/3 1976/745/3
f 1967/746/3 1968/742/3 1976/745/3
f 1887/747/3 1888/739/3 1899/740/3
f 1887/747/3 1899/740/3 1900/748/3
f 1967/746/3 1976/745/3 1977/749/3
f 1966/750/3 1967/746/3 1977/749/3
f 1864/744/3 1871/743/3 1872/751/3
f 1863/752/3 1864/744/3 1872/751/3
f 1966/750/3 1977/749/3 1978/753/3
f 1965/373/3 1966/750/3 1978/753/3
f 1886/754/3 1887/747/3 1900/748/3
f 1886/754/3 1900/748/3 1901/755/3
f 1964/756/3 1965/373/3 1978/753/3
f 1964/756/3 1978/753/3 1979/757/3
f 1863/752/3 1872/751/3 1873/758/3
f 1862/759/3 1863/752/3 1873/758/3
f 1963/760/3 1964/756/3 1979/757/3
f 1885/761/3 1886/754/3 1901/755/3
f 1963/760/3 1979/757/3 1980/762/3
f 1885/761/3 1901/755/3 1902/763/3
f 1862/759/3 1873/758/3 1874/764/3
f 1861/765/3 1862/759/3 1874/764/3
f 1962/766/3 1963/760/3 1980/762/3
f 1962/766/3 1980/762/3 1981/767/3
f 1884/768/3 1885/761/3 1902/763/3
f 1961/769/3 1962/766/3 1981/767/3
f 1961/769/3 1981/767/3 1982/770/3
f 1884/768/3 1902/763/3 1903/771/3
f 1861/765/3 1874/764/3 1875/772/3
f 1860/773/3 1861/765/3 1875/772/3
f 1960/774/3 1961/769/3 1982/770/3
f 1960/774/3 1982/770/3 1983/775/3
f 1883/776/3 1884/768/3 1903/771/3
f 1883/776/3 1903/771/3 1904/777/3
f 1959/778/3 1960/774/3 1983/775/3
f 1959/778/3 1983/775/3 1984/779/3
f 1860/773/3 1875/772/3 1876/780/3
f 1859/781/3 1860/773/3 1876/780/3
f 1958/782/3 1959/778/3 1984/779/3
f 1958/782/3 1984/779/3 1985/783/3
f 1882/784/3 1883/776/3 1904/777/3
f 1882/784/3 1904/777/3 1905/785/3
f 1859/781/3 1876/780/3 1877/786/3
f 1858/787/3 1859/781/3 1877/786/3
f 1882/784/3 1905/785/3 1881/788/3
f 1881/788/3 1905/785/3 1880/789/3
f 1858/787/3 1877/786/3 1878/790/3
f 1857/791/3 1858/787/3 1878/790/3
f 1857/791/3 1878/790/3 1879/792/3
f 1856/793/3 1857/791/3 1879/792/3
f 1856/793/3 1879/792/3 1855/794/3
f 1855/794/3 1879/792/3 1854/9/3
f 2100/795/3 2101/797/3 2102/796/3
f 1997/798/3 1998/800/3 1999/799/3
f 1996/801/3 1997/798/3 1999/799/3
f 2100/795/3 2102/796/3 2103/802/3
f 1995/803/3 1996/801/3 1999/799/3
f 2100/795/3 2103/802/3 2104/804/3
f 1994/805/3 1995/803/3 1999/799/3
f 2100/795/3 2104/804/3 2105/806/3
f 1993/807/3 1994/805/3 1999/799/3
f 2100/795/3 2105/806/3 2106/808/3
f 1992/809/3 1993/807/3 1999/799/3
f 2100/795/3 2106/808/3 2107/810/3
f 1991/811/3 1992/809/3 1999/799/3
f 2100/795/3 2107/810/3 2108/812/3
f 1990/813/3 1991/811/3 1999/799/3
f 2100/795/3 2108/812/3 2109/814/3
f 1989/815/3 1990/813/3 1999/799/3
f 2100/795/3 2109/814/3 2110/816/3
f 1988/817/3 1989/815/3 1999/799/3
f 2100/795/3 2110/816/3 2111/818/3
f 1987/819/3 1988/817/3 1999/799/3
f 2100/795/3 2111/818/3 2112/820/3
f 1986/821/3 1987/819/3 1999/799/3
f 2100/795/3 2112/820/3 2113/160/3
f 2100/795/3 2113/160/3 1958/782/3
f 2100/795/3 1958/782/3 1985/783/3
f 2100/795/3 1985/783/3 1986/821/3
f 2100/795/3 1986/821/3 2099/822/3
f 2099/822/3 1986/821/3 2098/823/3
f 2098/823/3 1986/821/3 2097/824/3
f 2097/824/3 1986/821/3 2096/825/3
f 2096/825/3 1986/821/3 2095/826/3
f 2095/826/3 1986/821/3 2094/827/3
f 2094/827/3 1986/821/3 2093/828/3
f 2093/828/3 1986/821/3 2092/829/3
f 2092/829/3 1986/821/3 2091/830/3
f 2091/830/3 1986/821/3 2090/831/3
f 2090/831/3 1986/821/3 2089/832/3
f 2089/832/3 1986/821/3 2088/833/3
f 2088/833/3 1986/821/3 2087/834/3
f 2087/834/3 1986/821/3 2011/835/3
f 2011/835/3 1986/821/3 2010/836/3
f 2010/836/3 1986/821/3 2009/837/3
f 2009/837/3 1986/821/3 2008/838/3
f 2008/838/3 1986/821/3 2007/839/3
f 2007/839/3 1986/821/3 2006/840/3
f 2006/840/3 1986/821/3 2005/841/3
f 2005/841/3 1986/821/3 2004/842/3
f 2004/842/3 1986/821/3 2003/843/3
f 2003/843/3 1986/821/3 2002/348/3
f 2002/348/3 1986/821/3 2001/844/3
f 2001/844/3 1986/821/3 2000/845/3
f 2000/845/3 1986/821/3 1999/799/3
f 2086/846/3 2087/834/3 2012/847/3
s 0
f 2012/847/3 2087/834/3 2011/835/3
s 1
f 2086/846/3 2012/847/3 2013/848/3
f 2085/849/3 2086/846/3 2013/848/3
f 2085/849/3 2013/848/3 2014/850/3
f 2084/851/3 2085/849/3 2014/850/3
f 2084/851/3 2014/850/3 2015/852/3
f 2083/853/3 2084/851/3 2015/852/3
f 2083/853/3 2015/852/3 2016/854/3
f 2082/855/3 2083/853/3 2016/854/3
f 2082/855/3 2016/854/3 2017/856/3
f 1917/857/3 1918/859/3 1919/858/3
f 1944/860/3 1945/862/3 1946/861/3
f 2081/863/3 2082/855/3 2017/856/3
f 1944/860/3 1946/861/3 1947/864/3
f 1916/865/3 1917/857/3 1919/858/3
f 2081/863/3 2017/856/3 2018/866/3
f 1916/865/3 1919/858/3 1920/867/3
f 1943/868/3 1944/860/3 1947/864/3
f 1943/868/3 1947/864/3 1948/869/3
f 1915/870/3 1916/865/3 1920/867/3
f 1942/871/3 1943/868/3 1948/869/3
f 1915/870/3 1920/867/3 1921/872/3
f 2080/873/3 2081/863/3 2018/866/3
f 1942/871/3 1948/869/3 1949/874/3
f 1914/875/3 1915/870/3 1921/872/3
f 1941/876/3 1942/871/3 1949/874/3
f 2080/873/3 2018/866/3 2019/877/3
f 1914/875/3 1921/872/3 1922/878/3
f 1941/876/3 1949/874/3 1950/879/3
f 1913/880/3 1914/875/3 1922/878/3
f 1940/881/3 1941/876/3 1950/879/3
f 1913/880/3 1922/878/3 1923/882/3
f 1940/881/3 1950/879/3 1951/883/3
f 2079/884/3 2080/873/3 2019/877/3
f 1912/885/3 1913/880/3 1923/882/3
f 1939/886/3 1940/881/3 1951/883/3
f 1939/886/3 1951/883/3 1952/887/3
f 2079/884/3 2019/877/3 2020/888/3
f 1912/885/3 1923/882/3 1924/889/3
f 1911/890/3 1912/885/3 1924/889/3
f 1938/891/3 1939/886/3 1952/887/3
f 1938/891/3 1952/887/3 1953/892/3
f 1911/890/3 1924/889/3 1925/893/3
f 2078/894/3 2079/884/3 2020/888/3
f 1910/895/3 1911/890/3 1925/893/3
f 1937/896/3 1938/891/3 1953/892/3
f 1937/896/3 1953/892/3 1954/897/3
f 2078/894/3 2020/888/3 2021/898/3
f 1910/895/3 1925/893/3 1926/899/3
f 1909/900/3 1910/895/3 1926/899/3
f 1936/901/3 1937/896/3 1954/897/3
f 1936/901/3 1954/897/3 1955/902/3
f 2077/903/3 2078/894/3 2021/898/3
f 1909/900/3 1926/899/3 1927/904/3
f 1908/905/3 1909/900/3 1927/904/3
f 1935/906/3 1936/901/3 1955/902/3
f 1935/906/3 1955/902/3 1956/907/3
f 1907/908/3 1908/905/3 1927/904/3
f 2077/903/3 2021/898/3 2022/909/3
f 1907/908/3 1927/904/3 1928/369/3
f 1934/910/3 1935/906/3 1956/907/3
f 1934/910/3 1956/907/3 1957/911/3
f 2076/353/3 2077/903/3 2022/909/3
f 1906/912/3 1907/908/3 1928/369/3
f 1906/912/3 1928/369/3 1929/913/3
f 1933/914/3 1934/910/3 1957/911/3
f 1931/915/3 1906/912/3 1929/913/3
f 1933/914/3 1957/911/3 1932/916/3
f 2076/353/3 2022/909/3 2023/917/3
f 1931/915/3 1929/913/3 1930/918/4
f 2075/919/3 2076/353/3 2023/917/3
f 2075/919/3 2023/917/3 2024/920/3
f 2074/921/3 2075/919/3 2024/920/3
f 2073/922/3 2074/921/3 2024/920/3
f 2072/923/3 2073/922/3 2024/920/3
f 2072/923/3 2024/920/3 2025/924/3
f 2071/925/3 2072/923/3 2025/924/3
f 2070/926/3 2071/925/3 2025/924/3
f 2069/927/3 2070/926/3 2025/924/3
f 2068/928/3 2069/927/3 2025/924/3
f 2049/929/3 2050/931/3 2051/930/3
f 2049/929/3 2051/930/3 2052/932/3
f 2067/933/3 2068/928/3 2025/924/3
f 2049/929/3 2052/932/3 2053/934/3
f 2049/929/3 2053/934/3 2054/935/3
f 2066/936/3 2067/933/3 2025/924/3
f 2049/929/3 2054/935/3 2055/937/3
f 2066/936/3 2025/924/3 2026/938/3
f 2049/929/3 2055/937/3 2056/939/3
f 2065/940/3 2066/936/3 2026/938/3
f 2049/929/3 2056/939/3 2057/941/3
f 2064/942/3 2065/940/3 2026/938/3
f 2049/929/3 2057/941/3 2058/943/3
f 2049/929/3 2058/943/3 2059/944/3
f 2063/945/3 2064/942/3 2026/938/3
f 2049/929/3 2059/944/3 2060/946/3
f 2049/929/3 2060/946/3 2061/947/3
f 2062/948/3 2063/945/3 2026/938/3
f 2049/929/3 2061/947/3 2062/948/3
f 2049/929/3 2062/948/3 2026/938/3
f 2049/929/3 2026/938/3 2027/949/3
f 2049/929/3 2027/949/3 2028/950/3
f 2049/929/3 2028/950/3 2029/951/3
f 2049/929/3 2029/951/3 2030/952/3
f 2049/929/3 2030/952/3 2031/953/3
f 2049/929/3 2031/953/3 2032/954/3
f 2049/929/3 2032/954/3 2033/955/3
f 2049/929/3 2033/955/3 2034/956/3
f 2048/957/3 2049/929/3 2034/956/3
f 2047/958/3 2048/957/3 2034/956/3
f 2046/959/3 2047/958/3 2034/956/3
f 2046/959/3 2034/956/3 2035/960/3
f 2045/961/3 2046/959/3 2035/960/3
f 2044/962/3 2045/961/3 2035/960/3
f 2043/963/3 2044/962/3 2035/960/3
f 2043/963/3 2035/960/3 2036/964/3
f 2042/965/3 2043/963/3 2036/964/3
f 2041/966/3 2042/965/3 2036/964/3
f 2040/967/3 2041/966/3 2036/964/3
f 2040/967/3 2036/964/3 2037/968/3
f 2039/343/3 2040/967/3 2037/968/3
f 2038/969/3 2039/343/3 2037/968/3
f 2213/970/3 2214/972/3 2215/971/3
f 2136/973/3 2137/975/3 2138/974/3
f 2213/970/3 2215/971/3 2216/976/3
f 2135/977/3 2136/973/3 2138/974/3
f 2213/970/3 2216/976/3 2217/978/3
f 2213/970/3 2217/978/3 2218/979/3
f 2134/980/3 2135/977/3 2138/974/3
f 2213/970/3 2218/979/3 2219/981/3
f 2133/982/3 2134/980/3 2138/974/3
f 2213/970/3 2219/981/3 2220/983/3
f 2213/970/3 2220/983/3 2221/984/3
f 2132/985/3 2133/982/3 2138/974/3
f 2213/970/3 2221/984/3 2222/986/3
f 2131/987/3 2132/985/3 2138/974/3
f 2213/970/3 2222/986/3 2223/988/3
f 2130/989/3 2131/987/3 2138/974/3
f 2213/970/3 2223/988/3 2224/990/3
f 2129/991/3 2130/989/3 2138/974/3
f 2213/970/3 2224/990/3 2225/992/3
f 2128/993/3 2129/991/3 2138/974/3
f 2127/994/3 2128/993/3 2138/974/3
f 2213/970/3 2225/992/3 2226/995/3
f 2126/996/3 2127/994/3 2138/974/3
f 2125/997/3 2126/996/3 2138/974/3
f 2213/970/3 2226/995/3 2114/9/3
f 2213/970/3 2114/9/3 2115/998/3
f 2213/970/3 2115/998/3 2116/999/3
f 2213/970/3 2116/999/3 2117/1000/3
f 2213/970/3 2117/1000/3 2118/1001/3
f 2213/970/3 2118/1001/3 2119/1002/3
f 2213/970/3 2119/1002/3 2120/1003/5
f 2213/970/3 2120/1003/5 2121/1004/3
f 2213/970/3 2121/1004/3 2122/1005/3
f 2213/970/3 2122/1005/3 2123/1006/3
f 2213/970/3 2123/1006/3 2124/1007/3
f 2213/970/3 2124/1007/3 2125/997/3
f 2213/970/3 2125/997/3 2138/974/3
f 2212/1008/3 2213/970/3 2138/974/3
f 2212/1008/3 2138/974/3 2139/1009/3
f 2211/1010/3 2212/1008/3 2139/1009/3
f 2211/1010/3 2139/1009/3 2140/1011/3
f 2210/1012/3 2211/1010/3 2140/1011/3
f 2210/1012/3 2140/1011/3 2141/1013/3
f 2210/1012/3 2141/1013/3 2142/1014/3
f 2209/1015/3 2210/1012/3 2142/1014/3
f 2209/1015/3 2142/1014/3 2143/404/3
f 2208/1016/3 2209/1015/3 2143/404/3
f 2208/1016/3 2143/404/3 2144/1017/3
f 2207/1018/3 2208/1016/3 2144/1017/3
f 2207/1018/3 2144/1017/3 2145/1019/3
f 2206/1020/3 2207/1018/3 2145/1019/3
f 2206/1020/3 2145/1019/3 2146/1021/3
f 2205/1022/3 2206/1020/3 2146/1021/3
f 2205/1022/3 2146/1021/3 2147/1023/3
f 2204/1024/3 2205/1022/3 2147/1023/3
f 2204/1024/3 2147/1023/3 2148/1025/3
f 2203/1026/3 2204/1024/3 2148/1025/3
f 2203/1026/3 2148/1025/3 2149/1027/3
f 2202/1028/3 2203/1026/3 2149/1027/3
f 2201/515/3 2202/1028/3 2228/1029/3
f 2228/1029/3 2202/1028/3 2149/1027/3
f 2228/1029/3 2149/1027/3 2227/1030/3
f 2227/1030/3 2149/1027/3 2150/1031/3
f 2201/515/3 2228/1029/3 2229/1032/3
f 2230/160/3 2227/1030/3 2150/1031/3
f 2200/1033/3 2201/515/3 2229/1032/3
f 2230/160/3 2150/1031/3 2151/1034/3
f 2199/1035/3 2200/1033/3 2229/1032/3
f 2230/160/3 2151/1034/3 2152/1036/3
f 2198/1037/3 2199/1035/3 2229/1032/3
f 2230/160/3 2152/1036/3 2153/1038/3
f 2197/1039/3 2198/1037/3 2229/1032/3
f 2230/160/3 2153/1038/3 2154/1040/3
f 2196/1041/3 2197/1039/3 2229/1032/3
f 2230/160/3 2154/1040/3 2155/1042/3
f 2195/1043/3 2196/1041/3 2229/1032/3
f 2230/160/3 2155/1042/3 2156/1044/3
f 2194/1045/3 2195/1043/3 2229/1032/3
f 2230/160/3 2156/1044/3 2157/1046/3
f 2193/1047/3 2194/1045/3 2229/1032/3
f 2230/160/3 2157/1046/3 2158/1048/3
f 2192/1049/3 2193/1047/3 2229/1032/3
f 2230/160/3 2158/1048/3 2159/1050/3
f 2191/1051/3 2192/1049/3 2229/1032/3
f 2230/160/3 2159/1050/3 2160/1052/3
f 2190/1053/3 2191/1051/3 2229/1032/3
f 2230/160/3 2160/1052/3 2161/1054/3
f 2190/1053/3 2229/1032/3 2230/160/3
f 2190/1053/3 2230/160/3 2161/1054/3
f 2189/1055/3 2190/1053/3 2161/1054/3
f 2189/1055/3 2161/1054/3 2162/1056/3
f 2188/1057/3 2189/1055/3 2162/1056/3
f 2188/1057/3 2162/1056/3 2163/1058/3
f 2187/1059/3 2188/1057/3 2163/1058/3
f 2187/1059/3 2163/1058/3 2164/1060/3
f 2187/1059/3 2164/1060/3 2165/1061/3
f 2186/1062/3 2187/1059/3 2165/1061/3
f 2186/1062/3 2165/1061/3 2166/1063/3
f 2185/1064/3 2186/1062/3 2166/1063/3
f 2185/1064/3 2166/1063/3 2175/1065/3
f 2175/1065/3 2166/1063/3 2167/1066/3
f 2184/1067/3 2185/1064/3 2176/1068/3
f 2176/1068/3 2185/1064/3 2175/1065/3
f 2184/1067/3 2176/1068/3 2177/1069/3
f 2174/1070/3 2175/1065/3 2167/1066/3
f 2183/1071/3 2184/1067/3 2177/1069/3
f 2174/1070/3 2167/1066/3 2168/1072/3
f 2182/1073/3 2183/1071/3 2177/1069/3
f 2174/1070/3 2168/1072/3 2169/1074/3
f 2181/1075/3 2182/1073/3 2177/1069/3
f 2174/1070/3 2169/1074/3 2170/1076/3
f 2180/1077/3 2181/1075/3 2177/1069/3
f 2174/1070/3 2170/1076/3 2171/1078/3
f 2179/1079/3 2180/1077/3 2177/1069/3
f 2174/1070/3 2171/1078/3 2172/387/3
f 2178/1080/3 2179/1079/3 2177/1069/3
f 2174/1070/3 2172/387/3 2173/1081/3
f 2232/1082/6 2234/1083/6 2233/673/6 2231/9/6
f 2234/1083/6 2236/1084/6 2235/669/6 2233/673/6
f 2236/1084/6 2238/1085/6 2237/663/6 2235/669/6
f 2238/1085/6 2240/1086/6 2239/657/6 2237/663/6
f 2240/1086/6 2242/1087/6 2241/653/6 2239/657/6
f 2242/1087/6 2244/1088/6 2243/647/6 2241/653/6
f 2244/1088/6 2246/1089/6 2245/637/6 2243/647/6
f 2246/1089/6 2248/1090/6 2247/628/6 2245/637/6
f 2248/1090/6 2250/1091/6 2249/620/6 2247/628/6
f 2250/1091/6 2252/1092/6 2251/615/6 2249/620/6
f 2252/1092/6 2254/1093/7 2253/610/7 2251/615/6
f 2254/1093/7 2256/1094/8 2255/606/8 2253/610/7
f 2256/1094/8 2258/1095/9 2257/608/9 2255/606/8
f 2258/1095/9 2260/1096/10 2259/607/10 2257/608/9
f 2260/1096/10 2262/1097/11 2261/609/11 2259/607/10
f 2262/1097/11 2264/1098/12 2263/611/12 2261/609/11
f 2264/1098/12 2266/1099/13 2265/616/13 2263/611/12
f 2266/1099/13 2268/1100/14 2267/625/14 2265/616/13
f 2268/1100/14 2270/1101/15 2269/634/15 2267/625/14
f 2270/1101/15 2272/1102/16 2271/646/16 2269/634/15
f 2272/1102/16 2274/1103/17 2273/651/17 2271/646/16
f 2274/1103/17 2276/1104/18 2275/656/18 2273/651/17
f 2276/1104/18 2278/1105/19 2277/662/19 2275/656/18
f 2278/1105/19 2280/1106/20 2279/667/20 2277/662/19
f 2280/1106/20 2282/1107/21 2281/670/21 2279/667/20
f 2282/1107/21 2284/1108/22 2283/645/22 2281/670/21
f 2284/1108/22 2286/1109/23 2285/652/23 2283/645/22
f 2286/1109/23 2288/1110/24 2287/660/24 2285/652/23
f 2288/1110/24 2290/1111/25 2289/668/25 2287/660/24
f 2290/1111/25 2292/1112/26 2291/674/26 2289/668/25
f 2292/1112/26 2294/1113/27 2293/678/27 2291/674/26
f 2294/1113/27 2296/1114/28 2295/682/28 2293/678/27
f 2296/1114/28 2298/1115/29 2297/686/29 2295/682/28
f 2298/1115/29 2300/1116/30 2299/688/30 2297/686/29
f 2300/1116/30 2302/1117/31 2301/690/31 2299/688/30
f 2302/1117/31 2304/1118/32 2303/692/32 2301/690/31
f 2304/1118/32 2306/1119/32 2305/694/32 2303/692/32
f 2306/1119/32 2308/1120/32 2307/696/32 2305/694/32
f 2308/1120/32 2310/1121/32 2309/698/32 2307/696/32
f 2310/1121/32 2312/1122/32 2311/701/32 2309/698/32
f 2312/1122/32 2314/1123/32 2313/703/32 2311/701/32
f 2314/1123/32 2316/1124/32 2315/705/32 2313/703/32
f 2316/1124/32 2318/1125/32 2317/708/32 2315/705/32
f 2318/1125/32 2320/1126/32 2319/710/32 2317/708/32
f 2320/1126/32 2322/1127/32 2321/713/32 2319/710/32
f 2322/1127/32 2324/1128/32 2323/715/32 2321/713/32
f 2324/1128/32 2326/1129/33 2325/716/33 2323/715/32
f 2326/1129/33 2328/1130/34 2327/717/34 2325/716/33
f 2328/1130/34 2330/1131/35 2329/714/35 2327/717/34
f 2330/1131/35 2332/1132/36 2331/712/36 2329/714/35
f 2332/1132/36 2334/1133/37 2333/711/37 2331/712/36
f 2334/1133/37 2336/1134/38 2335/709/38 2333/711/37
f 2336/1134/38 2338/1135/39 2337/707/39 2335/709/38
f 2338/1135/39 2340/1136/40 2339/706/40 2337/707/39
f 2340/1136/40 2342/1137/41 2341/704/41 2339/706/40
f 2342/1137/41 2344/1138/42 2343/702/42 2341/704/41
f 2344/1138/42 2346/1139/43 2345/700/43 2343/702/42
f 2346/1139/43 2348/1140/44 2347/699/44 2345/700/43
f 2348/1140/44 2350/1141/45 2349/697/45 2347/699/44
f 2350/1141/45 2352/1142/46 2351/695/46 2349/697/45
f 2352/1142/46 2354/1143/46 2353/693/46 2351/695/46
f 2354/1143/46 2356/1144/47 2355/691/47 2353/693/46
f 2356/1144/47 2358/1145/47 2357/689/47 2355/691/47
f 2358/1145/47 2360/1146/48 2359/687/48 2357/689/47
f 2360/1146/48 2362/1147/49 2361/684/49 2359/687/48
f 2362/1147/49 2364/1148/50 2363/680/50 2361/684/49
f 2364/1148/50 2366/1149/51 2365/675/51 2363/680/50
f 2366/1149/51 2368/1150/52 2367/666/52 2365/675/51
f 2368/1150/52 2370/1151/53 2369/658/53 2367/666/52
f 2370/1151/53 2372/1152/54 2371/650/54 2369/658/53
f 2372/1152/54 2374/1153/55 2373/639/55 2371/650/54
f 2374/1153/55 2376/1154/56 2375/622/56 2373/639/55
f 2376/1154/56 2378/1155/57 2377/612/57 2375/622/56
f 2378/1155/57 2380/1156/58 2379/614/58 2377/612/57
f 2380/1156/58 2382/1157/59 2381/613/59 2379/614/58
f 2382/1157/59 2384/1158/60 2383/621/60 2381/613/59
f 2384/1158/60 2386/1159/61 2385/623/61 2383/621/60
f 2386/1159/61 2388/1160/61 2387/626/61 2385/623/61
f 2388/1160/61 2390/1161/61 2389/627/61 2387/626/61
f 2390/1161/61 2392/1162/61 2391/629/61 2389/627/61
f 2392/1162/61 2394/1163/61 2393/632/61 2391/629/61
f 2394/1163/61 2396/1164/61 2395/633/61 2393/632/61
f 2396/1164/61 2398/1165/61 2397/635/61 2395/633/61
f 2398/1165/61 2400/1166/61 2399/638/61 2397/635/61
f 2400/1166/61 2402/1167/61 2401/640/61 2399/638/61
f 2402/1167/61 2404/1168/61 2403/642/61 2401/640/61
f 2404/1168/61 2406/1169/61 2405/643/61 2403/642/61
f 2406/1169/61 2408/1170/62 2407/685/62 2405/643/61
f 2408/1170/62 2410/1171/63 2409/683/63 2407/685/62
f 2410/1171/63 2412/1172/64 2411/681/64 2409/683/63
f 2412/1172/64 2414/1173/65 2413/677/65 2411/681/64
f 2414/1173/65 2416/1174/66 2415/672/66 2413/677/65
f 2416/1174/66 2418/1175/67 2417/665/67 2415/672/66
f 2418/1175/67 2420/1176/68 2419/661/68 2417/665/67
f 2420/1176/68 2422/1177/69 2421/655/69 2419/661/68
f 2422/1177/69 2424/1178/70 2423/649/70 2421/655/69
f 2424/1178/70 2426/1179/71 2425/644/71 2423/649/70
f 2426/1179/71 2428/1180/72 2427/636/72 2425/644/71
f 2428/1180/72 2430/1181/73 2429/631/73 2427/636/72
f 2430/1181/73 2432/1182/74 2431/617/74 2429/631/73
f 2432/1182/74 2434/1183/75 2433/619/75 2431/617/74
f 2434/1183/75 2436/1184/76 2435/618/76 2433/619/75
f 2436/1184/76 2438/1185/77 2437/624/77 2435/618/76
f 2438/1185/77 2440/1186/78 2439/630/78 2437/624/77
f 2440/1186/78 2442/1187/79 2441/641/79 2439/630/78
f 2442/1187/79 2444/1188/80 2443/648/80 2441/641/79
f 2444/1188/80 2446/1189/81 2445/654/81 2443/648/80
f 2446/1189/81 2448/1190/82 2447/659/82 2445/654/81
f 2448/1190/82 2450/1191/83 2449/664/83 2447/659/82
f 2450/1191/83 2452/1192/84 2451/671/84 2449/664/83
f 2452/1192/84 2454/1193/85 2453/676/85 2451/671/84
f 2454/1193/85 2456/1194/86 2455/679/86 2453/676/85
f 2456/1194/86 2232/1195/6 2231/160/6 2455/679/86
f 2458/1082/87 2460/1196/88 2459/404/88 2457/9/87
f 2460/1196/88 2462/1197/89 2461/387/89 2459/404/88
f 2462/1197/89 2464/1198/90 2463/515/90 2461/387/89
f 2464/1198/90 2458/1195/87 2457/160/87 2463/515/90
f 2466/1082/91 2468/1199/92 2467/481/92 2465/9/91
f 2468/1199/92 2470/1200/93 2469/493/93 2467/481/92
f 2470/1200/93 2472/1201/94 2471/470/94 2469/493/93
f 2472/1201/94 2474/1202/95 2473/443/95 2471/470/94
f 2474/1202/95 2476/1203/96 2475/416/96 2473/443/95
f 2476/1203/96 2478/1204/97 2477/392/97 2475/416/96
f 2478/1204/97 2480/1205/98 2479/423/98 2477/392/97
f 2480/1205/98 2482/1206/99 2481/451/99 2479/423/98
f 2482/1206/99 2484/1207/100 2483/499/100 2481/451/99
f 2484/1207/100 2486/1208/101 2485/517/101 2483/499/100
f 2486/1208/101 2488/1209/102 2487/484/102 2485/517/101
f 2488/1209/102 2490/1210/103 2489/442/103 2487/484/102
f 2490/1210/103 2492/1197/104 2491/387/104 2489/442/103
f 2492/1197/104 2494/1211/105 2493/378/105 2491/387/104
f 2494/1211/105 2496/1212/106 2495/403/106 2493/378/105
f 2496/1212/106 2498/1213/107 2497/454/107 2495/403/106
f 2498/1213/107 2500/1214/108 2499/504/108 2497/454/107
f 2500/1214/108 2502/1215/109 2501/527/109 2499/504/108
f 2502/1215/109 2504/1216/110 2503/520/110 2501/527/109
f 2504/1216/110 2506/1217/111 2505/509/111 2503/520/110
f 2506/1217/111 2508/1218/112 2507/482/112 2505/509/111
f 2508/1218/112 2510/1219/113 2509/447/113 2507/482/112
f 2510/1219/113 2512/1220/114 2511/411/114 2509/447/113
f 2512/1220/114 2514/1221/115 2513/389/115 2511/411/114
f 2514/1221/115 2516/1222/116 2515/421/116 2513/389/115
f 2516/1222/116 2466/1195/91 2465/160/91 2515/421/116
f 2518/1082/117 2520/1199/118 2519/481/118 2517/9/117
f 2520/1199/118 2522/1200/119 2521/493/119 2519/481/118
f 2522/1200/119 2524/1201/120 2523/470/120 2521/493/119
f 2524/1201/120 2526/1202/121 2525/443/121 2523/470/120
f 2526/1202/121 2528/1203/122 2527/416/122 2525/443/121
f 2528/1203/122 2530/1204/123 2529/392/123 2527/416/122
f 2530/1204/123 2532/1205/124 2531/423/124 2529/392/123
f 2532/1205/124 2534/1206/125 2533/451/125 2531/423/124
f 2534/1206/125 2536/1207/126 2535/499/126 2533/451/125
f 2536/1207/126 2538/1208/127 2537/517/127 2535/499/126
f 2538/1208/127 2540/1209/128 2539/484/128 2537/517/127
f 2540/1209/128 2542/1210/129 2541/442/129 2539/484/128
f 2542/1210/129 2544/1197/130 2543/387/130 2541/442/129
f 2544/1197/130 2546/1211/131 2545/378/131 2543/387/130
f 2546/1211/131 2548/1212/132 2547/403/132 2545/378/131
f 2548/1212/132 2550/1213/133 2549/454/133 2547/403/132
f 2550/1213/133 2552/1214/134 2551/504/134 2549/454/133
f 2552/1214/134 2554/1215/135 2553/527/135 2551/504/134
f 2554/1215/135 2556/1216/136 2555/520/136 2553/527/135
f 2556/1216/136 2558/1217/137 2557/509/137 2555/520/136
f 2558/1217/137 2560/1218/138 2559/482/138 2557/509/137
f 2560/1218/138 2562/1219/139 2561/447/139 2559/482/138
f 2562/1219/139 2564/1220/140 2563/411/140 2561/447/139
f 2564/1220/140 2566/1221/141 2565/389/141 2563/411/140
f 2566/1221/141 2568/1222/142 2567/421/142 2565/389/141
f 2568/1222/142 2518/1195/117 2517/160/117 2567/421/142
f 2570/1082/143 2572/1199/144 2571/481/144 2569/9/143
f 2572/1199/144 2574/1200/145 2573/493/145 2571/481/144
f 2574/1200/145 2576/1201/146 2575/470/146 2573/493/145
f 2576/1201/146 2578/1202/147 2577/443/147 2575/470/146
f 2578/1202/147 2580/1203/148 2579/416/148 2577/443/147
f 2580/1203/148 2582/1204/149 2581/392/149 2579/416/148
f 2582/1204/149 2584/1205/150 2583/423/150 2581/392/149
f 2584/1205/150 2586/1206/151 2585/451/151 2583/423/150
f 2586/1206/151 2588/1207/152 2587/499/152 2585/451/151
f 2588/1207/152 2590/1208/153 2589/517/153 2587/499/152
f 2590/1208/153 2592/1209/154 2591/484/154 2589/517/153
f 2592/1209/154 2594/1210/155 2593/442/155 2591/484/154
f 2594/1210/155 2596/1197/156 2595/387/156 2593/442/155
f 2596/1197/156 2598/1211/157 2597/378/157 2595/387/156
f 2598/1211/157 2600/1212/158 2599/403/158 2597/378/157
f 2600/1212/158 2602/1213/159 2601/454/159 2599/403/158
f 2602/1213/159 2604/1214/160 2603/504/160 2601/454/159
f 2604/1214/160 2606/1215/161 2605/527/161 2603/504/160
f 2606/1215/161 2608/1216/162 2607/520/162 2605/527/161
f 2608/1216/162 2610/1217/163 2609/509/163 2607/520/162
f 2610/1217/163 2612/1218/164 2611/482/164 2609/509/163
f 2612/1218/164 2614/1219/165 2613/447/165 2611/482/164
f 2614/1219/165 2616/1220/166 2615/411/166 2613/447/165
f 2616/1220/166 2618/1221/167 2617/389/167 2615/411/166
f 2618/1221/167 2620/1222/168 2619/421/168 2617/389/167
f 2620/1222/168 2570/1195/143 2569/160/143 2619/421/168
f 2622/1082/169 2624/1199/170 2623/481/170 2621/9/169
f 2624/1199/170 2626/1200/171 2625/493/171 2623/481/170
f 2626/1200/171 2628/1201/172 2627/470/172 2625/493/171
f 2628/1201/172 2630/1202/173 2629/443/173 2627/470/172
f 2630/1202/173 2632/1203/174 2631/416/174 2629/443/173
f 2632/1203/174 2634/1204/175 2633/392/175 2631/416/174
f 2634/1204/175 2636/1205/176 2635/423/176 2633/392/175
f 2636/1205/176 2638/1206/177 2637/451/177 2635/423/176
f 2638/1206/177 2640/1207/178 2639/499/178 2637/451/177
f 2640/1207/178 2642/1208/179 2641/517/179 2639/499/178
f 2642/1208/179 2644/1209/180 2643/484/180 2641/517/179
f 2644/1209/180 2646/1210/181 2645/442/181 2643/484/180
f 2646/1210/181 2648/1197/182 2647/387/182 2645/442/181
f 2648/1197/182 2650/1211/183 2649/378/183 2647/387/182
f 2650/1211/183 2652/1212/184 2651/403/184 2649/378/183
f 2652/1212/184 2654/1213/185 2653/454/185 2651/403/184
f 2654/1213/185 2656/1214/186 2655/504/186 2653/454/185
f 2656/1214/186 2658/1215/187 2657/527/187 2655/504/186
f 2658/1215/187 2660/1216/188 2659/520/188 2657/527/187
f 2660/1216/188 2662/1217/189 2661/509/189 2659/520/188
f 2662/1217/189 2664/1218/190 2663/482/190 2661/509/189
f 2664/1218/190 2666/1219/191 2665/447/191 2663/482/190
f 2666/1219/191 2668/1220/192 2667/411/192 2665/447/191
f 2668/1220/192 2670/1221/193 2669/389/193 2667/411/192
f 2670/1221/193 2672/1222/194 2671/421/194 2669/389/193
f 2672/1222/194 2622/1195/169 2621/160/169 2671/421/194
f 2674/1082/90 2676/1223/195 2675/461/195 2673/9/90
f 2676/1223/195 2678/1224/196 2677/465/196 2675/461/195
f 2678/1224/196 2680/1225/197 2679/469/197 2677/465/196
f 2680/1225/197 2682/1226/198 2681/473/198 2679/469/197
f 2682/1226/198 2684/1227/199 2683/478/199 2681/473/198
f 2684/1227/199 2686/1199/200 2685/481/200 2683/478/199
f 2686/1199/200 2688/1228/201 2687/485/201 2685/481/200
f 2688/1228/201 2690/1229/202 2689/488/202 2687/485/201
f 2690/1229/202 2692/1230/203 2691/492/203 2689/488/202
f 2692/1230/203 2694/1231/204 2693/494/204 2691/492/203
f 2694/1231/204 2696/1232/205 2695/496/205 2693/494/204
f 2696/1232/205 2698/1200/206 2697/493/206 2695/496/205
f 2698/1200/206 2700/1233/207 2699/491/207 2697/493/206
f 2700/1233/207 2702/1234/208 2701/487/208 2699/491/207
f 2702/1234/208 2704/1235/209 2703/483/209 2701/487/208
f 2704/1235/209 2706/1236/210 2705/479/210 2703/483/209
f 2706/1236/210 2708/1237/211 2707/474/211 2705/479/210
f 2708/1237/211 2710/1201/212 2709/470/212 2707/474/211
f 2710/1201/212 2712/1238/213 2711/464/213 2709/470/212
f 2712/1238/213 2714/1239/214 2713/460/214 2711/464/213
f 2714/1239/214 2716/1240/215 2715/455/215 2713/460/214
f 2716/1240/215 2718/1241/216 2717/449/216 2715/455/215
f 2718/1241/216 2720/1242/217 2719/446/217 2717/449/216
f 2720/1242/217 2722/1202/218 2721/443/218 2719/446/217
f 2722/1202/218 2724/1243/219 2723/438/219 2721/443/218
f 2724/1243/219 2726/1244/220 2725/434/220 2723/438/219
f 2726/1244/220 2728/1245/89 2727/430/89 2725/434/220
f 2728/1245/89 2730/1246/221 2729/425/221 2727/430/89
f 2730/1246/221 2732/1247/222 2731/420/222 2729/425/221
f 2732/1247/222 2734/1203/223 2733/416/223 2731/420/222
f 2734/1203/223 2736/1248/224 2735/412/224 2733/416/223
f 2736/1248/224 2738/1249/225 2737/407/225 2735/412/224
f 2738/1249/225 2740/1250/226 2739/401/226 2737/407/225
f 2740/1250/226 2742/1251/227 2741/393/227 2739/401/226
f 2742/1251/227 2744/1252/228 2743/388/228 2741/393/227
f 2744/1252/228 2746/1204/229 2745/392/229 2743/388/228
f 2746/1204/229 2748/1253/230 2747/396/230 2745/392/229
f 2748/1253/230 2750/1254/231 2749/400/231 2747/396/230
f 2750/1254/231 2752/1196/232 2751/404/232 2749/400/231
f 2752/1196/232 2754/1255/233 2753/409/233 2751/404/232
f 2754/1255/233 2756/1256/234 2755/415/234 2753/409/233
f 2756/1256/234 2758/1205/235 2757/423/235 2755/415/234
f 2758/1205/235 2760/1257/236 2759/429/236 2757/423/235
f 2760/1257/236 2762/1258/237 2761/435/237 2759/429/236
f 2762/1258/237 2764/1259/238 2763/441/238 2761/435/237
f 2764/1259/238 2766/1260/239 2765/448/239 2763/441/238
f 2766/1260/239 2768/1261/240 2767/453/240 2765/448/239
f 2768/1261/240 2770/1206/241 2769/451/241 2767/453/240
f 2770/1206/241 2772/1262/242 2771/458/242 2769/451/241
f 2772/1262/242 2774/1263/243 2773/466/243 2771/458/242
f 2774/1263/243 2776/1264/244 2775/472/244 2773/466/243
f 2776/1264/244 2778/1265/245 2777/480/245 2775/472/244
f 2778/1265/245 2780/1266/246 2779/490/246 2777/480/245
f 2780/1266/246 2782/1207/88 2781/499/88 2779/490/246
f 2782/1207/88 2784/1267/32 2783/502/32 2781/499/88
f 2784/1267/32 2786/1268/32 2785/506/32 2783/502/32
f 2786/1268/32 2788/1269/32 2787/510/32 2785/506/32
f 2788/1269/32 2790/1270/32 2789/516/32 2787/510/32
f 2790/1270/32 2792/1271/32 2791/524/32 2789/516/32
f 2792/1271/32 2794/1208/32 2793/517/32 2791/524/32
f 2794/1208/32 2796/1272/32 2795/511/32 2793/517/32
f 2796/1272/32 2798/1273/32 2797/507/32 2795/511/32
f 2798/1273/32 2800/1274/32 2799/503/32 2797/507/32
f 2800/1274/32 2802/1275/32 2801/500/32 2799/503/32
f 2802/1275/32 2804/1276/32 2803/495/32 2801/500/32
f 2804/1276/32 2806/1209/32 2805/484/32 2803/495/32
f 2806/1209/32 2808/1277/247 2807/477/247 2805/484/32
f 2808/1277/247 2810/1278/248 2809/471/248 2807/477/247
f 2810/1278/248 2812/1279/249 2811/463/249 2809/471/248
f 2812/1279/249 2814/1280/250 2813/457/250 2811/463/249
f 2814/1280/250 2816/1281/251 2815/450/251 2813/457/250
f 2816/1281/251 2818/1210/252 2817/442/252 2815/450/251
f 2818/1210/252 2820/1282/253 2819/432/253 2817/442/252
f 2820/1282/253 2822/1283/254 2821/424/254 2819/432/253
f 2822/1283/254 2824/1284/255 2823/414/255 2821/424/254
f 2824/1284/255 2826/1285/256 2825/406/256 2823/414/255
f 2826/1285/256 2828/1286/257 2827/397/257 2825/406/256
f 2828/1286/257 2830/1197/258 2829/387/258 2827/397/257
f 2830/1197/258 2832/1287/259 2831/385/259 2829/387/258
f 2832/1287/259 2834/1288/260 2833/383/260 2831/385/259
f 2834/1288/260 2836/1289/261 2835/381/261 2833/383/260
f 2836/1289/261 2838/1290/262 2837/377/262 2835/381/261
f 2838/1290/262 2840/1291/263 2839/379/263 2837/377/262
f 2840/1291/263 2842/1211/264 2841/378/264 2839/379/263
f 2842/1211/264 2844/1292/265 2843/380/265 2841/378/264
f 2844/1292/265 2846/1293/266 2845/382/266 2843/380/265
f 2846/1293/266 2848/1294/267 2847/384/267 2845/382/266
f 2848/1294/267 2850/1295/268 2849/386/268 2847/384/267
f 2850/1295/268 2852/1296/269 2851/394/269 2849/386/268
f 2852/1296/269 2854/1212/270 2853/403/270 2851/394/269
f 2854/1212/270 2856/1297/271 2855/410/271 2853/403/270
f 2856/1297/271 2858/1298/272 2857/419/272 2855/410/271
f 2858/1298/272 2860/1299/273 2859/427/273 2857/419/272
f 2860/1299/273 2862/1300/274 2861/437/274 2859/427/273
f 2862/1300/274 2864/1301/275 2863/445/275 2861/437/274
f 2864/1301/275 2866/1213/276 2865/454/276 2863/445/275
f 2866/1213/276 2868/1302/277 2867/459/277 2865/454/276
f 2868/1302/277 2870/1303/278 2869/467/278 2867/459/277
f 2870/1303/278 2872/1304/279 2871/475/279 2869/467/278
f 2872/1304/279 2874/1305/280 2873/486/280 2871/475/279
f 2874/1305/280 2876/1306/281 2875/498/281 2873/486/280
f 2876/1306/281 2878/1214/282 2877/504/282 2875/498/281
f 2878/1214/282 2880/1307/283 2879/512/283 2877/504/282
f 2880/1307/283 2882/1308/284 2881/529/284 2879/512/283
f 2882/1308/284 2884/1309/285 2883/530/285 2881/529/284
f 2884/1309/285 2886/1310/286 2885/531/286 2883/530/285
f 2886/1310/286 2888/1311/287 2887/528/287 2885/531/286
f 2888/1311/287 2890/1215/288 2889/527/288 2887/528/287
f 2890/1215/288 2892/1312/289 2891/526/289 2889/527/288
f 2892/1312/289 2894/1313/290 2893/525/290 2891/526/289
f 2894/1313/290 2896/1314/291 2895/523/291 2893/525/290
f 2896/1314/291 2898/1315/292 2897/522/292 2895/523/291
f 2898/1315/292 2900/1316/293 2899/521/293 2897/522/292
f 2900/1316/293 2902/1216/294 2901/520/294 2899/521/293
f 2902/1216/294 2904/1317/295 2903/519/295 2901/520/294
f 2904/1317/295 2906/1318/296 2905/518/296 2903/519/295
f 2906/1318/296 2908/1198/61 2907/515/61 2905/518/296
f 2908/1198/61 2910/1319/61 2909/514/61 2907/515/61
f 2910/1319/61 2912/1320/61 2911/513/61 2909/514/61
f 2912/1320/61 2914/1217/61 2913/509/61 2911/513/61
f 2914/1217/61 2916/1321/61 2915/508/61 2913/509/61
f 2916/1321/61 2918/1322/61 2917/505/61 2915/508/61
f 2918/1322/61 2920/1323/61 2919/501/61 2917/505/61
f 2920/1323/61 2922/1324/61 2921/497/61 2919/501/61
f 2922/1324/61 2924/1325/61 2923/489/61 2921/497/61
f 2924/1325/61 2926/1218/61 2925/482/61 2923/489/61
f 2926/1218/61 2928/1326/61 2927/476/61 2925/482/61
f 2928/1326/61 2930/1327/61 2929/468/61 2927/476/61
f 2930/1327/61 2932/1328/87 2931/462/87 2929/468/61
f 2932/1328/87 2934/1329/297 2933/456/297 2931/462/87
f 2934/1329/297 2936/1330/298 2935/452/298 2933/456/297
f 2936/1330/298 2938/1219/299 2937/447/299 2935/452/298
f 2938/1219/299 2940/1331/300 2939/440/300 2937/447/299
f 2940/1331/300 2942/1332/301 2941/433/301 2939/440/300
f 2942/1332/301 2944/1333/302 2943/428/302 2941/433/301
f 2944/1333/302 2946/1334/303 2945/422/303 2943/428/302
f 2946/1334/303 2948/1335/304 2947/417/304 2945/422/303
f 2948/1335/304 2950/1220/305 2949/411/305 2947/417/304
f 2950/1220/305 2952/1336/306 2951/408/306 2949/411/305
f 2952/1336/306 2954/1337/307 2953/402/307 2951/408/306
f 2954/1337/307 2956/1338/308 2955/398/308 2953/402/307
f 2956/1338/308 2958/1339/309 2957/395/309 2955/398/308
f 2958/1339/309 2960/1340/310 2959/391/310 2957/395/309
f 2960/1340/310 2962/1221/311 2961/389/311 2959/391/310
f 2962/1221/311 2964/1341/312 2963/390/312 2961/389/311
f 2964/1341/312 2966/1342/313 2965/399/313 2963/390/312
f 2966/1342/313 2968/1343/314 2967/405/314 2965/399/313
f 2968/1343/314 2970/1344/315 2969/413/315 2967/405/314
f 2970/1344/315 2972/1345/316 2971/418/316 2969/413/315
f 2972/1345/316 2974/1222/317 2973/421/317 2971/418/316
f 2974/1222/317 2976/1346/318 2975/426/318 2973/421/317
f 2976/1346/318 2978/1347/319 2977/431/319 2975/426/318
f 2978/1347/319 2980/1348/320 2979/436/320 2977/431/319
f 2980/1348/320 2982/1349/321 2981/439/321 2979/436/320
f 2982/1349/321 2984/1350/322 2983/444/322 2981/439/321
f 2984/1350/322 2674/1195/90 2673/160/90 2983/444/322
f 2986/1082/323 2988/1199/324 2987/481/324 2985/9/323
f 2988/1199/324 2990/1200/325 2989/493/325 2987/481/324
f 2990/1200/325 2992/1201/326 2991/470/326 2989/493/325
f 2992/1201/326 2994/1202/327 2993/443/327 2991/470/326
f 2994/1202/327 2996/1203/328 2995/416/328 2993/443/327
f 2996/1203/328 2998/1204/329 2997/392/329 2995/416/328
f 2998/1204/329 3000/1205/330 2999/423/330 2997/392/329
f 3000/1205/330 3002/1206/331 3001/451/331 2999/423/330
f 3002/1206/331 3004/1207/332 3003/499/332 3001/451/331
f 3004/1207/332 3006/1208/333 3005/517/333 3003/499/332
f 3006/1208/333 3008/1209/334 3007/484/334 3005/517/333
f 3008/1209/334 3010/1210/335 3009/442/335 3007/484/334
f 3010/1210/335 3012/1197/336 3011/387/336 3009/442/335
f 3012/1197/336 3014/1211/337 3013/378/337 3011/387/336
f 3014/1211/337 3016/1212/338 3015/403/338 3013/378/337
f 3016/1212/338 3018/1213/339 3017/454/339 3015/403/338
f 3018/1213/339 3020/1214/340 3019/504/340 3017/454/339
f 3020/1214/340 3022/1215/341 3021/527/341 3019/504/340
f 3022/1215/341 3024/1216/342 3023/520/342 3021/527/341
f 3024/1216/342 3026/1217/343 3025/509/343 3023/520/342
f 3026/1217/343 3028/1218/344 3027/482/344 3025/509/343
f 3028/1218/344 3030/1219/345 3029/447/345 3027/482/344
f 3030/1219/345 3032/1220/346 3031/411/346 3029/447/345
f 3032/1220/346 3034/1221/347 3033/389/347 3031/411/346
f 3034/1221/347 3036/1222/348 3035/421/348 3033/389/347
f 3036/1222/348 2986/1195/323 2985/160/323 3035/421/348
f 3038/1082/349 3040/1351/350 3039/1352/350 3037/9/349
f 3040/1351/350 3042/1353/351 3041/115/351 3039/1352/350
f 3042/1353/351 3044/1354/352 3043/1355/352 3041/115/351
f 3044/1354/352 3046/1356/353 3045/167/353 3043/1355/352
f 3046/1356/353 3048/1357/354 3047/1358/354 3045/167/353
f 3048/1357/354 3050/1359/355 3049/233/355 3047/1358/354
f 3050/1359/355 3052/1360/356 3051/1361/356 3049/233/355
f 3052/1360/356 3054/1362/357 3053/259/357 3051/1361/356
f 3054/1362/357 3056/1363/358 3055/1364/358 3053/259/357
f 3056/1363/358 3058/1365/359 3057/274/359 3055/1364/358
f 3058/1365/359 3060/1366/360 3059/1367/360 3057/274/359
f 3060/1366/360 3062/1368/361 3061/243/361 3059/1367/360
f 3062/1368/361 3064/1369/362 3063/1370/362 3061/243/361
f 3064/1369/362 3066/1371/363 3065/220/363 3063/1370/362
f 3066/1371/363 3068/1372/364 3067/1373/364 3065/220/363
f 3068/1372/364 3070/1374/365 3069/217/365 3067/1373/364
f 3070/1374/365 3072/1375/366 3071/1376/366 3069/217/365
f 3072/1375/366 3074/1377/367 3073/200/367 3071/1376/366
f 3074/1377/367 3076/1378/368 3075/1379/368 3073/200/367
f 3076/1378/368 3078/1380/369 3077/170/369 3075/1379/368
f 3078/1380/369 3080/1381/370 3079/1382/370 3077/170/369
f 3080/1381/370 3082/1383/371 3081/137/371 3079/1382/370
f 3082/1383/371 3084/1384/372 3083/1385/372 3081/137/371
f 3084/1384/372 3086/1386/373 3085/31/373 3083/1385/372
f 3086/1386/373 3088/1387/374 3087/1388/374 3085/31/373
f 3088/1387/374 3090/1389/375 3089/91/375 3087/1388/374
f 3090/1389/375 3092/1390/376 3091/1391/376 3089/91/375
f 3092/1390/376 3094/1392/377 3093/126/377 3091/1391/376
f 3094/1392/377 3096/1393/378 3095/1394/378 3093/126/377
f 3096/1393/378 3098/1395/379 3097/71/379 3095/1394/378
f 3098/1395/379 3100/1197/380 3099/387/380 3097/71/379
f 3100/1197/380 3102/1396/381 3101/1/381 3099/387/380
f 3102/1396/381 3104/1397/382 3103/1398/382 3101/1/381
f 3104/1397/382 3106/1399/383 3105/53/383 3103/1398/382
f 3106/1399/383 3108/1400/384 3107/1401/384 3105/53/383
f 3108/1400/384 3110/1402/385 3109/103/385 3107/1401/384
f 3110/1402/385 3112/1403/386 3111/1404/386 3109/103/385
f 3112/1403/386 3114/1405/387 3113/101/387 3111/1404/386
f 3114/1405/387 3116/1406/388 3115/1407/388 3113/101/387
f 3116/1406/388 3118/1408/389 3117/239/389 3115/1407/388
f 3118/1408/389 3120/1409/390 3119/1410/390 3117/239/389
f 3120/1409/390 3122/1411/391 3121/308/391 3119/1410/390
f 3122/1411/391 3124/1412/392 3123/1413/392 3121/308/391
f 3124/1412/392 3126/1414/393 3125/337/393 3123/1413/392
f 3126/1414/393 3128/1415/394 3127/1416/394 3125/337/393
f 3128/1415/394 3130/1417/395 3129/289/395 3127/1416/394
f 3130/1417/395 3132/1418/396 3131/1419/396 3129/289/395
f 3132/1418/396 3134/1420/397 3133/309/397 3131/1419/396
f 3134/1420/397 3136/1421/398 3135/1422/398 3133/309/397
f 3136/1421/398 3138/1423/399 3137/325/399 3135/1422/398
f 3138/1423/399 3140/1424/400 3139/1425/400 3137/325/399
f 3140/1424/400 3142/1426/401 3141/287/401 3139/1425/400
f 3142/1426/401 3144/1427/402 3143/1428/402 3141/287/401
f 3144/1427/402 3146/1429/403 3145/68/403 3143/1428/402
f 3146/1429/403 3148/1430/404 3147/1431/404 3145/68/403
f 3148/1430/404 3150/1432/405 3149/14/405 3147/1431/404
f 3150/1432/405 3152/1433/406 3151/1434/406 3149/14/405
f 3152/1433/406 3154/1435/407 3153/67/407 3151/1434/406
f 3154/1435/407 3156/1436/408 3155/1437/408 3153/67/407
f 3156/1436/408 3158/1438/409 3157/178/409 3155/1437/408
f 3158/1438/409 3160/1439/410 3159/1440/410 3157/178/409
f 3160/1439/410 3038/1195/349 3037/160/349 3159/1440/410
f 3162/1082/411 3164/1199/412 3163/481/412 3161/9/411
f 3164/1199/412 3166/1200/413 3165/493/413 3163/481/412
f 3166/1200/413 3168/1201/414 3167/470/414 3165/493/413
f 3168/1201/414 3170/1202/415 3169/443/415 3167/470/414
f 3170/1202/415 3172/1203/416 3171/416/416 3169/443/415
f 3172/1203/416 3174/1204/417 3173/392/417 3171/416/416
f 3174/1204/417 3176/1205/418 3175/423/418 3173/392/417
f 3176/1205/418 3178/1206/419 3177/451/419 3175/423/418
f 3178/1206/419 3180/1207/420 3179/499/420 3177/451/419
f 3180/1207/420 3182/1208/421 3181/517/421 3179/499/420
f 3182/1208/421 3184/1209/422 3183/484/422 3181/517/421
f 3184/1209/422 3186/1210/423 3185/442/423 3183/484/422
f 3186/1210/423 3188/1197/424 3187/387/424 3185/442/423
f 3188/1197/424 3190/1211/425 3189/378/425 3187/387/424
f 3190/1211/425 3192/1212/426 3191/403/426 3189/378/425
f 3192/1212/426 3194/1213/427 3193/454/427 3191/403/426
f 3194/1213/427 3196/1214/428 3195/504/428 3193/454/427
f 3196/1214/428 3198/1215/337 3197/527/337 3195/504/428
f 3198/1215/337 3200/1216/429 3199/520/429 3197/527/337
f 3200/1216/429 3202/1217/430 3201/509/430 3199/520/429
f 3202/1217/430 3204/1218/431 3203/482/431 3201/509/430
f 3204/1218/431 3206/1219/432 3205/447/432 3203/482/431
f 3206/1219/432 3208/1220/433 3207/411/433 3205/447/432
f 3208/1220/433 3210/1221/434 3209/389/434 3207/411/433
f 3210/1221/434 3212/1222/435 3211/421/435 3209/389/434
f 3212/1222/435 3162/1195/411 3161/160/411 3211/421/435
f 3214/1082/436 3216/1441/437 3215/1442/437 3213/9/436
f 3216/1441/437 3218/1443/438 3217/1444/438 3215/1442/437
f 3218/1443/438 3220/1445/439 3219/1446/439 3217/1444/438
f 3220/1445/439 3222/1447/440 3221/1448/440 3219/1446/439
f 3222/1447/440 3224/1449/441 3223/1450/441 3221/1448/440
f 3224/1449/441 3226/1451/442 3225/1452/442 3223/1450/441
f 3226/1451/442 3228/1453/443 3227/1454/443 3225/1452/442
f 3228/1453/443 3230/1455/444 3229/1456/444 3227/1454/443
f 3230/1455/444 3232/1457/445 3231/1458/445 3229/1456/444
f 3232/1457/445 3234/1459/446 3233/1460/446 3231/1458/445
f 3234/1459/446 3236/1461/447 3235/1462/447 3233/1460/446
f 3236/1461/447 3238/1463/448 3237/1464/448 3235/1462/447
f 3238/1463/448 3240/1465/213 3239/1466/213 3237/1464/448
f 3240/1465/213 3242/1467/449 3241/1468/449 3239/1466/213
f 3242/1467/449 3244/1469/450 3243/1470/450 3241/1468/449
f 3244/1469/450 3246/1471/451 3245/1472/451 3243/1470/450
f 3246/1471/451 3248/1473/452 3247/1474/452 3245/1472/451
f 3248/1473/452 3250/1475/453 3249/1476/453 3247/1474/452
f 3250/1475/453 3252/1477/454 3251/1478/454 3249/1476/453
f 3252/1477/454 3254/1479/455 3253/1480/455 3251/1478/454
f 3254/1479/455 3256/1481/456 3255/1482/456 3253/1480/455
f 3256/1481/456 3258/1483/457 3257/1484/457 3255/1482/456
f 3258/1483/457 3260/1485/458 3259/1486/458 3257/1484/457
f 3260/1485/458 3262/1487/459 3261/1488/459 3259/1486/458
f 3262/1487/459 3264/1489/460 3263/1490/460 3261/1488/459
f 3264/1489/460 3266/1491/461 3265/1492/461 3263/1490/460
f 3266/1491/461 3268/1493/462 3267/1494/462 3265/1492/461
f 3268/1493/462 3270/1495/463 3269/1496/463 3267/1494/462
f 3270/1495/463 3272/1497/464 3271/1498/464 3269/1496/463
f 3272/1497/464 3274/1499/465 3273/1500/465 3271/1498/464
f 3274/1499/465 3276/1501/466 3275/1502/466 3273/1500/465
f 3276/1501/466 3278/1503/467 3277/1504/467 3275/1502/466
f 3278/1503/467 3280/1505/468 3279/1506/468 3277/1504/467
f 3280/1505/468 3282/1507/469 3281/1508/469 3279/1506/468
f 3282/1507/469 3284/1509/470 3283/1510/470 3281/1508/469
f 3284/1509/470 3286/1511/471 3285/1512/471 3283/1510/470
f 3286/1511/471 3288/1513/472 3287/1514/472 3285/1512/471
f 3288/1513/472 3290/1515/473 3289/1516/473 3287/1514/472
f 3290/1515/473 3292/1517/474 3291/1518/474 3289/1516/473
f 3292/1517/474 3294/1519/475 3293/1520/475 3291/1518/474
f 3294/1519/475 3296/1521/476 3295/1522/476 3293/1520/475
f 3296/1521/476 3298/1523/477 3297/1524/477 3295/1522/476
f 3298/1523/477 3300/1525/478 3299/1526/478 3297/1524/477
f 3300/1525/478 3302/1527/479 3301/1528/479 3299/1526/478
f 3302/1527/479 3304/1529/480 3303/1530/480 3301/1528/479
f 3304/1529/480 3306/1531/481 3305/1532/481 3303/1530/480
f 3306/1531/481 3308/1533/482 3307/1534/482 3305/1532/481
f 3308/1533/482 3310/1535/483 3309/1536/483 3307/1534/482
f 3310/1535/483 3312/1537/484 3311/1538/484 3309/1536/483
f 3312/1537/484 3314/1539/485 3313/1540/486 3311/1538/484
f 3314/1539/485 3316/1541/487 3315/1542/487 3313/1540/486
f 3316/1541/487 3318/1543/488 3317/1544/488 3315/1542/487
f 3318/1543/488 3320/1545/489 3319/1546/489 3317/1544/488
f 3320/1545/489 3322/1547/490 3321/1548/490 3319/1546/489
f 3322/1547/490 3324/1549/491 3323/1550/491 3321/1548/490
f 3324/1549/491 3326/1551/492 3325/1552/492 3323/1550/491
f 3326/1551/492 3328/1553/493 3327/1554/493 3325/1552/492
f 3328/1553/493 3330/1555/494 3329/1556/494 3327/1554/493
f 3330/1555/494 3332/1557/495 3331/1558/495 3329/1556/494
f 3332/1557/495 3334/1559/496 3333/1560/496 3331/1558/495
f 3334/1559/496 3336/1561/497 3335/1562/497 3333/1560/496
f 3336/1561/497 3338/1563/498 3337/1564/498 3335/1562/497
f 3338/1563/498 3340/1565/499 3339/1566/499 3337/1564/498
f 3340/1565/499 3342/1567/500 3341/1568/500 3339/1566/499
f 3342/1567/500 3344/1569/501 3343/1570/501 3341/1568/500
f 3344/1569/501 3346/1571/502 3345/1572/502 3343/1570/501
f 3346/1571/502 3348/1573/503 3347/1574/503 3345/1572/502
f 3348/1573/503 3350/1575/504 3349/1576/504 3347/1574/503
f 3350/1575/504 3352/1577/505 3351/1578/505 3349/1576/504
f 3352/1577/505 3354/1579/506 3353/1580/506 3351/1578/505
f 3354/1579/506 3356/1581/507 3355/1582/507 3353/1580/506
f 3356/1581/507 3358/1583/508 3357/1584/508 3355/1582/507
f 3358/1583/508 3360/1585/509 3359/1586/509 3357/1584/508
f 3360/1585/509 3362/1587/510 3361/1588/510 3359/1586/509
f 3362/1587/510 3364/1589/511 3363/1590/511 3361/1588/510
f 3364/1589/511 3366/1591/512 3365/1592/512 3363/1590/511
f 3366/1591/512 3368/1593/61 3367/1594/61 3365/1592/512
f 3368/1593/61 3370/1595/61 3369/1596/61 3367/1594/61
f 3370/1595/61 3372/1597/61 3371/1598/61 3369/1596/61
f 3372/1597/61 3374/1599/61 3373/1600/61 3371/1598/61
f 3374/1599/61 3376/1601/61 3375/1602/61 3373/1600/61
f 3376/1601/61 3378/1603/61 3377/1604/61 3375/1602/61
f 3378/1603/61 3380/1605/61 3379/1606/61 3377/1604/61
f 3380/1605/61 3382/1607/61 3381/1608/61 3379/1606/61
f 3382/1607/61 3384/1609/61 3383/1610/61 3381/1608/61
f 3384/1609/61 3386/1611/61 3385/1612/61 3383/1610/61
f 3386/1611/61 3388/1613/61 3387/1614/61 3385/1612/61
f 3388/1613/61 3390/1615/513 3389/1616/513 3387/1614/61
f 3390/1615/513 3214/1195/436 3213/160/436 3389/1616/513
f 3392/1082/514 3394/1617/515 3393/1618/515 3391/9/514
f 3394/1617/515 3396/1619/516 3395/1620/516 3393/1618/515
f 3396/1619/516 3398/1621/517 3397/1622/517 3395/1620/516
f 3398/1621/517 3400/1233/518 3399/491/518 3397/1622/517
f 3400/1233/518 3402/1623/519 3401/1624/519 3399/491/518
f 3402/1623/519 3404/1625/520 3403/534/520 3401/1624/519
f 3404/1625/520 3406/1626/521 3405/1627/521 3403/534/520
f 3406/1626/521 3408/1244/522 3407/434/522 3405/1627/521
f 3408/1244/522 3410/1628/523 3409/1629/523 3407/434/522
f 3410/1628/523 3412/1630/524 3411/1631/524 3409/1629/523
f 3412/1630/524 3414/1632/525 3413/1633/525 3411/1631/524
f 3414/1632/525 3416/1196/526 3415/404/526 3413/1633/525
f 3416/1196/526 3418/1634/527 3417/1635/527 3415/404/526
f 3418/1634/527 3420/1636/528 3419/1637/528 3417/1635/527
f 3420/1636/528 3422/1638/529 3421/1639/529 3419/1637/528
f 3422/1638/529 3424/1265/530 3423/480/530 3421/1639/529
f 3424/1265/530 3426/1640/531 3425/1641/531 3423/480/530
f 3426/1640/531 3428/1642/532 3427/568/532 3425/1641/531
f 3428/1642/532 3430/1643/533 3429/1644/533 3427/568/532
f 3430/1643/533 3432/1276/534 3431/495/534 3429/1644/533
f 3432/1276/534 3434/1645/535 3433/1646/535 3431/495/534
f 3434/1645/535 3436/1647/536 3435/1648/536 3433/1646/535
f 3436/1647/536 3438/1649/537 3437/1650/537 3435/1648/536
f 3438/1649/537 3440/1197/538 3439/387/538 3437/1650/537
f 3440/1197/538 3442/1651/539 3441/1652/539 3439/387/538
f 3442/1651/539 3444/1653/540 3443/1654/540 3441/1652/539
f 3444/1653/540 3446/1655/541 3445/1656/541 3443/1654/540
f 3446/1655/541 3448/1297/542 3447/410/542 3445/1656/541
f 3448/1297/542 3450/1657/543 3449/1658/543 3447/410/542
f 3450/1657/543 3452/1659/544 3451/592/544 3449/1658/543
f 3452/1659/544 3454/1660/545 3453/1661/545 3451/592/544
f 3454/1660/545 3456/1308/396 3455/529/396 3453/1661/545
f 3456/1308/396 3458/1662/546 3457/1663/546 3455/529/396
f 3458/1662/546 3460/1664/547 3459/1665/547 3457/1663/546
f 3460/1664/547 3462/1666/548 3461/1667/548 3459/1665/547
f 3462/1666/548 3464/1198/549 3463/515/549 3461/1667/548
f 3464/1198/549 3466/1668/550 3465/1669/550 3463/515/549
f 3466/1668/550 3468/1670/551 3467/1671/551 3465/1669/550
f 3468/1670/551 3470/1672/552 3469/1673/552 3467/1671/551
f 3470/1672/552 3472/1329/553 3471/456/553 3469/1673/552
f 3472/1329/553 3474/1674/554 3473/1675/554 3471/456/553
f 3474/1674/554 3476/1676/555 3475/584/555 3473/1675/554
f 3476/1676/555 3478/1677/556 3477/1678/556 3475/584/555
f 3478/1677/556 3480/1340/557 3479/391/557 3477/1678/556
f 3480/1340/557 3482/1679/558 3481/1680/558 3479/391/557
f 3482/1679/558 3484/1681/559 3483/1682/559 3481/1680/558
f 3484/1681/559 3486/1683/560 3485/1684/560 3483/1682/559
f 3486/1683/560 3392/1195/514 3391/160/514 3485/1684/560
f 3488/1082/561 3490/1685/562 3489/1686/562 3487/9/561
f 3490/1685/562 3492/1687/563 3491/1688/563 3489/1686/562
f 3492/1687/563 3494/1689/564 3493/1690/564 3491/1688/563
f 3494/1689/564 3496/1691/565 3495/1692/565 3493/1690/564
f 3496/1691/565 3498/1693/566 3497/1694/566 3495/1692/565
f 3498/1693/566 3500/1695/567 3499/1696/567 3497/1694/566
f 3500/1695/567 3502/1697/568 3501/1698/568 3499/1696/567
f 3502/1697/568 3504/1699/569 3503/1700/569 3501/1698/568
f 3504/1699/569 3506/1701/570 3505/1702/570 3503/1700/569
f 3506/1701/570 3508/1703/571 3507/1704/571 3505/1702/570
f 3508/1703/571 3510/1705/572 3509/1706/572 3507/1704/571
f 3510/1705/572 3512/1707/573 3511/1708/573 3509/1706/572
f 3512/1707/573 3514/1709/574 3513/1710/574 3511/1708/573
f 3514/1709/574 3516/1711/575 3515/1712/575 3513/1710/574
f 3516/1711/575 3518/1713/576 3517/1714/576 3515/1712/575
f 3518/1713/576 3520/1715/577 3519/1716/577 3517/1714/576
f 3520/1715/577 3522/1717/578 3521/1718/578 3519/1716/577
f 3522/1717/578 3524/1719/579 3523/1720/579 3521/1718/578
f 3524/1719/579 3526/1721/580 3525/1722/580 3523/1720/579
f 3526/1721/580 3528/1723/581 3527/1724/581 3525/1722/580
f 3528/1723/581 3530/1725/582 3529/1726/582 3527/1724/581
f 3530/1725/582 3532/1727/583 3531/1728/583 3529/1726/582
f 3532/1727/583 3534/1729/584 3533/1730/584 3531/1728/583
f 3534/1729/584 3536/1731/585 3535/1732/585 3533/1730/584
f 3536/1731/585 3538/1733/586 3537/1734/586 3535/1732/585
f 3538/1733/586 3540/1735/587 3539/1736/587 3537/1734/586
f 3540/1735/587 3542/1737/588 3541/1738/588 3539/1736/587
f 3542/1737/588 3544/1739/589 3543/1740/589 3541/1738/588
f 3544/1739/589 3546/1741/590 3545/1742/590 3543/1740/589
f 3546/1741/590 3548/1743/591 3547/1744/591 3545/1742/590
f 3548/1743/591 3550/1745/592 3549/1746/592 3547/1744/591
f 3550/1745/592 3552/1747/593 3551/1748/593 3549/1746/592
f 3552/1747/593 3554/1749/594 3553/1750/594 3551/1748/593
f 3554/1749/594 3556/1751/595 3555/1752/595 3553/1750/594
f 3556/1751/595 3558/1753/596 3557/1754/596 3555/1752/595
f 3558/1753/596 3560/1755/597 3559/1756/597 3557/1754/596
f 3560/1755/597 3562/1757/598 3561/1758/598 3559/1756/597
f 3562/1757/598 3564/1759/599 3563/1760/599 3561/1758/598
f 3564/1759/599 3566/1761/600 3565/1762/600 3563/1760/599
f 3566/1761/600 3568/1763/601 3567/1764/601 3565/1762/600
f 3568/1763/601 3570/1765/602 3569/1766/602 3567/1764/601
f 3570/1765/602 3572/1767/603 3571/1768/603 3569/1766/602
f 3572/1767/603 3574/1769/604 3573/1770/604 3571/1768/603
f 3574/1769/604 3576/1771/605 3575/1772/605 3573/1770/604
f 3576/1771/605 3578/1773/606 3577/1774/606 3575/1772/605
f 3578/1773/606 3580/1775/607 3579/1776/607 3577/1774/606
f 3580/1775/607 3582/1777/608 3581/1778/608 3579/1776/607
f 3582/1777/608 3584/1779/609 3583/1780/609 3581/1778/608
f 3584/1779/609 3586/1781/610 3585/1782/610 3583/1780/609
f 3586/1781/610 3588/1783/611 3587/1784/611 3585/1782/610
f 3588/1783/611 3590/1785/612 3589/1786/612 3587/1784/611
f 3590/1785/612 3592/1787/613 3591/1788/613 3589/1786/612
f 3592/1787/613 3594/1789/614 3593/1790/614 3591/1788/613
f 3594/1789/614 3596/1791/615 3595/1792/615 3593/1790/614
f 3596/1791/615 3598/1793/616 3597/1794/616 3595/1792/615
f 3598/1793/616 3600/1795/617 3599/1796/617 3597/1794/616
f 3600/1795/617 3602/1797/618 3601/1798/618 3599/1796/617
f 3602/1797/618 3604/1799/619 3603/1800/619 3601/1798/618
f 3604/1799/619 3606/1801/620 3605/1802/620 3603/1800/619
f 3606/1801/620 3608/1803/621 3607/1804/621 3605/1802/620
f 3608/1803/621 3610/1805/622 3609/1806/622 3607/1804/621
f 3610/1805/622 3612/1807/623 3611/1808/623 3609/1806/622
f 3612/1807/623 3614/1809/624 3613/1810/624 3611/1808/623
f 3614/1809/624 3616/1811/625 3615/1812/625 3613/1810/624
f 3616/1811/625 3618/1813/626 3617/1814/626 3615/1812/625
f 3618/1813/626 3620/1815/627 3619/1816/627 3617/1814/626
f 3620/1815/627 3622/1817/628 3621/1818/628 3619/1816/627
f 3622/1817/628 3624/1819/629 3623/1820/629 3621/1818/628
f 3624/1819/629 3626/1821/630 3625/1822/630 3623/1820/629
f 3626/1821/630 3628/1823/631 3627/1824/631 3625/1822/630
f 3628/1823/631 3630/1825/632 3629/1826/632 3627/1824/631
f 3630/1825/632 3632/1827/633 3631/1828/633 3629/1826/632
f 3632/1827/633 3634/1829/634 3633/1830/634 3631/1828/633
f 3634/1829/634 3636/1831/635 3635/1832/635 3633/1830/634
f 3636/1831/635 3638/1833/636 3637/1834/636 3635/1832/635
f 3638/1833/636 3640/1835/637 3639/1836/637 3637/1834/636
f 3640/1835/637 3642/1837/638 3641/1838/638 3639/1836/637
f 3642/1837/638 3644/1839/639 3643/1840/639 3641/1838/638
f 3644/1839/639 3646/1841/640 3645/1842/640 3643/1840/639
f 3646/1841/640 3648/1843/641 3647/1844/641 3645/1842/640
f 3648/1843/641 3650/1845/642 3649/1846/642 3647/1844/641
f 3650/1845/642 3652/1847/643 3651/1848/643 3649/1846/642
f 3652/1847/643 3654/1849/644 3653/1850/644 3651/1848/643
f 3654/1849/644 3656/1851/645 3655/1852/645 3653/1850/644
f 3656/1851/645 3658/1853/646 3657/1854/646 3655/1852/645
f 3658/1853/646 3660/1855/647 3659/1856/647 3657/1854/646
f 3660/1855/647 3662/1857/648 3661/1858/648 3659/1856/647
f 3662/1857/648 3664/1859/649 3663/1860/649 3661/1858/648
f 3664/1859/649 3666/1861/650 3665/1862/650 3663/1860/649
f 3666/1861/650 3668/1863/651 3667/1864/651 3665/1862/650
f 3668/1863/651 3670/1865/652 3669/1866/652 3667/1864/651
f 3670/1865/652 3672/1867/653 3671/1868/653 3669/1866/652
f 3672/1867/653 3674/1869/654 3673/1870/654 3671/1868/653
f 3674/1869/654 3676/1871/655 3675/1872/655 3673/1870/654
f 3676/1871/655 3678/1873/656 3677/1874/656 3675/1872/655
f 3678/1873/656 3680/1875/657 3679/1876/657 3677/1874/656
f 3680/1875/657 3682/1877/658 3681/1878/658 3679/1876/657
f 3682/1877/658 3684/1879/659 3683/1880/659 3681/1878/658
f 3684/1879/659 3686/1881/660 3685/1882/660 3683/1880/659
f 3686/1881/660 3688/1883/661 3687/1884/661 3685/1882/660
f 3688/1883/661 3690/1885/662 3689/1886/662 3687/1884/661
f 3690/1885/662 3692/1887/663 3691/1888/663 3689/1886/662
f 3692/1887/663 3694/1889/664 3693/1890/664 3691/1888/663
f 3694/1889/664 3696/1891/665 3695/1892/665 3693/1890/664
f 3696/1891/665 3698/1893/666 3697/1894/666 3695/1892/665
f 3698/1893/666 3700/1895/667 3699/1896/667 3697/1894/666
f 3700/1895/667 3702/1897/668 3701/1898/668 3699/1896/667
f 3702/1897/668 3704/1899/669 3703/1900/669 3701/1898/668
f 3704/1899/669 3488/1195/561 3487/160/561 3703/1900/669
f 3706/1082/88 3708/1625/87 3707/534/87 3705/9/88
f 3708/1625/87 3710/1196/87 3709/404/87 3707/534/87
f 3710/1196/87 3712/1642/88 3711/568/88 3709/404/87
f 3712/1642/88 3714/1197/88 3713/387/88 3711/568/88
f 3714/1197/88 3716/1659/87 3715/592/87 3713/387/88
f 3716/1659/87 3718/1198/90 3717/515/90 3715/592/87
f 3718/1198/90 3720/1676/89 3719/584/89 3717/515/90
f 3720/1676/89 3706/1195/88 3705/160/88 3719/584/89
f 3722/1082/88 3724/1196/87 3723/404/87 3721/9/88
f 3724/1196/87 3726/1197/90 3725/387/90 3723/404/87
f 3726/1197/90 3728/1198/89 3727/515/89 3725/387/90
f 3728/1198/89 3722/1195/88 3721/160/88 3727/515/89
f 3730/1082/88 3732/1196/87 3731/404/87 3729/9/88
f 3732/1196/87 3734/1197/90 3733/387/90 3731/404/87
f 3734/1197/90 3736/1198/89 3735/515/89 3733/387/90
f 3736/1198/89 3730/1195/88 3729/160/88 3735/515/89
f 3738/1082/90 3740/1196/87 3739/404/87 3737/9/90
f 3740/1196/87 3742/1197/88 3741/387/88 3739/404/87
f 3742/1197/88 3744/1198/89 3743/515/89 3741/387/88
f 3744/1198/89 3738/1195/90 3737/160/90 3743/515/89
f 3746/1082/87 3748/1196/88 3747/404/88 3745/9/87
f 3748/1196/88 3750/1197/89 3749/387/89 3747/404/88
f 3750/1197/89 3752/1198/90 3751/515/90 3749/387/89
f 3752/1198/90 3746/1195/87 3745/160/87 3751/515/90
f 3754/1082/90 3756/1196/87 3755/404/87 3753/9/90
f 3756/1196/87 3758/1197/88 3757/387/88 3755/404/87
f 3758/1197/88 3760/1198/89 3759/515/89 3757/387/88
f 3760/1198/89 3754/1195/90 3753/160/90 3759/515/89
f 3762/1082/88 3764/1625/87 3763/534/87 3761/9/88
f 3764/1625/87 3766/1196/87 3765/404/87 3763/534/87
f 3766/1196/87 3768/1642/88 3767/568/88 3765/404/87
f 3768/1642/88 3770/1197/88 3769/387/88 3767/568/88
f 3770/1197/88 3772/1659/87 3771/592/87 3769/387/88
f 3772/1659/87 3774/1198/90 3773/515/90 3771/592/87
f 3774/1198/90 3776/1676/89 3775/584/89 3773/515/90
f 3776/1676/89 3762/1195/88 3761/160/88 3775/584/89
f 3778/1082/670 3780/1901/671 3779/1902/671 3777/9/670
f 3780/1901/671 3782/1903/672 3781/1904/672 3779/1902/671
f 3782/1903/672 3784/1905/673 3783/1906/673 3781/1904/672
f 3784/1905/673 3786/1907/674 3785/1908/674 3783/1906/673
f 3786/1907/674 3788/1909/675 3787/1910/675 3785/1908/674
f 3788/1909/675 3790/1911/676 3789/1912/676 3787/1910/675
f 3790/1911/676 3792/1913/677 3791/1914/677 3789/1912/676
f 3792/1913/677 3794/1915/678 3793/1916/678 3791/1914/677
f 3794/1915/678 3796/1917/679 3795/1918/679 3793/1916/678
f 3796/1917/679 3798/1919/680 3797/1920/680 3795/1918/679
f 3798/1919/680 3800/1921/681 3799/1922/681 3797/1920/680
f 3800/1921/681 3802/1923/682 3801/1924/682 3799/1922/681
f 3802/1923/682 3804/1925/683 3803/1926/683 3801/1924/682
f 3804/1925/683 3806/1927/684 3805/1928/684 3803/1926/683
f 3806/1927/684 3808/1929/685 3807/1930/685 3805/1928/684
f 3808/1929/685 3810/1931/686 3809/1932/686 3807/1930/685
f 3810/1931/686 3812/1933/687 3811/1934/687 3809/1932/686
f 3812/1933/687 3814/1935/688 3813/1936/688 3811/1934/687
f 3814/1935/688 3816/1937/689 3815/1938/689 3813/1936/688
f 3816/1937/689 3818/1939/690 3817/1940/690 3815/1938/689
f 3818/1939/690 3820/1941/691 3819/1942/691 3817/1940/690
f 3820/1941/691 3822/1943/692 3821/1944/692 3819/1942/691
f 3822/1943/692 3824/1945/693 3823/1946/693 3821/1944/692
f 3824/1945/693 3826/1947/694 3825/1948/694 3823/1946/693
f 3826/1947/694 3828/1949/695 3827/1950/695 3825/1948/694
f 3828/1949/695 3830/1951/696 3829/1952/696 3827/1950/695
f 3830/1951/696 3832/1953/697 3831/1954/697 3829/1952/696
f 3832/1953/697 3834/1955/698 3833/1956/698 3831/1954/697
f 3834/1955/698 3836/1957/699 3835/1958/699 3833/1956/698
f 3836/1957/699 3838/1959/700 3837/1960/700 3835/1958/699
f 3838/1959/700 3840/1961/701 3839/1962/701 3837/1960/700
f 3840/1961/701 3842/1963/702 3841/1964/702 3839/1962/701
f 3842/1963/702 3844/1965/703 3843/1966/703 3841/1964/702
f 3844/1965/703 3846/1967/704 3845/1968/704 3843/1966/703
f 3846/1967/704 3848/1969/705 3847/1970/705 3845/1968/704
f 3848/1969/705 3850/1971/706 3849/1972/706 3847/1970/705
f 3850/1971/706 3852/1973/707 3851/1974/707 3849/1972/706
f 3852/1973/707 3854/1975/708 3853/1976/708 3851/1974/707
f 3854/1975/708 3856/1977/709 3855/1978/709 3853/1976/708
f 3856/1977/709 3858/1979/710 3857/1980/710 3855/1978/709
f 3858/1979/710 3860/1981/711 3859/1982/711 3857/1980/710
f 3860/1981/711 3862/1983/712 3861/1984/712 3859/1982/711
f 3862/1983/712 3864/1985/713 3863/1986/713 3861/1984/712
f 3864/1985/713 3866/1987/714 3865/1988/714 3863/1986/713
f 3866/1987/714 3868/1989/715 3867/1990/715 3865/1988/714
f 3868/1989/715 3870/1991/716 3869/1992/716 3867/1990/715
f 3870/1991/716 3872/1993/717 3871/1994/717 3869/1992/716
f 3872/1993/717 3874/1995/718 3873/1996/718 3871/1994/717
f 3874/1995/718 3876/1997/719 3875/1998/719 3873/1996/718
f 3876/1997/719 3878/1999/720 3877/2000/720 3875/1998/719
f 3878/1999/720 3880/2001/721 3879/2002/721 3877/2000/720
f 3880/2001/721 3882/2003/722 3881/2004/722 3879/2002/721
f 3882/2003/722 3884/2005/723 3883/2006/723 3881/2004/722
f 3884/2005/723 3886/2007/724 3885/2008/724 3883/2006/723
f 3886/2007/724 3888/2009/725 3887/2010/725 3885/2008/724
f 3888/2009/725 3890/2011/726 3889/2012/726 3887/2010/725
f 3890/2011/726 3892/2013/727 3891/2014/727 3889/2012/726
f 3892/2013/727 3894/2015/728 3893/2016/728 3891/2014/727
f 3894/2015/728 3896/2017/729 3895/2018/729 3893/2016/728
f 3896/2017/729 3898/2019/730 3897/2020/730 3895/2018/729
f 3898/2019/730 3900/2021/731 3899/2022/731 3897/2020/730
f 3900/2021/731 3902/2023/732 3901/2024/732 3899/2022/731
f 3902/2023/732 3904/2025/733 3903/2026/733 3901/2024/732
f 3904/2025/733 3906/2027/734 3905/2028/734 3903/2026/733
f 3906/2027/734 3908/2029/735 3907/2030/735 3905/2028/734
f 3908/2029/735 3910/2031/736 3909/2032/736 3907/2030/735
f 3910/2031/736 3912/2033/737 3911/2034/737 3909/2032/736
f 3912/2033/737 3914/2035/738 3913/2036/738 3911/2034/737
f 3914/2035/738 3916/2037/739 3915/2038/739 3913/2036/738
f 3916/2037/739 3918/2039/740 3917/2040/740 3915/2038/739
f 3918/2039/740 3920/2041/741 3919/2042/741 3917/2040/740
f 3920/2041/741 3922/2043/742 3921/2044/742 3919/2042/741
f 3922/2043/742 3924/2045/743 3923/2046/743 3921/2044/742
f 3924/2045/743 3926/2047/744 3925/2048/744 3923/2046/743
f 3926/2047/744 3928/2049/745 3927/2050/745 3925/2048/744
f 3928/2049/745 3930/2051/746 3929/2052/746 3927/2050/745
f 3930/2051/746 3932/2053/747 3931/2054/747 3929/2052/746
f 3932/2053/747 3934/2055/748 3933/2056/748 3931/2054/747
f 3934/2055/748 3936/2057/749 3935/2058/749 3933/2056/748
f 3936/2057/749 3938/2059/750 3937/2060/750 3935/2058/749
f 3938/2059/750 3940/2061/751 3939/2062/751 3937/2060/750
f 3940/2061/751 3942/2063/752 3941/2064/752 3939/2062/751
f 3942/2063/752 3944/2065/753 3943/2066/753 3941/2064/752
f 3944/2065/753 3946/2067/754 3945/2068/754 3943/2066/753
f 3946/2067/754 3948/2069/755 3947/2070/755 3945/2068/754
f 3948/2069/755 3950/2071/756 3949/2072/756 3947/2070/755
f 3950/2071/756 3952/2073/757 3951/2074/757 3949/2072/756
f 3952/2073/757 3954/2075/758 3953/2076/758 3951/2074/757
f 3954/2075/758 3956/2077/759 3955/2078/759 3953/2076/758
f 3956/2077/759 3958/2079/760 3957/2080/760 3955/2078/759
f 3958/2079/760 3960/2081/761 3959/2082/761 3957/2080/760
f 3960/2081/761 3962/2083/762 3961/2084/762 3959/2082/761
f 3962/2083/762 3964/2085/763 3963/2086/763 3961/2084/762
f 3964/2085/763 3966/2087/764 3965/2088/764 3963/2086/763
f 3966/2087/764 3968/2089/765 3967/2090/765 3965/2088/764
f 3968/2089/765 3970/2091/766 3969/2092/766 3967/2090/765
f 3970/2091/766 3972/2093/767 3971/2094/767 3969/2092/766
f 3972/2093/767 3974/2095/768 3973/2096/768 3971/2094/767
f 3974/2095/768 3976/2097/769 3975/2098/769 3973/2096/768
f 3976/2097/769 3978/2099/770 3977/2100/770 3975/2098/769
f 3978/2099/770 3980/2101/771 3979/2102/771 3977/2100/770
f 3980/2101/771 3982/2103/772 3981/2104/772 3979/2102/771
f 3982/2103/772 3984/2105/773 3983/2106/773 3981/2104/772
f 3984/2105/773 3986/2107/774 3985/2108/774 3983/2106/773
f 3986/2107/774 3988/2109/775 3987/2110/775 3985/2108/774
f 3988/2109/775 3990/2111/776 3989/2112/776 3987/2110/775
f 3990/2111/776 3992/2113/777 3991/2114/777 3989/2112/776
f 3992/2113/777 3994/2115/778 3993/2116/778 3991/2114/777
f 3994/2115/778 3996/2117/436 3995/2118/436 3993/2116/778
f 3996/2117/436 3998/2119/779 3997/2120/779 3995/2118/436
f 3998/2119/779 4000/2121/780 3999/2122/780 3997/2120/779
f 4000/2121/780 4002/2123/781 4001/2124/781 3999/2122/780
f 4002/2123/781 4004/2125/782 4003/2126/782 4001/2124/781
f 4004/2125/782 4006/2127/783 4005/2128/783 4003/2126/782
f 4006/2127/783 4008/2129/784 4007/2130/784 4005/2128/783
f 4008/2129/784 4010/2131/785 4009/2132/785 4007/2130/784
f 4010/2131/785 4012/2133/786 4011/2134/786 4009/2132/785
f 4012/2133/786 4014/2135/787 4013/2136/787 4011/2134/786
f 4014/2135/787 4016/2137/788 4015/2138/788 4013/2136/787
f 4016/2137/788 4018/2139/789 4017/2140/789 4015/2138/788
f 4018/2139/789 4020/2141/790 4019/2142/790 4017/2140/789
f 4020/2141/790 4022/2143/791 4021/2144/791 4019/2142/790
f 4022/2143/791 4024/2145/792 4023/2146/792 4021/2144/791
f 4024/2145/792 4026/2147/793 4025/2148/793 4023/2146/792
f 4026/2147/793 4028/2149/794 4027/2150/794 4025/2148/793
f 4028/2149/794 4030/2151/795 4029/2152/795 4027/2150/794
f 4030/2151/795 4032/2153/796 4031/2154/796 4029/2152/795
f 4032/2153/796 4034/2155/797 4033/2156/797 4031/2154/796
f 4034/2155/797 4036/2157/798 4035/2158/798 4033/2156/797
f 4036/2157/798 4038/2159/799 4037/2160/799 4035/2158/798
f 4038/2159/799 4040/2161/800 4039/2162/800 4037/2160/799
f 4040/2161/800 4042/2163/801 4041/2164/801 4039/2162/800
f 4042/2163/801 4044/2165/128 4043/2166/128 4041/2164/801
f 4044/2165/128 4046/2167/88 4045/2168/88 4043/2166/128
f 4046/2167/88 4048/2169/88 4047/2170/88 4045/2168/88
f 4048/2169/88 4050/2171/87 4049/2172/87 4047/2170/88
f 4050/2171/87 4052/2173/90 4051/2174/90 4049/2172/87
f 4052/2173/90 4054/2175/802 4053/2176/802 4051/2174/90
f 4054/2175/802 3778/1195/670 3777/160/670 4053/2176/802
f 4056/1082/87 4058/2177/87 4057/2178/87 4055/9/87
f 4058/2177/87 4060/2179/803 4059/2180/803 4057/2178/87
f 4060/2179/803 4062/2181/804 4061/2182/804 4059/2180/803
f 4062/2181/804 4064/2183/805 4063/2184/805 4061/2182/804
f 4064/2183/805 4066/2185/806 4065/2186/806 4063/2184/805
f 4066/2185/806 4068/2187/807 4067/2188/807 4065/2186/806
f 4068/2187/807 4070/2189/808 4069/2190/808 4067/2188/807
f 4070/2189/808 4072/2191/809 4071/2192/809 4069/2190/808
f 4072/2191/809 4074/2193/810 4073/2194/810 4071/2192/809
f 4074/2193/810 4076/2195/811 4075/2196/811 4073/2194/810
f 4076/2195/811 4078/2197/812 4077/2198/812 4075/2196/811
f 4078/2197/812 4080/2199/813 4079/2200/813 4077/2198/812
f 4080/2199/813 4082/2201/814 4081/2202/814 4079/2200/813
f 4082/2201/814 4084/2203/815 4083/2204/815 4081/2202/814
f 4084/2203/815 4086/2205/816 4085/2206/816 4083/2204/815
f 4086/2205/816 4088/2207/817 4087/2208/817 4085/2206/816
f 4088/2207/817 4090/2209/818 4089/2210/818 4087/2208/817
f 4090/2209/818 4092/2211/819 4091/2212/819 4089/2210/818
f 4092/2211/819 4094/2213/820 4093/2214/820 4091/2212/819
f 4094/2213/820 4096/2215/821 4095/2216/821 4093/2214/820
f 4096/2215/821 4098/2217/822 4097/2218/822 4095/2216/821
f 4098/2217/822 4100/2219/823 4099/2220/823 4097/2218/822
f 4100/2219/823 4102/2221/824 4101/2222/824 4099/2220/823
f 4102/2221/824 4104/2223/825 4103/2224/825 4101/2222/824
f 4104/2223/825 4106/2225/826 4105/2226/826 4103/2224/825
f 4106/2225/826 4108/2227/827 4107/2228/827 4105/2226/826
f 4108/2227/827 4110/2229/828 4109/2230/828 4107/2228/827
f 4110/2229/828 4112/2231/829 4111/2232/829 4109/2230/828
f 4112/2231/829 4114/2233/830 4113/2234/830 4111/2232/829
f 4114/2233/830 4116/2235/831 4115/2236/831 4113/2234/830
f 4116/2235/831 4118/2237/832 4117/2238/832 4115/2236/831
f 4118/2237/832 4120/2239/833 4119/2240/833 4117/2238/832
f 4120/2239/833 4122/2241/834 4121/2242/834 4119/2240/833
f 4122/2241/834 4124/2243/835 4123/2244/835 4121/2242/834
f 4124/2243/835 4126/2245/836 4125/2246/836 4123/2244/835
f 4126/2245/836 4128/2247/837 4127/2248/837 4125/2246/836
f 4128/2247/837 4130/2249/838 4129/2250/838 4127/2248/837
f 4130/2249/838 4132/2251/839 4131/2252/839 4129/2250/838
f 4132/2251/839 4134/2253/840 4133/2254/840 4131/2252/839
f 4134/2253/840 4136/2255/841 4135/2256/841 4133/2254/840
f 4136/2255/841 4138/2257/842 4137/2258/842 4135/2256/841
f 4138/2257/842 4140/2259/602 4139/2260/602 4137/2258/842
f 4140/2259/602 4142/2261/843 4141/2262/843 4139/2260/602
f 4142/2261/843 4144/2263/844 4143/2264/844 4141/2262/843
f 4144/2263/844 4146/2265/845 4145/2266/845 4143/2264/844
f 4146/2265/845 4148/2267/846 4147/2268/846 4145/2266/845
f 4148/2267/846 4150/2269/847 4149/2270/847 4147/2268/846
f 4150/2269/847 4152/2271/848 4151/2272/848 4149/2270/847
f 4152/2271/848 4154/2273/849 4153/2274/849 4151/2272/848
f 4154/2273/849 4156/2275/850 4155/2276/850 4153/2274/849
f 4156/2275/850 4158/2277/851 4157/2278/851 4155/2276/850
f 4158/2277/851 4160/2279/852 4159/2280/852 4157/2278/851
f 4160/2279/852 4162/2281/853 4161/2282/853 4159/2280/852
f 4162/2281/853 4164/2283/854 4163/2284/854 4161/2282/853
f 4164/2283/854 4166/2285/855 4165/2286/855 4163/2284/854
f 4166/2285/855 4168/2287/856 4167/2288/856 4165/2286/855
f 4168/2287/856 4170/2289/857 4169/2290/857 4167/2288/856
f 4170/2289/857 4172/2291/858 4171/2292/858 4169/2290/857
f 4172/2291/858 4174/2293/859 4173/2294/859 4171/2292/858
f 4174/2293/859 4176/2295/860 4175/2296/860 4173/2294/859
f 4176/2295/860 4178/2297/861 4177/2298/861 4175/2296/860
f 4178/2297/861 4180/2299/862 4179/2300/862 4177/2298/861
f 4180/2299/862 4182/2301/863 4181/2302/863 4179/2300/862
f 4182/2301/863 4184/2303/864 4183/2304/864 4181/2302/863
f 4184/2303/864 4186/2305/865 4185/2306/865 4183/2304/864
f 4186/2305/865 4188/2307/866 4187/2308/866 4185/2306/865
f 4188/2307/866 4190/2309/867 4189/2310/867 4187/2308/866
f 4190/2309/867 4192/2311/868 4191/2312/868 4189/2310/867
f 4192/2311/868 4194/2313/869 4193/2314/869 4191/2312/868
f 4194/2313/869 4196/2315/870 4195/2316/870 4193/2314/869
f 4196/2315/870 4198/2317/871 4197/2318/871 4195/2316/870
f 4198/2317/871 4200/2319/872 4199/2320/872 4197/2318/871
f 4200/2319/872 4202/2321/873 4201/2322/873 4199/2320/872
f 4202/2321/873 4204/2323/874 4203/2324/874 4201/2322/873
f 4204/2323/874 4206/2325/875 4205/2326/875 4203/2324/874
f 4206/2325/875 4208/2327/88 4207/2328/88 4205/2326/875
f 4208/2327/88 4210/2329/88 4209/2330/88 4207/2328/88
f 4210/2329/88 4212/2331/89 4211/2332/89 4209/2330/88
f 4212/2331/89 4214/2333/89 4213/2334/89 4211/2332/89
f 4214/2333/89 4216/2335/88 4215/2336/88 4213/2334/89
f 4216/2335/88 4218/2337/876 4217/2338/876 4215/2336/88
f 4218/2337/876 4220/2339/877 4219/2340/877 4217/2338/876
f 4220/2339/877 4222/2341/878 4221/2342/878 4219/2340/877
f 4222/2341/878 4224/2343/879 4223/2344/879 4221/2342/878
f 4224/2343/879 4226/2345/880 4225/2346/880 4223/2344/879
f 4226/2345/880 4228/2347/881 4227/2348/881 4225/2346/880
f 4228/2347/881 4230/2349/882 4229/2350/882 4227/2348/881
f 4230/2349/882 4232/2351/883 4231/2352/883 4229/2350/882
f 4232/2351/883 4234/2353/884 4233/2354/884 4231/2352/883
f 4234/2353/884 4236/2355/885 4235/2356/885 4233/2354/884
f 4236/2355/885 4238/2357/886 4237/2358/886 4235/2356/885
f 4238/2357/886 4240/2359/887 4239/2360/887 4237/2358/886
f 4240/2359/887 4242/2361/888 4241/2362/888 4239/2360/887
f 4242/2361/888 4244/2363/889 4243/2364/889 4241/2362/888
f 4244/2363/889 4246/2365/890 4245/2366/890 4243/2364/889
f 4246/2365/890 4248/2367/891 4247/2368/891 4245/2366/890
f 4248/2367/891 4250/2369/892 4249/2370/892 4247/2368/891
f 4250/2369/892 4252/2371/893 4251/2372/893 4249/2370/892
f 4252/2371/893 4254/2373/894 4253/2374/894 4251/2372/893
f 4254/2373/894 4256/2375/895 4255/2376/895 4253/2374/894
f 4256/2375/895 4258/2377/896 4257/2378/896 4255/2376/895
f 4258/2377/896 4260/2379/897 4259/2380/897 4257/2378/896
f 4260/2379/897 4262/2381/898 4261/2382/898 4259/2380/897
f 4262/2381/898 4264/2383/899 4263/2384/899 4261/2382/898
f 4264/2383/899 4266/2385/900 4265/2386/900 4263/2384/899
f 4266/2385/900 4268/2387/901 4267/2388/901 4265/2386/900
f 4268/2387/901 4270/2389/902 4269/2390/902 4267/2388/901
f 4270/2389/902 4272/2391/903 4271/2392/903 4269/2390/902
f 4272/2391/903 4274/2393/904 4273/2394/904 4271/2392/903
f 4274/2393/904 4276/2395/905 4275/2396/905 4273/2394/904
f 4276/2395/905 4278/2397/906 4277/2398/906 4275/2396/905
f 4278/2397/906 4280/2399/907 4279/2400/907 4277/2398/906
f 4280/2399/907 4282/2401/908 4281/2402/908 4279/2400/907
f 4282/2401/908 4284/2403/909 4283/2404/909 4281/2402/908
f 4284/2403/909 4286/2405/910 4285/2406/910 4283/2404/909
f 4286/2405/910 4288/2407/911 4287/2408/911 4285/2406/910
f 4288/2407/911 4290/2409/912 4289/2410/912 4287/2408/911
f 4290/2409/912 4292/2411/913 4291/2412/913 4289/2410/912
f 4292/2411/913 4294/2413/914 4293/2414/914 4291/2412/913
f 4294/2413/914 4296/2415/915 4295/2416/915 4293/2414/914
f 4296/2415/915 4298/2417/916 4297/2418/916 4295/2416/915
f 4298/2417/916 4300/2419/917 4299/2420/917 4297/2418/916
f 4300/2419/917 4302/2421/918 4301/2422/918 4299/2420/917
f 4302/2421/918 4304/2423/919 4303/2424/919 4301/2422/918
f 4304/2423/919 4306/2425/920 4305/2426/920 4303/2424/919
f 4306/2425/920 4308/2427/921 4307/2428/921 4305/2426/920
f 4308/2427/921 4310/2429/922 4309/2430/922 4307/2428/921
f 4310/2429/922 4312/2431/923 4311/2432/923 4309/2430/922
f 4312/2431/923 4314/2433/924 4313/2434/924 4311/2432/923
f 4314/2433/924 4316/2435/925 4315/2436/925 4313/2434/924
f 4316/2435/925 4318/2437/926 4317/2438/926 4315/2436/925
f 4318/2437/926 4320/2439/927 4319/2440/927 4317/2438/926
f 4320/2439/927 4322/2441/928 4321/2442/928 4319/2440/927
f 4322/2441/928 4324/2443/929 4323/2444/929 4321/2442/928
f 4324/2443/929 4326/2445/930 4325/2446/930 4323/2444/929
f 4326/2445/930 4328/2447/931 4327/2448/931 4325/2446/930
f 4328/2447/931 4330/2449/932 4329/2450/932 4327/2448/931
f 4330/2449/932 4332/2451/933 4331/2452/933 4329/2450/932
f 4332/2451/933 4334/2453/934 4333/2454/934 4331/2452/933
f 4334/2453/934 4336/2455/935 4335/2456/935 4333/2454/934
f 4336/2455/935 4338/2457/936 4337/2458/936 4335/2456/935
f 4338/2457/936 4340/2459/937 4339/2460/937 4337/2458/936
f 4340/2459/937 4342/2461/938 4341/2462/938 4339/2460/937
f 4342/2461/938 4344/2463/939 4343/2464/939 4341/2462/938
f 4344/2463/939 4346/2465/940 4345/2466/940 4343/2464/939
f 4346/2465/940 4348/2467/941 4347/2468/941 4345/2466/940
f 4348/2467/941 4350/2469/942 4349/2470/942 4347/2468/941
f 4350/2469/942 4352/2471/943 4351/2472/943 4349/2470/942
f 4352/2471/943 4354/2473/944 4353/2474/944 4351/2472/943
f 4354/2473/944 4356/2475/945 4355/2476/945 4353/2474/944
f 4356/2475/945 4358/2477/946 4357/2478/946 4355/2476/945
f 4358/2477/946 4360/2479/391 4359/2480/391 4357/2478/946
f 4360/2479/391 4362/2481/947 4361/2482/947 4359/2480/391
f 4362/2481/947 4364/2483/87 4363/2484/87 4361/2482/947
f 4364/2483/87 4366/2485/90 4365/2486/90 4363/2484/87
f 4366/2485/90 4368/2487/90 4367/2488/90 4365/2486/90
f 4368/2487/90 4056/1195/87 4055/160/87 4367/2488/90
f 4370/1082/948 4372/2489/949 4371/2490/949 4369/9/948
f 4372/2489/949 4374/2491/950 4373/2492/950 4371/2490/949
f 4374/2491/950 4376/2493/951 4375/2494/951 4373/2492/950
f 4376/2493/951 4378/2495/952 4377/2496/952 4375/2494/951
f 4378/2495/952 4380/2497/953 4379/365/953 4377/2496/952
f 4380/2497/953 4382/2498/954 4381/2499/954 4379/365/953
f 4382/2498/954 4384/2500/955 4383/2501/955 4381/2499/954
f 4384/2500/955 4386/2502/956 4385/2503/956 4383/2501/955
f 4386/2502/956 4388/2504/957 4387/2505/957 4385/2503/956
f 4388/2504/957 4390/2506/958 4389/374/958 4387/2505/957
f 4390/2506/958 4392/2507/959 4391/2508/959 4389/374/958
f 4392/2507/959 4394/2509/960 4393/2510/960 4391/2508/959
f 4394/2509/960 4396/2511/961 4395/2512/961 4393/2510/960
f 4396/2511/961 4398/2513/962 4397/2514/962 4395/2512/961
f 4398/2513/962 4400/2515/963 4399/350/963 4397/2514/962
f 4400/2515/963 4402/2516/964 4401/2517/964 4399/350/963
f 4402/2516/964 4404/2518/965 4403/2519/965 4401/2517/964
f 4404/2518/965 4406/2520/966 4405/2521/966 4403/2519/965
f 4406/2520/966 4408/2522/967 4407/2523/967 4405/2521/966
f 4408/2522/967 4410/2524/968 4409/354/968 4407/2523/967
f 4410/2524/968 4412/2525/969 4411/2526/969 4409/354/968
f 4412/2525/969 4414/2527/970 4413/2528/970 4411/2526/969
f 4414/2527/970 4416/2529/971 4415/2530/971 4413/2528/970
f 4416/2529/971 4418/2531/972 4417/2532/972 4415/2530/971
f 4418/2531/972 4370/1195/948 4369/160/948 4417/2532/972
f 4420/1082/834 4422/1621/973 4421/1622/973 4419/9/834
f 4422/1621/973 4424/1625/974 4423/534/974 4421/1622/973
f 4424/1625/974 4426/1628/975 4425/1629/975 4423/534/974
f 4426/1628/975 4428/1196/976 4427/404/976 4425/1629/975
f 4428/1196/976 4430/1638/977 4429/1639/977 4427/404/976
f 4430/1638/977 4432/1642/978 4431/568/978 4429/1639/977
f 4432/1642/978 4434/1645/979 4433/1646/979 4431/568/978
f 4434/1645/979 4436/1197/508 4435/387/508 4433/1646/979
f 4436/1197/508 4438/1655/980 4437/1656/980 4435/387/508
f 4438/1655/980 4440/1659/981 4439/592/981 4437/1656/980
f 4440/1659/981 4442/1662/982 4441/1663/982 4439/592/981
f 4442/1662/982 4444/1198/983 4443/515/983 4441/1663/982
f 4444/1198/983 4446/1672/87 4445/1673/87 4443/515/983
f 4446/1672/87 4448/1676/88 4447/584/88 4445/1673/87
f 4448/1676/88 4450/1679/89 4449/1680/89 4447/584/88
f 4450/1679/89 4420/1195/834 4419/160/834 4449/1680/89
f 4452/1082/984 4454/2497/90 4453/365/90 4451/9/984
f 4454/2497/90 4456/2506/87 4455/374/87 4453/365/90
f 4456/2506/87 4458/2515/88 4457/350/88 4455/374/87
f 4458/2515/88 4460/2524/985 4459/354/985 4457/350/88
f 4460/2524/985 4452/1195/984 4451/160/984 4459/354/985
s 0
f 4522/9/1 4524/9/1 4523/9/1
f 4521/9/1 4524/9/1 4522/9/1
f 4520/9/1 4524/9/1 4521/9/1
f 4520/9/1 4525/9/1 4524/9/1
f 4519/9/1 4525/9/1 4520/9/1
f 4519/9/1 4526/9/1 4525/9/1
f 4518/9/1 4526/9/1 4519/9/1
f 4517/9/1 4526/9/1 4518/9/1
f 4517/9/1 4527/9/1 4526/9/1
f 4516/9/1 4527/9/1 4517/9/1
f 4515/9/1 4527/9/1 4516/9/1
f 4515/9/1 4528/9/1 4527/9/1
f 4514/9/1 4528/9/1 4515/9/1
f 4513/9/1 4528/9/1 4514/9/1
f 4513/9/1 4529/9/1 4528/9/1
f 4512/9/1 4529/9/1 4513/9/1
f 4511/9/1 4529/9/1 4512/9/1
f 4511/9/1 4530/9/1 4529/9/1
f 4510/9/1 4509/9/1 4511/9/1
f 4509/9/1 4508/9/1 4511/9/1
f 4508/9/1 4507/9/1 4511/9/1
f 4507/9/1 4506/9/1 4511/9/1
f 4506/9/1 4505/9/1 4511/9/1
f 4505/9/1 4504/9/1 4511/9/1
f 4504/9/1 4503/9/1 4511/9/1
f 4503/9/1 4502/9/1 4511/9/1
f 4502/9/1 4501/9/1 4511/9/1
f 4501/9/1 4500/9/1 4511/9/1
f 4500/9/1 4499/9/1 4511/9/1
f 4499/9/1 4530/9/1 4511/9/1
f 4499/9/1 4498/9/1 4530/9/1
f 4498/9/1 4531/9/1 4530/9/1
f 4497/9/1 4531/9/1 4498/9/1
f 4496/9/1 4531/9/1 4497/9/1
f 4495/9/1 4531/9/1 4496/9/1
f 4495/9/1 4532/9/1 4531/9/1
f 4494/9/1 4532/9/1 4495/9/1
f 4493/9/1 4532/9/1 4494/9/1
f 4492/9/1 4532/9/1 4493/9/1
f 4492/9/1 4533/9/1 4532/9/1
f 4491/9/1 4533/9/1 4492/9/1
f 4490/9/1 4533/9/1 4491/9/1
f 4490/9/1 4534/9/1 4533/9/1
f 4489/9/1 4534/9/1 4490/9/1
f 4488/9/1 4534/9/1 4489/9/1
f 4488/9/1 4535/9/1 4534/9/1
f 4487/9/1 4535/9/1 4488/9/1
f 4486/9/1 4535/9/1 4487/9/1
f 4486/9/1 4536/9/1 4535/9/1
f 4485/9/1 4536/9/1 4486/9/1
f 4484/9/1 4536/9/1 4485/9/1
f 4484/9/1 4537/9/1 4536/9/1
f 4483/9/1 4537/9/1 4484/9/1
f 4482/9/1 4537/9/1 4483/9/1
f 4482/9/1 4538/9/1 4537/9/1
f 4481/9/1 4538/9/1 4482/9/1
f 4480/9/1 4538/9/1 4481/9/1
f 4480/9/1 4539/9/1 4538/9/1
f 4479/9/1 4539/9/1 4480/9/1
f 4478/9/1 4539/9/1 4479/9/1
f 4477/9/1 4539/9/1 4478/9/1
f 4477/9/1 4540/9/1 4539/9/1
f 4476/9/1 4540/9/1 4477/9/1
f 4475/9/1 4540/9/1 4476/9/1
f 4475/9/1 4541/9/1 4540/9/1
f 4474/9/1 4541/9/1 4475/9/1
f 4473/9/1 4541/9/1 4474/9/1
f 4473/9/1 4542/9/1 4541/9/1
f 4472/9/1 4542/9/1 4473/9/1
f 4472/9/1 4543/9/1 4542/9/1
f 4471/9/1 4543/9/1 4472/9/1
f 4471/9/1 4544/9/1 4543/9/1
f 4470/9/1 4544/9/1 4471/9/1
f 4469/9/1 4544/9/1 4470/9/1
f 4469/9/1 4545/9/1 4544/9/1
f 4468/9/1 4545/9/1 4469/9/1
f 4468/9/1 4546/9/1 4545/9/1
f 4467/9/1 4546/9/1 4468/9/1
f 4467/9/1 4547/9/1 4546/9/1
f 4466/9/1 4547/9/1 4467/9/1
f 4465/9/1 4547/9/1 4466/9/1
f 4465/9/1 4548/9/1 4547/9/1
f 4465/9/1 4549/9/1 4548/9/1
f 4464/9/1 4549/9/1 4465/9/1
f 4463/9/1 4549/9/1 4464/9/1
f 4462/9/1 4549/9/1 4463/9/1
f 4461/9/1 4549/9/1 4462/9/1
f 4611/9/3 4612/9/3 4613/9/3
f 4610/9/3 4611/9/3 4613/9/3
f 4609/9/3 4610/9/3 4613/9/3
f 4609/9/3 4613/9/3 4614/9/3
f 4608/9/3 4609/9/3 4614/9/3
f 4608/9/3 4614/9/3 4615/9/3
f 4607/9/3 4608/9/3 4615/9/3
f 4606/9/3 4607/9/3 4615/9/3
f 4606/9/3 4615/9/3 4616/9/3
f 4605/9/3 4606/9/3 4616/9/3
f 4604/9/3 4605/9/3 4616/9/3
f 4604/9/3 4616/9/3 4617/9/3
f 4603/9/3 4604/9/3 4617/9/3
f 4602/9/3 4603/9/3 4617/9/3
f 4602/9/3 4617/9/3 4618/9/3
f 4601/9/3 4602/9/3 4618/9/3
f 4600/9/3 4601/9/3 4618/9/3
f 4600/9/3 4618/9/3 4619/9/3
f 4599/9/3 4600/9/3 4598/9/3
f 4598/9/3 4600/9/3 4597/9/3
f 4597/9/3 4600/9/3 4596/9/3
f 4596/9/3 4600/9/3 4595/9/3
f 4595/9/3 4600/9/3 4594/9/3
f 4594/9/3 4600/9/3 4593/9/3
f 4593/9/3 4600/9/3 4592/9/3
f 4592/9/3 4600/9/3 4591/9/3
f 4591/9/3 4600/9/3 4590/9/3
f 4590/9/3 4600/9/3 4589/9/3
f 4589/9/3 4600/9/3 4588/9/3
f 4588/9/3 4600/9/3 4619/9/3
f 4588/9/3 4619/9/3 4587/9/3
f 4587/9/3 4619/9/3 4620/9/3
f 4586/9/3 4587/9/3 4620/9/3
f 4585/9/3 4586/9/3 4620/9/3
f 4584/9/3 4585/9/3 4620/9/3
f 4584/9/3 4620/9/3 4621/9/3
f 4583/9/3 4584/9/3 4621/9/3
f 4582/9/3 4583/9/3 4621/9/3
f 4581/9/3 4582/9/3 4621/9/3
f 4581/9/3 4621/9/3 4622/9/3
f 4580/9/3 4581/9/3 4622/9/3
f 4579/9/3 4580/9/3 4622/9/3
f 4579/9/3 4622/9/3 4623/9/3
f 4578/9/3 4579/9/3 4623/9/3
f 4577/9/3 4578/9/3 4623/9/3
f 4577/9/3 4623/9/3 4624/9/3
f 4576/9/3 4577/9/3 4624/9/3
f 4575/9/3 4576/9/3 4624/9/3
f 4575/9/3 4624/9/3 4625/9/3
f 4574/9/3 4575/9/3 4625/9/3
f 4573/9/3 4574/9/3 4625/9/3
f 4573/9/3 4625/9/3 4626/9/3
f 4572/9/3 4573/9/3 4626/9/3
f 4571/9/3 4572/9/3 4626/9/3
f 4571/9/3 4626/9/3 4627/9/3
f 4570/9/3 4571/9/3 4627/9/3
f 4569/9/3 4570/9/3 4627/9/3
f 4569/9/3 4627/9/3 4628/9/3
f 4568/9/3 4569/9/3 4628/9/3
f 4567/9/3 4568/9/3 4628/9/3
f 4566/9/3 4567/9/3 4628/9/3
f 4566/9/3 4628/9/3 4629/9/3
f 4565/9/3 4566/9/3 4629/9/3
f 4564/9/3 4565/9/3 4629/9/3
f 4564/9/3 4629/9/3 4630/9/3
f 4563/9/3 4564/9/3 4630/9/3
f 4562/9/3 4563/9/3 4630/9/3
f 4562/9/3 4630/9/3 4631/9/3
f 4561/9/3 4562/9/3 4631/9/3
f 4561/9/3 4631/9/3 4632/9/3
f 4560/9/3 4561/9/3 4632/9/3
f 4560/9/3 4632/9/3 4633/9/3
f 4559/9/3 4560/9/3 4633/9/3
f 4558/9/3 4559/9/3 4633/9/3
f 4558/9/3 4633/9/3 4634/9/3
f 4557/9/3 4558/9/3 4634/9/3
f 4557/9/3 4634/9/3 4635/9/3
f 4556/9/3 4557/9/3 4635/9/3
f 4556/9/3 4635/9/3 4636/9/3
f 4555/9/3 4556/9/3 4636/9/3
f 4554/9/3 4555/9/3 4636/9/3
f 4554/9/3 4636/9/3 4637/9/3
f 4554/9/3 4637/9/3 4638/9/3
f 4553/9/3 4554/9/3 4638/9/3
f 4552/9/3 4553/9/3 4638/9/3
f 4551/9/3 4552/9/3 4638/9/3
f 4550/9/3 4551/9/3 4638/9/3
s 1
f 4640/9/87 4642/9/986 4641/9/986 4639/9/87
f 4642/9/986 4644/9/987 4643/9/987 4641/9/986
f 4644/9/987 4646/9/530 4645/9/530 4643/9/987
f 4646/9/530 4648/9/988 4647/9/988 4645/9/530
f 4648/9/988 4650/9/989 4649/9/989 4647/9/988
f 4650/9/989 4652/9/990 4651/9/990 4649/9/989
f 4652/9/990 4654/9/991 4653/9/991 4651/9/990
f 4654/9/991 4656/9/992 4655/9/992 4653/9/991
f 4656/9/992 4658/9/993 4657/9/993 4655/9/992
f 4658/9/993 4660/9/994 4659/9/994 4657/9/993
f 4660/9/994 4662/9/995 4661/9/995 4659/9/994
f 4662/9/995 4664/9/996 4663/9/996 4661/9/995
f 4664/9/996 4666/9/997 4665/9/997 4663/9/996
f 4666/9/997 4668/9/998 4667/9/998 4665/9/997
f 4668/9/998 4670/9/999 4669/9/999 4667/9/998
f 4670/9/999 4672/9/1000 4671/9/1000 4669/9/999
f 4672/9/1000 4674/9/1001 4673/9/1001 4671/9/1000
f 4674/9/1001 4676/9/1002 4675/9/1002 4673/9/1001
f 4676/9/1002 4678/9/1003 4677/9/1003 4675/9/1002
f 4678/9/1003 4680/9/1004 4679/9/1004 4677/9/1003
f 4680/9/1004 4682/9/1005 4681/9/1005 4679/9/1004
f 4682/9/1005 4684/9/1006 4683/9/1006 4681/9/1005
f 4684/9/1006 4686/9/1007 4685/9/1007 4683/9/1006
f 4686/9/1007 4688/9/1008 4687/9/1008 4685/9/1007
f 4688/9/1008 4690/9/1009 4689/9/1009 4687/9/1008
f 4690/9/1009 4692/9/1010 4691/9/1010 4689/9/1009
f 4692/9/1010 4694/9/1011 4693/9/1011 4691/9/1010
f 4694/9/1011 4696/9/1012 4695/9/1012 4693/9/1011
f 4696/9/1012 4698/9/1013 4697/9/1013 4695/9/1012
f 4698/9/1013 4700/9/1014 4699/9/1014 4697/9/1013
f 4700/9/1014 4702/9/1015 4701/9/1015 4699/9/1014
f 4702/9/1015 4704/9/1016 4703/9/1016 4701/9/1015
f 4704/9/1016 4706/9/1017 4705/9/1017 4703/9/1016
f 4706/9/1017 4708/9/1018 4707/9/1018 4705/9/1017
f 4708/9/1018 4710/9/1019 4709/9/1019 4707/9/1018
f 4710/9/1019 4712/9/1020 4711/9/1020 4709/9/1019
f 4712/9/1020 4714/9/1021 4713/9/1021 4711/9/1020
f 4714/9/1021 4716/9/1022 4715/9/1022 4713/9/1021
f 4716/9/1022 4718/9/1023 4717/9/1023 4715/9/1022
f 4718/9/1023 4720/9/1024 4719/9/1024 4717/9/1023
f 4720/9/1024 4722/9/1025 4721/9/1025 4719/9/1024
f 4722/9/1025 4724/9/1026 4723/9/1026 4721/9/1025
f 4724/9/1026 4726/9/1027 4725/9/1027 4723/9/1026
f 4726/9/1027 4728/9/1028 4727/9/1028 4725/9/1027
f 4728/9/1028 4730/9/1029 4729/9/1029 4727/9/1028
f 4730/9/1029 4732/9/1030 4731/9/1030 4729/9/1029
f 4732/9/1030 4734/9/1031 4733/9/1031 4731/9/1030
f 4734/9/1031 4736/9/1032 4735/9/1032 4733/9/1031
f 4736/9/1032 4738/9/1033 4737/9/1033 4735/9/1032
f 4738/9/1033 4740/9/1034 4739/9/1034 4737/9/1033
f 4740/9/1034 4742/9/1035 4741/9/1035 4739/9/1034
f 4742/9/1035 4744/9/1036 4743/9/1036 4741/9/1035
f 4744/9/1036 4746/9/1037 4745/9/1037 4743/9/1036
f 4746/9/1037 4748/9/1038 4747/9/1038 4745/9/1037
f 4748/9/1038 4750/9/1039 4749/9/1039 4747/9/1038
f 4750/9/1039 4752/9/1040 4751/9/1040 4749/9/1039
f 4752/9/1040 4754/9/1041 4753/9/1041 4751/9/1040
f 4754/9/1041 4756/9/1042 4755/9/1042 4753/9/1041
f 4756/9/1042 4758/9/1043 4757/9/1043 4755/9/1042
f 4758/9/1043 4760/9/1044 4759/9/1044 4757/9/1043
f 4760/9/1044 4762/9/1045 4761/9/1045 4759/9/1044
f 4762/9/1045 4764/9/1046 4763/9/1046 4761/9/1045
f 4764/9/1046 4766/9/1047 4765/9/1047 4763/9/1046
f 4766/9/1047 4768/9/1048 4767/9/1048 4765/9/1047
f 4768/9/1048 4770/9/1049 4769/9/1049 4767/9/1048
f 4770/9/1049 4772/9/1050 4771/9/1050 4769/9/1049
f 4772/9/1050 4774/9/1051 4773/9/1051 4771/9/1050
f 4774/9/1051 4776/9/1052 4775/9/1052 4773/9/1051
f 4776/9/1052 4778/9/1053 4777/9/1053 4775/9/1052
f 4778/9/1053 4780/9/1054 4779/9/1054 4777/9/1053
f 4780/9/1054 4782/9/1055 4781/9/1055 4779/9/1054
f 4782/9/1055 4784/9/1056 4783/9/1056 4781/9/1055
f 4784/9/1056 4786/9/1057 4785/9/1057 4783/9/1056
f 4786/9/1057 4788/9/1058 4787/9/1058 4785/9/1057
f 4788/9/1058 4790/9/1059 4789/9/1059 4787/9/1058
f 4790/9/1059 4792/9/1060 4791/9/1060 4789/9/1059
f 4792/9/1060 4794/9/1061 4793/9/1061 4791/9/1060
f 4794/9/1061 4796/9/1062 4795/9/1062 4793/9/1061
f 4796/9/1062 4798/9/1063 4797/9/1063 4795/9/1062
f 4798/9/1063 4800/9/1064 4799/9/1064 4797/9/1063
f 4800/9/1064 4802/9/1065 4801/9/1065 4799/9/1064
f 4802/9/1065 4804/9/1066 4803/9/1066 4801/9/1065
f 4804/9/1066 4806/9/1067 4805/9/1067 4803/9/1066
f 4806/9/1067 4808/9/1068 4807/9/1068 4805/9/1067
f 4808/9/1068 4810/9/1069 4809/9/1069 4807/9/1068
f 4810/9/1069 4812/9/1070 4811/9/1070 4809/9/1069
f 4812/9/1070 4814/9/89 4813/9/89 4811/9/1070
f 4814/9/89 4816/9/88 4815/9/88 4813/9/89
f 4816/9/88 4640/9/87 4639/9/87 4815/9/88
