# Blender 4.4.0
# www.blender.org
mtllib Title_UI.mtl
o テキスト
v -8.987366 -9.191187 -0.399999
v -8.998585 -9.133667 -0.399999
v -9.007845 -9.069813 -0.399999
v -9.015334 -9.000999 -0.399999
v -9.021240 -8.928604 -0.399999
v -9.025750 -8.854000 -0.399999
v -9.029052 -8.778563 -0.399999
v -9.031333 -8.703667 -0.399999
v -9.032781 -8.630688 -0.399999
v -9.033583 -8.561000 -0.399999
v -9.033926 -8.495979 -0.399999
v -9.033998 -8.437000 -0.399999
v -9.033877 -8.422325 -0.399999
v -9.033519 -8.408268 -0.399999
v -9.032938 -8.394781 -0.399999
v -9.032148 -8.381815 -0.399999
v -9.031164 -8.369321 -0.399999
v -9.030000 -8.357250 -0.399999
v -9.028668 -8.345554 -0.399999
v -9.027184 -8.334185 -0.399999
v -9.025561 -8.323093 -0.399999
v -9.023813 -8.312231 -0.399999
v -9.021955 -8.301550 -0.399999
v -9.019999 -8.290999 -0.399999
v -9.203999 -8.290999 -0.399999
v -9.203381 -8.297729 -0.399999
v -9.202562 -8.305833 -0.399999
v -9.201591 -8.315187 -0.399999
v -9.200517 -8.325666 -0.399999
v -9.199386 -8.337146 -0.399999
v -9.198248 -8.349500 -0.399999
v -9.197152 -8.362604 -0.399999
v -9.196146 -8.376333 -0.399999
v -9.195279 -8.390562 -0.399999
v -9.194600 -8.405167 -0.399999
v -9.194157 -8.420021 -0.399999
v -9.193998 -8.434999 -0.399999
v -9.193810 -8.494540 -0.399999
v -9.193155 -8.561157 -0.399999
v -9.191904 -8.633344 -0.399999
v -9.189924 -8.709592 -0.399999
v -9.187083 -8.788397 -0.399999
v -9.183249 -8.868250 -0.399999
v -9.178289 -8.947644 -0.399999
v -9.172073 -9.025074 -0.399999
v -9.164468 -9.099031 -0.399999
v -9.155341 -9.168009 -0.399999
v -9.144562 -9.230501 -0.399999
v -9.131998 -9.285000 -0.399999
v -9.115597 -9.338101 -0.399999
v -9.096460 -9.390314 -0.399999
v -9.074685 -9.441500 -0.399999
v -9.050368 -9.491518 -0.399999
v -9.023606 -9.540232 -0.399999
v -8.994497 -9.587500 -0.399999
v -8.963139 -9.633185 -0.399999
v -8.929627 -9.677148 -0.399999
v -8.894060 -9.719250 -0.399999
v -8.856535 -9.759352 -0.399999
v -8.817148 -9.797315 -0.399999
v -8.775998 -9.833000 -0.399999
v -8.625998 -9.733000 -0.399999
v -8.666991 -9.701816 -0.399999
v -8.705943 -9.668361 -0.399999
v -8.742811 -9.632781 -0.399999
v -8.777555 -9.595222 -0.399999
v -8.810131 -9.555830 -0.399999
v -8.840499 -9.514750 -0.399999
v -8.868617 -9.472128 -0.399999
v -8.894444 -9.428111 -0.399999
v -8.917936 -9.382843 -0.399999
v -8.939054 -9.336472 -0.399999
v -8.957756 -9.289143 -0.399999
v -8.973999 -9.240999 -0.399999
v -9.553999 -9.590508 -0.399999
v -9.553999 -9.519065 -0.399999
v -9.553999 -9.422718 -0.399999
v -9.553999 -9.307518 -0.399999
v -9.553999 -9.179512 -0.399999
v -9.553999 -9.044750 -0.399999
v -9.553999 -8.909279 -0.399999
v -9.553999 -8.779148 -0.399999
v -9.553999 -8.660406 -0.399999
v -9.553999 -8.559101 -0.399999
v -9.553999 -8.481283 -0.399999
v -9.553999 -8.433000 -0.399999
v -9.553840 -8.414428 -0.399999
v -9.553396 -8.396759 -0.399999
v -9.552717 -8.380062 -0.399999
v -9.551850 -8.364408 -0.399999
v -9.550844 -8.349863 -0.399999
v -9.549748 -8.336500 -0.399999
v -9.548611 -8.324387 -0.399999
v -9.547480 -8.313592 -0.399999
v -9.546405 -8.304187 -0.399999
v -9.545434 -8.296241 -0.399999
v -9.544616 -8.289822 -0.399999
v -9.543999 -8.285000 -0.399999
v -9.727999 -8.285000 -0.399999
v -9.727422 -8.289822 -0.399999
v -9.726712 -8.296241 -0.399999
v -9.725905 -8.304187 -0.399999
v -9.725037 -8.313592 -0.399999
v -9.724139 -8.324387 -0.399999
v -9.723249 -8.336500 -0.399999
v -9.722401 -8.349863 -0.399999
v -9.721628 -8.364408 -0.399999
v -9.720967 -8.380062 -0.399999
v -9.720452 -8.396759 -0.399999
v -9.720118 -8.414428 -0.399999
v -9.719998 -8.433000 -0.399999
v -9.719998 -8.480990 -0.399999
v -9.719998 -8.557925 -0.399999
v -9.719998 -8.657749 -0.399999
v -9.719998 -8.774407 -0.399999
v -9.719998 -8.901842 -0.399999
v -9.719998 -9.033999 -0.399999
v -9.719998 -9.164824 -0.399999
v -9.719998 -9.288260 -0.399999
v -9.719998 -9.398250 -0.399999
v -9.719998 -9.488741 -0.399999
v -9.719998 -9.553676 -0.399999
v -9.719998 -9.587000 -0.399999
v -9.767200 -9.563990 -0.399999
v -9.816451 -9.537083 -0.399999
v -9.867216 -9.506468 -0.399999
v -9.918961 -9.472333 -0.399999
v -9.971149 -9.434864 -0.399999
v -10.023248 -9.394250 -0.399999
v -10.074721 -9.350677 -0.399999
v -10.125035 -9.304333 -0.399999
v -10.173655 -9.255405 -0.399999
v -10.220045 -9.204082 -0.399999
v -10.263671 -9.150552 -0.399999
v -10.303999 -9.094999 -0.399999
v -10.397999 -9.231000 -0.399999
v -10.352878 -9.288879 -0.399999
v -10.303868 -9.345370 -0.399999
v -10.251498 -9.400249 -0.399999
v -10.196295 -9.453297 -0.399999
v -10.138785 -9.504287 -0.399999
v -10.079498 -9.552999 -0.399999
v -10.018961 -9.599213 -0.399999
v -9.957702 -9.642704 -0.399999
v -9.896248 -9.683249 -0.399999
v -9.835128 -9.720630 -0.399999
v -9.774869 -9.754621 -0.399999
v -9.715999 -9.785000 -0.399999
v -9.708206 -9.789457 -0.399999
v -9.700823 -9.793824 -0.399999
v -9.693843 -9.798094 -0.399999
v -9.687259 -9.802259 -0.399999
v -9.681063 -9.806314 -0.399999
v -9.675249 -9.810249 -0.399999
v -9.669810 -9.814061 -0.399999
v -9.664740 -9.817740 -0.399999
v -9.660030 -9.821281 -0.399999
v -9.655675 -9.824676 -0.399999
v -9.651667 -9.827917 -0.399999
v -9.647999 -9.830999 -0.399999
v -9.541999 -9.743000 -0.399999
v -9.543917 -9.734838 -0.399999
v -9.545667 -9.726370 -0.399999
v -9.547250 -9.717625 -0.399999
v -9.548666 -9.708630 -0.399999
v -9.549916 -9.699412 -0.399999
v -9.551000 -9.690001 -0.399999
v -9.551916 -9.680422 -0.399999
v -9.552666 -9.670704 -0.399999
v -9.553249 -9.660875 -0.399999
v -9.553666 -9.650963 -0.399999
v -9.553916 -9.640995 -0.399999
v -9.553999 -9.631000 -0.399999
v -8.279749 -8.541413 -0.399999
v -8.253165 -8.582139 -0.399999
v -8.222499 -8.626406 -0.399999
v -8.187999 -8.673445 -0.399999
v -8.149916 -8.722483 -0.399999
v -8.108499 -8.772750 -0.399999
v -8.063998 -8.823476 -0.399999
v -8.016665 -8.873889 -0.399999
v -7.966748 -8.923219 -0.399999
v -7.914498 -8.970695 -0.399999
v -7.860165 -9.015545 -0.399999
v -7.803998 -9.056999 -0.399999
v -7.671999 -8.951000 -0.399999
v -7.718010 -8.922286 -0.399999
v -7.763750 -8.889620 -0.399999
v -7.808781 -8.853719 -0.399999
v -7.852666 -8.815296 -0.399999
v -7.894969 -8.775068 -0.399999
v -7.935250 -8.733749 -0.399999
v -7.973073 -8.692057 -0.399999
v -8.007999 -8.650703 -0.399999
v -8.039593 -8.610406 -0.399999
v -8.067415 -8.571879 -0.399999
v -8.091030 -8.535839 -0.399999
v -8.109999 -8.503000 -0.399999
v -8.059954 -8.503000 -0.399999
v -7.983471 -8.503000 -0.399999
v -7.886030 -8.503000 -0.399999
v -7.773109 -8.503000 -0.399999
v -7.650189 -8.503000 -0.399999
v -7.522748 -8.503000 -0.399999
v -7.396266 -8.503000 -0.399999
v -7.276221 -8.503000 -0.399999
v -7.168092 -8.503000 -0.399999
v -7.077360 -8.503000 -0.399999
v -7.009502 -8.503000 -0.399999
v -6.969998 -8.503000 -0.399999
v -6.951457 -8.503083 -0.399999
v -6.932832 -8.503333 -0.399999
v -6.914124 -8.503750 -0.399999
v -6.895332 -8.504333 -0.399999
v -6.876457 -8.505083 -0.399999
v -6.857499 -8.506000 -0.399999
v -6.838457 -8.507083 -0.399999
v -6.819332 -8.508333 -0.399999
v -6.800124 -8.509749 -0.399999
v -6.780832 -8.511333 -0.399999
v -6.761457 -8.513083 -0.399999
v -6.741999 -8.514999 -0.399999
v -6.741999 -8.333000 -0.399999
v -6.759777 -8.335455 -0.399999
v -6.778054 -8.337806 -0.399999
v -6.796749 -8.340031 -0.399999
v -6.815776 -8.342111 -0.399999
v -6.835054 -8.344025 -0.399999
v -6.854498 -8.345750 -0.399999
v -6.874026 -8.347267 -0.399999
v -6.893554 -8.348556 -0.399999
v -6.912999 -8.349594 -0.399999
v -6.932276 -8.350361 -0.399999
v -6.951304 -8.350837 -0.399999
v -6.969998 -8.351000 -0.399999
v -7.010461 -8.351000 -0.399999
v -7.080035 -8.351000 -0.399999
v -7.172998 -8.351000 -0.399999
v -7.283628 -8.351000 -0.399999
v -7.406202 -8.351000 -0.399999
v -7.534998 -8.351000 -0.399999
v -7.664295 -8.351000 -0.399999
v -7.788369 -8.351000 -0.399999
v -7.901498 -8.351000 -0.399999
v -7.997961 -8.351000 -0.399999
v -8.072035 -8.351000 -0.399999
v -8.117998 -8.351000 -0.399999
v -8.128161 -8.350878 -0.399999
v -8.139479 -8.350528 -0.399999
v -8.151685 -8.349968 -0.399999
v -8.164515 -8.349222 -0.399999
v -8.177708 -8.348309 -0.399999
v -8.190997 -8.347250 -0.399999
v -8.204120 -8.346066 -0.399999
v -8.216812 -8.344778 -0.399999
v -8.228810 -8.343406 -0.399999
v -8.239850 -8.341972 -0.399999
v -8.249667 -8.340496 -0.399999
v -8.257998 -8.339000 -0.399999
v -8.355999 -8.433000 -0.399999
v -8.352262 -8.438198 -0.399999
v -8.348109 -8.443749 -0.399999
v -8.343623 -8.449594 -0.399999
v -8.338887 -8.455667 -0.399999
v -8.333984 -8.461906 -0.399999
v -8.328999 -8.468249 -0.399999
v -8.324013 -8.474635 -0.399999
v -8.319110 -8.481000 -0.399999
v -8.314374 -8.487281 -0.399999
v -8.309888 -8.493417 -0.399999
v -8.305735 -8.499344 -0.399999
v -8.301998 -8.505000 -0.399999
v -6.851998 -9.739000 -0.399999
v -6.866235 -9.734211 -0.399999
v -6.880888 -9.728861 -0.399999
v -6.895874 -9.722969 -0.399999
v -6.911110 -9.716556 -0.399999
v -6.926513 -9.709642 -0.399999
v -6.941999 -9.702250 -0.399999
v -6.957485 -9.694399 -0.399999
v -6.972888 -9.686111 -0.399999
v -6.988124 -9.677406 -0.399999
v -7.003110 -9.668305 -0.399999
v -7.017763 -9.658830 -0.399999
v -7.031999 -9.649000 -0.399999
v -7.104085 -9.599987 -0.399999
v -7.165859 -9.547065 -0.399999
v -7.218092 -9.490406 -0.399999
v -7.261554 -9.430185 -0.399999
v -7.297016 -9.366575 -0.399999
v -7.325248 -9.299749 -0.399999
v -7.347023 -9.229883 -0.399999
v -7.363110 -9.157148 -0.399999
v -7.374280 -9.081718 -0.399999
v -7.381304 -9.003768 -0.399999
v -7.384953 -8.923470 -0.399999
v -7.385999 -8.841000 -0.399999
v -7.385955 -8.829076 -0.399999
v -7.385822 -8.817278 -0.399999
v -7.385592 -8.805562 -0.399999
v -7.385257 -8.793888 -0.399999
v -7.384811 -8.782215 -0.399999
v -7.384248 -8.770500 -0.399999
v -7.383559 -8.758701 -0.399999
v -7.382739 -8.746778 -0.399999
v -7.381779 -8.734687 -0.399999
v -7.380674 -8.722388 -0.399999
v -7.379416 -8.709840 -0.399999
v -7.377998 -8.697000 -0.399999
v -7.557999 -8.697000 -0.399999
v -7.556758 -8.828871 -0.399999
v -7.552082 -8.953629 -0.399999
v -7.542530 -9.071500 -0.399999
v -7.526665 -9.182704 -0.399999
v -7.503051 -9.287463 -0.399999
v -7.470249 -9.386000 -0.399999
v -7.426822 -9.478537 -0.399999
v -7.371332 -9.565296 -0.399999
v -7.302342 -9.646500 -0.399999
v -7.218415 -9.722370 -0.399999
v -7.118113 -9.793129 -0.399999
v -6.999999 -9.858999 -0.399999
v -5.109999 -8.451143 -0.399999
v -5.109999 -8.491482 -0.399999
v -5.109999 -8.544875 -0.399999
v -5.109999 -8.608185 -0.399999
v -5.109999 -8.678273 -0.399999
v -5.109999 -8.752000 -0.399999
v -5.109999 -8.826226 -0.399999
v -5.109999 -8.897815 -0.399999
v -5.109999 -8.963625 -0.399999
v -5.109999 -9.020518 -0.399999
v -5.109999 -9.065356 -0.399999
v -5.109999 -9.094999 -0.399999
v -5.110079 -9.107807 -0.399999
v -5.110313 -9.121120 -0.399999
v -5.110686 -9.134781 -0.399999
v -5.111184 -9.148630 -0.399999
v -5.111793 -9.162506 -0.399999
v -5.112499 -9.176250 -0.399999
v -5.113288 -9.189703 -0.399999
v -5.114147 -9.202703 -0.399999
v -5.115061 -9.215094 -0.399999
v -5.116017 -9.226713 -0.399999
v -5.117001 -9.237402 -0.399999
v -5.117999 -9.247000 -0.399999
v -4.933999 -9.247000 -0.399999
v -4.935036 -9.238813 -0.399999
v -4.936128 -9.229342 -0.399999
v -4.937249 -9.218719 -0.399999
v -4.938369 -9.207074 -0.399999
v -4.939462 -9.194540 -0.399999
v -4.940499 -9.181250 -0.399999
v -4.941453 -9.167335 -0.399999
v -4.942295 -9.152925 -0.399999
v -4.942999 -9.138156 -0.399999
v -4.943536 -9.123158 -0.399999
v -4.943878 -9.108061 -0.399999
v -4.943998 -9.093000 -0.399999
v -4.943998 -9.063396 -0.399999
v -4.943998 -9.018666 -0.399999
v -4.943998 -8.961937 -0.399999
v -4.943998 -8.896333 -0.399999
v -4.943998 -8.824979 -0.399999
v -4.943998 -8.750999 -0.399999
v -4.943998 -8.677521 -0.399999
v -4.943998 -8.607666 -0.399999
v -4.943998 -8.544562 -0.399999
v -4.943998 -8.491333 -0.399999
v -4.943998 -8.451104 -0.399999
v -4.943998 -8.427000 -0.399999
v -4.943918 -8.417330 -0.399999
v -4.943684 -8.406472 -0.399999
v -4.943311 -8.394656 -0.399999
v -4.942813 -8.382111 -0.399999
v -4.942204 -8.369066 -0.399999
v -4.941498 -8.355750 -0.400000
v -4.940709 -8.342392 -0.400000
v -4.939850 -8.329222 -0.400000
v -4.938936 -8.316468 -0.400000
v -4.937980 -8.304361 -0.400000
v -4.936996 -8.293128 -0.400000
v -4.935998 -8.283000 -0.400000
v -5.117999 -8.283000 -0.399999
v -5.117002 -8.292899 -0.399999
v -5.116018 -8.303528 -0.399999
v -5.115062 -8.314781 -0.399999
v -5.114147 -8.326555 -0.399999
v -5.113288 -8.338746 -0.399999
v -5.112499 -8.351250 -0.399999
v -5.111793 -8.363962 -0.399999
v -5.111184 -8.376778 -0.399999
v -5.110686 -8.389593 -0.399999
v -5.110313 -8.402306 -0.399999
v -5.110080 -8.414809 -0.399999
v -5.109999 -8.427000 -0.399999
v -6.039999 -8.462729 -0.399999
v -6.039999 -8.487500 -0.399999
v -6.039999 -8.514688 -0.399999
v -6.039999 -8.543667 -0.399999
v -6.039999 -8.573812 -0.399999
v -6.039999 -8.604500 -0.399999
v -6.039999 -8.635104 -0.399999
v -6.039999 -8.665000 -0.399999
v -6.039999 -8.693563 -0.399999
v -6.039999 -8.720166 -0.399999
v -6.039999 -8.744187 -0.399999
v -6.039999 -8.764999 -0.399999
v -6.038617 -8.878487 -0.399999
v -6.034443 -8.979722 -0.399999
v -6.027436 -9.069875 -0.399999
v -6.017554 -9.150111 -0.399999
v -6.004755 -9.221598 -0.399999
v -5.988998 -9.285500 -0.399999
v -5.970242 -9.342986 -0.399999
v -5.948443 -9.395222 -0.399999
v -5.923561 -9.443375 -0.399999
v -5.895554 -9.488611 -0.399999
v -5.864380 -9.532097 -0.399999
v -5.829998 -9.575000 -0.399999
v -5.796113 -9.612561 -0.399999
v -5.759740 -9.647324 -0.399999
v -5.721312 -9.679406 -0.399999
v -5.681258 -9.708926 -0.399999
v -5.640010 -9.736001 -0.399999
v -5.597999 -9.760750 -0.399999
v -5.555654 -9.783291 -0.399999
v -5.513406 -9.803741 -0.399999
v -5.471686 -9.822219 -0.399999
v -5.430924 -9.838842 -0.399999
v -5.391552 -9.853730 -0.399999
v -5.353999 -9.867000 -0.399999
v -5.223999 -9.729000 -0.399999
v -5.269688 -9.716776 -0.399999
v -5.314683 -9.703046 -0.399999
v -5.358873 -9.687718 -0.399999
v -5.402146 -9.670704 -0.399999
v -5.444392 -9.651911 -0.399999
v -5.485498 -9.631250 -0.399999
v -5.525355 -9.608631 -0.399999
v -5.563850 -9.583963 -0.399999
v -5.600873 -9.557156 -0.399999
v -5.636313 -9.528120 -0.399999
v -5.670059 -9.496765 -0.399999
v -5.701999 -9.462999 -0.399999
v -5.735095 -9.421456 -0.399999
v -5.763601 -9.379314 -0.399999
v -5.787843 -9.335813 -0.399999
v -5.808147 -9.290185 -0.399999
v -5.824840 -9.241669 -0.399999
v -5.838249 -9.189500 -0.399999
v -5.848699 -9.132914 -0.399999
v -5.856517 -9.071148 -0.399999
v -5.862030 -9.003437 -0.399999
v -5.865563 -8.929018 -0.399999
v -5.867444 -8.847127 -0.399999
v -5.867999 -8.757000 -0.399999
v -5.867999 -8.736154 -0.399999
v -5.867999 -8.712065 -0.399999
v -5.867999 -8.685406 -0.399999
v -5.867999 -8.656852 -0.399999
v -5.867999 -8.627075 -0.399999
v -5.867999 -8.596750 -0.399999
v -5.867999 -8.566549 -0.399999
v -5.867999 -8.537148 -0.399999
v -5.867999 -8.509218 -0.399999
v -5.867999 -8.483435 -0.399999
v -5.867999 -8.460471 -0.399999
v -5.867999 -8.441000 -0.399999
v -5.867917 -8.424246 -0.399999
v -5.867675 -8.407972 -0.399999
v -5.867280 -8.392156 -0.399999
v -5.866740 -8.376778 -0.399999
v -5.866060 -8.361815 -0.399999
v -5.865249 -8.347250 -0.399999
v -5.864312 -8.333058 -0.399999
v -5.863258 -8.319221 -0.399999
v -5.862092 -8.305718 -0.399999
v -5.860823 -8.292527 -0.399999
v -5.859456 -8.279628 -0.399999
v -5.857999 -8.267000 -0.399999
v -6.045999 -8.267000 -0.399999
v -6.045040 -8.279628 -0.399999
v -6.044165 -8.292527 -0.399999
v -6.043373 -8.305718 -0.399999
v -6.042665 -8.319221 -0.399999
v -6.042040 -8.333058 -0.399999
v -6.041498 -8.347250 -0.399999
v -6.041040 -8.361815 -0.399999
v -6.040665 -8.376778 -0.399999
v -6.040373 -8.392156 -0.399999
v -6.040165 -8.407972 -0.399999
v -6.040040 -8.424246 -0.399999
v -6.039999 -8.441000 -0.399999
v -3.167913 -8.430327 -0.400000
v -3.167647 -8.414454 -0.400000
v -3.167186 -8.397593 -0.400000
v -3.166517 -8.379963 -0.400000
v -3.165626 -8.361776 -0.400000
v -3.164499 -8.343250 -0.400000
v -3.163121 -8.324598 -0.400000
v -3.161480 -8.306037 -0.400000
v -3.159561 -8.287781 -0.400000
v -3.157351 -8.270046 -0.400000
v -3.154834 -8.253047 -0.400000
v -3.151999 -8.237000 -0.400000
v -3.347999 -8.237000 -0.400000
v -3.346463 -8.252971 -0.400000
v -3.344878 -8.269768 -0.400000
v -3.343280 -8.287218 -0.400000
v -3.341702 -8.305148 -0.400000
v -3.340180 -8.323383 -0.400000
v -3.338749 -8.341750 -0.400000
v -3.337442 -8.360075 -0.400000
v -3.336295 -8.378185 -0.400000
v -3.335342 -8.395906 -0.400000
v -3.334619 -8.413065 -0.400000
v -3.334160 -8.429487 -0.400000
v -3.333999 -8.445000 -0.400000
v -3.333999 -8.771000 -0.400000
v -3.402250 -8.792274 -0.400000
v -3.474341 -8.815861 -0.400000
v -3.549280 -8.841406 -0.400000
v -3.626073 -8.868556 -0.400000
v -3.703727 -8.896955 -0.400000
v -3.781249 -8.926250 -0.400000
v -3.857646 -8.956087 -0.400000
v -3.931924 -8.986111 -0.400000
v -4.003092 -9.015968 -0.400000
v -4.070156 -9.045305 -0.400000
v -4.132123 -9.073767 -0.400000
v -4.187999 -9.101000 -0.400000
v -4.119998 -9.271000 -0.400000
v -4.062978 -9.241213 -0.400000
v -4.001499 -9.211037 -0.400000
v -3.936436 -9.180750 -0.400000
v -3.868665 -9.150629 -0.400000
v -3.799061 -9.120954 -0.400000
v -3.728499 -9.091999 -0.400000
v -3.657853 -9.064046 -0.400000
v -3.587999 -9.037370 -0.400000
v -3.519811 -9.012250 -0.400000
v -3.454165 -8.988963 -0.400000
v -3.391936 -8.967787 -0.400000
v -3.333999 -8.948999 -0.400000
v -3.335999 -9.608999 -0.400000
v -3.336082 -9.625407 -0.400000
v -3.336332 -9.643426 -0.400000
v -3.336748 -9.662750 -0.400000
v -3.337332 -9.683074 -0.400000
v -3.338082 -9.704092 -0.400000
v -3.338999 -9.725500 -0.400000
v -3.340082 -9.746990 -0.400000
v -3.341332 -9.768259 -0.400000
v -3.342749 -9.789000 -0.400000
v -3.344332 -9.808908 -0.400000
v -3.346082 -9.827676 -0.400000
v -3.347999 -9.844999 -0.400000
v -3.153999 -9.844999 -0.400000
v -3.156375 -9.828325 -0.400000
v -3.158508 -9.810435 -0.400000
v -3.160405 -9.791531 -0.400000
v -3.162073 -9.771814 -0.400000
v -3.163518 -9.751487 -0.400000
v -3.164748 -9.730750 -0.400000
v -3.165771 -9.709805 -0.400000
v -3.166591 -9.688852 -0.400000
v -3.167217 -9.668094 -0.400000
v -3.167656 -9.647732 -0.400000
v -3.167914 -9.627966 -0.400000
v -3.167999 -9.608999 -0.400000
v -3.167999 -9.565777 -0.400000
v -3.167999 -9.495555 -0.400000
v -3.167999 -9.403500 -0.400000
v -3.167999 -9.294777 -0.400000
v -3.167999 -9.174555 -0.400000
v -3.167999 -9.047999 -0.400000
v -3.167999 -8.920278 -0.400000
v -3.167999 -8.796556 -0.400000
v -3.167999 -8.682000 -0.400000
v -3.167999 -8.581778 -0.400000
v -3.167999 -8.501056 -0.400000
v -3.167999 -8.445000 -0.400000
v -1.025827 -8.929000 -0.400000
v -1.098295 -8.929000 -0.400000
v -1.188874 -8.929000 -0.400000
v -1.293036 -8.929000 -0.400000
v -1.406253 -8.929000 -0.400000
v -1.523998 -8.929000 -0.400000
v -1.641744 -8.929000 -0.400000
v -1.754961 -8.929000 -0.400000
v -1.859124 -8.929000 -0.400000
v -1.949702 -8.929000 -0.400000
v -2.022170 -8.929000 -0.400000
v -2.071999 -8.929000 -0.400000
v -2.096415 -8.928879 -0.400000
v -2.119665 -8.928536 -0.400000
v -2.141748 -8.927999 -0.400000
v -2.162665 -8.927296 -0.400000
v -2.182415 -8.926454 -0.400000
v -2.200999 -8.925500 -0.400000
v -2.218415 -8.924462 -0.400000
v -2.234665 -8.923370 -0.400000
v -2.249748 -8.922250 -0.400000
v -2.263665 -8.921129 -0.400000
v -2.276415 -8.920036 -0.400000
v -2.287999 -8.919000 -0.400000
v -2.287999 -9.115000 -0.400000
v -2.277104 -9.114383 -0.400000
v -2.264508 -9.113564 -0.400000
v -2.250342 -9.112594 -0.400000
v -2.234739 -9.111519 -0.400000
v -2.217830 -9.110388 -0.400000
v -2.199748 -9.109250 -0.400000
v -2.180624 -9.108154 -0.400000
v -2.160591 -9.107148 -0.400000
v -2.139780 -9.106281 -0.400000
v -2.118322 -9.105601 -0.400000
v -2.096351 -9.105158 -0.400000
v -2.073998 -9.105000 -0.400000
v -2.023748 -9.105000 -0.400000
v -1.950998 -9.105000 -0.400000
v -1.860248 -9.105000 -0.400000
v -1.755998 -9.105000 -0.400000
v -1.642748 -9.105000 -0.400000
v -1.524998 -9.105000 -0.400000
v -1.407248 -9.105000 -0.400000
v -1.293998 -9.105000 -0.400000
v -1.189748 -9.105000 -0.400000
v -1.098998 -9.105000 -0.400000
v -1.026248 -9.105000 -0.400000
v -0.975999 -9.105000 -0.400000
v -0.948605 -9.105082 -0.400000
v -0.921517 -9.105324 -0.400000
v -0.894874 -9.105719 -0.400000
v -0.868813 -9.106259 -0.400000
v -0.843475 -9.106938 -0.400000
v -0.818999 -9.107750 -0.400000
v -0.795522 -9.108686 -0.400000
v -0.773184 -9.109740 -0.400000
v -0.752124 -9.110907 -0.400000
v -0.732480 -9.112176 -0.400000
v -0.714392 -9.113543 -0.400000
v -0.697999 -9.115000 -0.400000
v -0.697999 -8.919000 -0.400000
v -0.713934 -8.920037 -0.400000
v -0.731647 -8.921129 -0.400000
v -0.750999 -8.922250 -0.400000
v -0.771850 -8.923370 -0.400000
v -0.794063 -8.924463 -0.400000
v -0.817499 -8.925500 -0.400000
v -0.842017 -8.926454 -0.400000
v -0.867480 -8.927296 -0.400000
v -0.893749 -8.927999 -0.400000
v -0.920684 -8.928536 -0.400000
v -0.948147 -8.928880 -0.400000
v -0.975999 -8.929000 -0.400000
v 0.318001 -9.611000 -0.400000
v 0.309964 -9.564663 -0.400000
v 0.301038 -9.510805 -0.400000
v 0.291501 -9.451157 -0.400000
v 0.281631 -9.387444 -0.400000
v 0.271705 -9.321400 -0.400000
v 0.262001 -9.254750 -0.400000
v 0.252798 -9.189226 -0.400000
v 0.244372 -9.126555 -0.400000
v 0.237001 -9.068468 -0.400000
v 0.230964 -9.016694 -0.400000
v 0.226538 -8.972961 -0.400000
v 0.224001 -8.939000 -0.400000
v 0.261495 -8.939000 -0.400000
v 0.310279 -8.939000 -0.400000
v 0.367814 -8.939000 -0.400000
v 0.431557 -8.939000 -0.400000
v 0.498967 -8.939000 -0.400000
v 0.567501 -8.939000 -0.400000
v 0.634620 -8.939000 -0.400000
v 0.697779 -8.939000 -0.400000
v 0.754439 -8.939000 -0.400000
v 0.802057 -8.939000 -0.400000
v 0.838092 -8.939000 -0.400000
v 0.860001 -8.939000 -0.400000
v 0.874379 -8.939079 -0.400000
v 0.888520 -8.939305 -0.400000
v 0.902439 -8.939656 -0.400000
v 0.916150 -8.940111 -0.400000
v 0.929666 -8.940649 -0.400000
v 0.943001 -8.941250 -0.400000
v 0.956170 -8.941893 -0.400000
v 0.969187 -8.942555 -0.400000
v 0.982064 -8.943218 -0.400000
v 0.994816 -8.943861 -0.400000
v 1.007457 -8.944462 -0.400000
v 1.020001 -8.945000 -0.400000
v 1.020001 -8.776999 -0.400000
v 1.007764 -8.778497 -0.400000
v 0.995103 -8.779972 -0.400000
v 0.982095 -8.781406 -0.400000
v 0.968816 -8.782778 -0.400000
v 0.955343 -8.784066 -0.400000
v 0.941751 -8.785250 -0.400000
v 0.928118 -8.786309 -0.400000
v 0.914520 -8.787222 -0.400000
v 0.901033 -8.787969 -0.400000
v 0.887733 -8.788527 -0.400000
v 0.874697 -8.788878 -0.400000
v 0.862001 -8.789000 -0.400000
v 0.835754 -8.789000 -0.400000
v 0.797520 -8.789000 -0.400000
v 0.749564 -8.789000 -0.400000
v 0.694149 -8.789000 -0.400000
v 0.633541 -8.789000 -0.400000
v 0.570001 -8.789000 -0.400000
v 0.505795 -8.789000 -0.400000
v 0.443187 -8.789000 -0.400000
v 0.384439 -8.789000 -0.400000
v 0.331816 -8.789000 -0.400000
v 0.287582 -8.789000 -0.400000
v 0.254001 -8.789000 -0.400000
v 0.245655 -8.788877 -0.400000
v 0.236733 -8.788519 -0.400000
v 0.227408 -8.787937 -0.400000
v 0.217853 -8.787148 -0.400000
v 0.208243 -8.786164 -0.400000
v 0.198751 -8.785000 -0.400000
v 0.189551 -8.783669 -0.400000
v 0.180816 -8.782185 -0.400000
v 0.172720 -8.780562 -0.400000
v 0.165437 -8.778814 -0.400000
v 0.159139 -8.776956 -0.400000
v 0.154001 -8.775000 -0.400000
v 0.032001 -8.833000 -0.400000
v 0.033499 -8.838116 -0.400000
v 0.034983 -8.843426 -0.400000
v 0.036439 -8.848875 -0.400000
v 0.037853 -8.854407 -0.400000
v 0.039212 -8.859967 -0.400000
v 0.040501 -8.865499 -0.400000
v 0.041707 -8.870949 -0.400000
v 0.042816 -8.876259 -0.400000
v 0.043814 -8.881374 -0.400000
v 0.044687 -8.886241 -0.400000
v 0.045420 -8.890800 -0.400000
v 0.046001 -8.895000 -0.400000
v 0.050835 -8.934181 -0.400000
v 0.057168 -8.982620 -0.400000
v 0.064751 -9.038656 -0.400000
v 0.073335 -9.100630 -0.400000
v 0.082668 -9.166881 -0.400000
v 0.092501 -9.235750 -0.400000
v 0.102585 -9.305577 -0.400000
v 0.112668 -9.374703 -0.400000
v 0.122501 -9.441469 -0.400000
v 0.131835 -9.504213 -0.400000
v 0.140418 -9.561276 -0.400000
v 0.148001 -9.611000 -0.400000
v -0.047999 -9.611000 -0.400000
v -0.059548 -9.610958 -0.400000
v -0.072063 -9.610832 -0.400000
v -0.085342 -9.610624 -0.400000
v -0.099184 -9.610332 -0.400000
v -0.113386 -9.609958 -0.400000
v -0.127749 -9.609499 -0.400000
v -0.142069 -9.608957 -0.400000
v -0.156147 -9.608333 -0.400000
v -0.169780 -9.607624 -0.400000
v -0.182767 -9.606833 -0.400000
v -0.194907 -9.605958 -0.400000
v -0.205999 -9.605000 -0.400000
v -0.205999 -9.767000 -0.400000
v -0.196248 -9.766501 -0.400000
v -0.185156 -9.766009 -0.400000
v -0.172967 -9.765532 -0.400000
v -0.159925 -9.765074 -0.400000
v -0.146271 -9.764645 -0.400000
v -0.132249 -9.764250 -0.400000
v -0.118102 -9.763897 -0.400000
v -0.104073 -9.763593 -0.400000
v -0.090405 -9.763344 -0.400000
v -0.077341 -9.763157 -0.400000
v -0.065125 -9.763041 -0.400000
v -0.053999 -9.763000 -0.400000
v -0.010357 -9.763000 -0.400000
v 0.059964 -9.763000 -0.400000
v 0.151564 -9.763000 -0.400000
v 0.259038 -9.763000 -0.400000
v 0.376985 -9.763000 -0.400000
v 0.500001 -9.763000 -0.400000
v 0.622684 -9.763000 -0.400000
v 0.739631 -9.763000 -0.400000
v 0.845439 -9.763000 -0.400000
v 0.934705 -9.763000 -0.400000
v 1.002027 -9.763000 -0.400000
v 1.042001 -9.763000 -0.400000
v 1.057184 -9.763042 -0.400000
v 1.071798 -9.763166 -0.400000
v 1.085939 -9.763375 -0.400000
v 1.099705 -9.763667 -0.400000
v 1.113194 -9.764042 -0.400000
v 1.126501 -9.764500 -0.400000
v 1.139726 -9.765041 -0.400000
v 1.152964 -9.765667 -0.400000
v 1.166314 -9.766375 -0.400000
v 1.179872 -9.767166 -0.400000
v 1.193735 -9.768042 -0.400000
v 1.208001 -9.769000 -0.400000
v 1.208001 -9.603000 -0.400000
v 1.195798 -9.603998 -0.400000
v 1.183205 -9.604981 -0.400000
v 1.170252 -9.605938 -0.400000
v 1.156965 -9.606852 -0.400000
v 1.143372 -9.607711 -0.400000
v 1.129502 -9.608500 -0.400000
v 1.115381 -9.609206 -0.400000
v 1.101039 -9.609815 -0.400000
v 1.086502 -9.610312 -0.400000
v 1.071798 -9.610685 -0.400000
v 1.056955 -9.610919 -0.400000
v 1.042001 -9.611000 -0.400000
v 2.552001 -8.879000 -0.400000
v 2.552001 -8.514999 -0.400000
v 2.602946 -8.519714 -0.400000
v 2.654557 -8.523879 -0.400000
v 2.706501 -8.527531 -0.400000
v 2.758446 -8.530704 -0.400000
v 2.810057 -8.533432 -0.400000
v 2.861001 -8.535749 -0.400000
v 2.910946 -8.537693 -0.400000
v 2.959557 -8.539296 -0.400000
v 3.006501 -8.540593 -0.400000
v 3.051446 -8.541620 -0.400000
v 3.094057 -8.542411 -0.400000
v 3.134001 -8.542999 -0.400000
v 3.174001 -8.395000 -0.400000
v 3.132973 -8.396204 -0.400000
v 3.086446 -8.396805 -0.400000
v 3.035251 -8.396781 -0.400000
v 2.980223 -8.396111 -0.400000
v 2.922196 -8.394773 -0.400000
v 2.862001 -8.392750 -0.400000
v 2.800473 -8.390017 -0.400000
v 2.738446 -8.386555 -0.400000
v 2.676751 -8.382343 -0.400000
v 2.616224 -8.377361 -0.400000
v 2.557696 -8.371587 -0.400000
v 2.502001 -8.365000 -0.400000
v 2.455488 -8.358058 -0.400000
v 2.407390 -8.350296 -0.400000
v 2.358377 -8.341812 -0.400000
v 2.309113 -8.332704 -0.400000
v 2.260265 -8.323067 -0.400000
v 2.212502 -8.313000 -0.400000
v 2.166488 -8.302599 -0.400000
v 2.122890 -8.291963 -0.400000
v 2.082376 -8.281187 -0.400000
v 2.045613 -8.270370 -0.400000
v 2.013265 -8.259608 -0.400000
v 1.986001 -8.249000 -0.400000
v 1.880001 -8.387000 -0.400000
v 1.890913 -8.389958 -0.400000
v 1.901631 -8.392833 -0.400000
v 1.912126 -8.395625 -0.400000
v 1.922372 -8.398333 -0.400000
v 1.932339 -8.400958 -0.400000
v 1.942001 -8.403500 -0.400000
v 1.951330 -8.405958 -0.400000
v 1.960298 -8.408333 -0.400000
v 1.968876 -8.410625 -0.400000
v 1.977038 -8.412833 -0.400000
v 1.984756 -8.414958 -0.400000
v 1.992001 -8.417000 -0.400000
v 2.018090 -8.423576 -0.400000
v 2.046205 -8.430278 -0.400000
v 2.076127 -8.437062 -0.400000
v 2.107631 -8.443889 -0.400000
v 2.140497 -8.450715 -0.400000
v 2.174502 -8.457500 -0.400000
v 2.209423 -8.464201 -0.400000
v 2.245039 -8.470778 -0.400000
v 2.281126 -8.477187 -0.400000
v 2.317464 -8.483389 -0.400000
v 2.353830 -8.489340 -0.400000
v 2.390001 -8.495000 -0.400000
v 2.390001 -8.879000 -0.400000
v 1.838001 -8.879000 -0.400000
v 1.826452 -8.878919 -0.400000
v 1.813937 -8.878685 -0.400000
v 1.800658 -8.878312 -0.400000
v 1.786816 -8.877815 -0.400000
v 1.772614 -8.877206 -0.400000
v 1.758251 -8.876500 -0.400000
v 1.743931 -8.875710 -0.400000
v 1.729853 -8.874851 -0.400000
v 1.716220 -8.873938 -0.400000
v 1.703233 -8.872981 -0.400000
v 1.691093 -8.871998 -0.400000
v 1.680001 -8.871000 -0.400000
v 1.680001 -9.037000 -0.400000
v 1.691320 -9.036002 -0.400000
v 1.703214 -9.035018 -0.400000
v 1.715595 -9.034062 -0.400000
v 1.728372 -9.033148 -0.400000
v 1.741454 -9.032290 -0.400000
v 1.754751 -9.031500 -0.400000
v 1.768174 -9.030794 -0.400000
v 1.781631 -9.030185 -0.400000
v 1.795033 -9.029688 -0.400000
v 1.808288 -9.029315 -0.400000
v 1.821308 -9.029081 -0.400000
v 1.834001 -9.028999 -0.400000
v 2.392001 -9.028999 -0.400000
v 2.400128 -9.120235 -0.400000
v 2.413678 -9.207047 -0.400000
v 2.432908 -9.289594 -0.400000
v 2.458076 -9.368037 -0.400000
v 2.489438 -9.442535 -0.400000
v 2.527252 -9.513250 -0.400000
v 2.571774 -9.580339 -0.400000
v 2.623261 -9.643963 -0.400000
v 2.681970 -9.704281 -0.400000
v 2.748159 -9.761454 -0.400000
v 2.822084 -9.815639 -0.400000
v 2.904001 -9.867000 -0.400000
v 3.062001 -9.757000 -0.400000
v 2.986122 -9.718843 -0.400000
v 2.916465 -9.677240 -0.400000
v 2.853002 -9.632000 -0.400000
v 2.795705 -9.582926 -0.400000
v 2.744548 -9.529823 -0.400000
v 2.699502 -9.472500 -0.400000
v 2.660538 -9.410759 -0.400000
v 2.627631 -9.344407 -0.400000
v 2.600751 -9.273250 -0.400000
v 2.579872 -9.197092 -0.400000
v 2.564964 -9.115741 -0.400000
v 2.556001 -9.028999 -0.400000
v 3.150002 -9.028999 -0.400000
v 3.166071 -9.029081 -0.400000
v 3.182224 -9.029315 -0.400000
v 3.198376 -9.029688 -0.400000
v 3.214446 -9.030185 -0.400000
v 3.230349 -9.030794 -0.400000
v 3.246001 -9.031500 -0.400000
v 3.261321 -9.032290 -0.400000
v 3.276223 -9.033148 -0.400000
v 3.290626 -9.034062 -0.400000
v 3.304446 -9.035018 -0.400000
v 3.317599 -9.036002 -0.400000
v 3.330001 -9.037000 -0.400000
v 3.330001 -8.871000 -0.400000
v 3.318021 -8.871998 -0.400000
v 3.305159 -8.872981 -0.400000
v 3.291533 -8.873938 -0.400000
v 3.277261 -8.874851 -0.400000
v 3.262461 -8.875710 -0.400000
v 3.247252 -8.876500 -0.400000
v 3.231750 -8.877206 -0.400000
v 3.216076 -8.877814 -0.400000
v 3.200345 -8.878312 -0.400000
v 3.184677 -8.878685 -0.400000
v 3.169190 -8.878919 -0.400000
v 3.154001 -8.879000 -0.400000
v 5.132484 -8.455018 -0.400000
v 5.085529 -8.450148 -0.400000
v 5.030033 -8.444500 -0.400000
v 4.966890 -8.438185 -0.400000
v 4.896998 -8.431314 -0.400000
v 4.821251 -8.424000 -0.400000
v 4.740547 -8.416351 -0.400000
v 4.655779 -8.408482 -0.400000
v 4.567845 -8.400499 -0.400000
v 4.477641 -8.392518 -0.400000
v 4.386061 -8.384647 -0.400000
v 4.294002 -8.377000 -0.400000
v 4.240141 -8.372625 -0.400000
v 4.187613 -8.368500 -0.400000
v 4.136502 -8.364625 -0.400000
v 4.086891 -8.361000 -0.400000
v 4.038863 -8.357625 -0.400000
v 3.992501 -8.354500 -0.400000
v 3.947890 -8.351624 -0.400000
v 3.905113 -8.349000 -0.400000
v 3.864251 -8.346624 -0.400000
v 3.825390 -8.344500 -0.400000
v 3.788613 -8.342625 -0.400000
v 3.754001 -8.341000 -0.400000
v 3.754001 -8.500999 -0.400000
v 3.783715 -8.501057 -0.400000
v 3.815539 -8.501287 -0.400000
v 3.849002 -8.501781 -0.400000
v 3.883631 -8.502629 -0.400000
v 3.918956 -8.503922 -0.400000
v 3.954502 -8.505750 -0.400000
v 3.989798 -8.508203 -0.400000
v 4.024372 -8.511370 -0.400000
v 4.057752 -8.515344 -0.400000
v 4.089465 -8.520213 -0.400000
v 4.119039 -8.526068 -0.400000
v 4.146001 -8.533000 -0.400000
v 4.214673 -8.560256 -0.400000
v 4.278538 -8.595380 -0.400000
v 4.337376 -8.637406 -0.400000
v 4.390964 -8.685370 -0.400000
v 4.439080 -8.738306 -0.400000
v 4.481501 -8.795250 -0.400000
v 4.518006 -8.855235 -0.400000
v 4.548372 -8.917296 -0.400000
v 4.572376 -8.980469 -0.400000
v 4.589797 -9.043787 -0.400000
v 4.600413 -9.106285 -0.400000
v 4.604002 -9.167000 -0.400000
v 4.596650 -9.259048 -0.400000
v 4.575529 -9.340547 -0.400000
v 4.542032 -9.412031 -0.400000
v 4.497557 -9.474037 -0.400000
v 4.443498 -9.527099 -0.400000
v 4.381251 -9.571750 -0.400000
v 4.312213 -9.608526 -0.400000
v 4.237779 -9.637962 -0.400000
v 4.159345 -9.660593 -0.400000
v 4.078307 -9.676953 -0.400000
v 3.996061 -9.687577 -0.400000
v 3.914001 -9.693000 -0.400000
v 3.972002 -9.858999 -0.400000
v 4.065311 -9.851629 -0.400000
v 4.159141 -9.836370 -0.400000
v 4.251845 -9.813000 -0.400000
v 4.341779 -9.781297 -0.400000
v 4.427297 -9.741037 -0.400000
v 4.506752 -9.692000 -0.400000
v 4.578498 -9.633963 -0.400000
v 4.640890 -9.566704 -0.400000
v 4.692283 -9.490000 -0.400000
v 4.731029 -9.403629 -0.400000
v 4.755484 -9.307370 -0.400000
v 4.764001 -9.201000 -0.400000
v 4.760156 -9.124258 -0.400000
v 4.749075 -9.050231 -0.400000
v 4.731438 -8.979218 -0.400000
v 4.707927 -8.911518 -0.400000
v 4.679221 -8.847429 -0.400000
v 4.646001 -8.787250 -0.400000
v 4.608948 -8.731278 -0.400000
v 4.568742 -8.679814 -0.400000
v 4.526063 -8.633156 -0.400000
v 4.481594 -8.591601 -0.400000
v 4.436013 -8.555450 -0.400000
v 4.390001 -8.525000 -0.400000
v 4.449327 -8.531485 -0.400000
v 4.518937 -8.538879 -0.400000
v 4.596783 -8.547093 -0.400000
v 4.680816 -8.556037 -0.400000
v 4.768989 -8.565619 -0.400000
v 4.859251 -8.575750 -0.400000
v 4.949556 -8.586339 -0.400000
v 5.037853 -8.597296 -0.400000
v 5.122095 -8.608531 -0.400000
v 5.200233 -8.619953 -0.400000
v 5.270218 -8.631474 -0.400000
v 5.330001 -8.643000 -0.400000
v 5.348001 -8.469000 -0.400000
v 5.329260 -8.468459 -0.400000
v 5.311067 -8.467842 -0.400000
v 5.293470 -8.467156 -0.400000
v 5.276520 -8.466407 -0.400000
v 5.260264 -8.465603 -0.400000
v 5.244751 -8.464749 -0.400000
v 5.230031 -8.463855 -0.400000
v 5.216150 -8.462926 -0.400000
v 5.203158 -8.461968 -0.400000
v 5.191103 -8.460991 -0.400000
v 5.180035 -8.459999 -0.400000
v 5.170002 -8.459000 -0.400000
v 3.980001 -9.073000 -0.400000
v 3.991745 -9.048851 -0.400000
v 4.003954 -9.024472 -0.400000
v 4.016594 -8.999969 -0.400000
v 4.029630 -8.975444 -0.400000
v 4.043027 -8.951003 -0.400000
v 4.056751 -8.926750 -0.400000
v 4.070766 -8.902788 -0.400000
v 4.085038 -8.879222 -0.400000
v 4.099533 -8.856156 -0.400000
v 4.114214 -8.833694 -0.400000
v 4.129049 -8.811941 -0.400000
v 4.144001 -8.791000 -0.400000
v 4.042001 -8.747000 -0.400000
v 4.029913 -8.764654 -0.400000
v 4.016798 -8.784398 -0.400000
v 4.002876 -8.805906 -0.400000
v 3.988372 -8.828852 -0.400000
v 3.973506 -8.852908 -0.400000
v 3.958501 -8.877749 -0.400000
v 3.943580 -8.903049 -0.400000
v 3.928964 -8.928481 -0.400000
v 3.914876 -8.953718 -0.400000
v 3.901539 -8.978436 -0.400000
v 3.889173 -9.002304 -0.400000
v 3.878001 -9.025000 -0.400000
v 3.754001 -8.989000 -0.400000
v 3.766206 -8.964508 -0.400000
v 3.778807 -8.940064 -0.400000
v 3.791783 -8.915718 -0.400000
v 3.805113 -8.891519 -0.400000
v 3.818776 -8.867513 -0.400000
v 3.832752 -8.843750 -0.400000
v 3.847019 -8.820278 -0.400000
v 3.861557 -8.797148 -0.400000
v 3.876345 -8.774406 -0.400000
v 3.891363 -8.752102 -0.400000
v 3.906588 -8.730284 -0.400000
v 3.922001 -8.709000 -0.400000
v 3.824001 -8.663000 -0.400000
v 3.811373 -8.680614 -0.400000
v 3.797641 -8.700250 -0.400000
v 3.783033 -8.721594 -0.400000
v 3.767779 -8.744333 -0.400000
v 3.752109 -8.768156 -0.400000
v 3.736252 -8.792749 -0.400000
v 3.720436 -8.817802 -0.400000
v 3.704890 -8.842999 -0.400000
v 3.689845 -8.868031 -0.400000
v 3.675529 -8.892583 -0.400000
v 3.662172 -8.916344 -0.400000
v 3.650002 -8.939000 -0.400000
v 6.974174 -8.929000 -0.400001
v 6.901706 -8.929000 -0.400001
v 6.811127 -8.929000 -0.400001
v 6.706965 -8.929000 -0.400001
v 6.593747 -8.929000 -0.400001
v 6.476002 -8.929000 -0.400000
v 6.358256 -8.929000 -0.400000
v 6.245039 -8.929000 -0.400000
v 6.140876 -8.929000 -0.400000
v 6.050298 -8.929000 -0.400000
v 5.977830 -8.929000 -0.400000
v 5.928001 -8.929000 -0.400000
v 5.903584 -8.928879 -0.400000
v 5.880334 -8.928536 -0.400000
v 5.858251 -8.927999 -0.400000
v 5.837335 -8.927296 -0.400000
v 5.817585 -8.926454 -0.400000
v 5.799001 -8.925500 -0.400000
v 5.781585 -8.924462 -0.400000
v 5.765335 -8.923370 -0.400000
v 5.750251 -8.922250 -0.400000
v 5.736335 -8.921129 -0.400000
v 5.723585 -8.920036 -0.400000
v 5.712001 -8.919000 -0.400000
v 5.712001 -9.115000 -0.400000
v 5.722896 -9.114383 -0.400000
v 5.735492 -9.113564 -0.400000
v 5.749657 -9.112594 -0.400000
v 5.765260 -9.111519 -0.400000
v 5.782169 -9.110388 -0.400000
v 5.800251 -9.109250 -0.400000
v 5.819375 -9.108154 -0.400000
v 5.839408 -9.107148 -0.400000
v 5.860220 -9.106281 -0.400000
v 5.881677 -9.105601 -0.400000
v 5.903648 -9.105158 -0.400000
v 5.926002 -9.105000 -0.400000
v 5.976251 -9.105000 -0.400000
v 6.049001 -9.105000 -0.400000
v 6.139751 -9.105000 -0.400000
v 6.244001 -9.105000 -0.400000
v 6.357251 -9.105000 -0.400000
v 6.475001 -9.105000 -0.400000
v 6.592751 -9.105000 -0.400000
v 6.706001 -9.105000 -0.400001
v 6.810251 -9.105000 -0.400001
v 6.901001 -9.105000 -0.400001
v 6.973752 -9.105000 -0.400001
v 7.024002 -9.105000 -0.400001
v 7.051395 -9.105082 -0.400001
v 7.078483 -9.105324 -0.400001
v 7.105126 -9.105719 -0.400001
v 7.131186 -9.106259 -0.400001
v 7.156525 -9.106938 -0.400001
v 7.181002 -9.107750 -0.400001
v 7.204479 -9.108686 -0.400001
v 7.226817 -9.109740 -0.400001
v 7.247877 -9.110907 -0.400001
v 7.267520 -9.112176 -0.400001
v 7.285608 -9.113543 -0.400001
v 7.302001 -9.115000 -0.400001
v 7.302001 -8.919000 -0.400001
v 7.286067 -8.920037 -0.400001
v 7.268353 -8.921129 -0.400001
v 7.249002 -8.922250 -0.400001
v 7.228150 -8.923370 -0.400001
v 7.205937 -8.924463 -0.400001
v 7.182502 -8.925500 -0.400001
v 7.157983 -8.926454 -0.400001
v 7.132520 -8.927296 -0.400001
v 7.106252 -8.927999 -0.400001
v 7.079317 -8.928536 -0.400001
v 7.051854 -8.928880 -0.400001
v 7.024002 -8.929000 -0.400001
v 9.088606 -9.215094 -0.400001
v 9.056668 -9.210417 -0.400001
v 9.020564 -9.205031 -0.400001
v 8.980668 -9.199000 -0.400001
v 8.937356 -9.192386 -0.400001
v 8.891002 -9.185250 -0.400001
v 8.841981 -9.177656 -0.400001
v 8.790668 -9.169666 -0.400001
v 8.737439 -9.161344 -0.400001
v 8.682669 -9.152750 -0.400001
v 8.626731 -9.143948 -0.400001
v 8.570002 -9.135000 -0.400001
v 8.650002 -8.733000 -0.400001
v 9.090001 -8.805000 -0.400001
v 9.103806 -8.807502 -0.400001
v 9.117279 -8.810019 -0.400001
v 9.130502 -8.812562 -0.400001
v 9.143558 -8.815147 -0.400001
v 9.156529 -8.817789 -0.400001
v 9.169501 -8.820499 -0.400001
v 9.182557 -8.823294 -0.400001
v 9.195780 -8.826185 -0.400001
v 9.209252 -8.829187 -0.400001
v 9.223058 -8.832314 -0.400001
v 9.237280 -8.835581 -0.400001
v 9.252002 -8.839000 -0.400001
v 9.286001 -8.658999 -0.400001
v 9.273454 -8.658457 -0.400001
v 9.260788 -8.657824 -0.400001
v 9.247970 -8.657093 -0.400001
v 9.234964 -8.656259 -0.400001
v 9.221737 -8.655313 -0.400001
v 9.208252 -8.654249 -0.400001
v 9.194475 -8.653061 -0.400001
v 9.180372 -8.651740 -0.400001
v 9.165908 -8.650281 -0.400001
v 9.151048 -8.648676 -0.400001
v 9.135757 -8.646917 -0.400001
v 9.120002 -8.645000 -0.400001
v 9.098549 -8.642633 -0.400001
v 9.073381 -8.639565 -0.400001
v 9.044783 -8.635843 -0.400001
v 9.013039 -8.631518 -0.400001
v 8.978434 -8.626637 -0.400001
v 8.941252 -8.621250 -0.400001
v 8.901778 -8.615404 -0.400001
v 8.860298 -8.609148 -0.400001
v 8.817096 -8.602531 -0.400001
v 8.772455 -8.595602 -0.400001
v 8.726663 -8.588408 -0.400001
v 8.680001 -8.580999 -0.400001
v 8.722001 -8.371000 -0.400001
v 8.724582 -8.358164 -0.400001
v 8.727316 -8.345648 -0.400001
v 8.730188 -8.333437 -0.400001
v 8.733186 -8.321518 -0.400001
v 8.736295 -8.309877 -0.400001
v 8.739501 -8.298500 -0.400001
v 8.742790 -8.287373 -0.400001
v 8.746149 -8.276482 -0.400001
v 8.749563 -8.265812 -0.400001
v 8.753019 -8.255352 -0.400001
v 8.756503 -8.245086 -0.400001
v 8.760001 -8.235000 -0.400001
v 8.580002 -8.203000 -0.400001
v 8.579341 -8.212857 -0.400001
v 8.578389 -8.223361 -0.400001
v 8.577188 -8.234406 -0.400001
v 8.575778 -8.245889 -0.400001
v 8.574202 -8.257705 -0.400001
v 8.572500 -8.269750 -0.400001
v 8.570716 -8.281919 -0.400001
v 8.568890 -8.294111 -0.400001
v 8.567063 -8.306218 -0.400001
v 8.565279 -8.318138 -0.400001
v 8.563578 -8.329767 -0.400001
v 8.562001 -8.341000 -0.400001
v 8.520001 -8.557000 -0.400001
v 8.471760 -8.549048 -0.400001
v 8.424250 -8.541222 -0.400001
v 8.377781 -8.533563 -0.400001
v 8.332666 -8.526111 -0.400001
v 8.289219 -8.518909 -0.400001
v 8.247750 -8.512000 -0.400001
v 8.208573 -8.505424 -0.400001
v 8.172001 -8.499222 -0.400001
v 8.138345 -8.493437 -0.400001
v 8.107918 -8.488111 -0.400001
v 8.081033 -8.483284 -0.400001
v 8.058002 -8.479000 -0.400001
v 8.043673 -8.476421 -0.400001
v 8.029705 -8.473703 -0.400001
v 8.016127 -8.470875 -0.400001
v 8.002965 -8.467963 -0.400001
v 7.990247 -8.464995 -0.400001
v 7.978002 -8.462000 -0.400001
v 7.966256 -8.459004 -0.400001
v 7.955039 -8.456037 -0.400001
v 7.944376 -8.453125 -0.400001
v 7.934298 -8.450296 -0.400001
v 7.924830 -8.447578 -0.400001
v 7.916001 -8.445000 -0.400001
v 7.882001 -8.613000 -0.400001
v 7.890144 -8.614080 -0.400001
v 7.899474 -8.615314 -0.400001
v 7.909846 -8.616688 -0.400001
v 7.921113 -8.618185 -0.400001
v 7.933130 -8.619794 -0.400001
v 7.945752 -8.621500 -0.400001
v 7.958831 -8.623289 -0.400001
v 7.972224 -8.625148 -0.400001
v 7.985783 -8.627062 -0.400001
v 7.999362 -8.629019 -0.400001
v 8.012817 -8.631002 -0.400001
v 8.026001 -8.632999 -0.400001
v 8.492002 -8.707000 -0.400001
v 8.412002 -9.108999 -0.400001
v 7.920002 -9.025000 -0.400001
v 7.900954 -9.021081 -0.400001
v 7.882789 -9.017315 -0.400001
v 7.865470 -9.013687 -0.400001
v 7.848965 -9.010185 -0.400001
v 7.833237 -9.006794 -0.400001
v 7.818252 -9.003500 -0.400001
v 7.803975 -9.000289 -0.400001
v 7.790372 -8.997149 -0.400001
v 7.777408 -8.994062 -0.400001
v 7.765048 -8.991018 -0.400001
v 7.753257 -8.988002 -0.400001
v 7.742002 -8.985000 -0.400001
v 7.710001 -9.153000 -0.400001
v 7.720953 -9.154122 -0.400001
v 7.732779 -9.155481 -0.400001
v 7.745439 -9.157063 -0.400001
v 7.758890 -9.158852 -0.400001
v 7.773091 -9.160835 -0.400001
v 7.788001 -9.163000 -0.400001
v 7.803577 -9.165331 -0.400001
v 7.819779 -9.167814 -0.400001
v 7.836564 -9.170437 -0.400001
v 7.853890 -9.173185 -0.400001
v 7.871716 -9.176044 -0.400001
v 7.890001 -9.179000 -0.400001
v 8.382002 -9.257000 -0.400001
v 8.300001 -9.659000 -0.400001
v 8.296459 -9.673696 -0.400001
v 8.292834 -9.688731 -0.400001
v 8.289126 -9.704031 -0.400001
v 8.285335 -9.719519 -0.400001
v 8.281460 -9.735117 -0.400001
v 8.277501 -9.750750 -0.400001
v 8.273459 -9.766341 -0.400001
v 8.269335 -9.781815 -0.400001
v 8.265126 -9.797093 -0.400001
v 8.260835 -9.812101 -0.400001
v 8.256460 -9.826763 -0.400001
v 8.252002 -9.841000 -0.400001
v 8.434002 -9.875000 -0.400001
v 8.436425 -9.858162 -0.400001
v 8.438724 -9.841629 -0.400001
v 8.440939 -9.825375 -0.400001
v 8.443112 -9.809370 -0.400001
v 8.445286 -9.793588 -0.400001
v 8.447501 -9.778000 -0.400001
v 8.449800 -9.762579 -0.400001
v 8.452223 -9.747296 -0.400001
v 8.454813 -9.732124 -0.400001
v 8.457612 -9.717037 -0.400001
v 8.460661 -9.702004 -0.400001
v 8.464002 -9.687000 -0.400001
v 8.542002 -9.283000 -0.400001
v 8.598191 -9.292449 -0.400001
v 8.653520 -9.301760 -0.400001
v 8.707626 -9.310875 -0.400001
v 8.760149 -9.319740 -0.400001
v 8.810728 -9.328300 -0.400001
v 8.859001 -9.336500 -0.400001
v 8.904608 -9.344282 -0.400001
v 8.947186 -9.351593 -0.400001
v 8.986377 -9.358375 -0.400001
v 9.021816 -9.364574 -0.400001
v 9.053145 -9.370134 -0.400001
v 9.080002 -9.375000 -0.400001
v 9.099050 -9.378420 -0.400001
v 9.117207 -9.381695 -0.400001
v 9.134502 -9.384844 -0.400001
v 9.150966 -9.387889 -0.400001
v 9.166623 -9.390850 -0.400001
v 9.181502 -9.393750 -0.400001
v 9.195632 -9.396607 -0.400001
v 9.209040 -9.399445 -0.400001
v 9.221752 -9.402281 -0.400001
v 9.233798 -9.405139 -0.400001
v 9.245205 -9.408038 -0.400001
v 9.256001 -9.410999 -0.400001
v 9.292002 -9.237000 -0.400001
v 9.279868 -9.236378 -0.400001
v 9.266603 -9.235527 -0.400001
v 9.252407 -9.234468 -0.400001
v 9.237482 -9.233222 -0.400001
v 9.222030 -9.231809 -0.400001
v 9.206251 -9.230249 -0.400001
v 9.190347 -9.228566 -0.400001
v 9.174520 -9.226778 -0.400001
v 9.158970 -9.224906 -0.400001
v 9.143899 -9.222972 -0.400001
v 9.129509 -9.220997 -0.400001
v 9.116001 -9.219000 -0.400001
v 10.160002 -8.597000 -0.400001
v 10.160002 -9.009000 -0.400001
v 9.602001 -9.009000 -0.400001
v 9.602001 -9.184999 -0.400001
v 10.160002 -9.184999 -0.400001
v 10.160002 -9.608999 -0.400001
v 9.564001 -9.608999 -0.400001
v 9.564001 -9.785000 -0.400001
v 10.356002 -9.785000 -0.400001
v 10.356002 -8.421000 -0.400001
v 9.582002 -8.421000 -0.400001
v 9.582002 -8.597000 -0.400001
v -11.629913 -4.430327 -0.399999
v -11.629647 -4.414454 -0.399999
v -11.629187 -4.397593 -0.399999
v -11.628518 -4.379963 -0.399999
v -11.627627 -4.361776 -0.399999
v -11.626500 -4.343250 -0.399999
v -11.625123 -4.324598 -0.399999
v -11.623482 -4.306037 -0.399999
v -11.621563 -4.287781 -0.399999
v -11.619352 -4.270046 -0.399999
v -11.616837 -4.253047 -0.399999
v -11.614001 -4.237000 -0.399999
v -11.810001 -4.237000 -0.399999
v -11.808466 -4.252971 -0.399999
v -11.806881 -4.269769 -0.399999
v -11.805283 -4.287219 -0.399999
v -11.803705 -4.305148 -0.399999
v -11.802183 -4.323383 -0.399999
v -11.800752 -4.341750 -0.399999
v -11.799445 -4.360075 -0.399999
v -11.798298 -4.378185 -0.399999
v -11.797345 -4.395906 -0.399999
v -11.796622 -4.413065 -0.399999
v -11.796163 -4.429487 -0.399999
v -11.796001 -4.445000 -0.399999
v -11.796001 -4.771000 -0.399999
v -11.864253 -4.792274 -0.399999
v -11.936344 -4.815861 -0.399999
v -12.011283 -4.841406 -0.399999
v -12.088076 -4.868555 -0.399999
v -12.165730 -4.896955 -0.399999
v -12.243252 -4.926250 -0.399999
v -12.319649 -4.956087 -0.399999
v -12.393928 -4.986111 -0.399999
v -12.465096 -5.015969 -0.399999
v -12.532159 -5.045305 -0.399999
v -12.594126 -5.073767 -0.399999
v -12.650002 -5.101000 -0.399999
v -12.582002 -5.271000 -0.399999
v -12.524981 -5.241213 -0.399999
v -12.463502 -5.211037 -0.399999
v -12.398439 -5.180750 -0.399999
v -12.330668 -5.150630 -0.399999
v -12.261065 -5.120954 -0.399999
v -12.190502 -5.092000 -0.399999
v -12.119856 -5.064046 -0.399999
v -12.050002 -5.037370 -0.399999
v -11.981814 -5.012250 -0.399999
v -11.916168 -4.988963 -0.399999
v -11.853939 -4.967787 -0.399999
v -11.796001 -4.949000 -0.399999
v -11.798001 -5.609000 -0.399999
v -11.798084 -5.625407 -0.399999
v -11.798334 -5.643426 -0.399999
v -11.798751 -5.662750 -0.399999
v -11.799335 -5.683074 -0.399999
v -11.800084 -5.704093 -0.399999
v -11.801001 -5.725500 -0.399999
v -11.802084 -5.746991 -0.399999
v -11.803334 -5.768259 -0.399999
v -11.804751 -5.789000 -0.399999
v -11.806334 -5.808908 -0.399999
v -11.808084 -5.827676 -0.399999
v -11.810001 -5.845000 -0.399999
v -11.616001 -5.845000 -0.399999
v -11.618376 -5.828325 -0.399999
v -11.620509 -5.810435 -0.399999
v -11.622406 -5.791532 -0.399999
v -11.624074 -5.771815 -0.399999
v -11.625520 -5.751487 -0.399999
v -11.626750 -5.730750 -0.399999
v -11.627772 -5.709805 -0.399999
v -11.628592 -5.688852 -0.399999
v -11.629219 -5.668094 -0.399999
v -11.629658 -5.647731 -0.399999
v -11.629916 -5.627966 -0.399999
v -11.630001 -5.609000 -0.399999
v -11.630001 -5.565778 -0.399999
v -11.630001 -5.495556 -0.399999
v -11.630001 -5.403501 -0.399999
v -11.630001 -5.294778 -0.399999
v -11.630001 -5.174556 -0.399999
v -11.630001 -5.048000 -0.399999
v -11.630001 -4.920278 -0.399999
v -11.630001 -4.796556 -0.399999
v -11.630001 -4.682000 -0.399999
v -11.630001 -4.581778 -0.399999
v -11.630001 -4.501056 -0.399999
v -11.630001 -4.445000 -0.399999
v -9.487829 -4.929000 -0.399999
v -9.560297 -4.929000 -0.399999
v -9.650876 -4.929000 -0.399999
v -9.755038 -4.929000 -0.399999
v -9.868256 -4.929000 -0.399999
v -9.986001 -4.929000 -0.399999
v -10.103746 -4.929000 -0.399999
v -10.216964 -4.929000 -0.399999
v -10.321126 -4.929000 -0.399999
v -10.411705 -4.929000 -0.399999
v -10.484173 -4.929000 -0.399999
v -10.534001 -4.929000 -0.399999
v -10.558418 -4.928880 -0.399999
v -10.581668 -4.928537 -0.399999
v -10.603751 -4.928000 -0.399999
v -10.624668 -4.927297 -0.399999
v -10.644418 -4.926454 -0.399999
v -10.663001 -4.925500 -0.399999
v -10.680418 -4.924463 -0.399999
v -10.696668 -4.923370 -0.399999
v -10.711751 -4.922250 -0.399999
v -10.725668 -4.921130 -0.399999
v -10.738418 -4.920037 -0.399999
v -10.750001 -4.919000 -0.399999
v -10.750001 -5.115000 -0.399999
v -10.739106 -5.114383 -0.399999
v -10.726510 -5.113565 -0.399999
v -10.712344 -5.112594 -0.399999
v -10.696741 -5.111518 -0.399999
v -10.679832 -5.110388 -0.399999
v -10.661751 -5.109250 -0.399999
v -10.642627 -5.108154 -0.399999
v -10.622593 -5.107148 -0.399999
v -10.601782 -5.106281 -0.399999
v -10.580325 -5.105602 -0.399999
v -10.558354 -5.105159 -0.399999
v -10.536001 -5.105000 -0.399999
v -10.485751 -5.105000 -0.399999
v -10.413001 -5.105000 -0.399999
v -10.322251 -5.105000 -0.399999
v -10.218001 -5.105000 -0.399999
v -10.104752 -5.105000 -0.399999
v -9.987001 -5.105000 -0.399999
v -9.869251 -5.105000 -0.399999
v -9.756001 -5.105000 -0.399999
v -9.651752 -5.105000 -0.399999
v -9.561002 -5.105000 -0.399999
v -9.488252 -5.105000 -0.399999
v -9.438002 -5.105000 -0.399999
v -9.410608 -5.105082 -0.399999
v -9.383520 -5.105324 -0.399999
v -9.356876 -5.105719 -0.399999
v -9.330816 -5.106259 -0.399999
v -9.305478 -5.106938 -0.399999
v -9.281001 -5.107750 -0.399999
v -9.257524 -5.108686 -0.399999
v -9.235187 -5.109741 -0.399999
v -9.214127 -5.110906 -0.399999
v -9.194483 -5.112176 -0.399999
v -9.176395 -5.113543 -0.399999
v -9.160002 -5.115000 -0.399999
v -9.160002 -4.919000 -0.399999
v -9.175935 -4.920036 -0.399999
v -9.193647 -4.921129 -0.399999
v -9.212999 -4.922250 -0.399999
v -9.233851 -4.923370 -0.399999
v -9.256064 -4.924462 -0.399999
v -9.279500 -4.925500 -0.399999
v -9.304019 -4.926454 -0.399999
v -9.329482 -4.927296 -0.399999
v -9.355751 -4.927999 -0.399999
v -9.382687 -4.928537 -0.399999
v -9.410150 -4.928880 -0.399999
v -9.438002 -4.929000 -0.399999
v -7.896001 -4.443000 -0.399999
v -8.438002 -4.443000 -0.399999
v -8.451294 -4.442874 -0.399999
v -8.464169 -4.442491 -0.399999
v -8.476626 -4.441844 -0.399999
v -8.488668 -4.440926 -0.399999
v -8.500294 -4.439730 -0.399999
v -8.511502 -4.438250 -0.399999
v -8.522294 -4.436478 -0.399999
v -8.532669 -4.434407 -0.399999
v -8.542627 -4.432031 -0.399999
v -8.552169 -4.429342 -0.399999
v -8.561294 -4.426334 -0.399999
v -8.570002 -4.423000 -0.399999
v -8.702002 -4.503000 -0.399999
v -8.697504 -4.510396 -0.399999
v -8.693028 -4.518500 -0.399999
v -8.688595 -4.527187 -0.399999
v -8.684223 -4.536333 -0.399999
v -8.679935 -4.545813 -0.399999
v -8.675751 -4.555500 -0.399999
v -8.671692 -4.565271 -0.399999
v -8.667779 -4.575000 -0.399999
v -8.664032 -4.584562 -0.399999
v -8.660473 -4.593833 -0.399999
v -8.657123 -4.602688 -0.399999
v -8.654001 -4.611000 -0.399999
v -8.639842 -4.657996 -0.399999
v -8.623390 -4.706797 -0.399999
v -8.604689 -4.757125 -0.399999
v -8.583779 -4.808704 -0.399999
v -8.560703 -4.861255 -0.399999
v -8.535501 -4.914500 -0.399999
v -8.508217 -4.968162 -0.399999
v -8.478890 -5.021963 -0.399999
v -8.447564 -5.075625 -0.399999
v -8.414279 -5.128870 -0.399999
v -8.379078 -5.181421 -0.399999
v -8.342001 -5.233000 -0.399999
v -8.362911 -5.248494 -0.399999
v -8.383613 -5.263954 -0.399999
v -8.404064 -5.279344 -0.399999
v -8.424224 -5.294630 -0.399999
v -8.444051 -5.309776 -0.399999
v -8.463502 -5.324750 -0.399999
v -8.482536 -5.339515 -0.399999
v -8.501113 -5.354037 -0.399999
v -8.519189 -5.368281 -0.399999
v -8.536724 -5.382213 -0.399999
v -8.553676 -5.395797 -0.399999
v -8.570002 -5.409000 -0.399999
v -8.452002 -5.547000 -0.399999
v -8.436674 -5.533336 -0.399999
v -8.420714 -5.519352 -0.399999
v -8.404158 -5.505063 -0.399999
v -8.387038 -5.490481 -0.399999
v -8.369391 -5.475623 -0.399999
v -8.351252 -5.460500 -0.399999
v -8.332653 -5.445127 -0.399999
v -8.313631 -5.429519 -0.399999
v -8.294220 -5.413688 -0.399999
v -8.274455 -5.397648 -0.399999
v -8.254371 -5.381414 -0.399999
v -8.234001 -5.365000 -0.399999
v -8.188070 -5.414183 -0.399999
v -8.139223 -5.462629 -0.399999
v -8.087376 -5.510187 -0.399999
v -8.032445 -5.556704 -0.399999
v -7.974348 -5.602026 -0.399999
v -7.913001 -5.646000 -0.399999
v -7.848320 -5.688475 -0.399999
v -7.780223 -5.729296 -0.399999
v -7.708626 -5.768312 -0.399999
v -7.633446 -5.805370 -0.399999
v -7.554598 -5.840317 -0.399999
v -7.472001 -5.873000 -0.399999
v -7.328001 -5.749000 -0.399999
v -7.410797 -5.721374 -0.399999
v -7.490196 -5.690658 -0.399999
v -7.566220 -5.657094 -0.399999
v -7.638890 -5.620926 -0.399999
v -7.708227 -5.582397 -0.399999
v -7.774251 -5.541750 -0.399999
v -7.836984 -5.499228 -0.399999
v -7.896445 -5.455074 -0.399999
v -7.952657 -5.409531 -0.399999
v -8.005640 -5.362843 -0.399999
v -8.055414 -5.315251 -0.399999
v -8.102001 -5.267000 -0.399999
v -8.065853 -5.241014 -0.399999
v -8.029483 -5.215111 -0.399999
v -7.993001 -5.189375 -0.399999
v -7.956520 -5.163889 -0.399999
v -7.920149 -5.138736 -0.399999
v -7.884001 -5.114000 -0.399999
v -7.848186 -5.089764 -0.399999
v -7.812816 -5.066111 -0.399999
v -7.778001 -5.043125 -0.399999
v -7.743853 -5.020889 -0.399999
v -7.710483 -4.999486 -0.399999
v -7.678001 -4.979000 -0.399999
v -7.786001 -4.869000 -0.399999
v -7.819360 -4.888406 -0.399999
v -7.853371 -4.908583 -0.399999
v -7.887938 -4.929469 -0.399999
v -7.922964 -4.951000 -0.399999
v -7.958351 -4.973114 -0.399999
v -7.994001 -4.995750 -0.399999
v -8.029819 -5.018844 -0.399999
v -8.065705 -5.042333 -0.399999
v -8.101564 -5.066156 -0.399999
v -8.137299 -5.090250 -0.399999
v -8.172810 -5.114552 -0.399999
v -8.208001 -5.139000 -0.399999
v -8.239898 -5.094679 -0.399999
v -8.270510 -5.048935 -0.399999
v -8.299719 -5.002094 -0.399999
v -8.327408 -4.954482 -0.399999
v -8.353457 -4.906425 -0.399999
v -8.377750 -4.858250 -0.399999
v -8.400168 -4.810284 -0.399999
v -8.420593 -4.762852 -0.399999
v -8.438907 -4.716281 -0.399999
v -8.454991 -4.670898 -0.399999
v -8.468729 -4.627029 -0.399999
v -8.480001 -4.585000 -0.399999
v -7.804001 -4.585000 -0.399999
v -7.770962 -4.630300 -0.399999
v -7.735853 -4.676065 -0.399999
v -7.698689 -4.722094 -0.399999
v -7.659483 -4.768185 -0.399999
v -7.618249 -4.814137 -0.399999
v -7.575001 -4.859750 -0.399999
v -7.529754 -4.904820 -0.399999
v -7.482520 -4.949148 -0.399999
v -7.433313 -4.992531 -0.399999
v -7.382149 -5.034769 -0.399999
v -7.329041 -5.075659 -0.399999
v -7.274001 -5.115000 -0.399999
v -7.140001 -5.011000 -0.399999
v -7.223102 -4.955827 -0.399999
v -7.300473 -4.897778 -0.399999
v -7.372220 -4.837563 -0.399999
v -7.438445 -4.775889 -0.399999
v -7.499254 -4.713465 -0.399999
v -7.554751 -4.651000 -0.399999
v -7.605039 -4.589201 -0.399999
v -7.650223 -4.528778 -0.399999
v -7.690407 -4.470438 -0.399999
v -7.725696 -4.414889 -0.399999
v -7.756192 -4.362840 -0.399999
v -7.782001 -4.315000 -0.399999
v -7.787233 -4.305322 -0.399999
v -7.792853 -4.294408 -0.399999
v -7.798751 -4.282437 -0.399999
v -7.804816 -4.269592 -0.399999
v -7.810936 -4.256053 -0.399999
v -7.817001 -4.242000 -0.399999
v -7.822899 -4.227613 -0.399999
v -7.828520 -4.213074 -0.399999
v -7.833751 -4.198563 -0.399999
v -7.838483 -4.184259 -0.399999
v -7.842603 -4.170345 -0.399999
v -7.846001 -4.157000 -0.399999
v -8.028002 -4.215000 -0.399999
v -8.019471 -4.228305 -0.399999
v -8.010919 -4.242111 -0.399999
v -8.002408 -4.256249 -0.399999
v -7.994001 -4.270555 -0.399999
v -7.985762 -4.284861 -0.399999
v -7.977751 -4.299000 -0.399999
v -7.970033 -4.312805 -0.399999
v -7.962668 -4.326111 -0.399999
v -7.955720 -4.338750 -0.399999
v -7.949251 -4.350555 -0.399999
v -7.943324 -4.361361 -0.399999
v -7.938001 -4.371000 -0.399999
v -6.487818 -4.579224 -0.400000
v -6.467363 -4.625629 -0.400000
v -6.444783 -4.673812 -0.400000
v -6.420224 -4.723370 -0.400000
v -6.393832 -4.773900 -0.400000
v -6.365752 -4.825000 -0.400000
v -6.336130 -4.876266 -0.400000
v -6.305113 -4.927296 -0.400000
v -6.272845 -4.977687 -0.400000
v -6.239474 -5.027037 -0.400000
v -6.205144 -5.074942 -0.400000
v -6.170002 -5.121000 -0.400000
v -6.223124 -5.167562 -0.400000
v -6.277149 -5.216824 -0.400000
v -6.331563 -5.268156 -0.400000
v -6.385853 -5.320926 -0.400000
v -6.439503 -5.374501 -0.399999
v -6.492001 -5.428250 -0.399999
v -6.542832 -5.481541 -0.399999
v -6.591483 -5.533741 -0.399999
v -6.637439 -5.584219 -0.399999
v -6.680187 -5.632342 -0.399999
v -6.719212 -5.677480 -0.399999
v -6.754002 -5.719000 -0.399999
v -6.614001 -5.839000 -0.399999
v -6.578927 -5.793396 -0.399999
v -6.540900 -5.745833 -0.399999
v -6.500220 -5.696688 -0.399999
v -6.457187 -5.646334 -0.399999
v -6.412097 -5.595146 -0.399999
v -6.365252 -5.543500 -0.399999
v -6.316947 -5.491771 -0.400000
v -6.267483 -5.440333 -0.400000
v -6.217157 -5.389563 -0.400000
v -6.166270 -5.339833 -0.400000
v -6.115118 -5.291521 -0.400000
v -6.064001 -5.245000 -0.400000
v -6.009352 -5.302248 -0.400000
v -5.952474 -5.358815 -0.400000
v -5.893470 -5.414437 -0.400000
v -5.832446 -5.468852 -0.400000
v -5.769505 -5.521794 -0.400000
v -5.704751 -5.573000 -0.400000
v -5.638290 -5.622206 -0.400000
v -5.570224 -5.669148 -0.400000
v -5.500658 -5.713562 -0.400000
v -5.429696 -5.755185 -0.400000
v -5.357442 -5.793752 -0.400000
v -5.284001 -5.829000 -0.400000
v -5.156001 -5.695000 -0.400000
v -5.235923 -5.661236 -0.400000
v -5.314538 -5.623222 -0.400000
v -5.391626 -5.581375 -0.400000
v -5.466964 -5.536111 -0.400000
v -5.540330 -5.487847 -0.400000
v -5.611501 -5.437000 -0.400000
v -5.680256 -5.383986 -0.400000
v -5.746372 -5.329222 -0.400000
v -5.809627 -5.273125 -0.400000
v -5.869798 -5.216111 -0.400000
v -5.926663 -5.158597 -0.400000
v -5.980001 -5.101000 -0.400000
v -6.014148 -5.060880 -0.400000
v -6.048344 -5.017870 -0.400000
v -6.082220 -4.972500 -0.400000
v -6.115408 -4.925296 -0.400000
v -6.147542 -4.876787 -0.400000
v -6.178251 -4.827500 -0.400000
v -6.207169 -4.777963 -0.400000
v -6.233927 -4.728703 -0.400000
v -6.258157 -4.680250 -0.400000
v -6.279492 -4.633130 -0.400000
v -6.297563 -4.587871 -0.400000
v -6.312001 -4.545000 -0.400000
v -6.282866 -4.545000 -0.400000
v -6.234084 -4.545000 -0.400000
v -6.169595 -4.545000 -0.400000
v -6.093334 -4.545000 -0.400000
v -6.009241 -4.545000 -0.400000
v -5.921251 -4.545000 -0.400000
v -5.833303 -4.545000 -0.400000
v -5.749335 -4.545000 -0.400000
v -5.673283 -4.545000 -0.400000
v -5.609085 -4.545000 -0.400000
v -5.560678 -4.545000 -0.400000
v -5.532001 -4.545000 -0.400000
v -5.513743 -4.545158 -0.400000
v -5.494261 -4.545602 -0.400000
v -5.474002 -4.546281 -0.400000
v -5.453409 -4.547148 -0.400000
v -5.432928 -4.548154 -0.400000
v -5.413002 -4.549250 -0.400000
v -5.394075 -4.550387 -0.400000
v -5.376594 -4.551518 -0.400000
v -5.361001 -4.552594 -0.400000
v -5.347742 -4.553565 -0.400000
v -5.337261 -4.554383 -0.400000
v -5.330001 -4.555000 -0.400000
v -5.330001 -4.373000 -0.400000
v -5.338711 -4.374076 -0.400000
v -5.350519 -4.375278 -0.400000
v -5.364938 -4.376562 -0.400000
v -5.381482 -4.377889 -0.400000
v -5.399665 -4.379215 -0.400000
v -5.419001 -4.380500 -0.400000
v -5.439003 -4.381701 -0.400000
v -5.459186 -4.382777 -0.400000
v -5.479064 -4.383687 -0.400000
v -5.498149 -4.384389 -0.400000
v -5.515957 -4.384840 -0.400000
v -5.532001 -4.385000 -0.400000
v -5.562583 -4.385000 -0.400000
v -5.611825 -4.385000 -0.400000
v -5.675970 -4.385000 -0.400000
v -5.751261 -4.385000 -0.400000
v -5.833940 -4.385000 -0.400000
v -5.920251 -4.385000 -0.400000
v -6.006438 -4.385000 -0.400000
v -6.088742 -4.385000 -0.400000
v -6.163408 -4.385000 -0.400000
v -6.226677 -4.385000 -0.400000
v -6.274794 -4.385000 -0.400000
v -6.304001 -4.385000 -0.400000
v -6.320206 -4.384875 -0.400000
v -6.335806 -4.384509 -0.400000
v -6.350782 -4.383905 -0.400000
v -6.365112 -4.383074 -0.400000
v -6.378775 -4.382019 -0.400000
v -6.391751 -4.380750 -0.400000
v -6.404018 -4.379272 -0.400000
v -6.415556 -4.377592 -0.400000
v -6.426345 -4.375719 -0.400000
v -6.436362 -4.373657 -0.400000
v -6.445588 -4.371415 -0.400000
v -6.454001 -4.369000 -0.400000
v -6.556001 -4.447000 -0.400000
v -6.552726 -4.451558 -0.400000
v -6.548965 -4.457130 -0.400000
v -6.544814 -4.463563 -0.400000
v -6.540372 -4.470704 -0.400000
v -6.535735 -4.478401 -0.400000
v -6.531002 -4.486500 -0.400000
v -6.526268 -4.494850 -0.400000
v -6.521631 -4.503296 -0.400000
v -6.517189 -4.511687 -0.400000
v -6.513039 -4.519870 -0.400000
v -6.509277 -4.527692 -0.400000
v -6.506001 -4.535000 -0.400000
v -3.419779 -5.480884 -0.400000
v -3.452557 -5.392407 -0.400000
v -3.487501 -5.294375 -0.400000
v -3.523779 -5.189592 -0.400000
v -3.560557 -5.080866 -0.400000
v -3.597001 -4.971000 -0.400000
v -3.632279 -4.862801 -0.400000
v -3.665557 -4.759074 -0.400000
v -3.696001 -4.662625 -0.400000
v -3.722779 -4.576259 -0.400000
v -3.745057 -4.502782 -0.400000
v -3.762001 -4.445000 -0.400000
v -3.767676 -4.422889 -0.400000
v -3.772733 -4.402444 -0.400000
v -3.777220 -4.383500 -0.400000
v -3.781187 -4.365889 -0.400000
v -3.784681 -4.349444 -0.400000
v -3.787751 -4.334000 -0.400000
v -3.790447 -4.319388 -0.400000
v -3.792816 -4.305444 -0.400000
v -3.794908 -4.292000 -0.400000
v -3.796770 -4.278889 -0.400000
v -3.798452 -4.265944 -0.400000
v -3.800001 -4.253000 -0.400000
v -4.000001 -4.293000 -0.400000
v -3.994959 -4.305559 -0.400000
v -3.989826 -4.318305 -0.400000
v -3.984595 -4.331344 -0.400000
v -3.979261 -4.344778 -0.400000
v -3.973815 -4.358712 -0.400000
v -3.968251 -4.373250 -0.400000
v -3.962563 -4.388496 -0.400000
v -3.956742 -4.404555 -0.400000
v -3.950783 -4.421531 -0.400000
v -3.944677 -4.439528 -0.400000
v -3.938419 -4.458649 -0.400000
v -3.932001 -4.479000 -0.400000
v -3.914722 -4.534423 -0.400000
v -3.892436 -4.604889 -0.400000
v -3.865970 -4.687687 -0.400000
v -3.836149 -4.780111 -0.400000
v -3.803801 -4.879451 -0.400000
v -3.769751 -4.983000 -0.400000
v -3.734826 -5.088048 -0.400000
v -3.699853 -5.191889 -0.400000
v -3.665657 -5.291812 -0.400000
v -3.633066 -5.385111 -0.400000
v -3.602905 -5.469076 -0.400000
v -3.576001 -5.541000 -0.400000
v -3.651229 -5.533723 -0.400000
v -3.729325 -5.525953 -0.400000
v -3.809407 -5.517781 -0.400000
v -3.890594 -5.509296 -0.400000
v -3.972002 -5.500589 -0.400000
v -4.052751 -5.491750 -0.400000
v -4.131958 -5.482869 -0.400000
v -4.208742 -5.474037 -0.400000
v -4.282220 -5.465343 -0.400000
v -4.351511 -5.456880 -0.400000
v -4.415732 -5.448735 -0.400000
v -4.474001 -5.441000 -0.400000
v -4.453808 -5.401575 -0.400000
v -4.433289 -5.362435 -0.400000
v -4.412533 -5.323781 -0.400000
v -4.391631 -5.285815 -0.400000
v -4.370674 -5.248737 -0.400000
v -4.349751 -5.212750 -0.400000
v -4.328954 -5.178054 -0.400000
v -4.308372 -5.144852 -0.400000
v -4.288095 -5.113344 -0.400000
v -4.268215 -5.083732 -0.400000
v -4.248820 -5.056216 -0.400000
v -4.230001 -5.031000 -0.400000
v -4.380001 -4.963000 -0.400000
v -4.416963 -5.018356 -0.400000
v -4.456362 -5.080519 -0.400000
v -4.497469 -5.148125 -0.400000
v -4.539556 -5.219815 -0.400000
v -4.581893 -5.294227 -0.400000
v -4.623751 -5.370000 -0.400000
v -4.664400 -5.445773 -0.400000
v -4.703112 -5.520185 -0.400000
v -4.739157 -5.591875 -0.400000
v -4.771807 -5.659482 -0.400000
v -4.800331 -5.721643 -0.400000
v -4.824001 -5.777000 -0.400000
v -4.656001 -5.853000 -0.400000
v -4.649254 -5.834591 -0.400000
v -4.642020 -5.815398 -0.400000
v -4.634314 -5.795468 -0.400000
v -4.626150 -5.774852 -0.400000
v -4.617541 -5.753596 -0.400000
v -4.608501 -5.731750 -0.400000
v -4.599045 -5.709362 -0.400000
v -4.589187 -5.686481 -0.400000
v -4.578939 -5.663156 -0.400000
v -4.568316 -5.639435 -0.400000
v -4.557333 -5.615367 -0.400000
v -4.546001 -5.591000 -0.400000
v -4.461902 -5.601660 -0.400000
v -4.365372 -5.613444 -0.400000
v -4.259064 -5.626062 -0.400000
v -4.145631 -5.639222 -0.400000
v -4.027726 -5.652632 -0.400000
v -3.908001 -5.666000 -0.400000
v -3.789110 -5.679035 -0.400000
v -3.673705 -5.691444 -0.400000
v -3.564439 -5.702937 -0.400000
v -3.463964 -5.713222 -0.400000
v -3.374934 -5.722007 -0.400000
v -3.300001 -5.729000 -0.400000
v -3.287339 -5.730120 -0.400000
v -3.274372 -5.731462 -0.400000
v -3.261126 -5.733000 -0.400000
v -3.247631 -5.734704 -0.400000
v -3.233913 -5.736546 -0.400000
v -3.220001 -5.738500 -0.400000
v -3.205923 -5.740537 -0.400000
v -3.191705 -5.742630 -0.400000
v -3.177376 -5.744750 -0.400000
v -3.162964 -5.746870 -0.400000
v -3.148497 -5.748963 -0.400000
v -3.134001 -5.751000 -0.400000
v -3.104001 -5.565000 -0.400000
v -3.119157 -5.565419 -0.400000
v -3.134584 -5.565685 -0.400000
v -3.150220 -5.565813 -0.400000
v -3.166001 -5.565815 -0.400000
v -3.181866 -5.565706 -0.400000
v -3.197751 -5.565500 -0.400000
v -3.213595 -5.565210 -0.400000
v -3.229335 -5.564852 -0.400000
v -3.244908 -5.564437 -0.400000
v -3.260251 -5.563982 -0.400000
v -3.275303 -5.563498 -0.400000
v -3.290001 -5.563000 -0.400000
v -3.390001 -5.557000 -0.400000
v -1.487830 -4.929000 -0.400000
v -1.560298 -4.929000 -0.400000
v -1.650876 -4.929000 -0.400000
v -1.755038 -4.929000 -0.400000
v -1.868256 -4.929000 -0.400000
v -1.986001 -4.929000 -0.400000
v -2.103747 -4.929000 -0.400000
v -2.216964 -4.929000 -0.400000
v -2.321126 -4.929000 -0.400000
v -2.411705 -4.929000 -0.400000
v -2.484173 -4.929000 -0.400000
v -2.534001 -4.929000 -0.400000
v -2.558418 -4.928880 -0.400000
v -2.581668 -4.928537 -0.400000
v -2.603751 -4.928000 -0.400000
v -2.624668 -4.927297 -0.400000
v -2.644418 -4.926454 -0.400000
v -2.663001 -4.925500 -0.400000
v -2.680418 -4.924463 -0.400000
v -2.696668 -4.923370 -0.400000
v -2.711751 -4.922250 -0.400000
v -2.725668 -4.921130 -0.400000
v -2.738418 -4.920037 -0.400000
v -2.750001 -4.919000 -0.400000
v -2.750001 -5.115000 -0.400000
v -2.739106 -5.114383 -0.400000
v -2.726510 -5.113565 -0.400000
v -2.712345 -5.112594 -0.400000
v -2.696742 -5.111518 -0.400000
v -2.679833 -5.110388 -0.400000
v -2.661751 -5.109250 -0.400000
v -2.642627 -5.108154 -0.400000
v -2.622594 -5.107148 -0.400000
v -2.601782 -5.106281 -0.400000
v -2.580325 -5.105602 -0.400000
v -2.558354 -5.105159 -0.400000
v -2.536001 -5.105000 -0.400000
v -2.485751 -5.105000 -0.400000
v -2.413001 -5.105000 -0.400000
v -2.322251 -5.105000 -0.400000
v -2.218001 -5.105000 -0.400000
v -2.104751 -5.105000 -0.400000
v -1.987001 -5.105000 -0.400000
v -1.869251 -5.105000 -0.400000
v -1.756001 -5.105000 -0.400000
v -1.651751 -5.105000 -0.400000
v -1.561001 -5.105000 -0.400000
v -1.488251 -5.105000 -0.400000
v -1.438001 -5.105000 -0.400000
v -1.410608 -5.105082 -0.400000
v -1.383520 -5.105324 -0.400000
v -1.356876 -5.105719 -0.400000
v -1.330816 -5.106259 -0.400000
v -1.305478 -5.106938 -0.400000
v -1.281001 -5.107750 -0.400000
v -1.257524 -5.108686 -0.400000
v -1.235187 -5.109741 -0.400000
v -1.214126 -5.110906 -0.400000
v -1.194483 -5.112176 -0.400000
v -1.176395 -5.113543 -0.400000
v -1.160001 -5.115000 -0.400000
v -1.160001 -4.919000 -0.400000
v -1.175936 -4.920036 -0.400000
v -1.193649 -4.921129 -0.400000
v -1.213001 -4.922250 -0.400000
v -1.233853 -4.923370 -0.400000
v -1.256066 -4.924462 -0.400000
v -1.279501 -4.925500 -0.400000
v -1.304020 -4.926454 -0.400000
v -1.329483 -4.927296 -0.400000
v -1.355751 -4.927999 -0.400000
v -1.382686 -4.928537 -0.400000
v -1.410149 -4.928880 -0.400000
v -1.438001 -4.929000 -0.400000
v -0.532001 -4.527000 -0.400000
v -0.521442 -4.506215 -0.400000
v -0.509863 -4.484056 -0.400000
v -0.497408 -4.460813 -0.400000
v -0.484224 -4.436778 -0.400000
v -0.470456 -4.412243 -0.400000
v -0.456251 -4.387500 -0.400000
v -0.441755 -4.362841 -0.400000
v -0.427112 -4.338555 -0.400000
v -0.412470 -4.314938 -0.400000
v -0.397974 -4.292278 -0.400000
v -0.383769 -4.270868 -0.400000
v -0.370001 -4.251000 -0.400000
v -0.476001 -4.205000 -0.400000
v -0.488968 -4.223989 -0.400000
v -0.502733 -4.244740 -0.400000
v -0.517095 -4.266937 -0.400000
v -0.531853 -4.290259 -0.400000
v -0.546806 -4.314386 -0.400000
v -0.561751 -4.339000 -0.400000
v -0.576489 -4.363780 -0.400000
v -0.590816 -4.388407 -0.400000
v -0.604533 -4.412562 -0.400000
v -0.617437 -4.435925 -0.400000
v -0.629327 -4.458178 -0.400000
v -0.640001 -4.479000 -0.400000
v -0.756001 -4.445000 -0.400000
v -0.744600 -4.422956 -0.400000
v -0.732455 -4.399981 -0.400000
v -0.719658 -4.376312 -0.400000
v -0.706298 -4.352185 -0.400000
v -0.692465 -4.327836 -0.400000
v -0.678251 -4.303500 -0.400000
v -0.663746 -4.279414 -0.400000
v -0.649038 -4.255815 -0.400000
v -0.634220 -4.232938 -0.400000
v -0.619381 -4.211019 -0.400000
v -0.604611 -4.190294 -0.400000
v -0.590001 -4.171000 -0.400000
v -0.696001 -4.125000 -0.400000
v -0.709505 -4.144484 -0.400000
v -0.723863 -4.165704 -0.400000
v -0.738845 -4.188313 -0.400000
v -0.754224 -4.211963 -0.400000
v -0.769769 -4.236308 -0.400000
v -0.785251 -4.261000 -0.400000
v -0.800442 -4.285692 -0.400000
v -0.815113 -4.310037 -0.400000
v -0.829033 -4.333687 -0.400000
v -0.841974 -4.356296 -0.400000
v -0.853706 -4.377516 -0.400000
v -0.864001 -4.397000 -0.400000
v 0.305084 -4.433784 -0.400000
v 0.310351 -4.449101 -0.400000
v 0.315811 -4.464906 -0.400000
v 0.321480 -4.481148 -0.400000
v 0.327371 -4.497778 -0.400000
v 0.333499 -4.514750 -0.400000
v 0.339876 -4.532012 -0.400000
v 0.346517 -4.549518 -0.400000
v 0.353436 -4.567218 -0.400000
v 0.360647 -4.585064 -0.400000
v 0.368163 -4.603008 -0.400000
v 0.375999 -4.621000 -0.400000
v -0.570001 -4.621000 -0.400000
v -0.582637 -4.620956 -0.400000
v -0.596418 -4.620815 -0.400000
v -0.611158 -4.620563 -0.400000
v -0.626668 -4.620185 -0.400000
v -0.642762 -4.619669 -0.400000
v -0.659251 -4.619000 -0.400000
v -0.675949 -4.618165 -0.400000
v -0.692668 -4.617148 -0.400000
v -0.709220 -4.615938 -0.400000
v -0.725418 -4.614519 -0.400000
v -0.741074 -4.612877 -0.400000
v -0.756001 -4.611000 -0.400000
v -0.756001 -4.783000 -0.400000
v -0.740196 -4.782042 -0.400000
v -0.723890 -4.781167 -0.400000
v -0.707251 -4.780375 -0.400000
v -0.690446 -4.779666 -0.400000
v -0.673640 -4.779041 -0.400000
v -0.657001 -4.778500 -0.400000
v -0.640696 -4.778042 -0.400000
v -0.624890 -4.777667 -0.400000
v -0.609751 -4.777375 -0.400000
v -0.595446 -4.777166 -0.400000
v -0.582140 -4.777041 -0.400000
v -0.570001 -4.777000 -0.400000
v -0.230001 -4.777000 -0.400000
v -0.218043 -4.915113 -0.400000
v -0.198335 -5.043741 -0.400000
v -0.171126 -5.163312 -0.400000
v -0.136668 -5.274259 -0.400000
v -0.095210 -5.377011 -0.400000
v -0.047001 -5.472000 -0.400000
v 0.007707 -5.559655 -0.400000
v 0.068665 -5.640408 -0.400000
v 0.135624 -5.714687 -0.400000
v 0.208332 -5.782926 -0.400000
v 0.286540 -5.845553 -0.400000
v 0.369999 -5.903000 -0.400000
v 0.539999 -5.787000 -0.400000
v 0.525467 -5.781256 -0.400000
v 0.510915 -5.775046 -0.400000
v 0.496405 -5.768406 -0.400000
v 0.481999 -5.761370 -0.400000
v 0.467759 -5.753973 -0.400000
v 0.453749 -5.746250 -0.400000
v 0.440030 -5.738235 -0.400000
v 0.426665 -5.729963 -0.400000
v 0.413717 -5.721469 -0.400000
v 0.401249 -5.712787 -0.400000
v 0.389322 -5.703952 -0.400000
v 0.377999 -5.695000 -0.400000
v 0.328701 -5.655548 -0.400000
v 0.279286 -5.610888 -0.400000
v 0.230467 -5.560562 -0.400000
v 0.182962 -5.504111 -0.400000
v 0.137484 -5.441076 -0.400000
v 0.094749 -5.371000 -0.400000
v 0.055472 -5.293424 -0.400000
v 0.020369 -5.207889 -0.400000
v -0.009845 -5.113937 -0.400000
v -0.034455 -5.011111 -0.400000
v -0.052746 -4.898952 -0.400000
v -0.064001 -4.777000 -0.400000
v 0.449999 -4.777000 -0.400000
v 0.471121 -4.815098 -0.400000
v 0.494313 -4.854120 -0.400000
v 0.519311 -4.893656 -0.400000
v 0.545850 -4.933296 -0.400000
v 0.573668 -4.972631 -0.400000
v 0.602499 -5.011250 -0.400000
v 0.632080 -5.048744 -0.400000
v 0.662147 -5.084703 -0.400000
v 0.692436 -5.118719 -0.400000
v 0.722684 -5.150380 -0.400000
v 0.752626 -5.179276 -0.400000
v 0.781999 -5.205000 -0.400000
v 0.939999 -5.111000 -0.400000
v 0.904081 -5.083022 -0.400000
v 0.868489 -5.051509 -0.400000
v 0.833467 -5.017094 -0.400000
v 0.799258 -4.980407 -0.400000
v 0.766104 -4.942082 -0.400000
v 0.734249 -4.902750 -0.400000
v 0.703935 -4.863043 -0.400000
v 0.675406 -4.823592 -0.400000
v 0.648905 -4.785031 -0.400000
v 0.624675 -4.747991 -0.400000
v 0.602958 -4.713103 -0.400000
v 0.583999 -4.681000 -0.400000
v 0.570871 -4.655973 -0.400000
v 0.558480 -4.630954 -0.400000
v 0.546811 -4.606031 -0.400000
v 0.535850 -4.581296 -0.400000
v 0.525584 -4.556839 -0.400000
v 0.515999 -4.532750 -0.400000
v 0.507080 -4.509119 -0.400000
v 0.498813 -4.486037 -0.400000
v 0.491186 -4.463593 -0.400000
v 0.484184 -4.441879 -0.400000
v 0.477793 -4.420985 -0.400000
v 0.471999 -4.401000 -0.400000
v 0.468124 -4.387921 -0.400000
v 0.464499 -4.374704 -0.400000
v 0.461124 -4.361375 -0.400000
v 0.457999 -4.347963 -0.400000
v 0.455124 -4.334496 -0.400000
v 0.452499 -4.321000 -0.400000
v 0.450124 -4.307505 -0.400000
v 0.447999 -4.294037 -0.400000
v 0.446124 -4.280625 -0.400000
v 0.444499 -4.267296 -0.400000
v 0.443124 -4.254079 -0.400000
v 0.441999 -4.241000 -0.400000
v 0.247999 -4.279000 -0.400000
v 0.252536 -4.290654 -0.400000
v 0.257128 -4.302565 -0.400000
v 0.261749 -4.314656 -0.400000
v 0.266369 -4.326852 -0.400000
v 0.270962 -4.339075 -0.400000
v 0.275499 -4.351250 -0.400000
v 0.279952 -4.363299 -0.400000
v 0.284295 -4.375148 -0.400000
v 0.288499 -4.386719 -0.400000
v 0.292536 -4.397935 -0.400000
v 0.296378 -4.408721 -0.400000
v 0.299999 -4.419000 -0.400000
v 2.670482 -4.455019 -0.400000
v 2.623527 -4.450149 -0.400000
v 2.568030 -4.444500 -0.400000
v 2.504888 -4.438186 -0.400000
v 2.434995 -4.431315 -0.400000
v 2.359249 -4.424000 -0.400000
v 2.278544 -4.416352 -0.400000
v 2.193777 -4.408482 -0.400000
v 2.105843 -4.400500 -0.400000
v 2.015638 -4.392519 -0.400000
v 1.924058 -4.384648 -0.400000
v 1.831999 -4.377000 -0.400000
v 1.778137 -4.372625 -0.400000
v 1.725610 -4.368500 -0.400000
v 1.674499 -4.364625 -0.400000
v 1.624887 -4.361000 -0.400000
v 1.576860 -4.357625 -0.400000
v 1.530499 -4.354500 -0.400000
v 1.485888 -4.351624 -0.400000
v 1.443110 -4.349000 -0.400000
v 1.402249 -4.346625 -0.400000
v 1.363387 -4.344500 -0.400000
v 1.326610 -4.342625 -0.400000
v 1.291999 -4.341000 -0.400000
v 1.291999 -4.501000 -0.400000
v 1.321712 -4.501057 -0.400000
v 1.353536 -4.501287 -0.400000
v 1.386999 -4.501781 -0.400000
v 1.421628 -4.502629 -0.400000
v 1.456952 -4.503922 -0.400000
v 1.492499 -4.505750 -0.400000
v 1.527795 -4.508203 -0.400000
v 1.562369 -4.511370 -0.400000
v 1.595749 -4.515344 -0.400000
v 1.627462 -4.520213 -0.400000
v 1.657036 -4.526068 -0.400000
v 1.683999 -4.533000 -0.400000
v 1.752670 -4.560256 -0.400000
v 1.816536 -4.595379 -0.400000
v 1.875374 -4.637406 -0.400000
v 1.928962 -4.685370 -0.400000
v 1.977077 -4.738307 -0.400000
v 2.019499 -4.795250 -0.400000
v 2.056003 -4.855235 -0.400000
v 2.086369 -4.917296 -0.400000
v 2.110374 -4.980469 -0.400000
v 2.127795 -5.043787 -0.400000
v 2.138411 -5.106286 -0.400000
v 2.141999 -5.167000 -0.400000
v 2.134648 -5.259048 -0.400000
v 2.113527 -5.340546 -0.400000
v 2.080030 -5.412031 -0.400000
v 2.035554 -5.474037 -0.400000
v 1.981495 -5.527098 -0.400000
v 1.919249 -5.571750 -0.400000
v 1.850211 -5.608527 -0.400000
v 1.775777 -5.637963 -0.400000
v 1.697342 -5.660594 -0.400000
v 1.616304 -5.676954 -0.400000
v 1.534058 -5.687577 -0.400000
v 1.451999 -5.693000 -0.400000
v 1.509999 -5.859000 -0.400000
v 1.603307 -5.851629 -0.400000
v 1.697137 -5.836370 -0.400000
v 1.789842 -5.813000 -0.400000
v 1.879776 -5.781296 -0.400000
v 1.965294 -5.741037 -0.400000
v 2.044749 -5.692000 -0.400000
v 2.116495 -5.633963 -0.400000
v 2.178888 -5.566704 -0.400000
v 2.230280 -5.490000 -0.400000
v 2.269027 -5.403629 -0.400000
v 2.293481 -5.307370 -0.400000
v 2.301999 -5.201000 -0.400000
v 2.298153 -5.124258 -0.400000
v 2.287072 -5.050231 -0.400000
v 2.269436 -4.979218 -0.400000
v 2.245924 -4.911518 -0.400000
v 2.217218 -4.847429 -0.400000
v 2.183998 -4.787250 -0.400000
v 2.146945 -4.731278 -0.400000
v 2.106739 -4.679814 -0.400000
v 2.064061 -4.633156 -0.400000
v 2.019591 -4.591601 -0.400000
v 1.974010 -4.555450 -0.400000
v 1.927999 -4.525000 -0.400000
v 1.987324 -4.531485 -0.400000
v 2.056934 -4.538879 -0.400000
v 2.134780 -4.547093 -0.400000
v 2.218814 -4.556037 -0.400000
v 2.306986 -4.565619 -0.400000
v 2.397249 -4.575750 -0.400000
v 2.487553 -4.586339 -0.400000
v 2.575851 -4.597296 -0.400000
v 2.660093 -4.608531 -0.400000
v 2.738230 -4.619954 -0.400000
v 2.808215 -4.631474 -0.400000
v 2.867999 -4.643000 -0.400000
v 2.885999 -4.469000 -0.400000
v 2.867257 -4.468459 -0.400000
v 2.849064 -4.467843 -0.400000
v 2.831468 -4.467156 -0.400000
v 2.814517 -4.466407 -0.400000
v 2.798262 -4.465603 -0.400000
v 2.782749 -4.464750 -0.400000
v 2.768028 -4.463855 -0.400000
v 2.754147 -4.462926 -0.400000
v 2.741155 -4.461968 -0.400000
v 2.729101 -4.460990 -0.400000
v 2.718032 -4.459999 -0.400000
v 2.707999 -4.459000 -0.400000
v 1.517999 -5.073000 -0.400000
v 1.529743 -5.048851 -0.400000
v 1.541952 -5.024472 -0.400000
v 1.554592 -4.999969 -0.400000
v 1.567628 -4.975445 -0.400000
v 1.581025 -4.951004 -0.400000
v 1.594749 -4.926750 -0.400000
v 1.608764 -4.902788 -0.400000
v 1.623036 -4.879222 -0.400000
v 1.637530 -4.856156 -0.400000
v 1.652212 -4.833694 -0.400000
v 1.667046 -4.811941 -0.400000
v 1.681999 -4.791000 -0.400000
v 1.579999 -4.747000 -0.400000
v 1.567911 -4.764654 -0.400000
v 1.554795 -4.784398 -0.400000
v 1.540874 -4.805906 -0.400000
v 1.526369 -4.828852 -0.400000
v 1.511503 -4.852908 -0.400000
v 1.496499 -4.877750 -0.400000
v 1.481577 -4.903049 -0.400000
v 1.466962 -4.928481 -0.400000
v 1.452874 -4.953719 -0.400000
v 1.439536 -4.978435 -0.400000
v 1.427170 -5.002304 -0.400000
v 1.415999 -5.025000 -0.400000
v 1.291999 -4.989000 -0.400000
v 1.304204 -4.964508 -0.400000
v 1.316804 -4.940065 -0.400000
v 1.329780 -4.915719 -0.400000
v 1.343110 -4.891519 -0.400000
v 1.356773 -4.867513 -0.400000
v 1.370749 -4.843750 -0.400000
v 1.385016 -4.820279 -0.400000
v 1.399554 -4.797148 -0.400000
v 1.414342 -4.774406 -0.400000
v 1.429360 -4.752102 -0.400000
v 1.444585 -4.730284 -0.400000
v 1.459999 -4.709000 -0.400000
v 1.361999 -4.663000 -0.400000
v 1.349370 -4.680614 -0.400000
v 1.335638 -4.700250 -0.400000
v 1.321030 -4.721593 -0.400000
v 1.305776 -4.744333 -0.400000
v 1.290106 -4.768156 -0.400000
v 1.274249 -4.792750 -0.400000
v 1.258433 -4.817802 -0.400000
v 1.242888 -4.843000 -0.400000
v 1.227842 -4.868032 -0.400000
v 1.213526 -4.892583 -0.400000
v 1.200169 -4.916344 -0.400000
v 1.187999 -4.939000 -0.400000
v 4.512170 -4.929000 -0.400000
v 4.439703 -4.929000 -0.400000
v 4.349124 -4.929000 -0.400000
v 4.244962 -4.929000 -0.400000
v 4.131744 -4.929000 -0.400000
v 4.013999 -4.929000 -0.400000
v 3.896253 -4.929000 -0.400000
v 3.783036 -4.929000 -0.400000
v 3.678874 -4.929000 -0.400000
v 3.588295 -4.929000 -0.400000
v 3.515827 -4.929000 -0.400000
v 3.465999 -4.929000 -0.400000
v 3.441582 -4.928880 -0.400000
v 3.418332 -4.928537 -0.400000
v 3.396249 -4.928000 -0.400000
v 3.375332 -4.927297 -0.400000
v 3.355582 -4.926454 -0.400000
v 3.336999 -4.925500 -0.400000
v 3.319582 -4.924463 -0.400000
v 3.303332 -4.923370 -0.400000
v 3.288249 -4.922250 -0.400000
v 3.274332 -4.921130 -0.400000
v 3.261582 -4.920037 -0.400000
v 3.249999 -4.919000 -0.400000
v 3.249999 -5.115000 -0.400000
v 3.260894 -5.114383 -0.400000
v 3.273490 -5.113565 -0.400000
v 3.287655 -5.112594 -0.400000
v 3.303258 -5.111518 -0.400000
v 3.320167 -5.110388 -0.400000
v 3.338249 -5.109250 -0.400000
v 3.357373 -5.108154 -0.400000
v 3.377406 -5.107148 -0.400000
v 3.398218 -5.106281 -0.400000
v 3.419675 -5.105602 -0.400000
v 3.441646 -5.105159 -0.400000
v 3.463999 -5.105000 -0.400000
v 3.514249 -5.105000 -0.400000
v 3.586999 -5.105000 -0.400000
v 3.677749 -5.105000 -0.400000
v 3.781999 -5.105000 -0.400000
v 3.895249 -5.105000 -0.400000
v 4.012999 -5.105000 -0.400000
v 4.130749 -5.105000 -0.400000
v 4.243999 -5.105000 -0.400000
v 4.348248 -5.105000 -0.400000
v 4.438999 -5.105000 -0.400000
v 4.511749 -5.105000 -0.400000
v 4.561999 -5.105000 -0.400000
v 4.589393 -5.105082 -0.400000
v 4.616480 -5.105324 -0.400000
v 4.643124 -5.105719 -0.400000
v 4.669184 -5.106259 -0.400000
v 4.694522 -5.106938 -0.400001
v 4.718999 -5.107750 -0.400001
v 4.742476 -5.108686 -0.400001
v 4.764814 -5.109741 -0.400001
v 4.785874 -5.110906 -0.400001
v 4.805517 -5.112176 -0.400001
v 4.823605 -5.113543 -0.400001
v 4.839999 -5.115000 -0.400001
v 4.839999 -4.919000 -0.400001
v 4.824064 -4.920036 -0.400001
v 4.806351 -4.921129 -0.400001
v 4.786999 -4.922250 -0.400001
v 4.766147 -4.923370 -0.400001
v 4.743934 -4.924462 -0.400001
v 4.720499 -4.925500 -0.400001
v 4.695981 -4.926454 -0.400001
v 4.670517 -4.927296 -0.400001
v 4.644249 -4.927999 -0.400001
v 4.617314 -4.928537 -0.400001
v 4.589851 -4.928880 -0.400001
v 4.561999 -4.929000 -0.400000
v 6.626604 -5.215094 -0.400001
v 6.594666 -5.210417 -0.400001
v 6.558562 -5.205031 -0.400001
v 6.518666 -5.199000 -0.400001
v 6.475353 -5.192386 -0.400001
v 6.428999 -5.185250 -0.400001
v 6.379978 -5.177656 -0.400001
v 6.328666 -5.169667 -0.400001
v 6.275436 -5.161344 -0.400001
v 6.220665 -5.152750 -0.400001
v 6.164728 -5.143948 -0.400001
v 6.107999 -5.135000 -0.400001
v 6.187999 -4.733000 -0.400001
v 6.627999 -4.805000 -0.400001
v 6.641805 -4.807502 -0.400001
v 6.655277 -4.810019 -0.400001
v 6.668499 -4.812562 -0.400001
v 6.681554 -4.815148 -0.400001
v 6.694527 -4.817789 -0.400001
v 6.707499 -4.820499 -0.400001
v 6.720554 -4.823294 -0.400001
v 6.733777 -4.826185 -0.400001
v 6.747249 -4.829187 -0.400001
v 6.761054 -4.832314 -0.400001
v 6.775276 -4.835581 -0.400001
v 6.789999 -4.839000 -0.400001
v 6.823999 -4.659000 -0.400001
v 6.811452 -4.658457 -0.400001
v 6.798786 -4.657824 -0.400001
v 6.785968 -4.657094 -0.400001
v 6.772962 -4.656260 -0.400001
v 6.759734 -4.655313 -0.400001
v 6.746249 -4.654250 -0.400001
v 6.732472 -4.653061 -0.400001
v 6.718369 -4.651741 -0.400001
v 6.703905 -4.650281 -0.400001
v 6.689045 -4.648676 -0.400001
v 6.673754 -4.646918 -0.400001
v 6.657999 -4.645000 -0.400001
v 6.636547 -4.642633 -0.400001
v 6.611379 -4.639565 -0.400001
v 6.582780 -4.635844 -0.400001
v 6.551036 -4.631518 -0.400001
v 6.516431 -4.626637 -0.400001
v 6.479249 -4.621250 -0.400001
v 6.439775 -4.615404 -0.400001
v 6.398295 -4.609148 -0.400001
v 6.355093 -4.602531 -0.400001
v 6.310452 -4.595602 -0.400001
v 6.264659 -4.588408 -0.400001
v 6.217999 -4.581000 -0.400001
v 6.259999 -4.371000 -0.400001
v 6.262580 -4.358164 -0.400001
v 6.265314 -4.345648 -0.400001
v 6.268186 -4.333437 -0.400001
v 6.271184 -4.321518 -0.400001
v 6.274293 -4.309877 -0.400001
v 6.277499 -4.298500 -0.400001
v 6.280788 -4.287373 -0.400001
v 6.284147 -4.276482 -0.400001
v 6.287561 -4.265812 -0.400001
v 6.291017 -4.255352 -0.400001
v 6.294501 -4.245086 -0.400001
v 6.297998 -4.235000 -0.400001
v 6.117999 -4.203000 -0.400001
v 6.117338 -4.212857 -0.400001
v 6.116387 -4.223361 -0.400001
v 6.115186 -4.234406 -0.400001
v 6.113776 -4.245889 -0.400001
v 6.112200 -4.257705 -0.400001
v 6.110498 -4.269750 -0.400001
v 6.108714 -4.281920 -0.400001
v 6.106887 -4.294111 -0.400001
v 6.105061 -4.306219 -0.400001
v 6.103276 -4.318139 -0.400001
v 6.101575 -4.329767 -0.400001
v 6.099998 -4.341000 -0.400001
v 6.057999 -4.557000 -0.400001
v 6.009759 -4.549048 -0.400001
v 5.962248 -4.541222 -0.400001
v 5.915780 -4.533562 -0.400001
v 5.870665 -4.526111 -0.400001
v 5.827217 -4.518909 -0.400001
v 5.785748 -4.512000 -0.400001
v 5.746572 -4.505424 -0.400001
v 5.709999 -4.499222 -0.400001
v 5.676342 -4.493437 -0.400001
v 5.645916 -4.488111 -0.400001
v 5.619030 -4.483284 -0.400001
v 5.595999 -4.479000 -0.400001
v 5.581670 -4.476420 -0.400001
v 5.567703 -4.473703 -0.400001
v 5.554124 -4.470875 -0.400001
v 5.540962 -4.467962 -0.400001
v 5.528244 -4.464995 -0.400001
v 5.515999 -4.462000 -0.400001
v 5.504253 -4.459004 -0.400001
v 5.493036 -4.456037 -0.400001
v 5.482374 -4.453125 -0.400001
v 5.472295 -4.450296 -0.400001
v 5.462827 -4.447578 -0.400001
v 5.453999 -4.445000 -0.400001
v 5.419999 -4.613000 -0.400001
v 5.428142 -4.614081 -0.400001
v 5.437471 -4.615314 -0.400001
v 5.447843 -4.616687 -0.400001
v 5.459110 -4.618185 -0.400001
v 5.471128 -4.619794 -0.400001
v 5.483749 -4.621500 -0.400001
v 5.496829 -4.623289 -0.400001
v 5.510221 -4.625148 -0.400001
v 5.523780 -4.627062 -0.400001
v 5.537360 -4.629018 -0.400001
v 5.550815 -4.631002 -0.400001
v 5.563999 -4.633000 -0.400001
v 6.029999 -4.707000 -0.400001
v 5.949999 -5.109000 -0.400001
v 5.457999 -5.025000 -0.400001
v 5.438951 -5.021081 -0.400001
v 5.420786 -5.017314 -0.400001
v 5.403468 -5.013687 -0.400001
v 5.386962 -5.010185 -0.400001
v 5.371234 -5.006794 -0.400001
v 5.356249 -5.003500 -0.400001
v 5.341972 -5.000289 -0.400001
v 5.328369 -4.997148 -0.400001
v 5.315405 -4.994062 -0.400001
v 5.303045 -4.991018 -0.400001
v 5.291255 -4.988002 -0.400001
v 5.279999 -4.985000 -0.400001
v 5.247999 -5.153000 -0.400001
v 5.258950 -5.154122 -0.400001
v 5.270776 -5.155481 -0.400001
v 5.283436 -5.157063 -0.400001
v 5.296887 -5.158852 -0.400001
v 5.311089 -5.160835 -0.400001
v 5.325998 -5.163000 -0.400001
v 5.341575 -5.165331 -0.400001
v 5.357776 -5.167815 -0.400001
v 5.374561 -5.170437 -0.400001
v 5.391887 -5.173185 -0.400001
v 5.409714 -5.176044 -0.400001
v 5.427999 -5.179000 -0.400001
v 5.919999 -5.257000 -0.400001
v 5.837998 -5.659000 -0.400001
v 5.834457 -5.673696 -0.400001
v 5.830832 -5.688731 -0.400001
v 5.827124 -5.704031 -0.400001
v 5.823332 -5.719519 -0.400001
v 5.819457 -5.735117 -0.400001
v 5.815499 -5.750750 -0.400001
v 5.811457 -5.766341 -0.400001
v 5.807332 -5.781815 -0.400001
v 5.803123 -5.797094 -0.400001
v 5.798832 -5.812102 -0.400001
v 5.794457 -5.826763 -0.400001
v 5.789999 -5.841000 -0.400001
v 5.971999 -5.875000 -0.400001
v 5.974423 -5.858162 -0.400001
v 5.976721 -5.841630 -0.400001
v 5.978937 -5.825375 -0.400001
v 5.981110 -5.809370 -0.400001
v 5.983284 -5.793588 -0.400001
v 5.985499 -5.778000 -0.400001
v 5.987798 -5.762578 -0.400001
v 5.990222 -5.747296 -0.400001
v 5.992812 -5.732125 -0.400001
v 5.995610 -5.717037 -0.400001
v 5.998659 -5.702004 -0.400001
v 6.001999 -5.687000 -0.400001
v 6.079998 -5.283000 -0.400001
v 6.136188 -5.292449 -0.400001
v 6.191517 -5.301759 -0.400001
v 6.245624 -5.310875 -0.400001
v 6.298147 -5.319741 -0.400001
v 6.348725 -5.328301 -0.400001
v 6.396998 -5.336500 -0.400001
v 6.442605 -5.344282 -0.400001
v 6.485184 -5.351593 -0.400001
v 6.524374 -5.358375 -0.400001
v 6.559813 -5.364574 -0.400001
v 6.591142 -5.370134 -0.400001
v 6.617999 -5.375000 -0.400001
v 6.637045 -5.378420 -0.400001
v 6.655203 -5.381694 -0.400001
v 6.672499 -5.384844 -0.400001
v 6.688962 -5.387889 -0.400001
v 6.704619 -5.390851 -0.400001
v 6.719499 -5.393750 -0.400001
v 6.733629 -5.396607 -0.400001
v 6.747036 -5.399445 -0.400001
v 6.759749 -5.402281 -0.400001
v 6.771795 -5.405139 -0.400001
v 6.783203 -5.408038 -0.400001
v 6.793999 -5.411000 -0.400001
v 6.829998 -5.237000 -0.400001
v 6.817865 -5.236379 -0.400001
v 6.804600 -5.235528 -0.400001
v 6.790405 -5.234469 -0.400001
v 6.775480 -5.233222 -0.400001
v 6.760028 -5.231809 -0.400001
v 6.744249 -5.230250 -0.400001
v 6.728345 -5.228566 -0.400001
v 6.712517 -5.226778 -0.400001
v 6.696968 -5.224906 -0.400001
v 6.681897 -5.222972 -0.400001
v 6.667507 -5.220996 -0.400001
v 6.653999 -5.219000 -0.400001
v 7.697999 -4.597000 -0.400001
v 7.697999 -5.009000 -0.400001
v 7.139998 -5.009000 -0.400001
v 7.139998 -5.185000 -0.400001
v 7.697999 -5.185000 -0.400001
v 7.697999 -5.609000 -0.400001
v 7.101999 -5.609000 -0.400001
v 7.101999 -5.785000 -0.400001
v 7.893999 -5.785000 -0.400001
v 7.893999 -4.421000 -0.400001
v 7.119999 -4.421000 -0.400001
v 7.119999 -4.597000 -0.400001
v 8.189521 -4.701619 -0.400001
v 8.230175 -4.680453 -0.400001
v 8.270093 -4.661469 -0.400001
v 8.309406 -4.644629 -0.400001
v 8.348248 -4.629901 -0.400001
v 8.386748 -4.617249 -0.400001
v 8.425041 -4.606640 -0.400001
v 8.463258 -4.598037 -0.400001
v 8.501530 -4.591406 -0.400001
v 8.539989 -4.586713 -0.400001
v 8.578769 -4.583922 -0.400001
v 8.617999 -4.583000 -0.400001
v 8.694243 -4.587542 -0.400001
v 8.766627 -4.600834 -0.400001
v 8.834622 -4.622375 -0.400001
v 8.897701 -4.651667 -0.400001
v 8.955336 -4.688209 -0.400001
v 9.006998 -4.731500 -0.400001
v 9.052160 -4.781042 -0.400001
v 9.090295 -4.836333 -0.400001
v 9.120873 -4.896875 -0.400001
v 9.143369 -4.962167 -0.400001
v 9.157253 -5.031708 -0.400001
v 9.161999 -5.105000 -0.400001
v 9.157401 -5.179473 -0.400001
v 9.143888 -5.249620 -0.400001
v 9.121874 -5.315031 -0.400001
v 9.091777 -5.375296 -0.400001
v 9.054013 -5.430006 -0.400001
v 9.009000 -5.478750 -0.400001
v 8.957152 -5.521119 -0.400001
v 8.898889 -5.556704 -0.400001
v 8.834624 -5.585093 -0.400001
v 8.764777 -5.605880 -0.400001
v 8.689763 -5.618651 -0.400001
v 8.609999 -5.623000 -0.400001
v 8.571222 -5.621880 -0.400001
v 8.531960 -5.618537 -0.400001
v 8.492311 -5.613000 -0.400001
v 8.452369 -5.605296 -0.400001
v 8.412232 -5.595454 -0.400001
v 8.371999 -5.583500 -0.400001
v 8.331765 -5.569463 -0.400001
v 8.291629 -5.553370 -0.400001
v 8.251687 -5.535250 -0.400001
v 8.212036 -5.515130 -0.400001
v 8.172774 -5.493037 -0.400001
v 8.133999 -5.469000 -0.400001
v 8.133999 -5.683000 -0.400001
v 8.167781 -5.700066 -0.400001
v 8.202258 -5.716195 -0.400001
v 8.237624 -5.731281 -0.400001
v 8.274074 -5.745222 -0.400001
v 8.311801 -5.757913 -0.400001
v 8.351000 -5.769250 -0.400001
v 8.391866 -5.779129 -0.400001
v 8.434592 -5.787445 -0.400001
v 8.479375 -5.794094 -0.400001
v 8.526407 -5.798972 -0.400001
v 8.575884 -5.801976 -0.400001
v 8.627999 -5.803000 -0.400001
v 8.750037 -5.795082 -0.400001
v 8.860296 -5.772491 -0.400001
v 8.959000 -5.736969 -0.400001
v 9.046370 -5.690259 -0.400001
v 9.122629 -5.634105 -0.400001
v 9.188000 -5.570250 -0.400001
v 9.242703 -5.500436 -0.400001
v 9.286963 -5.426407 -0.400001
v 9.320999 -5.349906 -0.400001
v 9.345037 -5.272676 -0.400001
v 9.359296 -5.196459 -0.400001
v 9.363999 -5.123000 -0.400001
v 9.357570 -5.021444 -0.400001
v 9.338731 -4.925222 -0.400001
v 9.308156 -4.835000 -0.400001
v 9.266519 -4.751444 -0.400001
v 9.214492 -4.675222 -0.400001
v 9.152750 -4.607000 -0.400001
v 9.081966 -4.547444 -0.400001
v 9.002814 -4.497222 -0.400001
v 8.915968 -4.457000 -0.400001
v 8.822101 -4.427444 -0.400001
v 8.721887 -4.409222 -0.400001
v 8.615999 -4.403000 -0.400001
v 8.580934 -4.403714 -0.400001
v 8.545638 -4.405879 -0.400001
v 8.509968 -4.409531 -0.400001
v 8.473777 -4.414703 -0.400001
v 8.436919 -4.421432 -0.400001
v 8.399249 -4.429749 -0.400001
v 8.360620 -4.439693 -0.400001
v 8.320888 -4.451296 -0.400001
v 8.279905 -4.464594 -0.400001
v 8.237527 -4.479620 -0.400001
v 8.193606 -4.496411 -0.400001
v 8.147999 -4.515000 -0.400001
v 8.147999 -4.725000 -0.400001
v 9.660000 -5.785000 -0.400001
v 9.842000 -5.383000 -0.400001
v 10.422000 -5.383000 -0.400001
v 10.594000 -5.785000 -0.400001
v 10.794000 -5.785000 -0.400001
v 10.207999 -4.413000 -0.400001
v 10.070000 -4.413000 -0.400001
v 9.459999 -5.785000 -0.400001
v 9.922000 -5.207000 -0.400001
v 10.141999 -4.713000 -0.400001
v 10.346000 -5.207000 -0.400001
v 11.176860 -4.424588 -0.400001
v 11.112379 -4.435037 -0.400001
v 11.054468 -4.451875 -0.400001
v 11.003036 -4.474629 -0.400001
v 10.957994 -4.502829 -0.400001
v 10.919250 -4.536000 -0.400001
v 10.886714 -4.573671 -0.400001
v 10.860296 -4.615370 -0.400001
v 10.839907 -4.660625 -0.400001
v 10.825454 -4.708963 -0.400001
v 10.816849 -4.759912 -0.400001
v 10.814000 -4.813000 -0.400001
v 10.817019 -4.865471 -0.400001
v 10.826132 -4.915602 -0.400001
v 10.841439 -4.962969 -0.400001
v 10.863039 -5.007148 -0.400001
v 10.891027 -5.047716 -0.400001
v 10.925502 -5.084249 -0.400001
v 10.966559 -5.116325 -0.400001
v 11.014297 -5.143518 -0.400001
v 11.068813 -5.165406 -0.400001
v 11.130204 -5.181565 -0.400001
v 11.198567 -5.191570 -0.400001
v 11.274000 -5.195000 -0.400001
v 11.478000 -5.195000 -0.400001
v 11.478000 -5.785000 -0.400001
v 11.674000 -5.785000 -0.400001
v 11.674000 -4.421000 -0.400001
v 11.248000 -4.421000 -0.400001
v 11.256001 -5.019000 -0.400001
v 11.220608 -5.017386 -0.400001
v 11.187528 -5.012592 -0.400001
v 11.156906 -5.004687 -0.400001
v 11.128889 -4.993740 -0.400001
v 11.103621 -4.979821 -0.400001
v 11.081250 -4.962999 -0.400001
v 11.061920 -4.943345 -0.400001
v 11.045777 -4.920926 -0.400001
v 11.032969 -4.895812 -0.400001
v 11.023639 -4.868074 -0.400001
v 11.017934 -4.837780 -0.400001
v 11.016000 -4.805000 -0.400001
v 11.017165 -4.779901 -0.400001
v 11.020823 -4.754870 -0.400001
v 11.027218 -4.730312 -0.400001
v 11.036592 -4.706630 -0.400001
v 11.049188 -4.684224 -0.400001
v 11.065249 -4.663500 -0.400001
v 11.085019 -4.644858 -0.400001
v 11.108740 -4.628704 -0.400001
v 11.136656 -4.615438 -0.400001
v 11.169009 -4.605463 -0.400001
v 11.206043 -4.599183 -0.400001
v 11.248000 -4.597000 -0.400001
v 11.478000 -4.597000 -0.400001
v 11.478000 -5.019000 -0.400001
v 11.960909 -4.695099 -0.400001
v 11.989594 -4.672287 -0.400001
v 12.018002 -4.652407 -0.400001
v 12.046076 -4.635297 -0.400001
v 12.073761 -4.620798 -0.400001
v 12.101002 -4.608750 -0.400001
v 12.127743 -4.598994 -0.400001
v 12.153928 -4.591371 -0.400001
v 12.179502 -4.585719 -0.400001
v 12.204409 -4.581880 -0.400001
v 12.228594 -4.579693 -0.400001
v 12.252001 -4.579000 -0.400001
v 12.282721 -4.580354 -0.400001
v 12.311751 -4.584333 -0.400001
v 12.338907 -4.590813 -0.400001
v 12.364001 -4.599667 -0.400001
v 12.386845 -4.610771 -0.400001
v 12.407250 -4.624000 -0.400001
v 12.425032 -4.639229 -0.400001
v 12.440001 -4.656333 -0.400001
v 12.451969 -4.675188 -0.400001
v 12.460751 -4.695667 -0.400001
v 12.466157 -4.717646 -0.400001
v 12.468000 -4.741000 -0.400001
v 12.456391 -4.801366 -0.400001
v 12.424296 -4.853093 -0.400001
v 12.375813 -4.898625 -0.400001
v 12.315037 -4.940408 -0.400001
v 12.246067 -4.980885 -0.400001
v 12.173000 -5.022500 -0.400001
v 12.099934 -5.067699 -0.400001
v 12.030964 -5.118926 -0.400001
v 11.970188 -5.178625 -0.400001
v 11.921704 -5.249241 -0.400001
v 11.889609 -5.333218 -0.400001
v 11.878000 -5.433000 -0.400001
v 11.881315 -5.485235 -0.400001
v 11.891019 -5.534713 -0.400001
v 11.906751 -5.581094 -0.400001
v 11.928149 -5.624037 -0.400001
v 11.954853 -5.663203 -0.400001
v 11.986502 -5.698250 -0.400001
v 12.022733 -5.728839 -0.400001
v 12.063187 -5.754630 -0.400001
v 12.107501 -5.775281 -0.400001
v 12.155315 -5.790454 -0.400001
v 12.206269 -5.799807 -0.400001
v 12.260000 -5.803000 -0.400001
v 12.296429 -5.802163 -0.400001
v 12.331768 -5.799639 -0.400001
v 12.366094 -5.795406 -0.400001
v 12.399482 -5.789444 -0.400001
v 12.432009 -5.781733 -0.400001
v 12.463751 -5.772250 -0.400001
v 12.494784 -5.760976 -0.400001
v 12.525186 -5.747889 -0.400001
v 12.555032 -5.732969 -0.400001
v 12.584398 -5.716194 -0.400001
v 12.613362 -5.697545 -0.400001
v 12.642000 -5.677000 -0.400001
v 12.642000 -5.429000 -0.400001
v 12.616470 -5.459785 -0.400001
v 12.589918 -5.488111 -0.400001
v 12.562407 -5.513937 -0.400001
v 12.534001 -5.537222 -0.400001
v 12.504762 -5.557924 -0.400001
v 12.474751 -5.576000 -0.400001
v 12.444033 -5.591410 -0.400001
v 12.412668 -5.604111 -0.400001
v 12.380720 -5.614062 -0.400001
v 12.348251 -5.621222 -0.400001
v 12.315324 -5.625548 -0.400001
v 12.282001 -5.627000 -0.400001
v 12.245702 -5.625067 -0.400001
v 12.212778 -5.619537 -0.400001
v 12.183187 -5.610812 -0.400001
v 12.156889 -5.599296 -0.400001
v 12.133841 -5.585391 -0.400001
v 12.114000 -5.569500 -0.400001
v 12.097326 -5.552025 -0.400001
v 12.083777 -5.533370 -0.400001
v 12.073312 -5.513937 -0.400001
v 12.065888 -5.494130 -0.400001
v 12.061465 -5.474349 -0.400001
v 12.060000 -5.455000 -0.400001
v 12.071609 -5.389366 -0.400001
v 12.103704 -5.332092 -0.400001
v 12.152188 -5.281125 -0.400001
v 12.212964 -5.234407 -0.400001
v 12.281934 -5.189884 -0.400001
v 12.355000 -5.145500 -0.400001
v 12.428067 -5.099199 -0.400001
v 12.497037 -5.048926 -0.400001
v 12.557813 -4.992625 -0.400001
v 12.606297 -4.928241 -0.400001
v 12.638391 -4.853718 -0.400001
v 12.650001 -4.767000 -0.400001
v 12.646630 -4.713202 -0.400001
v 12.636696 -4.662954 -0.400001
v 12.620470 -4.616469 -0.400001
v 12.598224 -4.573963 -0.400001
v 12.570227 -4.535652 -0.400001
v 12.536751 -4.501750 -0.400001
v 12.498067 -4.472473 -0.400001
v 12.454445 -4.448037 -0.400001
v 12.406157 -4.428656 -0.400001
v 12.353473 -4.414546 -0.400001
v 12.296663 -4.405922 -0.400001
v 12.236000 -4.403000 -0.400001
v 12.210005 -4.403666 -0.400001
v 12.184037 -4.405666 -0.400001
v 12.158125 -4.409000 -0.400001
v 12.132297 -4.413667 -0.400001
v 12.106579 -4.419666 -0.400001
v 12.081000 -4.427000 -0.400001
v 12.055589 -4.435667 -0.400001
v 12.030371 -4.445666 -0.400001
v 12.005375 -4.457000 -0.400001
v 11.980630 -4.469666 -0.400001
v 11.956162 -4.483666 -0.400001
v 11.932000 -4.499000 -0.400001
v 11.932000 -4.721000 -0.400001
v -8.987366 -9.191187 0.400001
v -8.998585 -9.133667 0.400001
v -9.007845 -9.069813 0.400001
v -9.015334 -9.000999 0.400001
v -9.021240 -8.928604 0.400001
v -9.025750 -8.854000 0.400001
v -9.029052 -8.778563 0.400001
v -9.031333 -8.703667 0.400001
v -9.032781 -8.630688 0.400001
v -9.033583 -8.561000 0.400001
v -9.033926 -8.495979 0.400001
v -9.033998 -8.437000 0.400001
v -9.033877 -8.422325 0.400001
v -9.033519 -8.408268 0.400001
v -9.032938 -8.394781 0.400001
v -9.032148 -8.381815 0.400001
v -9.031164 -8.369321 0.400001
v -9.030000 -8.357250 0.400001
v -9.028668 -8.345554 0.400001
v -9.027184 -8.334185 0.400001
v -9.025561 -8.323093 0.400001
v -9.023813 -8.312231 0.400001
v -9.021955 -8.301550 0.400001
v -9.019999 -8.290999 0.400001
v -9.203999 -8.290999 0.400001
v -9.203381 -8.297729 0.400001
v -9.202562 -8.305833 0.400001
v -9.201591 -8.315187 0.400001
v -9.200517 -8.325666 0.400001
v -9.199386 -8.337146 0.400001
v -9.198248 -8.349500 0.400001
v -9.197152 -8.362604 0.400001
v -9.196146 -8.376333 0.400001
v -9.195279 -8.390562 0.400001
v -9.194600 -8.405167 0.400001
v -9.194157 -8.420021 0.400001
v -9.193998 -8.434999 0.400001
v -9.193810 -8.494540 0.400001
v -9.193155 -8.561157 0.400001
v -9.191904 -8.633344 0.400001
v -9.189924 -8.709592 0.400001
v -9.187083 -8.788397 0.400001
v -9.183249 -8.868250 0.400001
v -9.178289 -8.947644 0.400001
v -9.172073 -9.025074 0.400001
v -9.164468 -9.099031 0.400001
v -9.155341 -9.168009 0.400001
v -9.144562 -9.230501 0.400001
v -9.131998 -9.285000 0.400001
v -9.115597 -9.338101 0.400001
v -9.096460 -9.390314 0.400001
v -9.074685 -9.441500 0.400001
v -9.050368 -9.491518 0.400001
v -9.023606 -9.540232 0.400001
v -8.994497 -9.587500 0.400001
v -8.963139 -9.633185 0.400001
v -8.929627 -9.677148 0.400001
v -8.894060 -9.719250 0.400001
v -8.856535 -9.759352 0.400001
v -8.817148 -9.797315 0.400001
v -8.775998 -9.833000 0.400001
v -8.625998 -9.733000 0.400001
v -8.666991 -9.701816 0.400001
v -8.705943 -9.668361 0.400001
v -8.742811 -9.632781 0.400001
v -8.777555 -9.595222 0.400001
v -8.810131 -9.555830 0.400001
v -8.840499 -9.514750 0.400001
v -8.868617 -9.472128 0.400001
v -8.894444 -9.428111 0.400001
v -8.917936 -9.382843 0.400001
v -8.939054 -9.336472 0.400001
v -8.957756 -9.289143 0.400001
v -8.973999 -9.240999 0.400001
v -9.553999 -9.590508 0.400001
v -9.553999 -9.519065 0.400001
v -9.553999 -9.422718 0.400001
v -9.553999 -9.307518 0.400001
v -9.553999 -9.179512 0.400001
v -9.553999 -9.044750 0.400001
v -9.553999 -8.909279 0.400001
v -9.553999 -8.779148 0.400001
v -9.553999 -8.660406 0.400001
v -9.553999 -8.559101 0.400001
v -9.553999 -8.481283 0.400001
v -9.553999 -8.433000 0.400001
v -9.553840 -8.414428 0.400001
v -9.553396 -8.396759 0.400001
v -9.552717 -8.380062 0.400001
v -9.551850 -8.364408 0.400001
v -9.550844 -8.349863 0.400001
v -9.549748 -8.336500 0.400001
v -9.548611 -8.324387 0.400001
v -9.547480 -8.313592 0.400001
v -9.546405 -8.304187 0.400001
v -9.545434 -8.296241 0.400001
v -9.544616 -8.289822 0.400001
v -9.543999 -8.285000 0.400001
v -9.727999 -8.285000 0.400001
v -9.727422 -8.289822 0.400001
v -9.726712 -8.296241 0.400001
v -9.725905 -8.304187 0.400001
v -9.725037 -8.313592 0.400001
v -9.724139 -8.324387 0.400001
v -9.723249 -8.336500 0.400001
v -9.722401 -8.349863 0.400001
v -9.721628 -8.364408 0.400001
v -9.720967 -8.380062 0.400001
v -9.720452 -8.396759 0.400001
v -9.720118 -8.414428 0.400001
v -9.719998 -8.433000 0.400001
v -9.719998 -8.480990 0.400001
v -9.719998 -8.557925 0.400001
v -9.719998 -8.657749 0.400001
v -9.719998 -8.774407 0.400001
v -9.719998 -8.901842 0.400001
v -9.719998 -9.033999 0.400001
v -9.719998 -9.164824 0.400001
v -9.719998 -9.288260 0.400001
v -9.719998 -9.398250 0.400001
v -9.719998 -9.488741 0.400001
v -9.719998 -9.553676 0.400001
v -9.719998 -9.587000 0.400001
v -9.767200 -9.563990 0.400001
v -9.816451 -9.537083 0.400001
v -9.867216 -9.506468 0.400001
v -9.918961 -9.472333 0.400001
v -9.971149 -9.434864 0.400001
v -10.023248 -9.394250 0.400001
v -10.074721 -9.350677 0.400001
v -10.125035 -9.304333 0.400001
v -10.173655 -9.255405 0.400001
v -10.220045 -9.204082 0.400001
v -10.263671 -9.150552 0.400001
v -10.303999 -9.094999 0.400001
v -10.397999 -9.231000 0.400001
v -10.352878 -9.288879 0.400001
v -10.303868 -9.345370 0.400001
v -10.251498 -9.400249 0.400001
v -10.196295 -9.453297 0.400001
v -10.138785 -9.504287 0.400001
v -10.079498 -9.552999 0.400001
v -10.018961 -9.599213 0.400001
v -9.957702 -9.642704 0.400001
v -9.896248 -9.683249 0.400001
v -9.835128 -9.720630 0.400001
v -9.774869 -9.754621 0.400001
v -9.715999 -9.785000 0.400001
v -9.708206 -9.789457 0.400001
v -9.700823 -9.793824 0.400001
v -9.693843 -9.798094 0.400001
v -9.687259 -9.802259 0.400001
v -9.681063 -9.806314 0.400001
v -9.675249 -9.810249 0.400001
v -9.669810 -9.814061 0.400001
v -9.664740 -9.817740 0.400001
v -9.660030 -9.821281 0.400001
v -9.655675 -9.824676 0.400001
v -9.651667 -9.827917 0.400001
v -9.647999 -9.830999 0.400001
v -9.541999 -9.743000 0.400001
v -9.543917 -9.734838 0.400001
v -9.545667 -9.726370 0.400001
v -9.547250 -9.717625 0.400001
v -9.548666 -9.708630 0.400001
v -9.549916 -9.699412 0.400001
v -9.551000 -9.690001 0.400001
v -9.551916 -9.680422 0.400001
v -9.552666 -9.670704 0.400001
v -9.553249 -9.660875 0.400001
v -9.553666 -9.650963 0.400001
v -9.553916 -9.640995 0.400001
v -9.553999 -9.631000 0.400001
v -8.279749 -8.541413 0.400001
v -8.253165 -8.582139 0.400001
v -8.222499 -8.626406 0.400001
v -8.187999 -8.673445 0.400001
v -8.149916 -8.722483 0.400001
v -8.108499 -8.772750 0.400001
v -8.063998 -8.823476 0.400001
v -8.016665 -8.873889 0.400001
v -7.966748 -8.923219 0.400001
v -7.914498 -8.970695 0.400001
v -7.860165 -9.015545 0.400001
v -7.803998 -9.056999 0.400001
v -7.671999 -8.951000 0.400001
v -7.718010 -8.922286 0.400001
v -7.763750 -8.889620 0.400001
v -7.808781 -8.853719 0.400001
v -7.852666 -8.815296 0.400001
v -7.894969 -8.775068 0.400001
v -7.935250 -8.733749 0.400001
v -7.973073 -8.692057 0.400001
v -8.007999 -8.650703 0.400001
v -8.039593 -8.610406 0.400001
v -8.067415 -8.571879 0.400001
v -8.091030 -8.535839 0.400001
v -8.109999 -8.503000 0.400001
v -8.059954 -8.503000 0.400001
v -7.983471 -8.503000 0.400001
v -7.886030 -8.503000 0.400001
v -7.773109 -8.503000 0.400001
v -7.650189 -8.503000 0.400001
v -7.522748 -8.503000 0.400001
v -7.396266 -8.503000 0.400001
v -7.276221 -8.503000 0.400001
v -7.168092 -8.503000 0.400001
v -7.077360 -8.503000 0.400001
v -7.009502 -8.503000 0.400001
v -6.969998 -8.503000 0.400001
v -6.951457 -8.503083 0.400001
v -6.932832 -8.503333 0.400001
v -6.914124 -8.503750 0.400001
v -6.895332 -8.504333 0.400001
v -6.876457 -8.505083 0.400001
v -6.857499 -8.506000 0.400001
v -6.838457 -8.507083 0.400001
v -6.819332 -8.508333 0.400001
v -6.800124 -8.509749 0.400001
v -6.780832 -8.511333 0.400001
v -6.761457 -8.513083 0.400001
v -6.741999 -8.514999 0.400001
v -6.741999 -8.333000 0.400001
v -6.759777 -8.335455 0.400001
v -6.778054 -8.337806 0.400001
v -6.796749 -8.340031 0.400001
v -6.815776 -8.342111 0.400001
v -6.835054 -8.344025 0.400001
v -6.854498 -8.345750 0.400001
v -6.874026 -8.347267 0.400001
v -6.893554 -8.348556 0.400001
v -6.912999 -8.349594 0.400001
v -6.932276 -8.350361 0.400001
v -6.951304 -8.350837 0.400001
v -6.969998 -8.351000 0.400001
v -7.010461 -8.351000 0.400001
v -7.080035 -8.351000 0.400001
v -7.172998 -8.351000 0.400001
v -7.283628 -8.351000 0.400001
v -7.406202 -8.351000 0.400001
v -7.534998 -8.351000 0.400001
v -7.664295 -8.351000 0.400001
v -7.788369 -8.351000 0.400001
v -7.901498 -8.351000 0.400001
v -7.997961 -8.351000 0.400001
v -8.072035 -8.351000 0.400001
v -8.117998 -8.351000 0.400001
v -8.128161 -8.350878 0.400001
v -8.139479 -8.350528 0.400001
v -8.151685 -8.349968 0.400001
v -8.164515 -8.349222 0.400001
v -8.177708 -8.348309 0.400001
v -8.190997 -8.347250 0.400001
v -8.204120 -8.346066 0.400001
v -8.216812 -8.344778 0.400001
v -8.228810 -8.343406 0.400001
v -8.239850 -8.341972 0.400001
v -8.249667 -8.340496 0.400001
v -8.257998 -8.339000 0.400001
v -8.355999 -8.433000 0.400001
v -8.352262 -8.438198 0.400001
v -8.348109 -8.443749 0.400001
v -8.343623 -8.449594 0.400001
v -8.338887 -8.455667 0.400001
v -8.333984 -8.461906 0.400001
v -8.328999 -8.468249 0.400001
v -8.324013 -8.474635 0.400001
v -8.319110 -8.481000 0.400001
v -8.314374 -8.487281 0.400001
v -8.309888 -8.493417 0.400001
v -8.305735 -8.499344 0.400001
v -8.301998 -8.505000 0.400001
v -6.851998 -9.739000 0.400001
v -6.866235 -9.734211 0.400001
v -6.880888 -9.728861 0.400001
v -6.895874 -9.722969 0.400001
v -6.911110 -9.716556 0.400001
v -6.926513 -9.709642 0.400001
v -6.941999 -9.702250 0.400001
v -6.957485 -9.694399 0.400001
v -6.972888 -9.686111 0.400001
v -6.988124 -9.677406 0.400001
v -7.003110 -9.668305 0.400001
v -7.017763 -9.658830 0.400001
v -7.031999 -9.649000 0.400001
v -7.104085 -9.599987 0.400001
v -7.165859 -9.547065 0.400001
v -7.218092 -9.490406 0.400001
v -7.261554 -9.430185 0.400001
v -7.297016 -9.366575 0.400001
v -7.325248 -9.299749 0.400001
v -7.347023 -9.229883 0.400001
v -7.363110 -9.157148 0.400001
v -7.374280 -9.081718 0.400001
v -7.381304 -9.003768 0.400001
v -7.384953 -8.923470 0.400001
v -7.385999 -8.841000 0.400001
v -7.385955 -8.829076 0.400001
v -7.385822 -8.817278 0.400001
v -7.385592 -8.805562 0.400001
v -7.385257 -8.793888 0.400001
v -7.384811 -8.782215 0.400001
v -7.384248 -8.770500 0.400001
v -7.383559 -8.758701 0.400001
v -7.382739 -8.746778 0.400001
v -7.381779 -8.734687 0.400001
v -7.380674 -8.722388 0.400001
v -7.379416 -8.709840 0.400001
v -7.377998 -8.697000 0.400001
v -7.557999 -8.697000 0.400001
v -7.556758 -8.828871 0.400001
v -7.552082 -8.953629 0.400001
v -7.542530 -9.071500 0.400001
v -7.526665 -9.182704 0.400001
v -7.503051 -9.287463 0.400001
v -7.470249 -9.386000 0.400001
v -7.426822 -9.478537 0.400001
v -7.371332 -9.565296 0.400001
v -7.302342 -9.646500 0.400001
v -7.218415 -9.722370 0.400001
v -7.118113 -9.793129 0.400001
v -6.999999 -9.858999 0.400001
v -5.109999 -8.451143 0.400001
v -5.109999 -8.491482 0.400001
v -5.109999 -8.544875 0.400001
v -5.109999 -8.608185 0.400001
v -5.109999 -8.678273 0.400001
v -5.109999 -8.752000 0.400001
v -5.109999 -8.826226 0.400001
v -5.109999 -8.897815 0.400001
v -5.109999 -8.963625 0.400001
v -5.109999 -9.020518 0.400001
v -5.109999 -9.065356 0.400001
v -5.109999 -9.094999 0.400001
v -5.110079 -9.107807 0.400001
v -5.110313 -9.121120 0.400001
v -5.110686 -9.134781 0.400001
v -5.111184 -9.148630 0.400001
v -5.111793 -9.162506 0.400001
v -5.112499 -9.176250 0.400001
v -5.113288 -9.189703 0.400001
v -5.114147 -9.202703 0.400001
v -5.115061 -9.215094 0.400001
v -5.116017 -9.226713 0.400001
v -5.117001 -9.237402 0.400001
v -5.117999 -9.247000 0.400001
v -4.933999 -9.247000 0.400001
v -4.935036 -9.238813 0.400001
v -4.936128 -9.229342 0.400001
v -4.937249 -9.218719 0.400001
v -4.938369 -9.207074 0.400001
v -4.939462 -9.194540 0.400001
v -4.940499 -9.181250 0.400001
v -4.941453 -9.167335 0.400001
v -4.942295 -9.152925 0.400001
v -4.942999 -9.138156 0.400001
v -4.943536 -9.123158 0.400001
v -4.943878 -9.108061 0.400001
v -4.943998 -9.093000 0.400001
v -4.943998 -9.063396 0.400001
v -4.943998 -9.018666 0.400001
v -4.943998 -8.961937 0.400001
v -4.943998 -8.896333 0.400001
v -4.943998 -8.824979 0.400001
v -4.943998 -8.750999 0.400001
v -4.943998 -8.677521 0.400001
v -4.943998 -8.607666 0.400001
v -4.943998 -8.544562 0.400001
v -4.943998 -8.491333 0.400001
v -4.943998 -8.451104 0.400001
v -4.943998 -8.427000 0.400001
v -4.943918 -8.417330 0.400001
v -4.943684 -8.406472 0.400001
v -4.943311 -8.394656 0.400001
v -4.942813 -8.382111 0.400001
v -4.942204 -8.369066 0.400001
v -4.941498 -8.355750 0.400000
v -4.940709 -8.342392 0.400000
v -4.939850 -8.329222 0.400000
v -4.938936 -8.316468 0.400000
v -4.937980 -8.304361 0.400000
v -4.936996 -8.293128 0.400000
v -4.935998 -8.283000 0.400000
v -5.117999 -8.283000 0.400001
v -5.117002 -8.292899 0.400001
v -5.116018 -8.303528 0.400001
v -5.115062 -8.314781 0.400001
v -5.114147 -8.326555 0.400001
v -5.113288 -8.338746 0.400001
v -5.112499 -8.351250 0.400001
v -5.111793 -8.363962 0.400001
v -5.111184 -8.376778 0.400001
v -5.110686 -8.389593 0.400001
v -5.110313 -8.402306 0.400001
v -5.110080 -8.414809 0.400001
v -5.109999 -8.427000 0.400001
v -6.039999 -8.462729 0.400001
v -6.039999 -8.487500 0.400001
v -6.039999 -8.514688 0.400001
v -6.039999 -8.543667 0.400001
v -6.039999 -8.573812 0.400001
v -6.039999 -8.604500 0.400001
v -6.039999 -8.635104 0.400001
v -6.039999 -8.665000 0.400001
v -6.039999 -8.693563 0.400001
v -6.039999 -8.720166 0.400001
v -6.039999 -8.744187 0.400001
v -6.039999 -8.764999 0.400001
v -6.038617 -8.878487 0.400001
v -6.034443 -8.979722 0.400001
v -6.027436 -9.069875 0.400001
v -6.017554 -9.150111 0.400001
v -6.004755 -9.221598 0.400001
v -5.988998 -9.285500 0.400001
v -5.970242 -9.342986 0.400001
v -5.948443 -9.395222 0.400001
v -5.923561 -9.443375 0.400001
v -5.895554 -9.488611 0.400001
v -5.864380 -9.532097 0.400001
v -5.829998 -9.575000 0.400001
v -5.796113 -9.612561 0.400001
v -5.759740 -9.647324 0.400001
v -5.721312 -9.679406 0.400001
v -5.681258 -9.708926 0.400001
v -5.640010 -9.736001 0.400001
v -5.597999 -9.760750 0.400001
v -5.555654 -9.783291 0.400001
v -5.513406 -9.803741 0.400001
v -5.471686 -9.822219 0.400001
v -5.430924 -9.838842 0.400001
v -5.391552 -9.853730 0.400001
v -5.353999 -9.867000 0.400001
v -5.223999 -9.729000 0.400001
v -5.269688 -9.716776 0.400001
v -5.314683 -9.703046 0.400001
v -5.358873 -9.687718 0.400001
v -5.402146 -9.670704 0.400001
v -5.444392 -9.651911 0.400001
v -5.485498 -9.631250 0.400001
v -5.525355 -9.608631 0.400001
v -5.563850 -9.583963 0.400001
v -5.600873 -9.557156 0.400001
v -5.636313 -9.528120 0.400001
v -5.670059 -9.496765 0.400001
v -5.701999 -9.462999 0.400001
v -5.735095 -9.421456 0.400001
v -5.763601 -9.379314 0.400001
v -5.787843 -9.335813 0.400001
v -5.808147 -9.290185 0.400001
v -5.824840 -9.241669 0.400001
v -5.838249 -9.189500 0.400001
v -5.848699 -9.132914 0.400001
v -5.856517 -9.071148 0.400001
v -5.862030 -9.003437 0.400001
v -5.865563 -8.929018 0.400001
v -5.867444 -8.847127 0.400001
v -5.867999 -8.757000 0.400001
v -5.867999 -8.736154 0.400001
v -5.867999 -8.712065 0.400001
v -5.867999 -8.685406 0.400001
v -5.867999 -8.656852 0.400001
v -5.867999 -8.627075 0.400001
v -5.867999 -8.596750 0.400001
v -5.867999 -8.566549 0.400001
v -5.867999 -8.537148 0.400001
v -5.867999 -8.509218 0.400001
v -5.867999 -8.483435 0.400001
v -5.867999 -8.460471 0.400001
v -5.867999 -8.441000 0.400001
v -5.867917 -8.424246 0.400001
v -5.867675 -8.407972 0.400001
v -5.867280 -8.392156 0.400001
v -5.866740 -8.376778 0.400001
v -5.866060 -8.361815 0.400001
v -5.865249 -8.347250 0.400001
v -5.864312 -8.333058 0.400001
v -5.863258 -8.319221 0.400001
v -5.862092 -8.305718 0.400001
v -5.860823 -8.292527 0.400001
v -5.859456 -8.279628 0.400001
v -5.857999 -8.267000 0.400001
v -6.045999 -8.267000 0.400001
v -6.045040 -8.279628 0.400001
v -6.044165 -8.292527 0.400001
v -6.043373 -8.305718 0.400001
v -6.042665 -8.319221 0.400001
v -6.042040 -8.333058 0.400001
v -6.041498 -8.347250 0.400001
v -6.041040 -8.361815 0.400001
v -6.040665 -8.376778 0.400001
v -6.040373 -8.392156 0.400001
v -6.040165 -8.407972 0.400001
v -6.040040 -8.424246 0.400001
v -6.039999 -8.441000 0.400001
v -3.167913 -8.430327 0.400000
v -3.167647 -8.414454 0.400000
v -3.167186 -8.397593 0.400000
v -3.166517 -8.379963 0.400000
v -3.165626 -8.361776 0.400000
v -3.164499 -8.343250 0.400000
v -3.163121 -8.324598 0.400000
v -3.161480 -8.306037 0.400000
v -3.159561 -8.287781 0.400000
v -3.157351 -8.270046 0.400000
v -3.154834 -8.253047 0.400000
v -3.151999 -8.237000 0.400000
v -3.347999 -8.237000 0.400000
v -3.346463 -8.252971 0.400000
v -3.344878 -8.269768 0.400000
v -3.343280 -8.287218 0.400000
v -3.341702 -8.305148 0.400000
v -3.340180 -8.323383 0.400000
v -3.338749 -8.341750 0.400000
v -3.337442 -8.360075 0.400000
v -3.336295 -8.378185 0.400000
v -3.335342 -8.395906 0.400000
v -3.334619 -8.413065 0.400000
v -3.334160 -8.429487 0.400000
v -3.333999 -8.445000 0.400000
v -3.333999 -8.771000 0.400000
v -3.402250 -8.792274 0.400000
v -3.474341 -8.815861 0.400000
v -3.549280 -8.841406 0.400000
v -3.626073 -8.868556 0.400000
v -3.703727 -8.896955 0.400000
v -3.781249 -8.926250 0.400000
v -3.857646 -8.956087 0.400000
v -3.931924 -8.986111 0.400000
v -4.003092 -9.015968 0.400000
v -4.070156 -9.045305 0.400000
v -4.132123 -9.073767 0.400000
v -4.187999 -9.101000 0.400000
v -4.119998 -9.271000 0.400000
v -4.062978 -9.241213 0.400000
v -4.001499 -9.211037 0.400000
v -3.936436 -9.180750 0.400000
v -3.868665 -9.150629 0.400000
v -3.799061 -9.120954 0.400000
v -3.728499 -9.091999 0.400000
v -3.657853 -9.064046 0.400000
v -3.587999 -9.037370 0.400000
v -3.519811 -9.012250 0.400000
v -3.454165 -8.988963 0.400000
v -3.391936 -8.967787 0.400000
v -3.333999 -8.948999 0.400000
v -3.335999 -9.608999 0.400000
v -3.336082 -9.625407 0.400000
v -3.336332 -9.643426 0.400000
v -3.336748 -9.662750 0.400000
v -3.337332 -9.683074 0.400000
v -3.338082 -9.704092 0.400000
v -3.338999 -9.725500 0.400000
v -3.340082 -9.746990 0.400000
v -3.341332 -9.768259 0.400000
v -3.342749 -9.789000 0.400000
v -3.344332 -9.808908 0.400000
v -3.346082 -9.827676 0.400000
v -3.347999 -9.844999 0.400000
v -3.153999 -9.844999 0.400000
v -3.156375 -9.828325 0.400000
v -3.158508 -9.810435 0.400000
v -3.160405 -9.791531 0.400000
v -3.162073 -9.771814 0.400000
v -3.163518 -9.751487 0.400000
v -3.164748 -9.730750 0.400000
v -3.165771 -9.709805 0.400000
v -3.166591 -9.688852 0.400000
v -3.167217 -9.668094 0.400000
v -3.167656 -9.647732 0.400000
v -3.167914 -9.627966 0.400000
v -3.167999 -9.608999 0.400000
v -3.167999 -9.565777 0.400000
v -3.167999 -9.495555 0.400000
v -3.167999 -9.403500 0.400000
v -3.167999 -9.294777 0.400000
v -3.167999 -9.174555 0.400000
v -3.167999 -9.047999 0.400000
v -3.167999 -8.920278 0.400000
v -3.167999 -8.796556 0.400000
v -3.167999 -8.682000 0.400000
v -3.167999 -8.581778 0.400000
v -3.167999 -8.501056 0.400000
v -3.167999 -8.445000 0.400000
v -1.025827 -8.929000 0.400000
v -1.098295 -8.929000 0.400000
v -1.188874 -8.929000 0.400000
v -1.293036 -8.929000 0.400000
v -1.406253 -8.929000 0.400000
v -1.523998 -8.929000 0.400000
v -1.641744 -8.929000 0.400000
v -1.754961 -8.929000 0.400000
v -1.859124 -8.929000 0.400000
v -1.949702 -8.929000 0.400000
v -2.022170 -8.929000 0.400000
v -2.071999 -8.929000 0.400000
v -2.096415 -8.928879 0.400000
v -2.119665 -8.928536 0.400000
v -2.141748 -8.927999 0.400000
v -2.162665 -8.927296 0.400000
v -2.182415 -8.926454 0.400000
v -2.200999 -8.925500 0.400000
v -2.218415 -8.924462 0.400000
v -2.234665 -8.923370 0.400000
v -2.249748 -8.922250 0.400000
v -2.263665 -8.921129 0.400000
v -2.276415 -8.920036 0.400000
v -2.287999 -8.919000 0.400000
v -2.287999 -9.115000 0.400000
v -2.277104 -9.114383 0.400000
v -2.264508 -9.113564 0.400000
v -2.250342 -9.112594 0.400000
v -2.234739 -9.111519 0.400000
v -2.217830 -9.110388 0.400000
v -2.199748 -9.109250 0.400000
v -2.180624 -9.108154 0.400000
v -2.160591 -9.107148 0.400000
v -2.139780 -9.106281 0.400000
v -2.118322 -9.105601 0.400000
v -2.096351 -9.105158 0.400000
v -2.073998 -9.105000 0.400000
v -2.023748 -9.105000 0.400000
v -1.950998 -9.105000 0.400000
v -1.860248 -9.105000 0.400000
v -1.755998 -9.105000 0.400000
v -1.642748 -9.105000 0.400000
v -1.524998 -9.105000 0.400000
v -1.407248 -9.105000 0.400000
v -1.293998 -9.105000 0.400000
v -1.189748 -9.105000 0.400000
v -1.098998 -9.105000 0.400000
v -1.026248 -9.105000 0.400000
v -0.975998 -9.105000 0.400000
v -0.948605 -9.105082 0.400000
v -0.921517 -9.105324 0.400000
v -0.894873 -9.105719 0.400000
v -0.868813 -9.106259 0.400000
v -0.843475 -9.106938 0.400000
v -0.818999 -9.107750 0.400000
v -0.795522 -9.108686 0.400000
v -0.773184 -9.109740 0.400000
v -0.752124 -9.110907 0.400000
v -0.732480 -9.112176 0.400000
v -0.714392 -9.113543 0.400000
v -0.697998 -9.115000 0.400000
v -0.697998 -8.919000 0.400000
v -0.713934 -8.920037 0.400000
v -0.731647 -8.921129 0.400000
v -0.750998 -8.922250 0.400000
v -0.771850 -8.923370 0.400000
v -0.794063 -8.924463 0.400000
v -0.817499 -8.925500 0.400000
v -0.842017 -8.926454 0.400000
v -0.867480 -8.927296 0.400000
v -0.893749 -8.927999 0.400000
v -0.920684 -8.928536 0.400000
v -0.948147 -8.928880 0.400000
v -0.975998 -8.929000 0.400000
v 0.318001 -9.611000 0.400000
v 0.309964 -9.564663 0.400000
v 0.301038 -9.510805 0.400000
v 0.291501 -9.451157 0.400000
v 0.281631 -9.387444 0.400000
v 0.271705 -9.321400 0.400000
v 0.262001 -9.254750 0.400000
v 0.252798 -9.189226 0.400000
v 0.244372 -9.126555 0.400000
v 0.237001 -9.068468 0.400000
v 0.230964 -9.016694 0.400000
v 0.226538 -8.972961 0.400000
v 0.224001 -8.939000 0.400000
v 0.261495 -8.939000 0.400000
v 0.310279 -8.939000 0.400000
v 0.367814 -8.939000 0.400000
v 0.431557 -8.939000 0.400000
v 0.498967 -8.939000 0.400000
v 0.567502 -8.939000 0.400000
v 0.634620 -8.939000 0.400000
v 0.697779 -8.939000 0.400000
v 0.754439 -8.939000 0.400000
v 0.802057 -8.939000 0.400000
v 0.838092 -8.939000 0.400000
v 0.860002 -8.939000 0.400000
v 0.874379 -8.939079 0.400000
v 0.888520 -8.939305 0.400000
v 0.902439 -8.939656 0.400000
v 0.916150 -8.940111 0.400000
v 0.929666 -8.940649 0.400000
v 0.943002 -8.941250 0.400000
v 0.956171 -8.941893 0.400000
v 0.969187 -8.942555 0.400000
v 0.982064 -8.943218 0.400000
v 0.994816 -8.943861 0.400000
v 1.007457 -8.944462 0.400000
v 1.020001 -8.945000 0.400000
v 1.020001 -8.776999 0.400000
v 1.007764 -8.778497 0.400000
v 0.995103 -8.779972 0.400000
v 0.982095 -8.781406 0.400000
v 0.968816 -8.782778 0.400000
v 0.955343 -8.784066 0.400000
v 0.941752 -8.785250 0.400000
v 0.928118 -8.786309 0.400000
v 0.914520 -8.787222 0.400000
v 0.901033 -8.787969 0.400000
v 0.887733 -8.788527 0.400000
v 0.874697 -8.788878 0.400000
v 0.862001 -8.789000 0.400000
v 0.835754 -8.789000 0.400000
v 0.797520 -8.789000 0.400000
v 0.749564 -8.789000 0.400000
v 0.694150 -8.789000 0.400000
v 0.633541 -8.789000 0.400000
v 0.570001 -8.789000 0.400000
v 0.505795 -8.789000 0.400000
v 0.443187 -8.789000 0.400000
v 0.384439 -8.789000 0.400000
v 0.331816 -8.789000 0.400000
v 0.287582 -8.789000 0.400000
v 0.254001 -8.789000 0.400000
v 0.245655 -8.788877 0.400000
v 0.236733 -8.788519 0.400000
v 0.227408 -8.787937 0.400000
v 0.217853 -8.787148 0.400000
v 0.208243 -8.786164 0.400000
v 0.198751 -8.785000 0.400000
v 0.189551 -8.783669 0.400000
v 0.180816 -8.782185 0.400000
v 0.172720 -8.780562 0.400000
v 0.165437 -8.778814 0.400000
v 0.159139 -8.776956 0.400000
v 0.154001 -8.775000 0.400000
v 0.032001 -8.833000 0.400000
v 0.033499 -8.838116 0.400000
v 0.034983 -8.843426 0.400000
v 0.036439 -8.848875 0.400000
v 0.037853 -8.854407 0.400000
v 0.039212 -8.859967 0.400000
v 0.040501 -8.865499 0.400000
v 0.041707 -8.870949 0.400000
v 0.042816 -8.876259 0.400000
v 0.043814 -8.881374 0.400000
v 0.044687 -8.886241 0.400000
v 0.045420 -8.890800 0.400000
v 0.046001 -8.895000 0.400000
v 0.050835 -8.934181 0.400000
v 0.057168 -8.982620 0.400000
v 0.064751 -9.038656 0.400000
v 0.073335 -9.100630 0.400000
v 0.082668 -9.166881 0.400000
v 0.092501 -9.235750 0.400000
v 0.102585 -9.305577 0.400000
v 0.112668 -9.374703 0.400000
v 0.122501 -9.441469 0.400000
v 0.131835 -9.504213 0.400000
v 0.140418 -9.561276 0.400000
v 0.148001 -9.611000 0.400000
v -0.047999 -9.611000 0.400000
v -0.059548 -9.610958 0.400000
v -0.072063 -9.610832 0.400000
v -0.085342 -9.610624 0.400000
v -0.099184 -9.610332 0.400000
v -0.113386 -9.609958 0.400000
v -0.127749 -9.609499 0.400000
v -0.142069 -9.608957 0.400000
v -0.156147 -9.608333 0.400000
v -0.169780 -9.607624 0.400000
v -0.182767 -9.606833 0.400000
v -0.194907 -9.605958 0.400000
v -0.205999 -9.605000 0.400000
v -0.205999 -9.767000 0.400000
v -0.196247 -9.766501 0.400000
v -0.185156 -9.766009 0.400000
v -0.172967 -9.765532 0.400000
v -0.159925 -9.765074 0.400000
v -0.146271 -9.764645 0.400000
v -0.132249 -9.764250 0.400000
v -0.118102 -9.763897 0.400000
v -0.104073 -9.763593 0.400000
v -0.090405 -9.763344 0.400000
v -0.077341 -9.763157 0.400000
v -0.065125 -9.763041 0.400000
v -0.053999 -9.763000 0.400000
v -0.010357 -9.763000 0.400000
v 0.059964 -9.763000 0.400000
v 0.151564 -9.763000 0.400000
v 0.259038 -9.763000 0.400000
v 0.376985 -9.763000 0.400000
v 0.500001 -9.763000 0.400000
v 0.622684 -9.763000 0.400000
v 0.739631 -9.763000 0.400000
v 0.845439 -9.763000 0.400000
v 0.934705 -9.763000 0.400000
v 1.002027 -9.763000 0.400000
v 1.042001 -9.763000 0.400000
v 1.057184 -9.763042 0.400000
v 1.071798 -9.763166 0.400000
v 1.085939 -9.763375 0.400000
v 1.099705 -9.763667 0.400000
v 1.113194 -9.764042 0.400000
v 1.126501 -9.764500 0.400000
v 1.139726 -9.765041 0.400000
v 1.152964 -9.765667 0.400000
v 1.166314 -9.766375 0.400000
v 1.179872 -9.767166 0.400000
v 1.193735 -9.768042 0.400000
v 1.208001 -9.769000 0.400000
v 1.208001 -9.603000 0.400000
v 1.195798 -9.603998 0.400000
v 1.183205 -9.604981 0.400000
v 1.170252 -9.605938 0.400000
v 1.156965 -9.606852 0.400000
v 1.143372 -9.607711 0.400000
v 1.129502 -9.608500 0.400000
v 1.115381 -9.609206 0.400000
v 1.101039 -9.609815 0.400000
v 1.086502 -9.610312 0.400000
v 1.071798 -9.610685 0.400000
v 1.056955 -9.610919 0.400000
v 1.042001 -9.611000 0.400000
v 2.552001 -8.879000 0.400000
v 2.552001 -8.514999 0.400000
v 2.602946 -8.519714 0.400000
v 2.654557 -8.523879 0.400000
v 2.706501 -8.527531 0.400000
v 2.758446 -8.530704 0.400000
v 2.810057 -8.533432 0.400000
v 2.861001 -8.535749 0.400000
v 2.910946 -8.537693 0.400000
v 2.959557 -8.539296 0.400000
v 3.006501 -8.540593 0.400000
v 3.051446 -8.541620 0.400000
v 3.094057 -8.542411 0.400000
v 3.134001 -8.542999 0.400000
v 3.174001 -8.395000 0.400000
v 3.132973 -8.396204 0.400000
v 3.086446 -8.396805 0.400000
v 3.035251 -8.396781 0.400000
v 2.980223 -8.396111 0.400000
v 2.922196 -8.394773 0.400000
v 2.862001 -8.392750 0.400000
v 2.800473 -8.390017 0.400000
v 2.738446 -8.386555 0.400000
v 2.676751 -8.382343 0.400000
v 2.616224 -8.377361 0.400000
v 2.557696 -8.371587 0.400000
v 2.502001 -8.365000 0.400000
v 2.455488 -8.358058 0.400000
v 2.407390 -8.350296 0.400000
v 2.358377 -8.341812 0.400000
v 2.309113 -8.332704 0.400000
v 2.260265 -8.323067 0.400000
v 2.212502 -8.313000 0.400000
v 2.166488 -8.302599 0.400000
v 2.122890 -8.291963 0.400000
v 2.082376 -8.281187 0.400000
v 2.045613 -8.270370 0.400000
v 2.013265 -8.259608 0.400000
v 1.986001 -8.249000 0.400000
v 1.880001 -8.387000 0.400000
v 1.890913 -8.389958 0.400000
v 1.901631 -8.392833 0.400000
v 1.912126 -8.395625 0.400000
v 1.922372 -8.398333 0.400000
v 1.932339 -8.400958 0.400000
v 1.942001 -8.403500 0.400000
v 1.951330 -8.405958 0.400000
v 1.960298 -8.408333 0.400000
v 1.968876 -8.410625 0.400000
v 1.977038 -8.412833 0.400000
v 1.984756 -8.414958 0.400000
v 1.992001 -8.417000 0.400000
v 2.018090 -8.423576 0.400000
v 2.046205 -8.430278 0.400000
v 2.076127 -8.437062 0.400000
v 2.107631 -8.443889 0.400000
v 2.140497 -8.450715 0.400000
v 2.174502 -8.457500 0.400000
v 2.209423 -8.464201 0.400000
v 2.245039 -8.470778 0.400000
v 2.281126 -8.477187 0.400000
v 2.317464 -8.483389 0.400000
v 2.353830 -8.489340 0.400000
v 2.390001 -8.495000 0.400000
v 2.390001 -8.879000 0.400000
v 1.838001 -8.879000 0.400000
v 1.826452 -8.878919 0.400000
v 1.813937 -8.878685 0.400000
v 1.800658 -8.878312 0.400000
v 1.786816 -8.877815 0.400000
v 1.772614 -8.877206 0.400000
v 1.758251 -8.876500 0.400000
v 1.743931 -8.875710 0.400000
v 1.729853 -8.874851 0.400000
v 1.716220 -8.873938 0.400000
v 1.703233 -8.872981 0.400000
v 1.691093 -8.871998 0.400000
v 1.680001 -8.871000 0.400000
v 1.680001 -9.037000 0.400000
v 1.691320 -9.036002 0.400000
v 1.703214 -9.035018 0.400000
v 1.715595 -9.034062 0.400000
v 1.728372 -9.033148 0.400000
v 1.741454 -9.032290 0.400000
v 1.754751 -9.031500 0.400000
v 1.768174 -9.030794 0.400000
v 1.781631 -9.030185 0.400000
v 1.795033 -9.029688 0.400000
v 1.808288 -9.029315 0.400000
v 1.821308 -9.029081 0.400000
v 1.834001 -9.028999 0.400000
v 2.392001 -9.028999 0.400000
v 2.400128 -9.120235 0.400000
v 2.413678 -9.207047 0.400000
v 2.432908 -9.289594 0.400000
v 2.458076 -9.368037 0.400000
v 2.489438 -9.442535 0.400000
v 2.527252 -9.513250 0.400000
v 2.571774 -9.580339 0.400000
v 2.623261 -9.643963 0.400000
v 2.681970 -9.704281 0.400000
v 2.748159 -9.761454 0.400000
v 2.822084 -9.815639 0.400000
v 2.904001 -9.867000 0.400000
v 3.062001 -9.757000 0.400000
v 2.986122 -9.718843 0.400000
v 2.916465 -9.677240 0.400000
v 2.853002 -9.632000 0.400000
v 2.795705 -9.582926 0.400000
v 2.744548 -9.529823 0.400000
v 2.699502 -9.472500 0.400000
v 2.660538 -9.410759 0.400000
v 2.627631 -9.344407 0.400000
v 2.600751 -9.273250 0.400000
v 2.579872 -9.197092 0.400000
v 2.564964 -9.115741 0.400000
v 2.556001 -9.028999 0.400000
v 3.150002 -9.028999 0.400000
v 3.166071 -9.029081 0.400000
v 3.182224 -9.029315 0.400000
v 3.198376 -9.029688 0.400000
v 3.214446 -9.030185 0.400000
v 3.230349 -9.030794 0.400000
v 3.246001 -9.031500 0.400000
v 3.261321 -9.032290 0.400000
v 3.276223 -9.033148 0.400000
v 3.290626 -9.034062 0.400000
v 3.304446 -9.035018 0.400000
v 3.317599 -9.036002 0.400000
v 3.330001 -9.037000 0.400000
v 3.330001 -8.871000 0.400000
v 3.318021 -8.871998 0.400000
v 3.305159 -8.872981 0.400000
v 3.291533 -8.873938 0.400000
v 3.277261 -8.874851 0.400000
v 3.262461 -8.875710 0.400000
v 3.247252 -8.876500 0.400000
v 3.231750 -8.877206 0.400000
v 3.216076 -8.877814 0.400000
v 3.200345 -8.878312 0.400000
v 3.184677 -8.878685 0.400000
v 3.169190 -8.878919 0.400000
v 3.154001 -8.879000 0.400000
v 5.132484 -8.455018 0.400000
v 5.085529 -8.450148 0.400000
v 5.030033 -8.444500 0.400000
v 4.966890 -8.438185 0.400000
v 4.896998 -8.431314 0.400000
v 4.821251 -8.424000 0.400000
v 4.740547 -8.416351 0.400000
v 4.655779 -8.408482 0.400000
v 4.567845 -8.400499 0.400000
v 4.477641 -8.392518 0.400000
v 4.386061 -8.384647 0.400000
v 4.294002 -8.377000 0.400000
v 4.240141 -8.372625 0.400000
v 4.187613 -8.368500 0.400000
v 4.136502 -8.364625 0.400000
v 4.086891 -8.361000 0.400000
v 4.038863 -8.357625 0.400000
v 3.992501 -8.354500 0.400000
v 3.947890 -8.351624 0.400000
v 3.905113 -8.349000 0.400000
v 3.864251 -8.346624 0.400000
v 3.825390 -8.344500 0.400000
v 3.788613 -8.342625 0.400000
v 3.754001 -8.341000 0.400000
v 3.754001 -8.500999 0.400000
v 3.783715 -8.501057 0.400000
v 3.815539 -8.501287 0.400000
v 3.849002 -8.501781 0.400000
v 3.883631 -8.502629 0.400000
v 3.918956 -8.503922 0.400000
v 3.954502 -8.505750 0.400000
v 3.989798 -8.508203 0.400000
v 4.024372 -8.511370 0.400000
v 4.057752 -8.515344 0.400000
v 4.089465 -8.520213 0.400000
v 4.119039 -8.526068 0.400000
v 4.146001 -8.533000 0.400000
v 4.214673 -8.560256 0.400000
v 4.278538 -8.595380 0.400000
v 4.337376 -8.637406 0.400000
v 4.390964 -8.685370 0.400000
v 4.439080 -8.738306 0.400000
v 4.481501 -8.795250 0.400000
v 4.518006 -8.855235 0.400000
v 4.548372 -8.917296 0.400000
v 4.572376 -8.980469 0.400000
v 4.589797 -9.043787 0.400000
v 4.600413 -9.106285 0.400000
v 4.604002 -9.167000 0.400000
v 4.596650 -9.259048 0.400000
v 4.575529 -9.340547 0.400000
v 4.542032 -9.412031 0.400000
v 4.497557 -9.474037 0.400000
v 4.443498 -9.527099 0.400000
v 4.381251 -9.571750 0.400000
v 4.312213 -9.608526 0.400000
v 4.237779 -9.637962 0.400000
v 4.159345 -9.660593 0.400000
v 4.078307 -9.676953 0.400000
v 3.996061 -9.687577 0.400000
v 3.914001 -9.693000 0.400000
v 3.972002 -9.858999 0.400000
v 4.065311 -9.851629 0.400000
v 4.159141 -9.836370 0.400000
v 4.251845 -9.813000 0.400000
v 4.341779 -9.781297 0.400000
v 4.427297 -9.741037 0.400000
v 4.506752 -9.692000 0.400000
v 4.578498 -9.633963 0.400000
v 4.640890 -9.566704 0.400000
v 4.692283 -9.490000 0.400000
v 4.731029 -9.403629 0.400000
v 4.755484 -9.307370 0.400000
v 4.764001 -9.201000 0.400000
v 4.760156 -9.124258 0.400000
v 4.749075 -9.050231 0.400000
v 4.731438 -8.979218 0.400000
v 4.707927 -8.911518 0.400000
v 4.679221 -8.847429 0.400000
v 4.646001 -8.787250 0.400000
v 4.608948 -8.731278 0.400000
v 4.568742 -8.679814 0.400000
v 4.526063 -8.633156 0.400000
v 4.481594 -8.591601 0.400000
v 4.436013 -8.555450 0.400000
v 4.390001 -8.525000 0.400000
v 4.449327 -8.531485 0.400000
v 4.518937 -8.538879 0.400000
v 4.596783 -8.547093 0.400000
v 4.680816 -8.556037 0.400000
v 4.768989 -8.565619 0.400000
v 4.859251 -8.575750 0.400000
v 4.949556 -8.586339 0.400000
v 5.037853 -8.597296 0.400000
v 5.122095 -8.608531 0.400000
v 5.200233 -8.619953 0.400000
v 5.270218 -8.631474 0.400000
v 5.330001 -8.643000 0.400000
v 5.348001 -8.469000 0.400000
v 5.329260 -8.468459 0.400000
v 5.311067 -8.467842 0.400000
v 5.293470 -8.467156 0.400000
v 5.276520 -8.466407 0.400000
v 5.260264 -8.465603 0.400000
v 5.244751 -8.464749 0.400000
v 5.230031 -8.463855 0.400000
v 5.216150 -8.462926 0.400000
v 5.203158 -8.461968 0.400000
v 5.191103 -8.460991 0.400000
v 5.180035 -8.459999 0.400000
v 5.170002 -8.459000 0.400000
v 3.980001 -9.073000 0.400000
v 3.991745 -9.048851 0.400000
v 4.003954 -9.024472 0.400000
v 4.016594 -8.999969 0.400000
v 4.029630 -8.975444 0.400000
v 4.043027 -8.951003 0.400000
v 4.056751 -8.926750 0.400000
v 4.070766 -8.902788 0.400000
v 4.085038 -8.879222 0.400000
v 4.099533 -8.856156 0.400000
v 4.114214 -8.833694 0.400000
v 4.129049 -8.811941 0.400000
v 4.144001 -8.791000 0.400000
v 4.042001 -8.747000 0.400000
v 4.029913 -8.764654 0.400000
v 4.016798 -8.784398 0.400000
v 4.002876 -8.805906 0.400000
v 3.988372 -8.828852 0.400000
v 3.973506 -8.852908 0.400000
v 3.958501 -8.877749 0.400000
v 3.943580 -8.903049 0.400000
v 3.928964 -8.928481 0.400000
v 3.914876 -8.953718 0.400000
v 3.901539 -8.978436 0.400000
v 3.889173 -9.002304 0.400000
v 3.878001 -9.025000 0.400000
v 3.754001 -8.989000 0.400000
v 3.766206 -8.964508 0.400000
v 3.778807 -8.940064 0.400000
v 3.791783 -8.915718 0.400000
v 3.805113 -8.891519 0.400000
v 3.818776 -8.867513 0.400000
v 3.832752 -8.843750 0.400000
v 3.847019 -8.820278 0.400000
v 3.861557 -8.797148 0.400000
v 3.876345 -8.774406 0.400000
v 3.891363 -8.752102 0.400000
v 3.906588 -8.730284 0.400000
v 3.922001 -8.709000 0.400000
v 3.824001 -8.663000 0.400000
v 3.811373 -8.680614 0.400000
v 3.797641 -8.700250 0.400000
v 3.783033 -8.721594 0.400000
v 3.767779 -8.744333 0.400000
v 3.752109 -8.768156 0.400000
v 3.736252 -8.792749 0.400000
v 3.720436 -8.817802 0.400000
v 3.704890 -8.842999 0.400000
v 3.689845 -8.868031 0.400000
v 3.675529 -8.892583 0.400000
v 3.662172 -8.916344 0.400000
v 3.650002 -8.939000 0.400000
v 6.974174 -8.929000 0.399999
v 6.901706 -8.929000 0.399999
v 6.811127 -8.929000 0.399999
v 6.706965 -8.929000 0.399999
v 6.593747 -8.929000 0.399999
v 6.476002 -8.929000 0.400000
v 6.358256 -8.929000 0.400000
v 6.245039 -8.929000 0.400000
v 6.140876 -8.929000 0.400000
v 6.050298 -8.929000 0.400000
v 5.977830 -8.929000 0.400000
v 5.928001 -8.929000 0.400000
v 5.903584 -8.928879 0.400000
v 5.880334 -8.928536 0.400000
v 5.858251 -8.927999 0.400000
v 5.837335 -8.927296 0.400000
v 5.817585 -8.926454 0.400000
v 5.799001 -8.925500 0.400000
v 5.781585 -8.924462 0.400000
v 5.765335 -8.923370 0.400000
v 5.750251 -8.922250 0.400000
v 5.736335 -8.921129 0.400000
v 5.723585 -8.920036 0.400000
v 5.712001 -8.919000 0.400000
v 5.712001 -9.115000 0.400000
v 5.722896 -9.114383 0.400000
v 5.735492 -9.113564 0.400000
v 5.749657 -9.112594 0.400000
v 5.765260 -9.111519 0.400000
v 5.782169 -9.110388 0.400000
v 5.800251 -9.109250 0.400000
v 5.819375 -9.108154 0.400000
v 5.839408 -9.107148 0.400000
v 5.860220 -9.106281 0.400000
v 5.881677 -9.105601 0.400000
v 5.903648 -9.105158 0.400000
v 5.926002 -9.105000 0.400000
v 5.976251 -9.105000 0.400000
v 6.049001 -9.105000 0.400000
v 6.139751 -9.105000 0.400000
v 6.244001 -9.105000 0.400000
v 6.357251 -9.105000 0.400000
v 6.475001 -9.105000 0.400000
v 6.592751 -9.105000 0.400000
v 6.706001 -9.105000 0.399999
v 6.810251 -9.105000 0.399999
v 6.901001 -9.105000 0.399999
v 6.973752 -9.105000 0.399999
v 7.024002 -9.105000 0.399999
v 7.051395 -9.105082 0.399999
v 7.078483 -9.105324 0.399999
v 7.105126 -9.105719 0.399999
v 7.131186 -9.106259 0.399999
v 7.156525 -9.106938 0.399999
v 7.181002 -9.107750 0.399999
v 7.204479 -9.108686 0.399999
v 7.226817 -9.109740 0.399999
v 7.247877 -9.110907 0.399999
v 7.267520 -9.112176 0.399999
v 7.285608 -9.113543 0.399999
v 7.302001 -9.115000 0.399999
v 7.302001 -8.919000 0.399999
v 7.286067 -8.920037 0.399999
v 7.268353 -8.921129 0.399999
v 7.249002 -8.922250 0.399999
v 7.228150 -8.923370 0.399999
v 7.205937 -8.924463 0.399999
v 7.182502 -8.925500 0.399999
v 7.157983 -8.926454 0.399999
v 7.132520 -8.927296 0.399999
v 7.106252 -8.927999 0.399999
v 7.079317 -8.928536 0.399999
v 7.051854 -8.928880 0.399999
v 7.024002 -8.929000 0.399999
v 9.088606 -9.215094 0.399999
v 9.056668 -9.210417 0.399999
v 9.020564 -9.205031 0.399999
v 8.980668 -9.199000 0.399999
v 8.937356 -9.192386 0.399999
v 8.891002 -9.185250 0.399999
v 8.841981 -9.177656 0.399999
v 8.790668 -9.169666 0.399999
v 8.737439 -9.161344 0.399999
v 8.682669 -9.152750 0.399999
v 8.626731 -9.143948 0.399999
v 8.570002 -9.135000 0.399999
v 8.650002 -8.733000 0.399999
v 9.090001 -8.805000 0.399999
v 9.103806 -8.807502 0.399999
v 9.117279 -8.810019 0.399999
v 9.130502 -8.812562 0.399999
v 9.143558 -8.815147 0.399999
v 9.156529 -8.817789 0.399999
v 9.169501 -8.820499 0.399999
v 9.182557 -8.823294 0.399999
v 9.195780 -8.826185 0.399999
v 9.209252 -8.829187 0.399999
v 9.223058 -8.832314 0.399999
v 9.237280 -8.835581 0.399999
v 9.252002 -8.839000 0.399999
v 9.286001 -8.658999 0.399999
v 9.273454 -8.658457 0.399999
v 9.260788 -8.657824 0.399999
v 9.247970 -8.657093 0.399999
v 9.234964 -8.656259 0.399999
v 9.221737 -8.655313 0.399999
v 9.208252 -8.654249 0.399999
v 9.194475 -8.653061 0.399999
v 9.180372 -8.651740 0.399999
v 9.165908 -8.650281 0.399999
v 9.151048 -8.648676 0.399999
v 9.135757 -8.646917 0.399999
v 9.120002 -8.645000 0.399999
v 9.098549 -8.642633 0.399999
v 9.073381 -8.639565 0.399999
v 9.044783 -8.635843 0.399999
v 9.013039 -8.631518 0.399999
v 8.978434 -8.626637 0.399999
v 8.941252 -8.621250 0.399999
v 8.901778 -8.615404 0.399999
v 8.860298 -8.609148 0.399999
v 8.817096 -8.602531 0.399999
v 8.772455 -8.595602 0.399999
v 8.726663 -8.588408 0.399999
v 8.680001 -8.580999 0.399999
v 8.722001 -8.371000 0.399999
v 8.724582 -8.358164 0.399999
v 8.727316 -8.345648 0.399999
v 8.730188 -8.333437 0.399999
v 8.733186 -8.321518 0.399999
v 8.736295 -8.309877 0.399999
v 8.739501 -8.298500 0.399999
v 8.742790 -8.287373 0.399999
v 8.746149 -8.276482 0.399999
v 8.749563 -8.265812 0.399999
v 8.753019 -8.255352 0.399999
v 8.756503 -8.245086 0.399999
v 8.760001 -8.235000 0.399999
v 8.580002 -8.203000 0.399999
v 8.579341 -8.212857 0.399999
v 8.578389 -8.223361 0.399999
v 8.577188 -8.234406 0.399999
v 8.575778 -8.245889 0.399999
v 8.574202 -8.257705 0.399999
v 8.572500 -8.269750 0.399999
v 8.570716 -8.281919 0.399999
v 8.568890 -8.294111 0.399999
v 8.567063 -8.306218 0.399999
v 8.565279 -8.318138 0.399999
v 8.563578 -8.329767 0.399999
v 8.562001 -8.341000 0.399999
v 8.520001 -8.557000 0.399999
v 8.471760 -8.549048 0.399999
v 8.424250 -8.541222 0.399999
v 8.377781 -8.533563 0.399999
v 8.332666 -8.526111 0.399999
v 8.289219 -8.518909 0.399999
v 8.247750 -8.512000 0.399999
v 8.208573 -8.505424 0.399999
v 8.172001 -8.499222 0.399999
v 8.138345 -8.493437 0.399999
v 8.107918 -8.488111 0.399999
v 8.081033 -8.483284 0.399999
v 8.058002 -8.479000 0.399999
v 8.043673 -8.476421 0.399999
v 8.029705 -8.473703 0.399999
v 8.016127 -8.470875 0.399999
v 8.002965 -8.467963 0.399999
v 7.990247 -8.464995 0.399999
v 7.978002 -8.462000 0.399999
v 7.966256 -8.459004 0.399999
v 7.955039 -8.456037 0.399999
v 7.944376 -8.453125 0.399999
v 7.934298 -8.450296 0.399999
v 7.924830 -8.447578 0.399999
v 7.916001 -8.445000 0.399999
v 7.882001 -8.613000 0.399999
v 7.890144 -8.614080 0.399999
v 7.899474 -8.615314 0.399999
v 7.909846 -8.616688 0.399999
v 7.921113 -8.618185 0.399999
v 7.933130 -8.619794 0.399999
v 7.945752 -8.621500 0.399999
v 7.958831 -8.623289 0.399999
v 7.972224 -8.625148 0.399999
v 7.985783 -8.627062 0.399999
v 7.999362 -8.629019 0.399999
v 8.012817 -8.631002 0.399999
v 8.026001 -8.632999 0.399999
v 8.492002 -8.707000 0.399999
v 8.412002 -9.108999 0.399999
v 7.920002 -9.025000 0.399999
v 7.900954 -9.021081 0.399999
v 7.882789 -9.017315 0.399999
v 7.865470 -9.013687 0.399999
v 7.848965 -9.010185 0.399999
v 7.833237 -9.006794 0.399999
v 7.818252 -9.003500 0.399999
v 7.803975 -9.000289 0.399999
v 7.790372 -8.997149 0.399999
v 7.777408 -8.994062 0.399999
v 7.765048 -8.991018 0.399999
v 7.753257 -8.988002 0.399999
v 7.742002 -8.985000 0.399999
v 7.710001 -9.153000 0.399999
v 7.720953 -9.154122 0.399999
v 7.732779 -9.155481 0.399999
v 7.745439 -9.157063 0.399999
v 7.758890 -9.158852 0.399999
v 7.773091 -9.160835 0.399999
v 7.788001 -9.163000 0.399999
v 7.803577 -9.165331 0.399999
v 7.819779 -9.167814 0.399999
v 7.836564 -9.170437 0.399999
v 7.853890 -9.173185 0.399999
v 7.871716 -9.176044 0.399999
v 7.890001 -9.179000 0.399999
v 8.382002 -9.257000 0.399999
v 8.300001 -9.659000 0.399999
v 8.296459 -9.673696 0.399999
v 8.292834 -9.688731 0.399999
v 8.289126 -9.704031 0.399999
v 8.285335 -9.719519 0.399999
v 8.281460 -9.735117 0.399999
v 8.277501 -9.750750 0.399999
v 8.273459 -9.766341 0.399999
v 8.269335 -9.781815 0.399999
v 8.265126 -9.797093 0.399999
v 8.260835 -9.812101 0.399999
v 8.256460 -9.826763 0.399999
v 8.252002 -9.841000 0.399999
v 8.434002 -9.875000 0.399999
v 8.436425 -9.858162 0.399999
v 8.438724 -9.841629 0.399999
v 8.440939 -9.825375 0.399999
v 8.443112 -9.809370 0.399999
v 8.445286 -9.793588 0.399999
v 8.447501 -9.778000 0.399999
v 8.449800 -9.762579 0.399999
v 8.452223 -9.747296 0.399999
v 8.454813 -9.732124 0.399999
v 8.457612 -9.717037 0.399999
v 8.460661 -9.702004 0.399999
v 8.464002 -9.687000 0.399999
v 8.542002 -9.283000 0.399999
v 8.598191 -9.292449 0.399999
v 8.653520 -9.301760 0.399999
v 8.707626 -9.310875 0.399999
v 8.760149 -9.319740 0.399999
v 8.810728 -9.328300 0.399999
v 8.859001 -9.336500 0.399999
v 8.904608 -9.344282 0.399999
v 8.947186 -9.351593 0.399999
v 8.986377 -9.358375 0.399999
v 9.021816 -9.364574 0.399999
v 9.053145 -9.370134 0.399999
v 9.080002 -9.375000 0.399999
v 9.099050 -9.378420 0.399999
v 9.117207 -9.381695 0.399999
v 9.134502 -9.384844 0.399999
v 9.150966 -9.387889 0.399999
v 9.166623 -9.390850 0.399999
v 9.181502 -9.393750 0.399999
v 9.195632 -9.396607 0.399999
v 9.209040 -9.399445 0.399999
v 9.221752 -9.402281 0.399999
v 9.233798 -9.405139 0.399999
v 9.245205 -9.408038 0.399999
v 9.256001 -9.410999 0.399999
v 9.292002 -9.237000 0.399999
v 9.279868 -9.236378 0.399999
v 9.266603 -9.235527 0.399999
v 9.252407 -9.234468 0.399999
v 9.237482 -9.233222 0.399999
v 9.222030 -9.231809 0.399999
v 9.206251 -9.230249 0.399999
v 9.190347 -9.228566 0.399999
v 9.174520 -9.226778 0.399999
v 9.158970 -9.224906 0.399999
v 9.143899 -9.222972 0.399999
v 9.129509 -9.220997 0.399999
v 9.116001 -9.219000 0.399999
v 10.160002 -8.597000 0.399999
v 10.160002 -9.009000 0.399999
v 9.602001 -9.009000 0.399999
v 9.602001 -9.184999 0.399999
v 10.160002 -9.184999 0.399999
v 10.160002 -9.608999 0.399999
v 9.564001 -9.608999 0.399999
v 9.564001 -9.785000 0.399999
v 10.356002 -9.785000 0.399999
v 10.356002 -8.421000 0.399999
v 9.582002 -8.421000 0.399999
v 9.582002 -8.597000 0.399999
v -11.629913 -4.430327 0.400001
v -11.629647 -4.414454 0.400001
v -11.629187 -4.397593 0.400001
v -11.628518 -4.379963 0.400001
v -11.627627 -4.361776 0.400001
v -11.626500 -4.343250 0.400001
v -11.625123 -4.324598 0.400001
v -11.623482 -4.306037 0.400001
v -11.621563 -4.287781 0.400001
v -11.619352 -4.270046 0.400001
v -11.616837 -4.253047 0.400001
v -11.614001 -4.237000 0.400001
v -11.810001 -4.237000 0.400001
v -11.808466 -4.252971 0.400001
v -11.806881 -4.269769 0.400001
v -11.805283 -4.287219 0.400001
v -11.803705 -4.305148 0.400001
v -11.802183 -4.323383 0.400001
v -11.800752 -4.341750 0.400001
v -11.799445 -4.360075 0.400001
v -11.798298 -4.378185 0.400001
v -11.797345 -4.395906 0.400001
v -11.796622 -4.413065 0.400001
v -11.796163 -4.429487 0.400001
v -11.796001 -4.445000 0.400001
v -11.796001 -4.771000 0.400001
v -11.864253 -4.792274 0.400001
v -11.936344 -4.815861 0.400001
v -12.011283 -4.841406 0.400001
v -12.088076 -4.868555 0.400001
v -12.165730 -4.896955 0.400001
v -12.243252 -4.926250 0.400001
v -12.319649 -4.956087 0.400001
v -12.393928 -4.986111 0.400001
v -12.465096 -5.015969 0.400001
v -12.532159 -5.045305 0.400001
v -12.594126 -5.073767 0.400001
v -12.650002 -5.101000 0.400001
v -12.582002 -5.271000 0.400001
v -12.524981 -5.241213 0.400001
v -12.463502 -5.211037 0.400001
v -12.398439 -5.180750 0.400001
v -12.330668 -5.150630 0.400001
v -12.261065 -5.120954 0.400001
v -12.190502 -5.092000 0.400001
v -12.119856 -5.064046 0.400001
v -12.050002 -5.037370 0.400001
v -11.981814 -5.012250 0.400001
v -11.916168 -4.988963 0.400001
v -11.853939 -4.967787 0.400001
v -11.796001 -4.949000 0.400001
v -11.798001 -5.609000 0.400001
v -11.798084 -5.625407 0.400001
v -11.798334 -5.643426 0.400001
v -11.798751 -5.662750 0.400001
v -11.799335 -5.683074 0.400001
v -11.800084 -5.704093 0.400001
v -11.801001 -5.725500 0.400001
v -11.802084 -5.746991 0.400001
v -11.803334 -5.768259 0.400001
v -11.804751 -5.789000 0.400001
v -11.806334 -5.808908 0.400001
v -11.808084 -5.827676 0.400001
v -11.810001 -5.845000 0.400001
v -11.616001 -5.845000 0.400001
v -11.618376 -5.828325 0.400001
v -11.620509 -5.810435 0.400001
v -11.622406 -5.791532 0.400001
v -11.624074 -5.771815 0.400001
v -11.625520 -5.751487 0.400001
v -11.626750 -5.730750 0.400001
v -11.627772 -5.709805 0.400001
v -11.628592 -5.688852 0.400001
v -11.629219 -5.668094 0.400001
v -11.629658 -5.647731 0.400001
v -11.629916 -5.627966 0.400001
v -11.630001 -5.609000 0.400001
v -11.630001 -5.565778 0.400001
v -11.630001 -5.495556 0.400001
v -11.630001 -5.403501 0.400001
v -11.630001 -5.294778 0.400001
v -11.630001 -5.174556 0.400001
v -11.630001 -5.048000 0.400001
v -11.630001 -4.920278 0.400001
v -11.630001 -4.796556 0.400001
v -11.630001 -4.682000 0.400001
v -11.630001 -4.581778 0.400001
v -11.630001 -4.501056 0.400001
v -11.630001 -4.445000 0.400001
v -9.487829 -4.929000 0.400001
v -9.560297 -4.929000 0.400001
v -9.650876 -4.929000 0.400001
v -9.755038 -4.929000 0.400001
v -9.868256 -4.929000 0.400001
v -9.986001 -4.929000 0.400001
v -10.103746 -4.929000 0.400001
v -10.216964 -4.929000 0.400001
v -10.321126 -4.929000 0.400001
v -10.411705 -4.929000 0.400001
v -10.484173 -4.929000 0.400001
v -10.534001 -4.929000 0.400001
v -10.558418 -4.928880 0.400001
v -10.581668 -4.928537 0.400001
v -10.603751 -4.928000 0.400001
v -10.624668 -4.927297 0.400001
v -10.644418 -4.926454 0.400001
v -10.663001 -4.925500 0.400001
v -10.680418 -4.924463 0.400001
v -10.696668 -4.923370 0.400001
v -10.711751 -4.922250 0.400001
v -10.725668 -4.921130 0.400001
v -10.738418 -4.920037 0.400001
v -10.750001 -4.919000 0.400001
v -10.750001 -5.115000 0.400001
v -10.739106 -5.114383 0.400001
v -10.726510 -5.113565 0.400001
v -10.712344 -5.112594 0.400001
v -10.696741 -5.111518 0.400001
v -10.679832 -5.110388 0.400001
v -10.661751 -5.109250 0.400001
v -10.642627 -5.108154 0.400001
v -10.622593 -5.107148 0.400001
v -10.601782 -5.106281 0.400001
v -10.580325 -5.105602 0.400001
v -10.558354 -5.105159 0.400001
v -10.536001 -5.105000 0.400001
v -10.485751 -5.105000 0.400001
v -10.413001 -5.105000 0.400001
v -10.322251 -5.105000 0.400001
v -10.218001 -5.105000 0.400001
v -10.104752 -5.105000 0.400001
v -9.987001 -5.105000 0.400001
v -9.869251 -5.105000 0.400001
v -9.756001 -5.105000 0.400001
v -9.651752 -5.105000 0.400001
v -9.561002 -5.105000 0.400001
v -9.488252 -5.105000 0.400001
v -9.438002 -5.105000 0.400001
v -9.410608 -5.105082 0.400001
v -9.383520 -5.105324 0.400001
v -9.356876 -5.105719 0.400001
v -9.330816 -5.106259 0.400001
v -9.305478 -5.106938 0.400001
v -9.281001 -5.107750 0.400001
v -9.257524 -5.108686 0.400001
v -9.235187 -5.109741 0.400001
v -9.214127 -5.110906 0.400001
v -9.194483 -5.112176 0.400001
v -9.176395 -5.113543 0.400001
v -9.160002 -5.115000 0.400001
v -9.160002 -4.919000 0.400001
v -9.175935 -4.920036 0.400001
v -9.193647 -4.921129 0.400001
v -9.212999 -4.922250 0.400001
v -9.233851 -4.923370 0.400001
v -9.256064 -4.924462 0.400001
v -9.279500 -4.925500 0.400001
v -9.304019 -4.926454 0.400001
v -9.329482 -4.927296 0.400001
v -9.355751 -4.927999 0.400001
v -9.382687 -4.928537 0.400001
v -9.410150 -4.928880 0.400001
v -9.438002 -4.929000 0.400001
v -7.896001 -4.443000 0.400001
v -8.438002 -4.443000 0.400001
v -8.451294 -4.442874 0.400001
v -8.464169 -4.442491 0.400001
v -8.476626 -4.441844 0.400001
v -8.488668 -4.440926 0.400001
v -8.500294 -4.439730 0.400001
v -8.511502 -4.438250 0.400001
v -8.522294 -4.436478 0.400001
v -8.532669 -4.434407 0.400001
v -8.542627 -4.432031 0.400001
v -8.552169 -4.429342 0.400001
v -8.561294 -4.426334 0.400001
v -8.570002 -4.423000 0.400001
v -8.702002 -4.503000 0.400001
v -8.697504 -4.510396 0.400001
v -8.693028 -4.518500 0.400001
v -8.688595 -4.527187 0.400001
v -8.684223 -4.536333 0.400001
v -8.679935 -4.545813 0.400001
v -8.675751 -4.555500 0.400001
v -8.671692 -4.565271 0.400001
v -8.667779 -4.575000 0.400001
v -8.664032 -4.584562 0.400001
v -8.660473 -4.593833 0.400001
v -8.657123 -4.602688 0.400001
v -8.654001 -4.611000 0.400001
v -8.639842 -4.657996 0.400001
v -8.623390 -4.706797 0.400001
v -8.604689 -4.757125 0.400001
v -8.583779 -4.808704 0.400001
v -8.560703 -4.861255 0.400001
v -8.535501 -4.914500 0.400001
v -8.508217 -4.968162 0.400001
v -8.478890 -5.021963 0.400001
v -8.447564 -5.075625 0.400001
v -8.414279 -5.128870 0.400001
v -8.379078 -5.181421 0.400001
v -8.342001 -5.233000 0.400001
v -8.362911 -5.248494 0.400001
v -8.383613 -5.263954 0.400001
v -8.404064 -5.279344 0.400001
v -8.424224 -5.294630 0.400001
v -8.444051 -5.309776 0.400001
v -8.463502 -5.324750 0.400001
v -8.482536 -5.339515 0.400001
v -8.501113 -5.354037 0.400001
v -8.519189 -5.368281 0.400001
v -8.536724 -5.382213 0.400001
v -8.553676 -5.395797 0.400001
v -8.570002 -5.409000 0.400001
v -8.452002 -5.547000 0.400001
v -8.436674 -5.533336 0.400001
v -8.420714 -5.519352 0.400001
v -8.404158 -5.505063 0.400001
v -8.387038 -5.490481 0.400001
v -8.369391 -5.475623 0.400001
v -8.351252 -5.460500 0.400001
v -8.332653 -5.445127 0.400001
v -8.313631 -5.429519 0.400001
v -8.294220 -5.413688 0.400001
v -8.274455 -5.397648 0.400001
v -8.254371 -5.381414 0.400001
v -8.234001 -5.365000 0.400001
v -8.188070 -5.414183 0.400001
v -8.139223 -5.462629 0.400001
v -8.087376 -5.510187 0.400001
v -8.032445 -5.556704 0.400001
v -7.974348 -5.602026 0.400001
v -7.913001 -5.646000 0.400001
v -7.848320 -5.688475 0.400001
v -7.780223 -5.729296 0.400001
v -7.708626 -5.768312 0.400001
v -7.633446 -5.805370 0.400001
v -7.554598 -5.840317 0.400001
v -7.472001 -5.873000 0.400001
v -7.328001 -5.749000 0.400001
v -7.410797 -5.721374 0.400001
v -7.490196 -5.690658 0.400001
v -7.566220 -5.657094 0.400001
v -7.638890 -5.620926 0.400001
v -7.708227 -5.582397 0.400001
v -7.774251 -5.541750 0.400001
v -7.836984 -5.499228 0.400001
v -7.896445 -5.455074 0.400001
v -7.952657 -5.409531 0.400001
v -8.005640 -5.362843 0.400001
v -8.055414 -5.315251 0.400001
v -8.102001 -5.267000 0.400001
v -8.065853 -5.241014 0.400001
v -8.029483 -5.215111 0.400001
v -7.993001 -5.189375 0.400001
v -7.956520 -5.163889 0.400001
v -7.920149 -5.138736 0.400001
v -7.884001 -5.114000 0.400001
v -7.848186 -5.089764 0.400001
v -7.812816 -5.066111 0.400001
v -7.778001 -5.043125 0.400001
v -7.743853 -5.020889 0.400001
v -7.710483 -4.999486 0.400001
v -7.678001 -4.979000 0.400001
v -7.786001 -4.869000 0.400001
v -7.819360 -4.888406 0.400001
v -7.853371 -4.908583 0.400001
v -7.887938 -4.929469 0.400001
v -7.922964 -4.951000 0.400001
v -7.958351 -4.973114 0.400001
v -7.994001 -4.995750 0.400001
v -8.029819 -5.018844 0.400001
v -8.065705 -5.042333 0.400001
v -8.101564 -5.066156 0.400001
v -8.137299 -5.090250 0.400001
v -8.172810 -5.114552 0.400001
v -8.208001 -5.139000 0.400001
v -8.239898 -5.094679 0.400001
v -8.270510 -5.048935 0.400001
v -8.299719 -5.002094 0.400001
v -8.327408 -4.954482 0.400001
v -8.353457 -4.906425 0.400001
v -8.377750 -4.858250 0.400001
v -8.400168 -4.810284 0.400001
v -8.420593 -4.762852 0.400001
v -8.438907 -4.716281 0.400001
v -8.454991 -4.670898 0.400001
v -8.468729 -4.627029 0.400001
v -8.480001 -4.585000 0.400001
v -7.804001 -4.585000 0.400001
v -7.770962 -4.630300 0.400001
v -7.735853 -4.676065 0.400001
v -7.698689 -4.722094 0.400001
v -7.659483 -4.768185 0.400001
v -7.618249 -4.814137 0.400001
v -7.575001 -4.859750 0.400001
v -7.529754 -4.904820 0.400001
v -7.482520 -4.949148 0.400001
v -7.433313 -4.992531 0.400001
v -7.382149 -5.034769 0.400001
v -7.329041 -5.075659 0.400001
v -7.274001 -5.115000 0.400001
v -7.140001 -5.011000 0.400001
v -7.223102 -4.955827 0.400001
v -7.300473 -4.897778 0.400001
v -7.372220 -4.837563 0.400001
v -7.438445 -4.775889 0.400001
v -7.499254 -4.713465 0.400001
v -7.554751 -4.651000 0.400001
v -7.605039 -4.589201 0.400001
v -7.650223 -4.528778 0.400001
v -7.690407 -4.470438 0.400001
v -7.725696 -4.414889 0.400001
v -7.756192 -4.362840 0.400001
v -7.782001 -4.315000 0.400001
v -7.787233 -4.305322 0.400001
v -7.792853 -4.294408 0.400001
v -7.798751 -4.282437 0.400001
v -7.804816 -4.269592 0.400001
v -7.810936 -4.256053 0.400001
v -7.817001 -4.242000 0.400001
v -7.822899 -4.227613 0.400001
v -7.828520 -4.213074 0.400001
v -7.833751 -4.198563 0.400001
v -7.838483 -4.184259 0.400001
v -7.842603 -4.170345 0.400001
v -7.846001 -4.157000 0.400001
v -8.028002 -4.215000 0.400001
v -8.019471 -4.228305 0.400001
v -8.010919 -4.242111 0.400001
v -8.002408 -4.256249 0.400001
v -7.994001 -4.270555 0.400001
v -7.985762 -4.284861 0.400001
v -7.977751 -4.299000 0.400001
v -7.970033 -4.312805 0.400001
v -7.962668 -4.326111 0.400001
v -7.955720 -4.338750 0.400001
v -7.949251 -4.350555 0.400001
v -7.943324 -4.361361 0.400001
v -7.938001 -4.371000 0.400001
v -6.487818 -4.579224 0.400000
v -6.467363 -4.625629 0.400000
v -6.444783 -4.673812 0.400000
v -6.420224 -4.723370 0.400000
v -6.393832 -4.773900 0.400000
v -6.365752 -4.825000 0.400000
v -6.336130 -4.876266 0.400000
v -6.305113 -4.927296 0.400000
v -6.272845 -4.977687 0.400000
v -6.239474 -5.027037 0.400000
v -6.205144 -5.074942 0.400000
v -6.170002 -5.121000 0.400000
v -6.223124 -5.167562 0.400000
v -6.277149 -5.216824 0.400000
v -6.331563 -5.268156 0.400000
v -6.385853 -5.320926 0.400000
v -6.439503 -5.374501 0.400001
v -6.492001 -5.428250 0.400001
v -6.542832 -5.481541 0.400001
v -6.591483 -5.533741 0.400001
v -6.637439 -5.584219 0.400001
v -6.680187 -5.632342 0.400001
v -6.719212 -5.677480 0.400001
v -6.754002 -5.719000 0.400001
v -6.614001 -5.839000 0.400001
v -6.578927 -5.793396 0.400001
v -6.540900 -5.745833 0.400001
v -6.500220 -5.696688 0.400001
v -6.457187 -5.646334 0.400001
v -6.412097 -5.595146 0.400001
v -6.365252 -5.543500 0.400001
v -6.316947 -5.491771 0.400000
v -6.267483 -5.440333 0.400000
v -6.217157 -5.389563 0.400000
v -6.166270 -5.339833 0.400000
v -6.115118 -5.291521 0.400000
v -6.064001 -5.245000 0.400000
v -6.009352 -5.302248 0.400000
v -5.952474 -5.358815 0.400000
v -5.893470 -5.414437 0.400000
v -5.832446 -5.468852 0.400000
v -5.769505 -5.521794 0.400000
v -5.704751 -5.573000 0.400000
v -5.638290 -5.622206 0.400000
v -5.570224 -5.669148 0.400000
v -5.500658 -5.713562 0.400000
v -5.429696 -5.755185 0.400000
v -5.357442 -5.793752 0.400000
v -5.284001 -5.829000 0.400000
v -5.156001 -5.695000 0.400000
v -5.235923 -5.661236 0.400000
v -5.314538 -5.623222 0.400000
v -5.391626 -5.581375 0.400000
v -5.466964 -5.536111 0.400000
v -5.540330 -5.487847 0.400000
v -5.611501 -5.437000 0.400000
v -5.680256 -5.383986 0.400000
v -5.746372 -5.329222 0.400000
v -5.809627 -5.273125 0.400000
v -5.869798 -5.216111 0.400000
v -5.926663 -5.158597 0.400000
v -5.980001 -5.101000 0.400000
v -6.014148 -5.060880 0.400000
v -6.048344 -5.017870 0.400000
v -6.082220 -4.972500 0.400000
v -6.115408 -4.925296 0.400000
v -6.147542 -4.876787 0.400000
v -6.178251 -4.827500 0.400000
v -6.207169 -4.777963 0.400000
v -6.233927 -4.728703 0.400000
v -6.258157 -4.680250 0.400000
v -6.279492 -4.633130 0.400000
v -6.297563 -4.587871 0.400000
v -6.312001 -4.545000 0.400000
v -6.282866 -4.545000 0.400000
v -6.234084 -4.545000 0.400000
v -6.169595 -4.545000 0.400000
v -6.093334 -4.545000 0.400000
v -6.009241 -4.545000 0.400000
v -5.921251 -4.545000 0.400000
v -5.833303 -4.545000 0.400000
v -5.749335 -4.545000 0.400000
v -5.673283 -4.545000 0.400000
v -5.609085 -4.545000 0.400000
v -5.560678 -4.545000 0.400000
v -5.532001 -4.545000 0.400000
v -5.513743 -4.545158 0.400000
v -5.494261 -4.545602 0.400000
v -5.474002 -4.546281 0.400000
v -5.453409 -4.547148 0.400000
v -5.432928 -4.548154 0.400000
v -5.413002 -4.549250 0.400000
v -5.394075 -4.550387 0.400000
v -5.376594 -4.551518 0.400000
v -5.361001 -4.552594 0.400000
v -5.347742 -4.553565 0.400000
v -5.337261 -4.554383 0.400000
v -5.330001 -4.555000 0.400000
v -5.330001 -4.373000 0.400000
v -5.338711 -4.374076 0.400000
v -5.350519 -4.375278 0.400000
v -5.364938 -4.376562 0.400000
v -5.381482 -4.377889 0.400000
v -5.399665 -4.379215 0.400000
v -5.419001 -4.380500 0.400000
v -5.439003 -4.381701 0.400000
v -5.459186 -4.382777 0.400000
v -5.479064 -4.383687 0.400000
v -5.498149 -4.384389 0.400000
v -5.515957 -4.384840 0.400000
v -5.532001 -4.385000 0.400000
v -5.562583 -4.385000 0.400000
v -5.611825 -4.385000 0.400000
v -5.675970 -4.385000 0.400000
v -5.751261 -4.385000 0.400000
v -5.833940 -4.385000 0.400000
v -5.920251 -4.385000 0.400000
v -6.006438 -4.385000 0.400000
v -6.088742 -4.385000 0.400000
v -6.163408 -4.385000 0.400000
v -6.226677 -4.385000 0.400000
v -6.274794 -4.385000 0.400000
v -6.304001 -4.385000 0.400000
v -6.320206 -4.384875 0.400000
v -6.335806 -4.384509 0.400000
v -6.350782 -4.383905 0.400000
v -6.365112 -4.383074 0.400000
v -6.378775 -4.382019 0.400000
v -6.391751 -4.380750 0.400000
v -6.404018 -4.379272 0.400000
v -6.415556 -4.377592 0.400000
v -6.426345 -4.375719 0.400000
v -6.436362 -4.373657 0.400000
v -6.445588 -4.371415 0.400000
v -6.454001 -4.369000 0.400000
v -6.556001 -4.447000 0.400000
v -6.552726 -4.451558 0.400000
v -6.548965 -4.457130 0.400000
v -6.544814 -4.463563 0.400000
v -6.540372 -4.470704 0.400000
v -6.535735 -4.478401 0.400000
v -6.531002 -4.486500 0.400000
v -6.526268 -4.494850 0.400000
v -6.521631 -4.503296 0.400000
v -6.517189 -4.511687 0.400000
v -6.513039 -4.519870 0.400000
v -6.509277 -4.527692 0.400000
v -6.506001 -4.535000 0.400000
v -3.419779 -5.480884 0.400000
v -3.452557 -5.392407 0.400000
v -3.487501 -5.294375 0.400000
v -3.523779 -5.189592 0.400000
v -3.560557 -5.080866 0.400000
v -3.597001 -4.971000 0.400000
v -3.632279 -4.862801 0.400000
v -3.665557 -4.759074 0.400000
v -3.696001 -4.662625 0.400000
v -3.722779 -4.576259 0.400000
v -3.745057 -4.502782 0.400000
v -3.762001 -4.445000 0.400000
v -3.767676 -4.422889 0.400000
v -3.772733 -4.402444 0.400000
v -3.777220 -4.383500 0.400000
v -3.781187 -4.365889 0.400000
v -3.784681 -4.349444 0.400000
v -3.787751 -4.334000 0.400000
v -3.790447 -4.319388 0.400000
v -3.792816 -4.305444 0.400000
v -3.794908 -4.292000 0.400000
v -3.796770 -4.278889 0.400000
v -3.798452 -4.265944 0.400000
v -3.800001 -4.253000 0.400000
v -4.000001 -4.293000 0.400000
v -3.994959 -4.305559 0.400000
v -3.989826 -4.318305 0.400000
v -3.984595 -4.331344 0.400000
v -3.979261 -4.344778 0.400000
v -3.973815 -4.358712 0.400000
v -3.968251 -4.373250 0.400000
v -3.962563 -4.388496 0.400000
v -3.956742 -4.404555 0.400000
v -3.950783 -4.421531 0.400000
v -3.944677 -4.439528 0.400000
v -3.938419 -4.458649 0.400000
v -3.932001 -4.479000 0.400000
v -3.914722 -4.534423 0.400000
v -3.892436 -4.604889 0.400000
v -3.865970 -4.687687 0.400000
v -3.836149 -4.780111 0.400000
v -3.803801 -4.879451 0.400000
v -3.769751 -4.983000 0.400000
v -3.734826 -5.088048 0.400000
v -3.699853 -5.191889 0.400000
v -3.665657 -5.291812 0.400000
v -3.633066 -5.385111 0.400000
v -3.602905 -5.469076 0.400000
v -3.576001 -5.541000 0.400000
v -3.651229 -5.533723 0.400000
v -3.729325 -5.525953 0.400000
v -3.809407 -5.517781 0.400000
v -3.890594 -5.509296 0.400000
v -3.972002 -5.500589 0.400000
v -4.052751 -5.491750 0.400000
v -4.131958 -5.482869 0.400000
v -4.208742 -5.474037 0.400000
v -4.282220 -5.465343 0.400000
v -4.351511 -5.456880 0.400000
v -4.415732 -5.448735 0.400000
v -4.474001 -5.441000 0.400000
v -4.453808 -5.401575 0.400000
v -4.433289 -5.362435 0.400000
v -4.412533 -5.323781 0.400000
v -4.391631 -5.285815 0.400000
v -4.370674 -5.248737 0.400000
v -4.349751 -5.212750 0.400000
v -4.328954 -5.178054 0.400000
v -4.308372 -5.144852 0.400000
v -4.288095 -5.113344 0.400000
v -4.268215 -5.083732 0.400000
v -4.248820 -5.056216 0.400000
v -4.230001 -5.031000 0.400000
v -4.380001 -4.963000 0.400000
v -4.416963 -5.018356 0.400000
v -4.456362 -5.080519 0.400000
v -4.497469 -5.148125 0.400000
v -4.539556 -5.219815 0.400000
v -4.581893 -5.294227 0.400000
v -4.623751 -5.370000 0.400000
v -4.664400 -5.445773 0.400000
v -4.703112 -5.520185 0.400000
v -4.739157 -5.591875 0.400000
v -4.771807 -5.659482 0.400000
v -4.800331 -5.721643 0.400000
v -4.824001 -5.777000 0.400000
v -4.656001 -5.853000 0.400000
v -4.649254 -5.834591 0.400000
v -4.642020 -5.815398 0.400000
v -4.634314 -5.795468 0.400000
v -4.626150 -5.774852 0.400000
v -4.617541 -5.753596 0.400000
v -4.608501 -5.731750 0.400000
v -4.599045 -5.709362 0.400000
v -4.589187 -5.686481 0.400000
v -4.578939 -5.663156 0.400000
v -4.568316 -5.639435 0.400000
v -4.557333 -5.615367 0.400000
v -4.546001 -5.591000 0.400000
v -4.461902 -5.601660 0.400000
v -4.365372 -5.613444 0.400000
v -4.259064 -5.626062 0.400000
v -4.145631 -5.639222 0.400000
v -4.027726 -5.652632 0.400000
v -3.908001 -5.666000 0.400000
v -3.789110 -5.679035 0.400000
v -3.673705 -5.691444 0.400000
v -3.564439 -5.702937 0.400000
v -3.463964 -5.713222 0.400000
v -3.374934 -5.722007 0.400000
v -3.300001 -5.729000 0.400000
v -3.287339 -5.730120 0.400000
v -3.274372 -5.731462 0.400000
v -3.261126 -5.733000 0.400000
v -3.247631 -5.734704 0.400000
v -3.233913 -5.736546 0.400000
v -3.220001 -5.738500 0.400000
v -3.205923 -5.740537 0.400000
v -3.191705 -5.742630 0.400000
v -3.177376 -5.744750 0.400000
v -3.162964 -5.746870 0.400000
v -3.148497 -5.748963 0.400000
v -3.134001 -5.751000 0.400000
v -3.104001 -5.565000 0.400000
v -3.119157 -5.565419 0.400000
v -3.134584 -5.565685 0.400000
v -3.150220 -5.565813 0.400000
v -3.166001 -5.565815 0.400000
v -3.181866 -5.565706 0.400000
v -3.197751 -5.565500 0.400000
v -3.213595 -5.565210 0.400000
v -3.229335 -5.564852 0.400000
v -3.244908 -5.564437 0.400000
v -3.260251 -5.563982 0.400000
v -3.275303 -5.563498 0.400000
v -3.290001 -5.563000 0.400000
v -3.390001 -5.557000 0.400000
v -1.487830 -4.929000 0.400000
v -1.560298 -4.929000 0.400000
v -1.650876 -4.929000 0.400000
v -1.755038 -4.929000 0.400000
v -1.868256 -4.929000 0.400000
v -1.986001 -4.929000 0.400000
v -2.103747 -4.929000 0.400000
v -2.216964 -4.929000 0.400000
v -2.321126 -4.929000 0.400000
v -2.411705 -4.929000 0.400000
v -2.484173 -4.929000 0.400000
v -2.534001 -4.929000 0.400000
v -2.558418 -4.928880 0.400000
v -2.581668 -4.928537 0.400000
v -2.603751 -4.928000 0.400000
v -2.624668 -4.927297 0.400000
v -2.644418 -4.926454 0.400000
v -2.663001 -4.925500 0.400000
v -2.680418 -4.924463 0.400000
v -2.696668 -4.923370 0.400000
v -2.711751 -4.922250 0.400000
v -2.725668 -4.921130 0.400000
v -2.738418 -4.920037 0.400000
v -2.750001 -4.919000 0.400000
v -2.750001 -5.115000 0.400000
v -2.739106 -5.114383 0.400000
v -2.726510 -5.113565 0.400000
v -2.712345 -5.112594 0.400000
v -2.696742 -5.111518 0.400000
v -2.679833 -5.110388 0.400000
v -2.661751 -5.109250 0.400000
v -2.642627 -5.108154 0.400000
v -2.622594 -5.107148 0.400000
v -2.601782 -5.106281 0.400000
v -2.580325 -5.105602 0.400000
v -2.558354 -5.105159 0.400000
v -2.536001 -5.105000 0.400000
v -2.485751 -5.105000 0.400000
v -2.413001 -5.105000 0.400000
v -2.322251 -5.105000 0.400000
v -2.218001 -5.105000 0.400000
v -2.104751 -5.105000 0.400000
v -1.987001 -5.105000 0.400000
v -1.869251 -5.105000 0.400000
v -1.756001 -5.105000 0.400000
v -1.651751 -5.105000 0.400000
v -1.561001 -5.105000 0.400000
v -1.488251 -5.105000 0.400000
v -1.438001 -5.105000 0.400000
v -1.410608 -5.105082 0.400000
v -1.383520 -5.105324 0.400000
v -1.356876 -5.105719 0.400000
v -1.330816 -5.106259 0.400000
v -1.305478 -5.106938 0.400000
v -1.281001 -5.107750 0.400000
v -1.257524 -5.108686 0.400000
v -1.235187 -5.109741 0.400000
v -1.214126 -5.110906 0.400000
v -1.194483 -5.112176 0.400000
v -1.176395 -5.113543 0.400000
v -1.160001 -5.115000 0.400000
v -1.160001 -4.919000 0.400000
v -1.175936 -4.920036 0.400000
v -1.193649 -4.921129 0.400000
v -1.213001 -4.922250 0.400000
v -1.233853 -4.923370 0.400000
v -1.256066 -4.924462 0.400000
v -1.279501 -4.925500 0.400000
v -1.304020 -4.926454 0.400000
v -1.329483 -4.927296 0.400000
v -1.355751 -4.927999 0.400000
v -1.382686 -4.928537 0.400000
v -1.410149 -4.928880 0.400000
v -1.438001 -4.929000 0.400000
v -0.532001 -4.527000 0.400000
v -0.521442 -4.506215 0.400000
v -0.509862 -4.484056 0.400000
v -0.497408 -4.460813 0.400000
v -0.484224 -4.436778 0.400000
v -0.470456 -4.412243 0.400000
v -0.456251 -4.387500 0.400000
v -0.441755 -4.362841 0.400000
v -0.427112 -4.338555 0.400000
v -0.412470 -4.314938 0.400000
v -0.397974 -4.292278 0.400000
v -0.383769 -4.270868 0.400000
v -0.370001 -4.251000 0.400000
v -0.476001 -4.205000 0.400000
v -0.488968 -4.223989 0.400000
v -0.502733 -4.244740 0.400000
v -0.517095 -4.266937 0.400000
v -0.531853 -4.290259 0.400000
v -0.546806 -4.314386 0.400000
v -0.561751 -4.339000 0.400000
v -0.576489 -4.363780 0.400000
v -0.590816 -4.388407 0.400000
v -0.604533 -4.412562 0.400000
v -0.617437 -4.435925 0.400000
v -0.629327 -4.458178 0.400000
v -0.640001 -4.479000 0.400000
v -0.756001 -4.445000 0.400000
v -0.744600 -4.422956 0.400000
v -0.732455 -4.399981 0.400000
v -0.719657 -4.376312 0.400000
v -0.706298 -4.352185 0.400000
v -0.692465 -4.327836 0.400000
v -0.678251 -4.303500 0.400000
v -0.663745 -4.279414 0.400000
v -0.649038 -4.255815 0.400000
v -0.634220 -4.232938 0.400000
v -0.619381 -4.211019 0.400000
v -0.604611 -4.190294 0.400000
v -0.590001 -4.171000 0.400000
v -0.696001 -4.125000 0.400000
v -0.709505 -4.144484 0.400000
v -0.723862 -4.165704 0.400000
v -0.738845 -4.188313 0.400000
v -0.754224 -4.211963 0.400000
v -0.769769 -4.236308 0.400000
v -0.785251 -4.261000 0.400000
v -0.800442 -4.285692 0.400000
v -0.815112 -4.310037 0.400000
v -0.829033 -4.333687 0.400000
v -0.841974 -4.356296 0.400000
v -0.853706 -4.377516 0.400000
v -0.864001 -4.397000 0.400000
v 0.305084 -4.433784 0.400000
v 0.310351 -4.449101 0.400000
v 0.315811 -4.464906 0.400000
v 0.321480 -4.481148 0.400000
v 0.327371 -4.497778 0.400000
v 0.333499 -4.514750 0.400000
v 0.339876 -4.532012 0.400000
v 0.346517 -4.549518 0.400000
v 0.353436 -4.567218 0.400000
v 0.360647 -4.585064 0.400000
v 0.368163 -4.603008 0.400000
v 0.375999 -4.621000 0.400000
v -0.570001 -4.621000 0.400000
v -0.582637 -4.620956 0.400000
v -0.596418 -4.620815 0.400000
v -0.611158 -4.620563 0.400000
v -0.626668 -4.620185 0.400000
v -0.642762 -4.619669 0.400000
v -0.659251 -4.619000 0.400000
v -0.675949 -4.618165 0.400000
v -0.692668 -4.617148 0.400000
v -0.709220 -4.615938 0.400000
v -0.725418 -4.614519 0.400000
v -0.741074 -4.612877 0.400000
v -0.756001 -4.611000 0.400000
v -0.756001 -4.783000 0.400000
v -0.740196 -4.782042 0.400000
v -0.723890 -4.781167 0.400000
v -0.707251 -4.780375 0.400000
v -0.690446 -4.779666 0.400000
v -0.673640 -4.779041 0.400000
v -0.657001 -4.778500 0.400000
v -0.640696 -4.778042 0.400000
v -0.624890 -4.777667 0.400000
v -0.609751 -4.777375 0.400000
v -0.595446 -4.777166 0.400000
v -0.582140 -4.777041 0.400000
v -0.570001 -4.777000 0.400000
v -0.230001 -4.777000 0.400000
v -0.218043 -4.915113 0.400000
v -0.198335 -5.043741 0.400000
v -0.171126 -5.163312 0.400000
v -0.136668 -5.274259 0.400000
v -0.095210 -5.377011 0.400000
v -0.047001 -5.472000 0.400000
v 0.007707 -5.559655 0.400000
v 0.068665 -5.640408 0.400000
v 0.135624 -5.714687 0.400000
v 0.208332 -5.782926 0.400000
v 0.286540 -5.845553 0.400000
v 0.369999 -5.903000 0.400000
v 0.539999 -5.787000 0.400000
v 0.525468 -5.781256 0.400000
v 0.510915 -5.775046 0.400000
v 0.496405 -5.768406 0.400000
v 0.481999 -5.761370 0.400000
v 0.467759 -5.753973 0.400000
v 0.453749 -5.746250 0.400000
v 0.440030 -5.738235 0.400000
v 0.426665 -5.729963 0.400000
v 0.413717 -5.721469 0.400000
v 0.401249 -5.712787 0.400000
v 0.389322 -5.703952 0.400000
v 0.377999 -5.695000 0.400000
v 0.328701 -5.655548 0.400000
v 0.279286 -5.610888 0.400000
v 0.230467 -5.560562 0.400000
v 0.182962 -5.504111 0.400000
v 0.137484 -5.441076 0.400000
v 0.094749 -5.371000 0.400000
v 0.055472 -5.293424 0.400000
v 0.020369 -5.207889 0.400000
v -0.009845 -5.113937 0.400000
v -0.034455 -5.011111 0.400000
v -0.052746 -4.898952 0.400000
v -0.064001 -4.777000 0.400000
v 0.449999 -4.777000 0.400000
v 0.471121 -4.815098 0.400000
v 0.494314 -4.854120 0.400000
v 0.519311 -4.893656 0.400000
v 0.545851 -4.933296 0.400000
v 0.573668 -4.972631 0.400000
v 0.602499 -5.011250 0.400000
v 0.632080 -5.048744 0.400000
v 0.662147 -5.084703 0.400000
v 0.692436 -5.118719 0.400000
v 0.722684 -5.150380 0.400000
v 0.752626 -5.179276 0.400000
v 0.781999 -5.205000 0.400000
v 0.939999 -5.111000 0.400000
v 0.904081 -5.083022 0.400000
v 0.868490 -5.051509 0.400000
v 0.833468 -5.017094 0.400000
v 0.799258 -4.980407 0.400000
v 0.766104 -4.942082 0.400000
v 0.734249 -4.902750 0.400000
v 0.703935 -4.863043 0.400000
v 0.675406 -4.823592 0.400000
v 0.648905 -4.785031 0.400000
v 0.624675 -4.747991 0.400000
v 0.602958 -4.713103 0.400000
v 0.583999 -4.681000 0.400000
v 0.570871 -4.655973 0.400000
v 0.558480 -4.630954 0.400000
v 0.546811 -4.606031 0.400000
v 0.535851 -4.581296 0.400000
v 0.525584 -4.556839 0.400000
v 0.515999 -4.532750 0.400000
v 0.507080 -4.509119 0.400000
v 0.498814 -4.486037 0.400000
v 0.491186 -4.463593 0.400000
v 0.484184 -4.441879 0.400000
v 0.477793 -4.420985 0.400000
v 0.471999 -4.401000 0.400000
v 0.468124 -4.387921 0.400000
v 0.464499 -4.374704 0.400000
v 0.461124 -4.361375 0.400000
v 0.457999 -4.347963 0.400000
v 0.455124 -4.334496 0.400000
v 0.452499 -4.321000 0.400000
v 0.450124 -4.307505 0.400000
v 0.447999 -4.294037 0.400000
v 0.446124 -4.280625 0.400000
v 0.444499 -4.267296 0.400000
v 0.443124 -4.254079 0.400000
v 0.441999 -4.241000 0.400000
v 0.247999 -4.279000 0.400000
v 0.252536 -4.290654 0.400000
v 0.257128 -4.302565 0.400000
v 0.261749 -4.314656 0.400000
v 0.266369 -4.326852 0.400000
v 0.270962 -4.339075 0.400000
v 0.275499 -4.351250 0.400000
v 0.279952 -4.363299 0.400000
v 0.284295 -4.375148 0.400000
v 0.288499 -4.386719 0.400000
v 0.292536 -4.397935 0.400000
v 0.296378 -4.408721 0.400000
v 0.299999 -4.419000 0.400000
v 2.670482 -4.455019 0.400000
v 2.623527 -4.450149 0.400000
v 2.568030 -4.444500 0.400000
v 2.504888 -4.438186 0.400000
v 2.434995 -4.431315 0.400000
v 2.359249 -4.424000 0.400000
v 2.278544 -4.416352 0.400000
v 2.193777 -4.408482 0.400000
v 2.105843 -4.400500 0.400000
v 2.015638 -4.392519 0.400000
v 1.924058 -4.384648 0.400000
v 1.831999 -4.377000 0.400000
v 1.778137 -4.372625 0.400000
v 1.725610 -4.368500 0.400000
v 1.674499 -4.364625 0.400000
v 1.624887 -4.361000 0.400000
v 1.576860 -4.357625 0.400000
v 1.530499 -4.354500 0.400000
v 1.485888 -4.351624 0.400000
v 1.443110 -4.349000 0.400000
v 1.402249 -4.346625 0.400000
v 1.363387 -4.344500 0.400000
v 1.326610 -4.342625 0.400000
v 1.291999 -4.341000 0.400000
v 1.291999 -4.501000 0.400000
v 1.321712 -4.501057 0.400000
v 1.353536 -4.501287 0.400000
v 1.386999 -4.501781 0.400000
v 1.421628 -4.502629 0.400000
v 1.456952 -4.503922 0.400000
v 1.492499 -4.505750 0.400000
v 1.527795 -4.508203 0.400000
v 1.562369 -4.511370 0.400000
v 1.595749 -4.515344 0.400000
v 1.627462 -4.520213 0.400000
v 1.657036 -4.526068 0.400000
v 1.683999 -4.533000 0.400000
v 1.752670 -4.560256 0.400000
v 1.816536 -4.595379 0.400000
v 1.875374 -4.637406 0.400000
v 1.928962 -4.685370 0.400000
v 1.977077 -4.738307 0.400000
v 2.019499 -4.795250 0.400000
v 2.056003 -4.855235 0.400000
v 2.086369 -4.917296 0.400000
v 2.110374 -4.980469 0.400000
v 2.127795 -5.043787 0.400000
v 2.138411 -5.106286 0.400000
v 2.141999 -5.167000 0.400000
v 2.134648 -5.259048 0.400000
v 2.113527 -5.340546 0.400000
v 2.080030 -5.412031 0.400000
v 2.035554 -5.474037 0.400000
v 1.981495 -5.527098 0.400000
v 1.919249 -5.571750 0.400000
v 1.850211 -5.608527 0.400000
v 1.775777 -5.637963 0.400000
v 1.697342 -5.660594 0.400000
v 1.616304 -5.676954 0.400000
v 1.534058 -5.687577 0.400000
v 1.451999 -5.693000 0.400000
v 1.509999 -5.859000 0.400000
v 1.603307 -5.851629 0.400000
v 1.697137 -5.836370 0.400000
v 1.789842 -5.813000 0.400000
v 1.879776 -5.781296 0.400000
v 1.965294 -5.741037 0.400000
v 2.044749 -5.692000 0.400000
v 2.116495 -5.633963 0.400000
v 2.178888 -5.566704 0.400000
v 2.230280 -5.490000 0.400000
v 2.269027 -5.403629 0.400000
v 2.293481 -5.307370 0.400000
v 2.301999 -5.201000 0.400000
v 2.298153 -5.124258 0.400000
v 2.287072 -5.050231 0.400000
v 2.269436 -4.979218 0.400000
v 2.245924 -4.911518 0.400000
v 2.217218 -4.847429 0.400000
v 2.183998 -4.787250 0.400000
v 2.146945 -4.731278 0.400000
v 2.106739 -4.679814 0.400000
v 2.064061 -4.633156 0.400000
v 2.019591 -4.591601 0.400000
v 1.974010 -4.555450 0.400000
v 1.927999 -4.525000 0.400000
v 1.987324 -4.531485 0.400000
v 2.056934 -4.538879 0.400000
v 2.134780 -4.547093 0.400000
v 2.218814 -4.556037 0.400000
v 2.306986 -4.565619 0.400000
v 2.397249 -4.575750 0.400000
v 2.487553 -4.586339 0.400000
v 2.575851 -4.597296 0.400000
v 2.660093 -4.608531 0.400000
v 2.738230 -4.619954 0.400000
v 2.808215 -4.631474 0.400000
v 2.867999 -4.643000 0.400000
v 2.885999 -4.469000 0.400000
v 2.867257 -4.468459 0.400000
v 2.849064 -4.467843 0.400000
v 2.831468 -4.467156 0.400000
v 2.814517 -4.466407 0.400000
v 2.798262 -4.465603 0.400000
v 2.782749 -4.464750 0.400000
v 2.768028 -4.463855 0.400000
v 2.754147 -4.462926 0.400000
v 2.741155 -4.461968 0.400000
v 2.729101 -4.460990 0.400000
v 2.718032 -4.459999 0.400000
v 2.707999 -4.459000 0.400000
v 1.517999 -5.073000 0.400000
v 1.529743 -5.048851 0.400000
v 1.541952 -5.024472 0.400000
v 1.554592 -4.999969 0.400000
v 1.567628 -4.975445 0.400000
v 1.581025 -4.951004 0.400000
v 1.594749 -4.926750 0.400000
v 1.608764 -4.902788 0.400000
v 1.623036 -4.879222 0.400000
v 1.637530 -4.856156 0.400000
v 1.652212 -4.833694 0.400000
v 1.667046 -4.811941 0.400000
v 1.681999 -4.791000 0.400000
v 1.579999 -4.747000 0.400000
v 1.567911 -4.764654 0.400000
v 1.554795 -4.784398 0.400000
v 1.540874 -4.805906 0.400000
v 1.526369 -4.828852 0.400000
v 1.511503 -4.852908 0.400000
v 1.496499 -4.877750 0.400000
v 1.481577 -4.903049 0.400000
v 1.466962 -4.928481 0.400000
v 1.452874 -4.953719 0.400000
v 1.439536 -4.978435 0.400000
v 1.427170 -5.002304 0.400000
v 1.415999 -5.025000 0.400000
v 1.291999 -4.989000 0.400000
v 1.304204 -4.964508 0.400000
v 1.316804 -4.940065 0.400000
v 1.329780 -4.915719 0.400000
v 1.343110 -4.891519 0.400000
v 1.356773 -4.867513 0.400000
v 1.370749 -4.843750 0.400000
v 1.385016 -4.820279 0.400000
v 1.399554 -4.797148 0.400000
v 1.414342 -4.774406 0.400000
v 1.429360 -4.752102 0.400000
v 1.444585 -4.730284 0.400000
v 1.459999 -4.709000 0.400000
v 1.361999 -4.663000 0.400000
v 1.349370 -4.680614 0.400000
v 1.335638 -4.700250 0.400000
v 1.321030 -4.721593 0.400000
v 1.305776 -4.744333 0.400000
v 1.290106 -4.768156 0.400000
v 1.274249 -4.792750 0.400000
v 1.258433 -4.817802 0.400000
v 1.242888 -4.843000 0.400000
v 1.227842 -4.868032 0.400000
v 1.213526 -4.892583 0.400000
v 1.200169 -4.916344 0.400000
v 1.187999 -4.939000 0.400000
v 4.512170 -4.929000 0.400000
v 4.439703 -4.929000 0.400000
v 4.349124 -4.929000 0.400000
v 4.244962 -4.929000 0.400000
v 4.131744 -4.929000 0.400000
v 4.013999 -4.929000 0.400000
v 3.896253 -4.929000 0.400000
v 3.783036 -4.929000 0.400000
v 3.678874 -4.929000 0.400000
v 3.588295 -4.929000 0.400000
v 3.515827 -4.929000 0.400000
v 3.465999 -4.929000 0.400000
v 3.441582 -4.928880 0.400000
v 3.418332 -4.928537 0.400000
v 3.396249 -4.928000 0.400000
v 3.375332 -4.927297 0.400000
v 3.355582 -4.926454 0.400000
v 3.336999 -4.925500 0.400000
v 3.319582 -4.924463 0.400000
v 3.303332 -4.923370 0.400000
v 3.288249 -4.922250 0.400000
v 3.274332 -4.921130 0.400000
v 3.261582 -4.920037 0.400000
v 3.249999 -4.919000 0.400000
v 3.249999 -5.115000 0.400000
v 3.260894 -5.114383 0.400000
v 3.273490 -5.113565 0.400000
v 3.287655 -5.112594 0.400000
v 3.303258 -5.111518 0.400000
v 3.320167 -5.110388 0.400000
v 3.338249 -5.109250 0.400000
v 3.357373 -5.108154 0.400000
v 3.377406 -5.107148 0.400000
v 3.398218 -5.106281 0.400000
v 3.419675 -5.105602 0.400000
v 3.441646 -5.105159 0.400000
v 3.463999 -5.105000 0.400000
v 3.514249 -5.105000 0.400000
v 3.586999 -5.105000 0.400000
v 3.677749 -5.105000 0.400000
v 3.781999 -5.105000 0.400000
v 3.895249 -5.105000 0.400000
v 4.012999 -5.105000 0.400000
v 4.130749 -5.105000 0.400000
v 4.243999 -5.105000 0.400000
v 4.348248 -5.105000 0.400000
v 4.438999 -5.105000 0.400000
v 4.511749 -5.105000 0.400000
v 4.561999 -5.105000 0.400000
v 4.589393 -5.105082 0.400000
v 4.616480 -5.105324 0.400000
v 4.643124 -5.105719 0.400000
v 4.669184 -5.106259 0.400000
v 4.694522 -5.106938 0.399999
v 4.718999 -5.107750 0.399999
v 4.742476 -5.108686 0.399999
v 4.764814 -5.109741 0.399999
v 4.785874 -5.110906 0.399999
v 4.805517 -5.112176 0.399999
v 4.823605 -5.113543 0.399999
v 4.839999 -5.115000 0.399999
v 4.839999 -4.919000 0.399999
v 4.824064 -4.920036 0.399999
v 4.806351 -4.921129 0.399999
v 4.786999 -4.922250 0.399999
v 4.766147 -4.923370 0.399999
v 4.743934 -4.924462 0.399999
v 4.720499 -4.925500 0.399999
v 4.695981 -4.926454 0.399999
v 4.670517 -4.927296 0.399999
v 4.644249 -4.927999 0.399999
v 4.617314 -4.928537 0.399999
v 4.589851 -4.928880 0.399999
v 4.561999 -4.929000 0.400000
v 6.626604 -5.215094 0.399999
v 6.594666 -5.210417 0.399999
v 6.558562 -5.205031 0.399999
v 6.518666 -5.199000 0.399999
v 6.475353 -5.192386 0.399999
v 6.428999 -5.185250 0.399999
v 6.379978 -5.177656 0.399999
v 6.328666 -5.169667 0.399999
v 6.275436 -5.161344 0.399999
v 6.220665 -5.152750 0.399999
v 6.164728 -5.143948 0.399999
v 6.107999 -5.135000 0.399999
v 6.187999 -4.733000 0.399999
v 6.627999 -4.805000 0.399999
v 6.641805 -4.807502 0.399999
v 6.655277 -4.810019 0.399999
v 6.668499 -4.812562 0.399999
v 6.681554 -4.815148 0.399999
v 6.694527 -4.817789 0.399999
v 6.707499 -4.820499 0.399999
v 6.720554 -4.823294 0.399999
v 6.733777 -4.826185 0.399999
v 6.747249 -4.829187 0.399999
v 6.761054 -4.832314 0.399999
v 6.775276 -4.835581 0.399999
v 6.789999 -4.839000 0.399999
v 6.823999 -4.659000 0.399999
v 6.811452 -4.658457 0.399999
v 6.798786 -4.657824 0.399999
v 6.785968 -4.657094 0.399999
v 6.772962 -4.656260 0.399999
v 6.759734 -4.655313 0.399999
v 6.746249 -4.654250 0.399999
v 6.732472 -4.653061 0.399999
v 6.718369 -4.651741 0.399999
v 6.703905 -4.650281 0.399999
v 6.689045 -4.648676 0.399999
v 6.673754 -4.646918 0.399999
v 6.657999 -4.645000 0.399999
v 6.636547 -4.642633 0.399999
v 6.611379 -4.639565 0.399999
v 6.582780 -4.635844 0.399999
v 6.551036 -4.631518 0.399999
v 6.516431 -4.626637 0.399999
v 6.479249 -4.621250 0.399999
v 6.439775 -4.615404 0.399999
v 6.398295 -4.609148 0.399999
v 6.355093 -4.602531 0.399999
v 6.310452 -4.595602 0.399999
v 6.264659 -4.588408 0.399999
v 6.217999 -4.581000 0.399999
v 6.259999 -4.371000 0.399999
v 6.262580 -4.358164 0.399999
v 6.265314 -4.345648 0.399999
v 6.268186 -4.333437 0.399999
v 6.271184 -4.321518 0.399999
v 6.274293 -4.309877 0.399999
v 6.277499 -4.298500 0.399999
v 6.280788 -4.287373 0.399999
v 6.284147 -4.276482 0.399999
v 6.287561 -4.265812 0.399999
v 6.291017 -4.255352 0.399999
v 6.294501 -4.245086 0.399999
v 6.297998 -4.235000 0.399999
v 6.117999 -4.203000 0.399999
v 6.117338 -4.212857 0.399999
v 6.116387 -4.223361 0.399999
v 6.115186 -4.234406 0.399999
v 6.113776 -4.245889 0.399999
v 6.112200 -4.257705 0.399999
v 6.110498 -4.269750 0.399999
v 6.108714 -4.281920 0.399999
v 6.106887 -4.294111 0.399999
v 6.105061 -4.306219 0.399999
v 6.103276 -4.318139 0.399999
v 6.101575 -4.329767 0.399999
v 6.099998 -4.341000 0.399999
v 6.057999 -4.557000 0.399999
v 6.009759 -4.549048 0.399999
v 5.962248 -4.541222 0.399999
v 5.915780 -4.533562 0.399999
v 5.870665 -4.526111 0.399999
v 5.827217 -4.518909 0.399999
v 5.785748 -4.512000 0.399999
v 5.746572 -4.505424 0.399999
v 5.709999 -4.499222 0.399999
v 5.676342 -4.493437 0.399999
v 5.645916 -4.488111 0.399999
v 5.619030 -4.483284 0.399999
v 5.595999 -4.479000 0.399999
v 5.581670 -4.476420 0.399999
v 5.567703 -4.473703 0.399999
v 5.554124 -4.470875 0.399999
v 5.540962 -4.467962 0.399999
v 5.528244 -4.464995 0.399999
v 5.515999 -4.462000 0.399999
v 5.504253 -4.459004 0.399999
v 5.493036 -4.456037 0.399999
v 5.482374 -4.453125 0.399999
v 5.472295 -4.450296 0.399999
v 5.462827 -4.447578 0.399999
v 5.453999 -4.445000 0.399999
v 5.419999 -4.613000 0.399999
v 5.428142 -4.614081 0.399999
v 5.437471 -4.615314 0.399999
v 5.447843 -4.616687 0.399999
v 5.459110 -4.618185 0.399999
v 5.471128 -4.619794 0.399999
v 5.483749 -4.621500 0.399999
v 5.496829 -4.623289 0.399999
v 5.510221 -4.625148 0.399999
v 5.523780 -4.627062 0.399999
v 5.537360 -4.629018 0.399999
v 5.550815 -4.631002 0.399999
v 5.563999 -4.633000 0.399999
v 6.029999 -4.707000 0.399999
v 5.949999 -5.109000 0.399999
v 5.457999 -5.025000 0.399999
v 5.438951 -5.021081 0.399999
v 5.420786 -5.017314 0.399999
v 5.403468 -5.013687 0.399999
v 5.386962 -5.010185 0.399999
v 5.371234 -5.006794 0.399999
v 5.356249 -5.003500 0.399999
v 5.341972 -5.000289 0.399999
v 5.328369 -4.997148 0.399999
v 5.315405 -4.994062 0.399999
v 5.303045 -4.991018 0.399999
v 5.291255 -4.988002 0.399999
v 5.279999 -4.985000 0.399999
v 5.247999 -5.153000 0.399999
v 5.258950 -5.154122 0.399999
v 5.270776 -5.155481 0.399999
v 5.283436 -5.157063 0.399999
v 5.296887 -5.158852 0.399999
v 5.311089 -5.160835 0.399999
v 5.325998 -5.163000 0.399999
v 5.341575 -5.165331 0.399999
v 5.357776 -5.167815 0.399999
v 5.374561 -5.170437 0.399999
v 5.391887 -5.173185 0.399999
v 5.409714 -5.176044 0.399999
v 5.427999 -5.179000 0.399999
v 5.919999 -5.257000 0.399999
v 5.837998 -5.659000 0.399999
v 5.834457 -5.673696 0.399999
v 5.830832 -5.688731 0.399999
v 5.827124 -5.704031 0.399999
v 5.823332 -5.719519 0.399999
v 5.819457 -5.735117 0.399999
v 5.815499 -5.750750 0.399999
v 5.811457 -5.766341 0.399999
v 5.807332 -5.781815 0.399999
v 5.803123 -5.797094 0.399999
v 5.798832 -5.812102 0.399999
v 5.794457 -5.826763 0.399999
v 5.789999 -5.841000 0.399999
v 5.971999 -5.875000 0.399999
v 5.974423 -5.858162 0.399999
v 5.976721 -5.841630 0.399999
v 5.978937 -5.825375 0.399999
v 5.981110 -5.809370 0.399999
v 5.983284 -5.793588 0.399999
v 5.985499 -5.778000 0.399999
v 5.987798 -5.762578 0.399999
v 5.990222 -5.747296 0.399999
v 5.992812 -5.732125 0.399999
v 5.995610 -5.717037 0.399999
v 5.998659 -5.702004 0.399999
v 6.001999 -5.687000 0.399999
v 6.079998 -5.283000 0.399999
v 6.136188 -5.292449 0.399999
v 6.191517 -5.301759 0.399999
v 6.245624 -5.310875 0.399999
v 6.298147 -5.319741 0.399999
v 6.348725 -5.328301 0.399999
v 6.396998 -5.336500 0.399999
v 6.442605 -5.344282 0.399999
v 6.485184 -5.351593 0.399999
v 6.524374 -5.358375 0.399999
v 6.559813 -5.364574 0.399999
v 6.591142 -5.370134 0.399999
v 6.617999 -5.375000 0.399999
v 6.637045 -5.378420 0.399999
v 6.655203 -5.381694 0.399999
v 6.672499 -5.384844 0.399999
v 6.688962 -5.387889 0.399999
v 6.704619 -5.390851 0.399999
v 6.719499 -5.393750 0.399999
v 6.733629 -5.396607 0.399999
v 6.747036 -5.399445 0.399999
v 6.759749 -5.402281 0.399999
v 6.771795 -5.405139 0.399999
v 6.783203 -5.408038 0.399999
v 6.793999 -5.411000 0.399999
v 6.829998 -5.237000 0.399999
v 6.817865 -5.236379 0.399999
v 6.804600 -5.235528 0.399999
v 6.790405 -5.234469 0.399999
v 6.775480 -5.233222 0.399999
v 6.760028 -5.231809 0.399999
v 6.744249 -5.230250 0.399999
v 6.728345 -5.228566 0.399999
v 6.712517 -5.226778 0.399999
v 6.696968 -5.224906 0.399999
v 6.681897 -5.222972 0.399999
v 6.667507 -5.220996 0.399999
v 6.653999 -5.219000 0.399999
v 7.697999 -4.597000 0.399999
v 7.697999 -5.009000 0.399999
v 7.139998 -5.009000 0.399999
v 7.139998 -5.185000 0.399999
v 7.697999 -5.185000 0.399999
v 7.697999 -5.609000 0.399999
v 7.101999 -5.609000 0.399999
v 7.101999 -5.785000 0.399999
v 7.893999 -5.785000 0.399999
v 7.893999 -4.421000 0.399999
v 7.119999 -4.421000 0.399999
v 7.119999 -4.597000 0.399999
v 8.189521 -4.701619 0.399999
v 8.230175 -4.680453 0.399999
v 8.270093 -4.661469 0.399999
v 8.309406 -4.644629 0.399999
v 8.348248 -4.629901 0.399999
v 8.386748 -4.617249 0.399999
v 8.425041 -4.606640 0.399999
v 8.463258 -4.598037 0.399999
v 8.501530 -4.591406 0.399999
v 8.539989 -4.586713 0.399999
v 8.578769 -4.583922 0.399999
v 8.617999 -4.583000 0.399999
v 8.694243 -4.587542 0.399999
v 8.766627 -4.600834 0.399999
v 8.834622 -4.622375 0.399999
v 8.897701 -4.651667 0.399999
v 8.955336 -4.688209 0.399999
v 9.006998 -4.731500 0.399999
v 9.052160 -4.781042 0.399999
v 9.090295 -4.836333 0.399999
v 9.120873 -4.896875 0.399999
v 9.143369 -4.962167 0.399999
v 9.157253 -5.031708 0.399999
v 9.161999 -5.105000 0.399999
v 9.157401 -5.179473 0.399999
v 9.143888 -5.249620 0.399999
v 9.121874 -5.315031 0.399999
v 9.091777 -5.375296 0.399999
v 9.054013 -5.430006 0.399999
v 9.009000 -5.478750 0.399999
v 8.957152 -5.521119 0.399999
v 8.898889 -5.556704 0.399999
v 8.834624 -5.585093 0.399999
v 8.764777 -5.605880 0.399999
v 8.689763 -5.618651 0.399999
v 8.609999 -5.623000 0.399999
v 8.571222 -5.621880 0.399999
v 8.531960 -5.618537 0.399999
v 8.492311 -5.613000 0.399999
v 8.452369 -5.605296 0.399999
v 8.412232 -5.595454 0.399999
v 8.371999 -5.583500 0.399999
v 8.331765 -5.569463 0.399999
v 8.291629 -5.553370 0.399999
v 8.251687 -5.535250 0.399999
v 8.212036 -5.515130 0.399999
v 8.172774 -5.493037 0.399999
v 8.133999 -5.469000 0.399999
v 8.133999 -5.683000 0.399999
v 8.167781 -5.700066 0.399999
v 8.202258 -5.716195 0.399999
v 8.237624 -5.731281 0.399999
v 8.274074 -5.745222 0.399999
v 8.311801 -5.757913 0.399999
v 8.351000 -5.769250 0.399999
v 8.391866 -5.779129 0.399999
v 8.434592 -5.787445 0.399999
v 8.479375 -5.794094 0.399999
v 8.526407 -5.798972 0.399999
v 8.575884 -5.801976 0.399999
v 8.627999 -5.803000 0.399999
v 8.750037 -5.795082 0.399999
v 8.860296 -5.772491 0.399999
v 8.959000 -5.736969 0.399999
v 9.046370 -5.690259 0.399999
v 9.122629 -5.634105 0.399999
v 9.188000 -5.570250 0.399999
v 9.242703 -5.500436 0.399999
v 9.286963 -5.426407 0.399999
v 9.320999 -5.349906 0.399999
v 9.345037 -5.272676 0.399999
v 9.359296 -5.196459 0.399999
v 9.363999 -5.123000 0.399999
v 9.357570 -5.021444 0.399999
v 9.338731 -4.925222 0.399999
v 9.308156 -4.835000 0.399999
v 9.266519 -4.751444 0.399999
v 9.214492 -4.675222 0.399999
v 9.152750 -4.607000 0.399999
v 9.081966 -4.547444 0.399999
v 9.002814 -4.497222 0.399999
v 8.915968 -4.457000 0.399999
v 8.822101 -4.427444 0.399999
v 8.721887 -4.409222 0.399999
v 8.615999 -4.403000 0.399999
v 8.580934 -4.403714 0.399999
v 8.545638 -4.405879 0.399999
v 8.509968 -4.409531 0.399999
v 8.473777 -4.414703 0.399999
v 8.436919 -4.421432 0.399999
v 8.399249 -4.429749 0.399999
v 8.360620 -4.439693 0.399999
v 8.320888 -4.451296 0.399999
v 8.279905 -4.464594 0.399999
v 8.237527 -4.479620 0.399999
v 8.193606 -4.496411 0.399999
v 8.147999 -4.515000 0.399999
v 8.147999 -4.725000 0.399999
v 9.660000 -5.785000 0.399999
v 9.842000 -5.383000 0.399999
v 10.422000 -5.383000 0.399999
v 10.594000 -5.785000 0.399999
v 10.794000 -5.785000 0.399999
v 10.207999 -4.413000 0.399999
v 10.070000 -4.413000 0.399999
v 9.459999 -5.785000 0.399999
v 9.922000 -5.207000 0.399999
v 10.141999 -4.713000 0.399999
v 10.346000 -5.207000 0.399999
v 11.176860 -4.424588 0.399999
v 11.112379 -4.435037 0.399999
v 11.054468 -4.451875 0.399999
v 11.003036 -4.474629 0.399999
v 10.957994 -4.502829 0.399999
v 10.919250 -4.536000 0.399999
v 10.886714 -4.573671 0.399999
v 10.860296 -4.615370 0.399999
v 10.839907 -4.660625 0.399999
v 10.825454 -4.708963 0.399999
v 10.816849 -4.759912 0.399999
v 10.814000 -4.813000 0.399999
v 10.817019 -4.865471 0.399999
v 10.826132 -4.915602 0.399999
v 10.841439 -4.962969 0.399999
v 10.863039 -5.007148 0.399999
v 10.891027 -5.047716 0.399999
v 10.925502 -5.084249 0.399999
v 10.966559 -5.116325 0.399999
v 11.014297 -5.143518 0.399999
v 11.068813 -5.165406 0.399999
v 11.130204 -5.181565 0.399999
v 11.198567 -5.191570 0.399999
v 11.274000 -5.195000 0.399999
v 11.478000 -5.195000 0.399999
v 11.478000 -5.785000 0.399999
v 11.674000 -5.785000 0.399999
v 11.674000 -4.421000 0.399999
v 11.248000 -4.421000 0.399999
v 11.256001 -5.019000 0.399999
v 11.220608 -5.017386 0.399999
v 11.187528 -5.012592 0.399999
v 11.156906 -5.004687 0.399999
v 11.128889 -4.993740 0.399999
v 11.103621 -4.979821 0.399999
v 11.081250 -4.962999 0.399999
v 11.061920 -4.943345 0.399999
v 11.045777 -4.920926 0.399999
v 11.032969 -4.895812 0.399999
v 11.023639 -4.868074 0.399999
v 11.017934 -4.837780 0.399999
v 11.016000 -4.805000 0.399999
v 11.017165 -4.779901 0.399999
v 11.020823 -4.754870 0.399999
v 11.027218 -4.730312 0.399999
v 11.036592 -4.706630 0.399999
v 11.049188 -4.684224 0.399999
v 11.065249 -4.663500 0.399999
v 11.085019 -4.644858 0.399999
v 11.108740 -4.628704 0.399999
v 11.136656 -4.615438 0.399999
v 11.169009 -4.605463 0.399999
v 11.206043 -4.599183 0.399999
v 11.248000 -4.597000 0.399999
v 11.478000 -4.597000 0.399999
v 11.478000 -5.019000 0.399999
v 11.960909 -4.695099 0.399999
v 11.989594 -4.672287 0.399999
v 12.018002 -4.652407 0.399999
v 12.046076 -4.635297 0.399999
v 12.073761 -4.620798 0.399999
v 12.101002 -4.608750 0.399999
v 12.127743 -4.598994 0.399999
v 12.153928 -4.591371 0.399999
v 12.179502 -4.585719 0.399999
v 12.204409 -4.581880 0.399999
v 12.228594 -4.579693 0.399999
v 12.252001 -4.579000 0.399999
v 12.282721 -4.580354 0.399999
v 12.311751 -4.584333 0.399999
v 12.338907 -4.590813 0.399999
v 12.364001 -4.599667 0.399999
v 12.386845 -4.610771 0.399999
v 12.407250 -4.624000 0.399999
v 12.425032 -4.639229 0.399999
v 12.440001 -4.656333 0.399999
v 12.451969 -4.675188 0.399999
v 12.460751 -4.695667 0.399999
v 12.466157 -4.717646 0.399999
v 12.468000 -4.741000 0.399999
v 12.456391 -4.801366 0.399999
v 12.424296 -4.853093 0.399999
v 12.375813 -4.898625 0.399999
v 12.315037 -4.940408 0.399999
v 12.246067 -4.980885 0.399999
v 12.173000 -5.022500 0.399999
v 12.099934 -5.067699 0.399999
v 12.030964 -5.118926 0.399999
v 11.970188 -5.178625 0.399999
v 11.921704 -5.249241 0.399999
v 11.889609 -5.333218 0.399999
v 11.878000 -5.433000 0.399999
v 11.881315 -5.485235 0.399999
v 11.891019 -5.534713 0.399999
v 11.906751 -5.581094 0.399999
v 11.928149 -5.624037 0.399999
v 11.954853 -5.663203 0.399999
v 11.986502 -5.698250 0.399999
v 12.022733 -5.728839 0.399999
v 12.063187 -5.754630 0.399999
v 12.107501 -5.775281 0.399999
v 12.155315 -5.790454 0.399999
v 12.206269 -5.799807 0.399999
v 12.260000 -5.803000 0.399999
v 12.296429 -5.802163 0.399999
v 12.331768 -5.799639 0.399999
v 12.366094 -5.795406 0.399999
v 12.399482 -5.789444 0.399999
v 12.432009 -5.781733 0.399999
v 12.463751 -5.772250 0.399999
v 12.494784 -5.760976 0.399999
v 12.525186 -5.747889 0.399999
v 12.555032 -5.732969 0.399999
v 12.584398 -5.716194 0.399999
v 12.613362 -5.697545 0.399999
v 12.642000 -5.677000 0.399999
v 12.642000 -5.429000 0.399999
v 12.616470 -5.459785 0.399999
v 12.589918 -5.488111 0.399999
v 12.562407 -5.513937 0.399999
v 12.534001 -5.537222 0.399999
v 12.504762 -5.557924 0.399999
v 12.474751 -5.576000 0.399999
v 12.444033 -5.591410 0.399999
v 12.412668 -5.604111 0.399999
v 12.380720 -5.614062 0.399999
v 12.348251 -5.621222 0.399999
v 12.315324 -5.625548 0.399999
v 12.282001 -5.627000 0.399999
v 12.245702 -5.625067 0.399999
v 12.212778 -5.619537 0.399999
v 12.183187 -5.610812 0.399999
v 12.156889 -5.599296 0.399999
v 12.133841 -5.585391 0.399999
v 12.114000 -5.569500 0.399999
v 12.097326 -5.552025 0.399999
v 12.083777 -5.533370 0.399999
v 12.073312 -5.513937 0.399999
v 12.065888 -5.494130 0.399999
v 12.061465 -5.474349 0.399999
v 12.060000 -5.455000 0.399999
v 12.071609 -5.389366 0.399999
v 12.103704 -5.332092 0.399999
v 12.152188 -5.281125 0.399999
v 12.212964 -5.234407 0.399999
v 12.281934 -5.189884 0.399999
v 12.355000 -5.145500 0.399999
v 12.428067 -5.099199 0.399999
v 12.497037 -5.048926 0.399999
v 12.557813 -4.992625 0.399999
v 12.606297 -4.928241 0.399999
v 12.638391 -4.853718 0.399999
v 12.650001 -4.767000 0.399999
v 12.646630 -4.713202 0.399999
v 12.636696 -4.662954 0.399999
v 12.620470 -4.616469 0.399999
v 12.598224 -4.573963 0.399999
v 12.570227 -4.535652 0.399999
v 12.536751 -4.501750 0.399999
v 12.498067 -4.472473 0.399999
v 12.454445 -4.448037 0.399999
v 12.406157 -4.428656 0.399999
v 12.353473 -4.414546 0.399999
v 12.296663 -4.405922 0.399999
v 12.236000 -4.403000 0.399999
v 12.210005 -4.403666 0.399999
v 12.184037 -4.405666 0.399999
v 12.158125 -4.409000 0.399999
v 12.132297 -4.413667 0.399999
v 12.106579 -4.419666 0.399999
v 12.081000 -4.427000 0.399999
v 12.055589 -4.435667 0.399999
v 12.030371 -4.445666 0.399999
v 12.005375 -4.457000 0.399999
v 11.980630 -4.469666 0.399999
v 11.956162 -4.483666 0.399999
v 11.932000 -4.499000 0.399999
v 11.932000 -4.721000 0.399999
v 11.960909 -4.695099 0.399999
v 11.960909 -4.695099 -0.400001
v 11.989594 -4.672287 0.399999
v 11.989594 -4.672287 -0.400001
v 12.018002 -4.652407 0.399999
v 12.018002 -4.652407 -0.400001
v 12.046076 -4.635297 0.399999
v 12.046076 -4.635297 -0.400001
v 12.073761 -4.620798 0.399999
v 12.073761 -4.620798 -0.400001
v 12.101002 -4.608750 0.399999
v 12.101002 -4.608750 -0.400001
v 12.127743 -4.598994 0.399999
v 12.127743 -4.598994 -0.400001
v 12.153928 -4.591371 0.399999
v 12.153928 -4.591371 -0.400001
v 12.179502 -4.585719 0.399999
v 12.179502 -4.585719 -0.400001
v 12.204409 -4.581880 0.399999
v 12.204409 -4.581880 -0.400001
v 12.228594 -4.579693 0.399999
v 12.228594 -4.579693 -0.400001
v 12.252001 -4.579000 0.399999
v 12.252001 -4.579000 -0.400001
v 12.282721 -4.580354 0.399999
v 12.282721 -4.580354 -0.400001
v 12.311751 -4.584333 0.399999
v 12.311751 -4.584333 -0.400001
v 12.338907 -4.590813 0.399999
v 12.338907 -4.590813 -0.400001
v 12.364001 -4.599667 0.399999
v 12.364001 -4.599667 -0.400001
v 12.386845 -4.610771 0.399999
v 12.386845 -4.610771 -0.400001
v 12.407250 -4.624000 0.399999
v 12.407250 -4.624000 -0.400001
v 12.425032 -4.639229 0.399999
v 12.425032 -4.639229 -0.400001
v 12.440001 -4.656333 0.399999
v 12.440001 -4.656333 -0.400001
v 12.451969 -4.675188 0.399999
v 12.451969 -4.675188 -0.400001
v 12.460751 -4.695667 0.399999
v 12.460751 -4.695667 -0.400001
v 12.466157 -4.717646 0.399999
v 12.466157 -4.717646 -0.400001
v 12.468000 -4.741000 0.399999
v 12.468000 -4.741000 -0.400001
v 12.456391 -4.801366 0.399999
v 12.456391 -4.801366 -0.400001
v 12.424296 -4.853093 0.399999
v 12.424296 -4.853093 -0.400001
v 12.375813 -4.898625 0.399999
v 12.375813 -4.898625 -0.400001
v 12.315037 -4.940408 0.399999
v 12.315037 -4.940408 -0.400001
v 12.246067 -4.980885 0.399999
v 12.246067 -4.980885 -0.400001
v 12.173000 -5.022500 0.399999
v 12.173000 -5.022500 -0.400001
v 12.099934 -5.067699 0.399999
v 12.099934 -5.067699 -0.400001
v 12.030964 -5.118926 0.399999
v 12.030964 -5.118926 -0.400001
v 11.970188 -5.178625 0.399999
v 11.970188 -5.178625 -0.400001
v 11.921704 -5.249241 0.399999
v 11.921704 -5.249241 -0.400001
v 11.889609 -5.333218 0.399999
v 11.889609 -5.333218 -0.400001
v 11.878000 -5.433000 0.399999
v 11.878000 -5.433000 -0.400001
v 11.881315 -5.485235 0.399999
v 11.881315 -5.485235 -0.400001
v 11.891019 -5.534713 0.399999
v 11.891019 -5.534713 -0.400001
v 11.906751 -5.581094 0.399999
v 11.906751 -5.581094 -0.400001
v 11.928149 -5.624037 0.399999
v 11.928149 -5.624037 -0.400001
v 11.954853 -5.663203 0.399999
v 11.954853 -5.663203 -0.400001
v 11.986502 -5.698250 0.399999
v 11.986502 -5.698250 -0.400001
v 12.022733 -5.728839 0.399999
v 12.022733 -5.728839 -0.400001
v 12.063187 -5.754630 0.399999
v 12.063187 -5.754630 -0.400001
v 12.107501 -5.775281 0.399999
v 12.107501 -5.775281 -0.400001
v 12.155315 -5.790454 0.399999
v 12.155315 -5.790454 -0.400001
v 12.206269 -5.799807 0.399999
v 12.206269 -5.799807 -0.400001
v 12.260000 -5.803000 0.399999
v 12.260000 -5.803000 -0.400001
v 12.296429 -5.802163 0.399999
v 12.296429 -5.802163 -0.400001
v 12.331768 -5.799639 0.399999
v 12.331768 -5.799639 -0.400001
v 12.366094 -5.795406 0.399999
v 12.366094 -5.795406 -0.400001
v 12.399482 -5.789444 0.399999
v 12.399482 -5.789444 -0.400001
v 12.432009 -5.781733 0.399999
v 12.432009 -5.781733 -0.400001
v 12.463751 -5.772250 0.399999
v 12.463751 -5.772250 -0.400001
v 12.494784 -5.760976 0.399999
v 12.494784 -5.760976 -0.400001
v 12.525186 -5.747889 0.399999
v 12.525186 -5.747889 -0.400001
v 12.555032 -5.732969 0.399999
v 12.555032 -5.732969 -0.400001
v 12.584398 -5.716194 0.399999
v 12.584398 -5.716194 -0.400001
v 12.613362 -5.697545 0.399999
v 12.613362 -5.697545 -0.400001
v 12.642000 -5.677000 0.399999
v 12.642000 -5.677000 -0.400001
v 12.642000 -5.429000 0.399999
v 12.642000 -5.429000 -0.400001
v 12.616470 -5.459785 0.399999
v 12.616470 -5.459785 -0.400001
v 12.589918 -5.488111 0.399999
v 12.589918 -5.488111 -0.400001
v 12.562407 -5.513937 0.399999
v 12.562407 -5.513937 -0.400001
v 12.534001 -5.537222 0.399999
v 12.534001 -5.537222 -0.400001
v 12.504762 -5.557924 0.399999
v 12.504762 -5.557924 -0.400001
v 12.474751 -5.576000 0.399999
v 12.474751 -5.576000 -0.400001
v 12.444033 -5.591410 0.399999
v 12.444033 -5.591410 -0.400001
v 12.412668 -5.604111 0.399999
v 12.412668 -5.604111 -0.400001
v 12.380720 -5.614062 0.399999
v 12.380720 -5.614062 -0.400001
v 12.348251 -5.621222 0.399999
v 12.348251 -5.621222 -0.400001
v 12.315324 -5.625548 0.399999
v 12.315324 -5.625548 -0.400001
v 12.282001 -5.627000 0.399999
v 12.282001 -5.627000 -0.400001
v 12.245702 -5.625067 0.399999
v 12.245702 -5.625067 -0.400001
v 12.212778 -5.619537 0.399999
v 12.212778 -5.619537 -0.400001
v 12.183187 -5.610812 0.399999
v 12.183187 -5.610812 -0.400001
v 12.156889 -5.599296 0.399999
v 12.156889 -5.599296 -0.400001
v 12.133841 -5.585391 0.399999
v 12.133841 -5.585391 -0.400001
v 12.114000 -5.569500 0.399999
v 12.114000 -5.569500 -0.400001
v 12.097326 -5.552025 0.399999
v 12.097326 -5.552025 -0.400001
v 12.083777 -5.533370 0.399999
v 12.083777 -5.533370 -0.400001
v 12.073312 -5.513937 0.399999
v 12.073312 -5.513937 -0.400001
v 12.065888 -5.494130 0.399999
v 12.065888 -5.494130 -0.400001
v 12.061465 -5.474349 0.399999
v 12.061465 -5.474349 -0.400001
v 12.060000 -5.455000 0.399999
v 12.060000 -5.455000 -0.400001
v 12.071609 -5.389366 0.399999
v 12.071609 -5.389366 -0.400001
v 12.103704 -5.332092 0.399999
v 12.103704 -5.332092 -0.400001
v 12.152188 -5.281125 0.399999
v 12.152188 -5.281125 -0.400001
v 12.212964 -5.234407 0.399999
v 12.212964 -5.234407 -0.400001
v 12.281934 -5.189884 0.399999
v 12.281934 -5.189884 -0.400001
v 12.355000 -5.145500 0.399999
v 12.355000 -5.145500 -0.400001
v 12.428067 -5.099199 0.399999
v 12.428067 -5.099199 -0.400001
v 12.497037 -5.048926 0.399999
v 12.497037 -5.048926 -0.400001
v 12.557813 -4.992625 0.399999
v 12.557813 -4.992625 -0.400001
v 12.606297 -4.928241 0.399999
v 12.606297 -4.928241 -0.400001
v 12.638391 -4.853718 0.399999
v 12.638391 -4.853718 -0.400001
v 12.650001 -4.767000 0.399999
v 12.650001 -4.767000 -0.400001
v 12.646630 -4.713202 0.399999
v 12.646630 -4.713202 -0.400001
v 12.636696 -4.662954 0.399999
v 12.636696 -4.662954 -0.400001
v 12.620470 -4.616469 0.399999
v 12.620470 -4.616469 -0.400001
v 12.598224 -4.573963 0.399999
v 12.598224 -4.573963 -0.400001
v 12.570227 -4.535652 0.399999
v 12.570227 -4.535652 -0.400001
v 12.536751 -4.501750 0.399999
v 12.536751 -4.501750 -0.400001
v 12.498067 -4.472473 0.399999
v 12.498067 -4.472473 -0.400001
v 12.454445 -4.448037 0.399999
v 12.454445 -4.448037 -0.400001
v 12.406157 -4.428656 0.399999
v 12.406157 -4.428656 -0.400001
v 12.353473 -4.414546 0.399999
v 12.353473 -4.414546 -0.400001
v 12.296663 -4.405922 0.399999
v 12.296663 -4.405922 -0.400001
v 12.236000 -4.403000 0.399999
v 12.236000 -4.403000 -0.400001
v 12.210005 -4.403666 0.399999
v 12.210005 -4.403666 -0.400001
v 12.184037 -4.405666 0.399999
v 12.184037 -4.405666 -0.400001
v 12.158125 -4.409000 0.399999
v 12.158125 -4.409000 -0.400001
v 12.132297 -4.413667 0.399999
v 12.132297 -4.413667 -0.400001
v 12.106579 -4.419666 0.399999
v 12.106579 -4.419666 -0.400001
v 12.081000 -4.427000 0.399999
v 12.081000 -4.427000 -0.400001
v 12.055589 -4.435667 0.399999
v 12.055589 -4.435667 -0.400001
v 12.030371 -4.445666 0.399999
v 12.030371 -4.445666 -0.400001
v 12.005375 -4.457000 0.399999
v 12.005375 -4.457000 -0.400001
v 11.980630 -4.469666 0.399999
v 11.980630 -4.469666 -0.400001
v 11.956162 -4.483666 0.399999
v 11.956162 -4.483666 -0.400001
v 11.932000 -4.499000 0.399999
v 11.932000 -4.499000 -0.400001
v 11.932000 -4.721000 0.399999
v 11.932000 -4.721000 -0.400001
v 11.176860 -4.424588 0.399999
v 11.176860 -4.424588 -0.400001
v 11.112379 -4.435037 0.399999
v 11.112379 -4.435037 -0.400001
v 11.054468 -4.451875 0.399999
v 11.054468 -4.451875 -0.400001
v 11.003036 -4.474629 0.399999
v 11.003036 -4.474629 -0.400001
v 10.957994 -4.502829 0.399999
v 10.957994 -4.502829 -0.400001
v 10.919250 -4.536000 0.399999
v 10.919250 -4.536000 -0.400001
v 10.886714 -4.573671 0.399999
v 10.886714 -4.573671 -0.400001
v 10.860296 -4.615370 0.399999
v 10.860296 -4.615370 -0.400001
v 10.839907 -4.660625 0.399999
v 10.839907 -4.660625 -0.400001
v 10.825454 -4.708963 0.399999
v 10.825454 -4.708963 -0.400001
v 10.816849 -4.759912 0.399999
v 10.816849 -4.759912 -0.400001
v 10.814000 -4.813000 0.399999
v 10.814000 -4.813000 -0.400001
v 10.817019 -4.865471 0.399999
v 10.817019 -4.865471 -0.400001
v 10.826132 -4.915602 0.399999
v 10.826132 -4.915602 -0.400001
v 10.841439 -4.962969 0.399999
v 10.841439 -4.962969 -0.400001
v 10.863039 -5.007148 0.399999
v 10.863039 -5.007148 -0.400001
v 10.891027 -5.047716 0.399999
v 10.891027 -5.047716 -0.400001
v 10.925502 -5.084249 0.399999
v 10.925502 -5.084249 -0.400001
v 10.966559 -5.116325 0.399999
v 10.966559 -5.116325 -0.400001
v 11.014297 -5.143518 0.399999
v 11.014297 -5.143518 -0.400001
v 11.068813 -5.165406 0.399999
v 11.068813 -5.165406 -0.400001
v 11.130204 -5.181565 0.399999
v 11.130204 -5.181565 -0.400001
v 11.198567 -5.191570 0.399999
v 11.198567 -5.191570 -0.400001
v 11.274000 -5.195000 0.399999
v 11.274000 -5.195000 -0.400001
v 11.478000 -5.195000 0.399999
v 11.478000 -5.195000 -0.400001
v 11.478000 -5.785000 0.399999
v 11.478000 -5.785000 -0.400001
v 11.674000 -5.785000 0.399999
v 11.674000 -5.785000 -0.400001
v 11.674000 -4.421000 0.399999
v 11.674000 -4.421000 -0.400001
v 11.248000 -4.421000 0.399999
v 11.248000 -4.421000 -0.400001
v 11.256001 -5.019000 0.399999
v 11.256001 -5.019000 -0.400001
v 11.220608 -5.017386 0.399999
v 11.220608 -5.017386 -0.400001
v 11.187528 -5.012592 0.399999
v 11.187528 -5.012592 -0.400001
v 11.156906 -5.004687 0.399999
v 11.156906 -5.004687 -0.400001
v 11.128889 -4.993740 0.399999
v 11.128889 -4.993740 -0.400001
v 11.103621 -4.979821 0.399999
v 11.103621 -4.979821 -0.400001
v 11.081250 -4.962999 0.399999
v 11.081250 -4.962999 -0.400001
v 11.061920 -4.943345 0.399999
v 11.061920 -4.943345 -0.400001
v 11.045777 -4.920926 0.399999
v 11.045777 -4.920926 -0.400001
v 11.032969 -4.895812 0.399999
v 11.032969 -4.895812 -0.400001
v 11.023639 -4.868074 0.399999
v 11.023639 -4.868074 -0.400001
v 11.017934 -4.837780 0.399999
v 11.017934 -4.837780 -0.400001
v 11.016000 -4.805000 0.399999
v 11.016000 -4.805000 -0.400001
v 11.017165 -4.779901 0.399999
v 11.017165 -4.779901 -0.400001
v 11.020823 -4.754870 0.399999
v 11.020823 -4.754870 -0.400001
v 11.027218 -4.730312 0.399999
v 11.027218 -4.730312 -0.400001
v 11.036592 -4.706630 0.399999
v 11.036592 -4.706630 -0.400001
v 11.049188 -4.684224 0.399999
v 11.049188 -4.684224 -0.400001
v 11.065249 -4.663500 0.399999
v 11.065249 -4.663500 -0.400001
v 11.085019 -4.644858 0.399999
v 11.085019 -4.644858 -0.400001
v 11.108740 -4.628704 0.399999
v 11.108740 -4.628704 -0.400001
v 11.136656 -4.615438 0.399999
v 11.136656 -4.615438 -0.400001
v 11.169009 -4.605463 0.399999
v 11.169009 -4.605463 -0.400001
v 11.206043 -4.599183 0.399999
v 11.206043 -4.599183 -0.400001
v 11.248000 -4.597000 0.399999
v 11.248000 -4.597000 -0.400001
v 11.478000 -4.597000 0.399999
v 11.478000 -4.597000 -0.400001
v 11.478000 -5.019000 0.399999
v 11.478000 -5.019000 -0.400001
v 9.660000 -5.785000 0.399999
v 9.660000 -5.785000 -0.400001
v 9.842000 -5.383000 0.399999
v 9.842000 -5.383000 -0.400001
v 10.422000 -5.383000 0.399999
v 10.422000 -5.383000 -0.400001
v 10.594000 -5.785000 0.399999
v 10.594000 -5.785000 -0.400001
v 10.794000 -5.785000 0.399999
v 10.794000 -5.785000 -0.400001
v 10.207999 -4.413000 0.399999
v 10.207999 -4.413000 -0.400001
v 10.070000 -4.413000 0.399999
v 10.070000 -4.413000 -0.400001
v 9.459999 -5.785000 0.399999
v 9.459999 -5.785000 -0.400001
v 9.922000 -5.207000 0.399999
v 9.922000 -5.207000 -0.400001
v 10.141999 -4.713000 0.399999
v 10.141999 -4.713000 -0.400001
v 10.346000 -5.207000 0.399999
v 10.346000 -5.207000 -0.400001
v 8.189521 -4.701619 0.399999
v 8.189521 -4.701619 -0.400001
v 8.230175 -4.680453 0.399999
v 8.230175 -4.680453 -0.400001
v 8.270093 -4.661469 0.399999
v 8.270093 -4.661469 -0.400001
v 8.309406 -4.644629 0.399999
v 8.309406 -4.644629 -0.400001
v 8.348248 -4.629901 0.399999
v 8.348248 -4.629901 -0.400001
v 8.386748 -4.617249 0.399999
v 8.386748 -4.617249 -0.400001
v 8.425041 -4.606640 0.399999
v 8.425041 -4.606640 -0.400001
v 8.463258 -4.598037 0.399999
v 8.463258 -4.598037 -0.400001
v 8.501530 -4.591406 0.399999
v 8.501530 -4.591406 -0.400001
v 8.539989 -4.586713 0.399999
v 8.539989 -4.586713 -0.400001
v 8.578769 -4.583922 0.399999
v 8.578769 -4.583922 -0.400001
v 8.617999 -4.583000 0.399999
v 8.617999 -4.583000 -0.400001
v 8.694243 -4.587542 0.399999
v 8.694243 -4.587542 -0.400001
v 8.766627 -4.600834 0.399999
v 8.766627 -4.600834 -0.400001
v 8.834622 -4.622375 0.399999
v 8.834622 -4.622375 -0.400001
v 8.897701 -4.651667 0.399999
v 8.897701 -4.651667 -0.400001
v 8.955336 -4.688209 0.399999
v 8.955336 -4.688209 -0.400001
v 9.006998 -4.731500 0.399999
v 9.006998 -4.731500 -0.400001
v 9.052160 -4.781042 0.399999
v 9.052160 -4.781042 -0.400001
v 9.090295 -4.836333 0.399999
v 9.090295 -4.836333 -0.400001
v 9.120873 -4.896875 0.399999
v 9.120873 -4.896875 -0.400001
v 9.143369 -4.962167 0.399999
v 9.143369 -4.962167 -0.400001
v 9.157253 -5.031708 0.399999
v 9.157253 -5.031708 -0.400001
v 9.161999 -5.105000 0.399999
v 9.161999 -5.105000 -0.400001
v 9.157401 -5.179473 0.399999
v 9.157401 -5.179473 -0.400001
v 9.143888 -5.249620 0.399999
v 9.143888 -5.249620 -0.400001
v 9.121874 -5.315031 0.399999
v 9.121874 -5.315031 -0.400001
v 9.091777 -5.375296 0.399999
v 9.091777 -5.375296 -0.400001
v 9.054013 -5.430006 0.399999
v 9.054013 -5.430006 -0.400001
v 9.009000 -5.478750 0.399999
v 9.009000 -5.478750 -0.400001
v 8.957152 -5.521119 0.399999
v 8.957152 -5.521119 -0.400001
v 8.898889 -5.556704 0.399999
v 8.898889 -5.556704 -0.400001
v 8.834624 -5.585093 0.399999
v 8.834624 -5.585093 -0.400001
v 8.764777 -5.605880 0.399999
v 8.764777 -5.605880 -0.400001
v 8.689763 -5.618651 0.399999
v 8.689763 -5.618651 -0.400001
v 8.609999 -5.623000 0.399999
v 8.609999 -5.623000 -0.400001
v 8.571222 -5.621880 0.399999
v 8.571222 -5.621880 -0.400001
v 8.531960 -5.618537 0.399999
v 8.531960 -5.618537 -0.400001
v 8.492311 -5.613000 0.399999
v 8.492311 -5.613000 -0.400001
v 8.452369 -5.605296 0.399999
v 8.452369 -5.605296 -0.400001
v 8.412232 -5.595454 0.399999
v 8.412232 -5.595454 -0.400001
v 8.371999 -5.583500 0.399999
v 8.371999 -5.583500 -0.400001
v 8.331765 -5.569463 0.399999
v 8.331765 -5.569463 -0.400001
v 8.291629 -5.553370 0.399999
v 8.291629 -5.553370 -0.400001
v 8.251687 -5.535250 0.399999
v 8.251687 -5.535250 -0.400001
v 8.212036 -5.515130 0.399999
v 8.212036 -5.515130 -0.400001
v 8.172774 -5.493037 0.399999
v 8.172774 -5.493037 -0.400001
v 8.133999 -5.469000 0.399999
v 8.133999 -5.469000 -0.400001
v 8.133999 -5.683000 0.399999
v 8.133999 -5.683000 -0.400001
v 8.167781 -5.700066 0.399999
v 8.167781 -5.700066 -0.400001
v 8.202258 -5.716195 0.399999
v 8.202258 -5.716195 -0.400001
v 8.237624 -5.731281 0.399999
v 8.237624 -5.731281 -0.400001
v 8.274074 -5.745222 0.399999
v 8.274074 -5.745222 -0.400001
v 8.311801 -5.757913 0.399999
v 8.311801 -5.757913 -0.400001
v 8.351000 -5.769250 0.399999
v 8.351000 -5.769250 -0.400001
v 8.391866 -5.779129 0.399999
v 8.391866 -5.779129 -0.400001
v 8.434592 -5.787445 0.399999
v 8.434592 -5.787445 -0.400001
v 8.479375 -5.794094 0.399999
v 8.479375 -5.794094 -0.400001
v 8.526407 -5.798972 0.399999
v 8.526407 -5.798972 -0.400001
v 8.575884 -5.801976 0.399999
v 8.575884 -5.801976 -0.400001
v 8.627999 -5.803000 0.399999
v 8.627999 -5.803000 -0.400001
v 8.750037 -5.795082 0.399999
v 8.750037 -5.795082 -0.400001
v 8.860296 -5.772491 0.399999
v 8.860296 -5.772491 -0.400001
v 8.959000 -5.736969 0.399999
v 8.959000 -5.736969 -0.400001
v 9.046370 -5.690259 0.399999
v 9.046370 -5.690259 -0.400001
v 9.122629 -5.634105 0.399999
v 9.122629 -5.634105 -0.400001
v 9.188000 -5.570250 0.399999
v 9.188000 -5.570250 -0.400001
v 9.242703 -5.500436 0.399999
v 9.242703 -5.500436 -0.400001
v 9.286963 -5.426407 0.399999
v 9.286963 -5.426407 -0.400001
v 9.320999 -5.349906 0.399999
v 9.320999 -5.349906 -0.400001
v 9.345037 -5.272676 0.399999
v 9.345037 -5.272676 -0.400001
v 9.359296 -5.196459 0.399999
v 9.359296 -5.196459 -0.400001
v 9.363999 -5.123000 0.399999
v 9.363999 -5.123000 -0.400001
v 9.357570 -5.021444 0.399999
v 9.357570 -5.021444 -0.400001
v 9.338731 -4.925222 0.399999
v 9.338731 -4.925222 -0.400001
v 9.308156 -4.835000 0.399999
v 9.308156 -4.835000 -0.400001
v 9.266519 -4.751444 0.399999
v 9.266519 -4.751444 -0.400001
v 9.214492 -4.675222 0.399999
v 9.214492 -4.675222 -0.400001
v 9.152750 -4.607000 0.399999
v 9.152750 -4.607000 -0.400001
v 9.081966 -4.547444 0.399999
v 9.081966 -4.547444 -0.400001
v 9.002814 -4.497222 0.399999
v 9.002814 -4.497222 -0.400001
v 8.915968 -4.457000 0.399999
v 8.915968 -4.457000 -0.400001
v 8.822101 -4.427444 0.399999
v 8.822101 -4.427444 -0.400001
v 8.721887 -4.409222 0.399999
v 8.721887 -4.409222 -0.400001
v 8.615999 -4.403000 0.399999
v 8.615999 -4.403000 -0.400001
v 8.580934 -4.403714 0.399999
v 8.580934 -4.403714 -0.400001
v 8.545638 -4.405879 0.399999
v 8.545638 -4.405879 -0.400001
v 8.509968 -4.409531 0.399999
v 8.509968 -4.409531 -0.400001
v 8.473777 -4.414703 0.399999
v 8.473777 -4.414703 -0.400001
v 8.436919 -4.421432 0.399999
v 8.436919 -4.421432 -0.400001
v 8.399249 -4.429749 0.399999
v 8.399249 -4.429749 -0.400001
v 8.360620 -4.439693 0.399999
v 8.360620 -4.439693 -0.400001
v 8.320888 -4.451296 0.399999
v 8.320888 -4.451296 -0.400001
v 8.279905 -4.464594 0.399999
v 8.279905 -4.464594 -0.400001
v 8.237527 -4.479620 0.399999
v 8.237527 -4.479620 -0.400001
v 8.193606 -4.496411 0.399999
v 8.193606 -4.496411 -0.400001
v 8.147999 -4.515000 0.399999
v 8.147999 -4.515000 -0.400001
v 8.147999 -4.725000 0.399999
v 8.147999 -4.725000 -0.400001
v 7.697999 -4.597000 0.399999
v 7.697999 -4.597000 -0.400001
v 7.697999 -5.009000 0.399999
v 7.697999 -5.009000 -0.400001
v 7.139998 -5.009000 0.399999
v 7.139998 -5.009000 -0.400001
v 7.139998 -5.185000 0.399999
v 7.139998 -5.185000 -0.400001
v 7.697999 -5.185000 0.399999
v 7.697999 -5.185000 -0.400001
v 7.697999 -5.609000 0.399999
v 7.697999 -5.609000 -0.400001
v 7.101999 -5.609000 0.399999
v 7.101999 -5.609000 -0.400001
v 7.101999 -5.785000 0.399999
v 7.101999 -5.785000 -0.400001
v 7.893999 -5.785000 0.399999
v 7.893999 -5.785000 -0.400001
v 7.893999 -4.421000 0.399999
v 7.893999 -4.421000 -0.400001
v 7.119999 -4.421000 0.399999
v 7.119999 -4.421000 -0.400001
v 7.119999 -4.597000 0.399999
v 7.119999 -4.597000 -0.400001
v 6.626604 -5.215094 0.399999
v 6.626604 -5.215094 -0.400001
v 6.594666 -5.210417 0.399999
v 6.594666 -5.210417 -0.400001
v 6.558562 -5.205031 0.399999
v 6.558562 -5.205031 -0.400001
v 6.518666 -5.199000 0.399999
v 6.518666 -5.199000 -0.400001
v 6.475353 -5.192386 0.399999
v 6.475353 -5.192386 -0.400001
v 6.428999 -5.185250 0.399999
v 6.428999 -5.185250 -0.400001
v 6.379978 -5.177656 0.399999
v 6.379978 -5.177656 -0.400001
v 6.328666 -5.169667 0.399999
v 6.328666 -5.169667 -0.400001
v 6.275436 -5.161344 0.399999
v 6.275436 -5.161344 -0.400001
v 6.220665 -5.152750 0.399999
v 6.220665 -5.152750 -0.400001
v 6.164728 -5.143948 0.399999
v 6.164728 -5.143948 -0.400001
v 6.107999 -5.135000 0.399999
v 6.107999 -5.135000 -0.400001
v 6.187999 -4.733000 0.399999
v 6.187999 -4.733000 -0.400001
v 6.627999 -4.805000 0.399999
v 6.627999 -4.805000 -0.400001
v 6.641805 -4.807502 0.399999
v 6.641805 -4.807502 -0.400001
v 6.655277 -4.810019 0.399999
v 6.655277 -4.810019 -0.400001
v 6.668499 -4.812562 0.399999
v 6.668499 -4.812562 -0.400001
v 6.681554 -4.815148 0.399999
v 6.681554 -4.815148 -0.400001
v 6.694527 -4.817789 0.399999
v 6.694527 -4.817789 -0.400001
v 6.707499 -4.820499 0.399999
v 6.707499 -4.820499 -0.400001
v 6.720554 -4.823294 0.399999
v 6.720554 -4.823294 -0.400001
v 6.733777 -4.826185 0.399999
v 6.733777 -4.826185 -0.400001
v 6.747249 -4.829187 0.399999
v 6.747249 -4.829187 -0.400001
v 6.761054 -4.832314 0.399999
v 6.761054 -4.832314 -0.400001
v 6.775276 -4.835581 0.399999
v 6.775276 -4.835581 -0.400001
v 6.789999 -4.839000 0.399999
v 6.789999 -4.839000 -0.400001
v 6.823999 -4.659000 0.399999
v 6.823999 -4.659000 -0.400001
v 6.811452 -4.658457 0.399999
v 6.811452 -4.658457 -0.400001
v 6.798786 -4.657824 0.399999
v 6.798786 -4.657824 -0.400001
v 6.785968 -4.657094 0.399999
v 6.785968 -4.657094 -0.400001
v 6.772962 -4.656260 0.399999
v 6.772962 -4.656260 -0.400001
v 6.759734 -4.655313 0.399999
v 6.759734 -4.655313 -0.400001
v 6.746249 -4.654250 0.399999
v 6.746249 -4.654250 -0.400001
v 6.732472 -4.653061 0.399999
v 6.732472 -4.653061 -0.400001
v 6.718369 -4.651741 0.399999
v 6.718369 -4.651741 -0.400001
v 6.703905 -4.650281 0.399999
v 6.703905 -4.650281 -0.400001
v 6.689045 -4.648676 0.399999
v 6.689045 -4.648676 -0.400001
v 6.673754 -4.646918 0.399999
v 6.673754 -4.646918 -0.400001
v 6.657999 -4.645000 0.399999
v 6.657999 -4.645000 -0.400001
v 6.636547 -4.642633 0.399999
v 6.636547 -4.642633 -0.400001
v 6.611379 -4.639565 0.399999
v 6.611379 -4.639565 -0.400001
v 6.582780 -4.635844 0.399999
v 6.582780 -4.635844 -0.400001
v 6.551036 -4.631518 0.399999
v 6.551036 -4.631518 -0.400001
v 6.516431 -4.626637 0.399999
v 6.516431 -4.626637 -0.400001
v 6.479249 -4.621250 0.399999
v 6.479249 -4.621250 -0.400001
v 6.439775 -4.615404 0.399999
v 6.439775 -4.615404 -0.400001
v 6.398295 -4.609148 0.399999
v 6.398295 -4.609148 -0.400001
v 6.355093 -4.602531 0.399999
v 6.355093 -4.602531 -0.400001
v 6.310452 -4.595602 0.399999
v 6.310452 -4.595602 -0.400001
v 6.264659 -4.588408 0.399999
v 6.264659 -4.588408 -0.400001
v 6.217999 -4.581000 0.399999
v 6.217999 -4.581000 -0.400001
v 6.259999 -4.371000 0.399999
v 6.259999 -4.371000 -0.400001
v 6.262580 -4.358164 0.399999
v 6.262580 -4.358164 -0.400001
v 6.265314 -4.345648 0.399999
v 6.265314 -4.345648 -0.400001
v 6.268186 -4.333437 0.399999
v 6.268186 -4.333437 -0.400001
v 6.271184 -4.321518 0.399999
v 6.271184 -4.321518 -0.400001
v 6.274293 -4.309877 0.399999
v 6.274293 -4.309877 -0.400001
v 6.277499 -4.298500 0.399999
v 6.277499 -4.298500 -0.400001
v 6.280788 -4.287373 0.399999
v 6.280788 -4.287373 -0.400001
v 6.284147 -4.276482 0.399999
v 6.284147 -4.276482 -0.400001
v 6.287561 -4.265812 0.399999
v 6.287561 -4.265812 -0.400001
v 6.291017 -4.255352 0.399999
v 6.291017 -4.255352 -0.400001
v 6.294501 -4.245086 0.399999
v 6.294501 -4.245086 -0.400001
v 6.297998 -4.235000 0.399999
v 6.297998 -4.235000 -0.400001
v 6.117999 -4.203000 0.399999
v 6.117999 -4.203000 -0.400001
v 6.117338 -4.212857 0.399999
v 6.117338 -4.212857 -0.400001
v 6.116387 -4.223361 0.399999
v 6.116387 -4.223361 -0.400001
v 6.115186 -4.234406 0.399999
v 6.115186 -4.234406 -0.400001
v 6.113776 -4.245889 0.399999
v 6.113776 -4.245889 -0.400001
v 6.112200 -4.257705 0.399999
v 6.112200 -4.257705 -0.400001
v 6.110498 -4.269750 0.399999
v 6.110498 -4.269750 -0.400001
v 6.108714 -4.281920 0.399999
v 6.108714 -4.281920 -0.400001
v 6.106887 -4.294111 0.399999
v 6.106887 -4.294111 -0.400001
v 6.105061 -4.306219 0.399999
v 6.105061 -4.306219 -0.400001
v 6.103276 -4.318139 0.399999
v 6.103276 -4.318139 -0.400001
v 6.101575 -4.329767 0.399999
v 6.101575 -4.329767 -0.400001
v 6.099998 -4.341000 0.399999
v 6.099998 -4.341000 -0.400001
v 6.057999 -4.557000 0.399999
v 6.057999 -4.557000 -0.400001
v 6.009759 -4.549048 0.399999
v 6.009759 -4.549048 -0.400001
v 5.962248 -4.541222 0.399999
v 5.962248 -4.541222 -0.400001
v 5.915780 -4.533562 0.399999
v 5.915780 -4.533562 -0.400001
v 5.870665 -4.526111 0.399999
v 5.870665 -4.526111 -0.400001
v 5.827217 -4.518909 0.399999
v 5.827217 -4.518909 -0.400001
v 5.785748 -4.512000 0.399999
v 5.785748 -4.512000 -0.400001
v 5.746572 -4.505424 0.399999
v 5.746572 -4.505424 -0.400001
v 5.709999 -4.499222 0.399999
v 5.709999 -4.499222 -0.400001
v 5.676342 -4.493437 0.399999
v 5.676342 -4.493437 -0.400001
v 5.645916 -4.488111 0.399999
v 5.645916 -4.488111 -0.400001
v 5.619030 -4.483284 0.399999
v 5.619030 -4.483284 -0.400001
v 5.595999 -4.479000 0.399999
v 5.595999 -4.479000 -0.400001
v 5.581670 -4.476420 0.399999
v 5.581670 -4.476420 -0.400001
v 5.567703 -4.473703 0.399999
v 5.567703 -4.473703 -0.400001
v 5.554124 -4.470875 0.399999
v 5.554124 -4.470875 -0.400001
v 5.540962 -4.467962 0.399999
v 5.540962 -4.467962 -0.400001
v 5.528244 -4.464995 0.399999
v 5.528244 -4.464995 -0.400001
v 5.515999 -4.462000 0.399999
v 5.515999 -4.462000 -0.400001
v 5.504253 -4.459004 0.399999
v 5.504253 -4.459004 -0.400001
v 5.493036 -4.456037 0.399999
v 5.493036 -4.456037 -0.400001
v 5.482374 -4.453125 0.399999
v 5.482374 -4.453125 -0.400001
v 5.472295 -4.450296 0.399999
v 5.472295 -4.450296 -0.400001
v 5.462827 -4.447578 0.399999
v 5.462827 -4.447578 -0.400001
v 5.453999 -4.445000 0.399999
v 5.453999 -4.445000 -0.400001
v 5.419999 -4.613000 0.399999
v 5.419999 -4.613000 -0.400001
v 5.428142 -4.614081 0.399999
v 5.428142 -4.614081 -0.400001
v 5.437471 -4.615314 0.399999
v 5.437471 -4.615314 -0.400001
v 5.447843 -4.616687 0.399999
v 5.447843 -4.616687 -0.400001
v 5.459110 -4.618185 0.399999
v 5.459110 -4.618185 -0.400001
v 5.471128 -4.619794 0.399999
v 5.471128 -4.619794 -0.400001
v 5.483749 -4.621500 0.399999
v 5.483749 -4.621500 -0.400001
v 5.496829 -4.623289 0.399999
v 5.496829 -4.623289 -0.400001
v 5.510221 -4.625148 0.399999
v 5.510221 -4.625148 -0.400001
v 5.523780 -4.627062 0.399999
v 5.523780 -4.627062 -0.400001
v 5.537360 -4.629018 0.399999
v 5.537360 -4.629018 -0.400001
v 5.550815 -4.631002 0.399999
v 5.550815 -4.631002 -0.400001
v 5.563999 -4.633000 0.399999
v 5.563999 -4.633000 -0.400001
v 6.029999 -4.707000 0.399999
v 6.029999 -4.707000 -0.400001
v 5.949999 -5.109000 0.399999
v 5.949999 -5.109000 -0.400001
v 5.457999 -5.025000 0.399999
v 5.457999 -5.025000 -0.400001
v 5.438951 -5.021081 0.399999
v 5.438951 -5.021081 -0.400001
v 5.420786 -5.017314 0.399999
v 5.420786 -5.017314 -0.400001
v 5.403468 -5.013687 0.399999
v 5.403468 -5.013687 -0.400001
v 5.386962 -5.010185 0.399999
v 5.386962 -5.010185 -0.400001
v 5.371234 -5.006794 0.399999
v 5.371234 -5.006794 -0.400001
v 5.356249 -5.003500 0.399999
v 5.356249 -5.003500 -0.400001
v 5.341972 -5.000289 0.399999
v 5.341972 -5.000289 -0.400001
v 5.328369 -4.997148 0.399999
v 5.328369 -4.997148 -0.400001
v 5.315405 -4.994062 0.399999
v 5.315405 -4.994062 -0.400001
v 5.303045 -4.991018 0.399999
v 5.303045 -4.991018 -0.400001
v 5.291255 -4.988002 0.399999
v 5.291255 -4.988002 -0.400001
v 5.279999 -4.985000 0.399999
v 5.279999 -4.985000 -0.400001
v 5.247999 -5.153000 0.399999
v 5.247999 -5.153000 -0.400001
v 5.258950 -5.154122 0.399999
v 5.258950 -5.154122 -0.400001
v 5.270776 -5.155481 0.399999
v 5.270776 -5.155481 -0.400001
v 5.283436 -5.157063 0.399999
v 5.283436 -5.157063 -0.400001
v 5.296887 -5.158852 0.399999
v 5.296887 -5.158852 -0.400001
v 5.311089 -5.160835 0.399999
v 5.311089 -5.160835 -0.400001
v 5.325998 -5.163000 0.399999
v 5.325998 -5.163000 -0.400001
v 5.341575 -5.165331 0.399999
v 5.341575 -5.165331 -0.400001
v 5.357776 -5.167815 0.399999
v 5.357776 -5.167815 -0.400001
v 5.374561 -5.170437 0.399999
v 5.374561 -5.170437 -0.400001
v 5.391887 -5.173185 0.399999
v 5.391887 -5.173185 -0.400001
v 5.409714 -5.176044 0.399999
v 5.409714 -5.176044 -0.400001
v 5.427999 -5.179000 0.399999
v 5.427999 -5.179000 -0.400001
v 5.919999 -5.257000 0.399999
v 5.919999 -5.257000 -0.400001
v 5.837998 -5.659000 0.399999
v 5.837998 -5.659000 -0.400001
v 5.834457 -5.673696 0.399999
v 5.834457 -5.673696 -0.400001
v 5.830832 -5.688731 0.399999
v 5.830832 -5.688731 -0.400001
v 5.827124 -5.704031 0.399999
v 5.827124 -5.704031 -0.400001
v 5.823332 -5.719519 0.399999
v 5.823332 -5.719519 -0.400001
v 5.819457 -5.735117 0.399999
v 5.819457 -5.735117 -0.400001
v 5.815499 -5.750750 0.399999
v 5.815499 -5.750750 -0.400001
v 5.811457 -5.766341 0.399999
v 5.811457 -5.766341 -0.400001
v 5.807332 -5.781815 0.399999
v 5.807332 -5.781815 -0.400001
v 5.803123 -5.797094 0.399999
v 5.803123 -5.797094 -0.400001
v 5.798832 -5.812102 0.399999
v 5.798832 -5.812102 -0.400001
v 5.794457 -5.826763 0.399999
v 5.794457 -5.826763 -0.400001
v 5.789999 -5.841000 0.399999
v 5.789999 -5.841000 -0.400001
v 5.971999 -5.875000 0.399999
v 5.971999 -5.875000 -0.400001
v 5.974423 -5.858162 0.399999
v 5.974423 -5.858162 -0.400001
v 5.976721 -5.841630 0.399999
v 5.976721 -5.841630 -0.400001
v 5.978937 -5.825375 0.399999
v 5.978937 -5.825375 -0.400001
v 5.981110 -5.809370 0.399999
v 5.981110 -5.809370 -0.400001
v 5.983284 -5.793588 0.399999
v 5.983284 -5.793588 -0.400001
v 5.985499 -5.778000 0.399999
v 5.985499 -5.778000 -0.400001
v 5.987798 -5.762578 0.399999
v 5.987798 -5.762578 -0.400001
v 5.990222 -5.747296 0.399999
v 5.990222 -5.747296 -0.400001
v 5.992812 -5.732125 0.399999
v 5.992812 -5.732125 -0.400001
v 5.995610 -5.717037 0.399999
v 5.995610 -5.717037 -0.400001
v 5.998659 -5.702004 0.399999
v 5.998659 -5.702004 -0.400001
v 6.001999 -5.687000 0.399999
v 6.001999 -5.687000 -0.400001
v 6.079998 -5.283000 0.399999
v 6.079998 -5.283000 -0.400001
v 6.136188 -5.292449 0.399999
v 6.136188 -5.292449 -0.400001
v 6.191517 -5.301759 0.399999
v 6.191517 -5.301759 -0.400001
v 6.245624 -5.310875 0.399999
v 6.245624 -5.310875 -0.400001
v 6.298147 -5.319741 0.399999
v 6.298147 -5.319741 -0.400001
v 6.348725 -5.328301 0.399999
v 6.348725 -5.328301 -0.400001
v 6.396998 -5.336500 0.399999
v 6.396998 -5.336500 -0.400001
v 6.442605 -5.344282 0.399999
v 6.442605 -5.344282 -0.400001
v 6.485184 -5.351593 0.399999
v 6.485184 -5.351593 -0.400001
v 6.524374 -5.358375 0.399999
v 6.524374 -5.358375 -0.400001
v 6.559813 -5.364574 0.399999
v 6.559813 -5.364574 -0.400001
v 6.591142 -5.370134 0.399999
v 6.591142 -5.370134 -0.400001
v 6.617999 -5.375000 0.399999
v 6.617999 -5.375000 -0.400001
v 6.637045 -5.378420 0.399999
v 6.637045 -5.378420 -0.400001
v 6.655203 -5.381694 0.399999
v 6.655203 -5.381694 -0.400001
v 6.672499 -5.384844 0.399999
v 6.672499 -5.384844 -0.400001
v 6.688962 -5.387889 0.399999
v 6.688962 -5.387889 -0.400001
v 6.704619 -5.390851 0.399999
v 6.704619 -5.390851 -0.400001
v 6.719499 -5.393750 0.399999
v 6.719499 -5.393750 -0.400001
v 6.733629 -5.396607 0.399999
v 6.733629 -5.396607 -0.400001
v 6.747036 -5.399445 0.399999
v 6.747036 -5.399445 -0.400001
v 6.759749 -5.402281 0.399999
v 6.759749 -5.402281 -0.400001
v 6.771795 -5.405139 0.399999
v 6.771795 -5.405139 -0.400001
v 6.783203 -5.408038 0.399999
v 6.783203 -5.408038 -0.400001
v 6.793999 -5.411000 0.399999
v 6.793999 -5.411000 -0.400001
v 6.829998 -5.237000 0.399999
v 6.829998 -5.237000 -0.400001
v 6.817865 -5.236379 0.399999
v 6.817865 -5.236379 -0.400001
v 6.804600 -5.235528 0.399999
v 6.804600 -5.235528 -0.400001
v 6.790405 -5.234469 0.399999
v 6.790405 -5.234469 -0.400001
v 6.775480 -5.233222 0.399999
v 6.775480 -5.233222 -0.400001
v 6.760028 -5.231809 0.399999
v 6.760028 -5.231809 -0.400001
v 6.744249 -5.230250 0.399999
v 6.744249 -5.230250 -0.400001
v 6.728345 -5.228566 0.399999
v 6.728345 -5.228566 -0.400001
v 6.712517 -5.226778 0.399999
v 6.712517 -5.226778 -0.400001
v 6.696968 -5.224906 0.399999
v 6.696968 -5.224906 -0.400001
v 6.681897 -5.222972 0.399999
v 6.681897 -5.222972 -0.400001
v 6.667507 -5.220996 0.399999
v 6.667507 -5.220996 -0.400001
v 6.653999 -5.219000 0.399999
v 6.653999 -5.219000 -0.400001
v 4.512170 -4.929000 0.400000
v 4.512170 -4.929000 -0.400000
v 4.439703 -4.929000 0.400000
v 4.439703 -4.929000 -0.400000
v 4.349124 -4.929000 0.400000
v 4.349124 -4.929000 -0.400000
v 4.244962 -4.929000 0.400000
v 4.244962 -4.929000 -0.400000
v 4.131744 -4.929000 0.400000
v 4.131744 -4.929000 -0.400000
v 4.013999 -4.929000 0.400000
v 4.013999 -4.929000 -0.400000
v 3.896253 -4.929000 0.400000
v 3.896253 -4.929000 -0.400000
v 3.783036 -4.929000 0.400000
v 3.783036 -4.929000 -0.400000
v 3.678874 -4.929000 0.400000
v 3.678874 -4.929000 -0.400000
v 3.588295 -4.929000 0.400000
v 3.588295 -4.929000 -0.400000
v 3.515827 -4.929000 0.400000
v 3.515827 -4.929000 -0.400000
v 3.465999 -4.929000 0.400000
v 3.465999 -4.929000 -0.400000
v 3.441582 -4.928880 0.400000
v 3.441582 -4.928880 -0.400000
v 3.418332 -4.928537 0.400000
v 3.418332 -4.928537 -0.400000
v 3.396249 -4.928000 0.400000
v 3.396249 -4.928000 -0.400000
v 3.375332 -4.927297 0.400000
v 3.375332 -4.927297 -0.400000
v 3.355582 -4.926454 0.400000
v 3.355582 -4.926454 -0.400000
v 3.336999 -4.925500 0.400000
v 3.336999 -4.925500 -0.400000
v 3.319582 -4.924463 0.400000
v 3.319582 -4.924463 -0.400000
v 3.303332 -4.923370 0.400000
v 3.303332 -4.923370 -0.400000
v 3.288249 -4.922250 0.400000
v 3.288249 -4.922250 -0.400000
v 3.274332 -4.921130 0.400000
v 3.274332 -4.921130 -0.400000
v 3.261582 -4.920037 0.400000
v 3.261582 -4.920037 -0.400000
v 3.249999 -4.919000 0.400000
v 3.249999 -4.919000 -0.400000
v 3.249999 -5.115000 0.400000
v 3.249999 -5.115000 -0.400000
v 3.260894 -5.114383 0.400000
v 3.260894 -5.114383 -0.400000
v 3.273490 -5.113565 0.400000
v 3.273490 -5.113565 -0.400000
v 3.287655 -5.112594 0.400000
v 3.287655 -5.112594 -0.400000
v 3.303258 -5.111518 0.400000
v 3.303258 -5.111518 -0.400000
v 3.320167 -5.110388 0.400000
v 3.320167 -5.110388 -0.400000
v 3.338249 -5.109250 0.400000
v 3.338249 -5.109250 -0.400000
v 3.357373 -5.108154 0.400000
v 3.357373 -5.108154 -0.400000
v 3.377406 -5.107148 0.400000
v 3.377406 -5.107148 -0.400000
v 3.398218 -5.106281 0.400000
v 3.398218 -5.106281 -0.400000
v 3.419675 -5.105602 0.400000
v 3.419675 -5.105602 -0.400000
v 3.441646 -5.105159 0.400000
v 3.441646 -5.105159 -0.400000
v 3.463999 -5.105000 0.400000
v 3.463999 -5.105000 -0.400000
v 3.514249 -5.105000 0.400000
v 3.514249 -5.105000 -0.400000
v 3.586999 -5.105000 0.400000
v 3.586999 -5.105000 -0.400000
v 3.677749 -5.105000 0.400000
v 3.677749 -5.105000 -0.400000
v 3.781999 -5.105000 0.400000
v 3.781999 -5.105000 -0.400000
v 3.895249 -5.105000 0.400000
v 3.895249 -5.105000 -0.400000
v 4.012999 -5.105000 0.400000
v 4.012999 -5.105000 -0.400000
v 4.130749 -5.105000 0.400000
v 4.130749 -5.105000 -0.400000
v 4.243999 -5.105000 0.400000
v 4.243999 -5.105000 -0.400000
v 4.348248 -5.105000 0.400000
v 4.348248 -5.105000 -0.400000
v 4.438999 -5.105000 0.400000
v 4.438999 -5.105000 -0.400000
v 4.511749 -5.105000 0.400000
v 4.511749 -5.105000 -0.400000
v 4.561999 -5.105000 0.400000
v 4.561999 -5.105000 -0.400000
v 4.589393 -5.105082 0.400000
v 4.589393 -5.105082 -0.400000
v 4.616480 -5.105324 0.400000
v 4.616480 -5.105324 -0.400000
v 4.643124 -5.105719 0.400000
v 4.643124 -5.105719 -0.400000
v 4.669184 -5.106259 0.400000
v 4.669184 -5.106259 -0.400000
v 4.694522 -5.106938 0.399999
v 4.694522 -5.106938 -0.400001
v 4.718999 -5.107750 0.399999
v 4.718999 -5.107750 -0.400001
v 4.742476 -5.108686 0.399999
v 4.742476 -5.108686 -0.400001
v 4.764814 -5.109741 0.399999
v 4.764814 -5.109741 -0.400001
v 4.785874 -5.110906 0.399999
v 4.785874 -5.110906 -0.400001
v 4.805517 -5.112176 0.399999
v 4.805517 -5.112176 -0.400001
v 4.823605 -5.113543 0.399999
v 4.823605 -5.113543 -0.400001
v 4.839999 -5.115000 0.399999
v 4.839999 -5.115000 -0.400001
v 4.839999 -4.919000 0.399999
v 4.839999 -4.919000 -0.400001
v 4.824064 -4.920036 0.399999
v 4.824064 -4.920036 -0.400001
v 4.806351 -4.921129 0.399999
v 4.806351 -4.921129 -0.400001
v 4.786999 -4.922250 0.399999
v 4.786999 -4.922250 -0.400001
v 4.766147 -4.923370 0.399999
v 4.766147 -4.923370 -0.400001
v 4.743934 -4.924462 0.399999
v 4.743934 -4.924462 -0.400001
v 4.720499 -4.925500 0.399999
v 4.720499 -4.925500 -0.400001
v 4.695981 -4.926454 0.399999
v 4.695981 -4.926454 -0.400001
v 4.670517 -4.927296 0.399999
v 4.670517 -4.927296 -0.400001
v 4.644249 -4.927999 0.399999
v 4.644249 -4.927999 -0.400001
v 4.617314 -4.928537 0.399999
v 4.617314 -4.928537 -0.400001
v 4.589851 -4.928880 0.399999
v 4.589851 -4.928880 -0.400001
v 4.561999 -4.929000 0.400000
v 4.561999 -4.929000 -0.400000
v 2.670482 -4.455019 0.400000
v 2.670482 -4.455019 -0.400000
v 2.623527 -4.450149 0.400000
v 2.623527 -4.450149 -0.400000
v 2.568030 -4.444500 0.400000
v 2.568030 -4.444500 -0.400000
v 2.504888 -4.438186 0.400000
v 2.504888 -4.438186 -0.400000
v 2.434995 -4.431315 0.400000
v 2.434995 -4.431315 -0.400000
v 2.359249 -4.424000 0.400000
v 2.359249 -4.424000 -0.400000
v 2.278544 -4.416352 0.400000
v 2.278544 -4.416352 -0.400000
v 2.193777 -4.408482 0.400000
v 2.193777 -4.408482 -0.400000
v 2.105843 -4.400500 0.400000
v 2.105843 -4.400500 -0.400000
v 2.015638 -4.392519 0.400000
v 2.015638 -4.392519 -0.400000
v 1.924058 -4.384648 0.400000
v 1.924058 -4.384648 -0.400000
v 1.831999 -4.377000 0.400000
v 1.831999 -4.377000 -0.400000
v 1.778137 -4.372625 0.400000
v 1.778137 -4.372625 -0.400000
v 1.725610 -4.368500 0.400000
v 1.725610 -4.368500 -0.400000
v 1.674499 -4.364625 0.400000
v 1.674499 -4.364625 -0.400000
v 1.624887 -4.361000 0.400000
v 1.624887 -4.361000 -0.400000
v 1.576860 -4.357625 0.400000
v 1.576860 -4.357625 -0.400000
v 1.530499 -4.354500 0.400000
v 1.530499 -4.354500 -0.400000
v 1.485888 -4.351624 0.400000
v 1.485888 -4.351624 -0.400000
v 1.443110 -4.349000 0.400000
v 1.443110 -4.349000 -0.400000
v 1.402249 -4.346625 0.400000
v 1.402249 -4.346625 -0.400000
v 1.363387 -4.344500 0.400000
v 1.363387 -4.344500 -0.400000
v 1.326610 -4.342625 0.400000
v 1.326610 -4.342625 -0.400000
v 1.291999 -4.341000 0.400000
v 1.291999 -4.341000 -0.400000
v 1.291999 -4.501000 0.400000
v 1.291999 -4.501000 -0.400000
v 1.321712 -4.501057 0.400000
v 1.321712 -4.501057 -0.400000
v 1.353536 -4.501287 0.400000
v 1.353536 -4.501287 -0.400000
v 1.386999 -4.501781 0.400000
v 1.386999 -4.501781 -0.400000
v 1.421628 -4.502629 0.400000
v 1.421628 -4.502629 -0.400000
v 1.456952 -4.503922 0.400000
v 1.456952 -4.503922 -0.400000
v 1.492499 -4.505750 0.400000
v 1.492499 -4.505750 -0.400000
v 1.527795 -4.508203 0.400000
v 1.527795 -4.508203 -0.400000
v 1.562369 -4.511370 0.400000
v 1.562369 -4.511370 -0.400000
v 1.595749 -4.515344 0.400000
v 1.595749 -4.515344 -0.400000
v 1.627462 -4.520213 0.400000
v 1.627462 -4.520213 -0.400000
v 1.657036 -4.526068 0.400000
v 1.657036 -4.526068 -0.400000
v 1.683999 -4.533000 0.400000
v 1.683999 -4.533000 -0.400000
v 1.752670 -4.560256 0.400000
v 1.752670 -4.560256 -0.400000
v 1.816536 -4.595379 0.400000
v 1.816536 -4.595379 -0.400000
v 1.875374 -4.637406 0.400000
v 1.875374 -4.637406 -0.400000
v 1.928962 -4.685370 0.400000
v 1.928962 -4.685370 -0.400000
v 1.977077 -4.738307 0.400000
v 1.977077 -4.738307 -0.400000
v 2.019499 -4.795250 0.400000
v 2.019499 -4.795250 -0.400000
v 2.056003 -4.855235 0.400000
v 2.056003 -4.855235 -0.400000
v 2.086369 -4.917296 0.400000
v 2.086369 -4.917296 -0.400000
v 2.110374 -4.980469 0.400000
v 2.110374 -4.980469 -0.400000
v 2.127795 -5.043787 0.400000
v 2.127795 -5.043787 -0.400000
v 2.138411 -5.106286 0.400000
v 2.138411 -5.106286 -0.400000
v 2.141999 -5.167000 0.400000
v 2.141999 -5.167000 -0.400000
v 2.134648 -5.259048 0.400000
v 2.134648 -5.259048 -0.400000
v 2.113527 -5.340546 0.400000
v 2.113527 -5.340546 -0.400000
v 2.080030 -5.412031 0.400000
v 2.080030 -5.412031 -0.400000
v 2.035554 -5.474037 0.400000
v 2.035554 -5.474037 -0.400000
v 1.981495 -5.527098 0.400000
v 1.981495 -5.527098 -0.400000
v 1.919249 -5.571750 0.400000
v 1.919249 -5.571750 -0.400000
v 1.850211 -5.608527 0.400000
v 1.850211 -5.608527 -0.400000
v 1.775777 -5.637963 0.400000
v 1.775777 -5.637963 -0.400000
v 1.697342 -5.660594 0.400000
v 1.697342 -5.660594 -0.400000
v 1.616304 -5.676954 0.400000
v 1.616304 -5.676954 -0.400000
v 1.534058 -5.687577 0.400000
v 1.534058 -5.687577 -0.400000
v 1.451999 -5.693000 0.400000
v 1.451999 -5.693000 -0.400000
v 1.509999 -5.859000 0.400000
v 1.509999 -5.859000 -0.400000
v 1.603307 -5.851629 0.400000
v 1.603307 -5.851629 -0.400000
v 1.697137 -5.836370 0.400000
v 1.697137 -5.836370 -0.400000
v 1.789842 -5.813000 0.400000
v 1.789842 -5.813000 -0.400000
v 1.879776 -5.781296 0.400000
v 1.879776 -5.781296 -0.400000
v 1.965294 -5.741037 0.400000
v 1.965294 -5.741037 -0.400000
v 2.044749 -5.692000 0.400000
v 2.044749 -5.692000 -0.400000
v 2.116495 -5.633963 0.400000
v 2.116495 -5.633963 -0.400000
v 2.178888 -5.566704 0.400000
v 2.178888 -5.566704 -0.400000
v 2.230280 -5.490000 0.400000
v 2.230280 -5.490000 -0.400000
v 2.269027 -5.403629 0.400000
v 2.269027 -5.403629 -0.400000
v 2.293481 -5.307370 0.400000
v 2.293481 -5.307370 -0.400000
v 2.301999 -5.201000 0.400000
v 2.301999 -5.201000 -0.400000
v 2.298153 -5.124258 0.400000
v 2.298153 -5.124258 -0.400000
v 2.287072 -5.050231 0.400000
v 2.287072 -5.050231 -0.400000
v 2.269436 -4.979218 0.400000
v 2.269436 -4.979218 -0.400000
v 2.245924 -4.911518 0.400000
v 2.245924 -4.911518 -0.400000
v 2.217218 -4.847429 0.400000
v 2.217218 -4.847429 -0.400000
v 2.183998 -4.787250 0.400000
v 2.183998 -4.787250 -0.400000
v 2.146945 -4.731278 0.400000
v 2.146945 -4.731278 -0.400000
v 2.106739 -4.679814 0.400000
v 2.106739 -4.679814 -0.400000
v 2.064061 -4.633156 0.400000
v 2.064061 -4.633156 -0.400000
v 2.019591 -4.591601 0.400000
v 2.019591 -4.591601 -0.400000
v 1.974010 -4.555450 0.400000
v 1.974010 -4.555450 -0.400000
v 1.927999 -4.525000 0.400000
v 1.927999 -4.525000 -0.400000
v 1.987324 -4.531485 0.400000
v 1.987324 -4.531485 -0.400000
v 2.056934 -4.538879 0.400000
v 2.056934 -4.538879 -0.400000
v 2.134780 -4.547093 0.400000
v 2.134780 -4.547093 -0.400000
v 2.218814 -4.556037 0.400000
v 2.218814 -4.556037 -0.400000
v 2.306986 -4.565619 0.400000
v 2.306986 -4.565619 -0.400000
v 2.397249 -4.575750 0.400000
v 2.397249 -4.575750 -0.400000
v 2.487553 -4.586339 0.400000
v 2.487553 -4.586339 -0.400000
v 2.575851 -4.597296 0.400000
v 2.575851 -4.597296 -0.400000
v 2.660093 -4.608531 0.400000
v 2.660093 -4.608531 -0.400000
v 2.738230 -4.619954 0.400000
v 2.738230 -4.619954 -0.400000
v 2.808215 -4.631474 0.400000
v 2.808215 -4.631474 -0.400000
v 2.867999 -4.643000 0.400000
v 2.867999 -4.643000 -0.400000
v 2.885999 -4.469000 0.400000
v 2.885999 -4.469000 -0.400000
v 2.867257 -4.468459 0.400000
v 2.867257 -4.468459 -0.400000
v 2.849064 -4.467843 0.400000
v 2.849064 -4.467843 -0.400000
v 2.831468 -4.467156 0.400000
v 2.831468 -4.467156 -0.400000
v 2.814517 -4.466407 0.400000
v 2.814517 -4.466407 -0.400000
v 2.798262 -4.465603 0.400000
v 2.798262 -4.465603 -0.400000
v 2.782749 -4.464750 0.400000
v 2.782749 -4.464750 -0.400000
v 2.768028 -4.463855 0.400000
v 2.768028 -4.463855 -0.400000
v 2.754147 -4.462926 0.400000
v 2.754147 -4.462926 -0.400000
v 2.741155 -4.461968 0.400000
v 2.741155 -4.461968 -0.400000
v 2.729101 -4.460990 0.400000
v 2.729101 -4.460990 -0.400000
v 2.718032 -4.459999 0.400000
v 2.718032 -4.459999 -0.400000
v 2.707999 -4.459000 0.400000
v 2.707999 -4.459000 -0.400000
v 1.517999 -5.073000 0.400000
v 1.517999 -5.073000 -0.400000
v 1.529743 -5.048851 0.400000
v 1.529743 -5.048851 -0.400000
v 1.541952 -5.024472 0.400000
v 1.541952 -5.024472 -0.400000
v 1.554592 -4.999969 0.400000
v 1.554592 -4.999969 -0.400000
v 1.567628 -4.975445 0.400000
v 1.567628 -4.975445 -0.400000
v 1.581025 -4.951004 0.400000
v 1.581025 -4.951004 -0.400000
v 1.594749 -4.926750 0.400000
v 1.594749 -4.926750 -0.400000
v 1.608764 -4.902788 0.400000
v 1.608764 -4.902788 -0.400000
v 1.623036 -4.879222 0.400000
v 1.623036 -4.879222 -0.400000
v 1.637530 -4.856156 0.400000
v 1.637530 -4.856156 -0.400000
v 1.652212 -4.833694 0.400000
v 1.652212 -4.833694 -0.400000
v 1.667046 -4.811941 0.400000
v 1.667046 -4.811941 -0.400000
v 1.681999 -4.791000 0.400000
v 1.681999 -4.791000 -0.400000
v 1.579999 -4.747000 0.400000
v 1.579999 -4.747000 -0.400000
v 1.567911 -4.764654 0.400000
v 1.567911 -4.764654 -0.400000
v 1.554795 -4.784398 0.400000
v 1.554795 -4.784398 -0.400000
v 1.540874 -4.805906 0.400000
v 1.540874 -4.805906 -0.400000
v 1.526369 -4.828852 0.400000
v 1.526369 -4.828852 -0.400000
v 1.511503 -4.852908 0.400000
v 1.511503 -4.852908 -0.400000
v 1.496499 -4.877750 0.400000
v 1.496499 -4.877750 -0.400000
v 1.481577 -4.903049 0.400000
v 1.481577 -4.903049 -0.400000
v 1.466962 -4.928481 0.400000
v 1.466962 -4.928481 -0.400000
v 1.452874 -4.953719 0.400000
v 1.452874 -4.953719 -0.400000
v 1.439536 -4.978435 0.400000
v 1.439536 -4.978435 -0.400000
v 1.427170 -5.002304 0.400000
v 1.427170 -5.002304 -0.400000
v 1.415999 -5.025000 0.400000
v 1.415999 -5.025000 -0.400000
v 1.291999 -4.989000 0.400000
v 1.291999 -4.989000 -0.400000
v 1.304204 -4.964508 0.400000
v 1.304204 -4.964508 -0.400000
v 1.316804 -4.940065 0.400000
v 1.316804 -4.940065 -0.400000
v 1.329780 -4.915719 0.400000
v 1.329780 -4.915719 -0.400000
v 1.343110 -4.891519 0.400000
v 1.343110 -4.891519 -0.400000
v 1.356773 -4.867513 0.400000
v 1.356773 -4.867513 -0.400000
v 1.370749 -4.843750 0.400000
v 1.370749 -4.843750 -0.400000
v 1.385016 -4.820279 0.400000
v 1.385016 -4.820279 -0.400000
v 1.399554 -4.797148 0.400000
v 1.399554 -4.797148 -0.400000
v 1.414342 -4.774406 0.400000
v 1.414342 -4.774406 -0.400000
v 1.429360 -4.752102 0.400000
v 1.429360 -4.752102 -0.400000
v 1.444585 -4.730284 0.400000
v 1.444585 -4.730284 -0.400000
v 1.459999 -4.709000 0.400000
v 1.459999 -4.709000 -0.400000
v 1.361999 -4.663000 0.400000
v 1.361999 -4.663000 -0.400000
v 1.349370 -4.680614 0.400000
v 1.349370 -4.680614 -0.400000
v 1.335638 -4.700250 0.400000
v 1.335638 -4.700250 -0.400000
v 1.321030 -4.721593 0.400000
v 1.321030 -4.721593 -0.400000
v 1.305776 -4.744333 0.400000
v 1.305776 -4.744333 -0.400000
v 1.290106 -4.768156 0.400000
v 1.290106 -4.768156 -0.400000
v 1.274249 -4.792750 0.400000
v 1.274249 -4.792750 -0.400000
v 1.258433 -4.817802 0.400000
v 1.258433 -4.817802 -0.400000
v 1.242888 -4.843000 0.400000
v 1.242888 -4.843000 -0.400000
v 1.227842 -4.868032 0.400000
v 1.227842 -4.868032 -0.400000
v 1.213526 -4.892583 0.400000
v 1.213526 -4.892583 -0.400000
v 1.200169 -4.916344 0.400000
v 1.200169 -4.916344 -0.400000
v 1.187999 -4.939000 0.400000
v 1.187999 -4.939000 -0.400000
v -0.532001 -4.527000 0.400000
v -0.532001 -4.527000 -0.400000
v -0.521442 -4.506215 0.400000
v -0.521442 -4.506215 -0.400000
v -0.509862 -4.484056 0.400000
v -0.509863 -4.484056 -0.400000
v -0.497408 -4.460813 0.400000
v -0.497408 -4.460813 -0.400000
v -0.484224 -4.436778 0.400000
v -0.484224 -4.436778 -0.400000
v -0.470456 -4.412243 0.400000
v -0.470456 -4.412243 -0.400000
v -0.456251 -4.387500 0.400000
v -0.456251 -4.387500 -0.400000
v -0.441755 -4.362841 0.400000
v -0.441755 -4.362841 -0.400000
v -0.427112 -4.338555 0.400000
v -0.427112 -4.338555 -0.400000
v -0.412470 -4.314938 0.400000
v -0.412470 -4.314938 -0.400000
v -0.397974 -4.292278 0.400000
v -0.397974 -4.292278 -0.400000
v -0.383769 -4.270868 0.400000
v -0.383769 -4.270868 -0.400000
v -0.370001 -4.251000 0.400000
v -0.370001 -4.251000 -0.400000
v -0.476001 -4.205000 0.400000
v -0.476001 -4.205000 -0.400000
v -0.488968 -4.223989 0.400000
v -0.488968 -4.223989 -0.400000
v -0.502733 -4.244740 0.400000
v -0.502733 -4.244740 -0.400000
v -0.517095 -4.266937 0.400000
v -0.517095 -4.266937 -0.400000
v -0.531853 -4.290259 0.400000
v -0.531853 -4.290259 -0.400000
v -0.546806 -4.314386 0.400000
v -0.546806 -4.314386 -0.400000
v -0.561751 -4.339000 0.400000
v -0.561751 -4.339000 -0.400000
v -0.576489 -4.363780 0.400000
v -0.576489 -4.363780 -0.400000
v -0.590816 -4.388407 0.400000
v -0.590816 -4.388407 -0.400000
v -0.604533 -4.412562 0.400000
v -0.604533 -4.412562 -0.400000
v -0.617437 -4.435925 0.400000
v -0.617437 -4.435925 -0.400000
v -0.629327 -4.458178 0.400000
v -0.629327 -4.458178 -0.400000
v -0.640001 -4.479000 0.400000
v -0.640001 -4.479000 -0.400000
v -0.756001 -4.445000 0.400000
v -0.756001 -4.445000 -0.400000
v -0.744600 -4.422956 0.400000
v -0.744600 -4.422956 -0.400000
v -0.732455 -4.399981 0.400000
v -0.732455 -4.399981 -0.400000
v -0.719657 -4.376312 0.400000
v -0.719658 -4.376312 -0.400000
v -0.706298 -4.352185 0.400000
v -0.706298 -4.352185 -0.400000
v -0.692465 -4.327836 0.400000
v -0.692465 -4.327836 -0.400000
v -0.678251 -4.303500 0.400000
v -0.678251 -4.303500 -0.400000
v -0.663745 -4.279414 0.400000
v -0.663746 -4.279414 -0.400000
v -0.649038 -4.255815 0.400000
v -0.649038 -4.255815 -0.400000
v -0.634220 -4.232938 0.400000
v -0.634220 -4.232938 -0.400000
v -0.619381 -4.211019 0.400000
v -0.619381 -4.211019 -0.400000
v -0.604611 -4.190294 0.400000
v -0.604611 -4.190294 -0.400000
v -0.590001 -4.171000 0.400000
v -0.590001 -4.171000 -0.400000
v -0.696001 -4.125000 0.400000
v -0.696001 -4.125000 -0.400000
v -0.709505 -4.144484 0.400000
v -0.709505 -4.144484 -0.400000
v -0.723862 -4.165704 0.400000
v -0.723863 -4.165704 -0.400000
v -0.738845 -4.188313 0.400000
v -0.738845 -4.188313 -0.400000
v -0.754224 -4.211963 0.400000
v -0.754224 -4.211963 -0.400000
v -0.769769 -4.236308 0.400000
v -0.769769 -4.236308 -0.400000
v -0.785251 -4.261000 0.400000
v -0.785251 -4.261000 -0.400000
v -0.800442 -4.285692 0.400000
v -0.800442 -4.285692 -0.400000
v -0.815112 -4.310037 0.400000
v -0.815113 -4.310037 -0.400000
v -0.829033 -4.333687 0.400000
v -0.829033 -4.333687 -0.400000
v -0.841974 -4.356296 0.400000
v -0.841974 -4.356296 -0.400000
v -0.853706 -4.377516 0.400000
v -0.853706 -4.377516 -0.400000
v -0.864001 -4.397000 0.400000
v -0.864001 -4.397000 -0.400000
v 0.305084 -4.433784 0.400000
v 0.305084 -4.433784 -0.400000
v 0.310351 -4.449101 0.400000
v 0.310351 -4.449101 -0.400000
v 0.315811 -4.464906 0.400000
v 0.315811 -4.464906 -0.400000
v 0.321480 -4.481148 0.400000
v 0.321480 -4.481148 -0.400000
v 0.327371 -4.497778 0.400000
v 0.327371 -4.497778 -0.400000
v 0.333499 -4.514750 0.400000
v 0.333499 -4.514750 -0.400000
v 0.339876 -4.532012 0.400000
v 0.339876 -4.532012 -0.400000
v 0.346517 -4.549518 0.400000
v 0.346517 -4.549518 -0.400000
v 0.353436 -4.567218 0.400000
v 0.353436 -4.567218 -0.400000
v 0.360647 -4.585064 0.400000
v 0.360647 -4.585064 -0.400000
v 0.368163 -4.603008 0.400000
v 0.368163 -4.603008 -0.400000
v 0.375999 -4.621000 0.400000
v 0.375999 -4.621000 -0.400000
v -0.570001 -4.621000 0.400000
v -0.570001 -4.621000 -0.400000
v -0.582637 -4.620956 0.400000
v -0.582637 -4.620956 -0.400000
v -0.596418 -4.620815 0.400000
v -0.596418 -4.620815 -0.400000
v -0.611158 -4.620563 0.400000
v -0.611158 -4.620563 -0.400000
v -0.626668 -4.620185 0.400000
v -0.626668 -4.620185 -0.400000
v -0.642762 -4.619669 0.400000
v -0.642762 -4.619669 -0.400000
v -0.659251 -4.619000 0.400000
v -0.659251 -4.619000 -0.400000
v -0.675949 -4.618165 0.400000
v -0.675949 -4.618165 -0.400000
v -0.692668 -4.617148 0.400000
v -0.692668 -4.617148 -0.400000
v -0.709220 -4.615938 0.400000
v -0.709220 -4.615938 -0.400000
v -0.725418 -4.614519 0.400000
v -0.725418 -4.614519 -0.400000
v -0.741074 -4.612877 0.400000
v -0.741074 -4.612877 -0.400000
v -0.756001 -4.611000 0.400000
v -0.756001 -4.611000 -0.400000
v -0.756001 -4.783000 0.400000
v -0.756001 -4.783000 -0.400000
v -0.740196 -4.782042 0.400000
v -0.740196 -4.782042 -0.400000
v -0.723890 -4.781167 0.400000
v -0.723890 -4.781167 -0.400000
v -0.707251 -4.780375 0.400000
v -0.707251 -4.780375 -0.400000
v -0.690446 -4.779666 0.400000
v -0.690446 -4.779666 -0.400000
v -0.673640 -4.779041 0.400000
v -0.673640 -4.779041 -0.400000
v -0.657001 -4.778500 0.400000
v -0.657001 -4.778500 -0.400000
v -0.640696 -4.778042 0.400000
v -0.640696 -4.778042 -0.400000
v -0.624890 -4.777667 0.400000
v -0.624890 -4.777667 -0.400000
v -0.609751 -4.777375 0.400000
v -0.609751 -4.777375 -0.400000
v -0.595446 -4.777166 0.400000
v -0.595446 -4.777166 -0.400000
v -0.582140 -4.777041 0.400000
v -0.582140 -4.777041 -0.400000
v -0.570001 -4.777000 0.400000
v -0.570001 -4.777000 -0.400000
v -0.230001 -4.777000 0.400000
v -0.230001 -4.777000 -0.400000
v -0.218043 -4.915113 0.400000
v -0.218043 -4.915113 -0.400000
v -0.198335 -5.043741 0.400000
v -0.198335 -5.043741 -0.400000
v -0.171126 -5.163312 0.400000
v -0.171126 -5.163312 -0.400000
v -0.136668 -5.274259 0.400000
v -0.136668 -5.274259 -0.400000
v -0.095210 -5.377011 0.400000
v -0.095210 -5.377011 -0.400000
v -0.047001 -5.472000 0.400000
v -0.047001 -5.472000 -0.400000
v 0.007707 -5.559655 0.400000
v 0.007707 -5.559655 -0.400000
v 0.068665 -5.640408 0.400000
v 0.068665 -5.640408 -0.400000
v 0.135624 -5.714687 0.400000
v 0.135624 -5.714687 -0.400000
v 0.208332 -5.782926 0.400000
v 0.208332 -5.782926 -0.400000
v 0.286540 -5.845553 0.400000
v 0.286540 -5.845553 -0.400000
v 0.369999 -5.903000 0.400000
v 0.369999 -5.903000 -0.400000
v 0.539999 -5.787000 0.400000
v 0.539999 -5.787000 -0.400000
v 0.525468 -5.781256 0.400000
v 0.525467 -5.781256 -0.400000
v 0.510915 -5.775046 0.400000
v 0.510915 -5.775046 -0.400000
v 0.496405 -5.768406 0.400000
v 0.496405 -5.768406 -0.400000
v 0.481999 -5.761370 0.400000
v 0.481999 -5.761370 -0.400000
v 0.467759 -5.753973 0.400000
v 0.467759 -5.753973 -0.400000
v 0.453749 -5.746250 0.400000
v 0.453749 -5.746250 -0.400000
v 0.440030 -5.738235 0.400000
v 0.440030 -5.738235 -0.400000
v 0.426665 -5.729963 0.400000
v 0.426665 -5.729963 -0.400000
v 0.413717 -5.721469 0.400000
v 0.413717 -5.721469 -0.400000
v 0.401249 -5.712787 0.400000
v 0.401249 -5.712787 -0.400000
v 0.389322 -5.703952 0.400000
v 0.389322 -5.703952 -0.400000
v 0.377999 -5.695000 0.400000
v 0.377999 -5.695000 -0.400000
v 0.328701 -5.655548 0.400000
v 0.328701 -5.655548 -0.400000
v 0.279286 -5.610888 0.400000
v 0.279286 -5.610888 -0.400000
v 0.230467 -5.560562 0.400000
v 0.230467 -5.560562 -0.400000
v 0.182962 -5.504111 0.400000
v 0.182962 -5.504111 -0.400000
v 0.137484 -5.441076 0.400000
v 0.137484 -5.441076 -0.400000
v 0.094749 -5.371000 0.400000
v 0.094749 -5.371000 -0.400000
v 0.055472 -5.293424 0.400000
v 0.055472 -5.293424 -0.400000
v 0.020369 -5.207889 0.400000
v 0.020369 -5.207889 -0.400000
v -0.009845 -5.113937 0.400000
v -0.009845 -5.113937 -0.400000
v -0.034455 -5.011111 0.400000
v -0.034455 -5.011111 -0.400000
v -0.052746 -4.898952 0.400000
v -0.052746 -4.898952 -0.400000
v -0.064001 -4.777000 0.400000
v -0.064001 -4.777000 -0.400000
v 0.449999 -4.777000 0.400000
v 0.449999 -4.777000 -0.400000
v 0.471121 -4.815098 0.400000
v 0.471121 -4.815098 -0.400000
v 0.494314 -4.854120 0.400000
v 0.494313 -4.854120 -0.400000
v 0.519311 -4.893656 0.400000
v 0.519311 -4.893656 -0.400000
v 0.545851 -4.933296 0.400000
v 0.545850 -4.933296 -0.400000
v 0.573668 -4.972631 0.400000
v 0.573668 -4.972631 -0.400000
v 0.602499 -5.011250 0.400000
v 0.602499 -5.011250 -0.400000
v 0.632080 -5.048744 0.400000
v 0.632080 -5.048744 -0.400000
v 0.662147 -5.084703 0.400000
v 0.662147 -5.084703 -0.400000
v 0.692436 -5.118719 0.400000
v 0.692436 -5.118719 -0.400000
v 0.722684 -5.150380 0.400000
v 0.722684 -5.150380 -0.400000
v 0.752626 -5.179276 0.400000
v 0.752626 -5.179276 -0.400000
v 0.781999 -5.205000 0.400000
v 0.781999 -5.205000 -0.400000
v 0.939999 -5.111000 0.400000
v 0.939999 -5.111000 -0.400000
v 0.904081 -5.083022 0.400000
v 0.904081 -5.083022 -0.400000
v 0.868490 -5.051509 0.400000
v 0.868489 -5.051509 -0.400000
v 0.833468 -5.017094 0.400000
v 0.833467 -5.017094 -0.400000
v 0.799258 -4.980407 0.400000
v 0.799258 -4.980407 -0.400000
v 0.766104 -4.942082 0.400000
v 0.766104 -4.942082 -0.400000
v 0.734249 -4.902750 0.400000
v 0.734249 -4.902750 -0.400000
v 0.703935 -4.863043 0.400000
v 0.703935 -4.863043 -0.400000
v 0.675406 -4.823592 0.400000
v 0.675406 -4.823592 -0.400000
v 0.648905 -4.785031 0.400000
v 0.648905 -4.785031 -0.400000
v 0.624675 -4.747991 0.400000
v 0.624675 -4.747991 -0.400000
v 0.602958 -4.713103 0.400000
v 0.602958 -4.713103 -0.400000
v 0.583999 -4.681000 0.400000
v 0.583999 -4.681000 -0.400000
v 0.570871 -4.655973 0.400000
v 0.570871 -4.655973 -0.400000
v 0.558480 -4.630954 0.400000
v 0.558480 -4.630954 -0.400000
v 0.546811 -4.606031 0.400000
v 0.546811 -4.606031 -0.400000
v 0.535851 -4.581296 0.400000
v 0.535850 -4.581296 -0.400000
v 0.525584 -4.556839 0.400000
v 0.525584 -4.556839 -0.400000
v 0.515999 -4.532750 0.400000
v 0.515999 -4.532750 -0.400000
v 0.507080 -4.509119 0.400000
v 0.507080 -4.509119 -0.400000
v 0.498814 -4.486037 0.400000
v 0.498813 -4.486037 -0.400000
v 0.491186 -4.463593 0.400000
v 0.491186 -4.463593 -0.400000
v 0.484184 -4.441879 0.400000
v 0.484184 -4.441879 -0.400000
v 0.477793 -4.420985 0.400000
v 0.477793 -4.420985 -0.400000
v 0.471999 -4.401000 0.400000
v 0.471999 -4.401000 -0.400000
v 0.468124 -4.387921 0.400000
v 0.468124 -4.387921 -0.400000
v 0.464499 -4.374704 0.400000
v 0.464499 -4.374704 -0.400000
v 0.461124 -4.361375 0.400000
v 0.461124 -4.361375 -0.400000
v 0.457999 -4.347963 0.400000
v 0.457999 -4.347963 -0.400000
v 0.455124 -4.334496 0.400000
v 0.455124 -4.334496 -0.400000
v 0.452499 -4.321000 0.400000
v 0.452499 -4.321000 -0.400000
v 0.450124 -4.307505 0.400000
v 0.450124 -4.307505 -0.400000
v 0.447999 -4.294037 0.400000
v 0.447999 -4.294037 -0.400000
v 0.446124 -4.280625 0.400000
v 0.446124 -4.280625 -0.400000
v 0.444499 -4.267296 0.400000
v 0.444499 -4.267296 -0.400000
v 0.443124 -4.254079 0.400000
v 0.443124 -4.254079 -0.400000
v 0.441999 -4.241000 0.400000
v 0.441999 -4.241000 -0.400000
v 0.247999 -4.279000 0.400000
v 0.247999 -4.279000 -0.400000
v 0.252536 -4.290654 0.400000
v 0.252536 -4.290654 -0.400000
v 0.257128 -4.302565 0.400000
v 0.257128 -4.302565 -0.400000
v 0.261749 -4.314656 0.400000
v 0.261749 -4.314656 -0.400000
v 0.266369 -4.326852 0.400000
v 0.266369 -4.326852 -0.400000
v 0.270962 -4.339075 0.400000
v 0.270962 -4.339075 -0.400000
v 0.275499 -4.351250 0.400000
v 0.275499 -4.351250 -0.400000
v 0.279952 -4.363299 0.400000
v 0.279952 -4.363299 -0.400000
v 0.284295 -4.375148 0.400000
v 0.284295 -4.375148 -0.400000
v 0.288499 -4.386719 0.400000
v 0.288499 -4.386719 -0.400000
v 0.292536 -4.397935 0.400000
v 0.292536 -4.397935 -0.400000
v 0.296378 -4.408721 0.400000
v 0.296378 -4.408721 -0.400000
v 0.299999 -4.419000 0.400000
v 0.299999 -4.419000 -0.400000
v -1.487830 -4.929000 0.400000
v -1.487830 -4.929000 -0.400000
v -1.560298 -4.929000 0.400000
v -1.560298 -4.929000 -0.400000
v -1.650876 -4.929000 0.400000
v -1.650876 -4.929000 -0.400000
v -1.755038 -4.929000 0.400000
v -1.755038 -4.929000 -0.400000
v -1.868256 -4.929000 0.400000
v -1.868256 -4.929000 -0.400000
v -1.986001 -4.929000 0.400000
v -1.986001 -4.929000 -0.400000
v -2.103747 -4.929000 0.400000
v -2.103747 -4.929000 -0.400000
v -2.216964 -4.929000 0.400000
v -2.216964 -4.929000 -0.400000
v -2.321126 -4.929000 0.400000
v -2.321126 -4.929000 -0.400000
v -2.411705 -4.929000 0.400000
v -2.411705 -4.929000 -0.400000
v -2.484173 -4.929000 0.400000
v -2.484173 -4.929000 -0.400000
v -2.534001 -4.929000 0.400000
v -2.534001 -4.929000 -0.400000
v -2.558418 -4.928880 0.400000
v -2.558418 -4.928880 -0.400000
v -2.581668 -4.928537 0.400000
v -2.581668 -4.928537 -0.400000
v -2.603751 -4.928000 0.400000
v -2.603751 -4.928000 -0.400000
v -2.624668 -4.927297 0.400000
v -2.624668 -4.927297 -0.400000
v -2.644418 -4.926454 0.400000
v -2.644418 -4.926454 -0.400000
v -2.663001 -4.925500 0.400000
v -2.663001 -4.925500 -0.400000
v -2.680418 -4.924463 0.400000
v -2.680418 -4.924463 -0.400000
v -2.696668 -4.923370 0.400000
v -2.696668 -4.923370 -0.400000
v -2.711751 -4.922250 0.400000
v -2.711751 -4.922250 -0.400000
v -2.725668 -4.921130 0.400000
v -2.725668 -4.921130 -0.400000
v -2.738418 -4.920037 0.400000
v -2.738418 -4.920037 -0.400000
v -2.750001 -4.919000 0.400000
v -2.750001 -4.919000 -0.400000
v -2.750001 -5.115000 0.400000
v -2.750001 -5.115000 -0.400000
v -2.739106 -5.114383 0.400000
v -2.739106 -5.114383 -0.400000
v -2.726510 -5.113565 0.400000
v -2.726510 -5.113565 -0.400000
v -2.712345 -5.112594 0.400000
v -2.712345 -5.112594 -0.400000
v -2.696742 -5.111518 0.400000
v -2.696742 -5.111518 -0.400000
v -2.679833 -5.110388 0.400000
v -2.679833 -5.110388 -0.400000
v -2.661751 -5.109250 0.400000
v -2.661751 -5.109250 -0.400000
v -2.642627 -5.108154 0.400000
v -2.642627 -5.108154 -0.400000
v -2.622594 -5.107148 0.400000
v -2.622594 -5.107148 -0.400000
v -2.601782 -5.106281 0.400000
v -2.601782 -5.106281 -0.400000
v -2.580325 -5.105602 0.400000
v -2.580325 -5.105602 -0.400000
v -2.558354 -5.105159 0.400000
v -2.558354 -5.105159 -0.400000
v -2.536001 -5.105000 0.400000
v -2.536001 -5.105000 -0.400000
v -2.485751 -5.105000 0.400000
v -2.485751 -5.105000 -0.400000
v -2.413001 -5.105000 0.400000
v -2.413001 -5.105000 -0.400000
v -2.322251 -5.105000 0.400000
v -2.322251 -5.105000 -0.400000
v -2.218001 -5.105000 0.400000
v -2.218001 -5.105000 -0.400000
v -2.104751 -5.105000 0.400000
v -2.104751 -5.105000 -0.400000
v -1.987001 -5.105000 0.400000
v -1.987001 -5.105000 -0.400000
v -1.869251 -5.105000 0.400000
v -1.869251 -5.105000 -0.400000
v -1.756001 -5.105000 0.400000
v -1.756001 -5.105000 -0.400000
v -1.651751 -5.105000 0.400000
v -1.651751 -5.105000 -0.400000
v -1.561001 -5.105000 0.400000
v -1.561001 -5.105000 -0.400000
v -1.488251 -5.105000 0.400000
v -1.488251 -5.105000 -0.400000
v -1.438001 -5.105000 0.400000
v -1.438001 -5.105000 -0.400000
v -1.410608 -5.105082 0.400000
v -1.410608 -5.105082 -0.400000
v -1.383520 -5.105324 0.400000
v -1.383520 -5.105324 -0.400000
v -1.356876 -5.105719 0.400000
v -1.356876 -5.105719 -0.400000
v -1.330816 -5.106259 0.400000
v -1.330816 -5.106259 -0.400000
v -1.305478 -5.106938 0.400000
v -1.305478 -5.106938 -0.400000
v -1.281001 -5.107750 0.400000
v -1.281001 -5.107750 -0.400000
v -1.257524 -5.108686 0.400000
v -1.257524 -5.108686 -0.400000
v -1.235187 -5.109741 0.400000
v -1.235187 -5.109741 -0.400000
v -1.214126 -5.110906 0.400000
v -1.214126 -5.110906 -0.400000
v -1.194483 -5.112176 0.400000
v -1.194483 -5.112176 -0.400000
v -1.176395 -5.113543 0.400000
v -1.176395 -5.113543 -0.400000
v -1.160001 -5.115000 0.400000
v -1.160001 -5.115000 -0.400000
v -1.160001 -4.919000 0.400000
v -1.160001 -4.919000 -0.400000
v -1.175936 -4.920036 0.400000
v -1.175936 -4.920036 -0.400000
v -1.193649 -4.921129 0.400000
v -1.193649 -4.921129 -0.400000
v -1.213001 -4.922250 0.400000
v -1.213001 -4.922250 -0.400000
v -1.233853 -4.923370 0.400000
v -1.233853 -4.923370 -0.400000
v -1.256066 -4.924462 0.400000
v -1.256066 -4.924462 -0.400000
v -1.279501 -4.925500 0.400000
v -1.279501 -4.925500 -0.400000
v -1.304020 -4.926454 0.400000
v -1.304020 -4.926454 -0.400000
v -1.329483 -4.927296 0.400000
v -1.329483 -4.927296 -0.400000
v -1.355751 -4.927999 0.400000
v -1.355751 -4.927999 -0.400000
v -1.382686 -4.928537 0.400000
v -1.382686 -4.928537 -0.400000
v -1.410149 -4.928880 0.400000
v -1.410149 -4.928880 -0.400000
v -1.438001 -4.929000 0.400000
v -1.438001 -4.929000 -0.400000
v -3.419779 -5.480884 0.400000
v -3.419779 -5.480884 -0.400000
v -3.452557 -5.392407 0.400000
v -3.452557 -5.392407 -0.400000
v -3.487501 -5.294375 0.400000
v -3.487501 -5.294375 -0.400000
v -3.523779 -5.189592 0.400000
v -3.523779 -5.189592 -0.400000
v -3.560557 -5.080866 0.400000
v -3.560557 -5.080866 -0.400000
v -3.597001 -4.971000 0.400000
v -3.597001 -4.971000 -0.400000
v -3.632279 -4.862801 0.400000
v -3.632279 -4.862801 -0.400000
v -3.665557 -4.759074 0.400000
v -3.665557 -4.759074 -0.400000
v -3.696001 -4.662625 0.400000
v -3.696001 -4.662625 -0.400000
v -3.722779 -4.576259 0.400000
v -3.722779 -4.576259 -0.400000
v -3.745057 -4.502782 0.400000
v -3.745057 -4.502782 -0.400000
v -3.762001 -4.445000 0.400000
v -3.762001 -4.445000 -0.400000
v -3.767676 -4.422889 0.400000
v -3.767676 -4.422889 -0.400000
v -3.772733 -4.402444 0.400000
v -3.772733 -4.402444 -0.400000
v -3.777220 -4.383500 0.400000
v -3.777220 -4.383500 -0.400000
v -3.781187 -4.365889 0.400000
v -3.781187 -4.365889 -0.400000
v -3.784681 -4.349444 0.400000
v -3.784681 -4.349444 -0.400000
v -3.787751 -4.334000 0.400000
v -3.787751 -4.334000 -0.400000
v -3.790447 -4.319388 0.400000
v -3.790447 -4.319388 -0.400000
v -3.792816 -4.305444 0.400000
v -3.792816 -4.305444 -0.400000
v -3.794908 -4.292000 0.400000
v -3.794908 -4.292000 -0.400000
v -3.796770 -4.278889 0.400000
v -3.796770 -4.278889 -0.400000
v -3.798452 -4.265944 0.400000
v -3.798452 -4.265944 -0.400000
v -3.800001 -4.253000 0.400000
v -3.800001 -4.253000 -0.400000
v -4.000001 -4.293000 0.400000
v -4.000001 -4.293000 -0.400000
v -3.994959 -4.305559 0.400000
v -3.994959 -4.305559 -0.400000
v -3.989826 -4.318305 0.400000
v -3.989826 -4.318305 -0.400000
v -3.984595 -4.331344 0.400000
v -3.984595 -4.331344 -0.400000
v -3.979261 -4.344778 0.400000
v -3.979261 -4.344778 -0.400000
v -3.973815 -4.358712 0.400000
v -3.973815 -4.358712 -0.400000
v -3.968251 -4.373250 0.400000
v -3.968251 -4.373250 -0.400000
v -3.962563 -4.388496 0.400000
v -3.962563 -4.388496 -0.400000
v -3.956742 -4.404555 0.400000
v -3.956742 -4.404555 -0.400000
v -3.950783 -4.421531 0.400000
v -3.950783 -4.421531 -0.400000
v -3.944677 -4.439528 0.400000
v -3.944677 -4.439528 -0.400000
v -3.938419 -4.458649 0.400000
v -3.938419 -4.458649 -0.400000
v -3.932001 -4.479000 0.400000
v -3.932001 -4.479000 -0.400000
v -3.914722 -4.534423 0.400000
v -3.914722 -4.534423 -0.400000
v -3.892436 -4.604889 0.400000
v -3.892436 -4.604889 -0.400000
v -3.865970 -4.687687 0.400000
v -3.865970 -4.687687 -0.400000
v -3.836149 -4.780111 0.400000
v -3.836149 -4.780111 -0.400000
v -3.803801 -4.879451 0.400000
v -3.803801 -4.879451 -0.400000
v -3.769751 -4.983000 0.400000
v -3.769751 -4.983000 -0.400000
v -3.734826 -5.088048 0.400000
v -3.734826 -5.088048 -0.400000
v -3.699853 -5.191889 0.400000
v -3.699853 -5.191889 -0.400000
v -3.665657 -5.291812 0.400000
v -3.665657 -5.291812 -0.400000
v -3.633066 -5.385111 0.400000
v -3.633066 -5.385111 -0.400000
v -3.602905 -5.469076 0.400000
v -3.602905 -5.469076 -0.400000
v -3.576001 -5.541000 0.400000
v -3.576001 -5.541000 -0.400000
v -3.651229 -5.533723 0.400000
v -3.651229 -5.533723 -0.400000
v -3.729325 -5.525953 0.400000
v -3.729325 -5.525953 -0.400000
v -3.809407 -5.517781 0.400000
v -3.809407 -5.517781 -0.400000
v -3.890594 -5.509296 0.400000
v -3.890594 -5.509296 -0.400000
v -3.972002 -5.500589 0.400000
v -3.972002 -5.500589 -0.400000
v -4.052751 -5.491750 0.400000
v -4.052751 -5.491750 -0.400000
v -4.131958 -5.482869 0.400000
v -4.131958 -5.482869 -0.400000
v -4.208742 -5.474037 0.400000
v -4.208742 -5.474037 -0.400000
v -4.282220 -5.465343 0.400000
v -4.282220 -5.465343 -0.400000
v -4.351511 -5.456880 0.400000
v -4.351511 -5.456880 -0.400000
v -4.415732 -5.448735 0.400000
v -4.415732 -5.448735 -0.400000
v -4.474001 -5.441000 0.400000
v -4.474001 -5.441000 -0.400000
v -4.453808 -5.401575 0.400000
v -4.453808 -5.401575 -0.400000
v -4.433289 -5.362435 0.400000
v -4.433289 -5.362435 -0.400000
v -4.412533 -5.323781 0.400000
v -4.412533 -5.323781 -0.400000
v -4.391631 -5.285815 0.400000
v -4.391631 -5.285815 -0.400000
v -4.370674 -5.248737 0.400000
v -4.370674 -5.248737 -0.400000
v -4.349751 -5.212750 0.400000
v -4.349751 -5.212750 -0.400000
v -4.328954 -5.178054 0.400000
v -4.328954 -5.178054 -0.400000
v -4.308372 -5.144852 0.400000
v -4.308372 -5.144852 -0.400000
v -4.288095 -5.113344 0.400000
v -4.288095 -5.113344 -0.400000
v -4.268215 -5.083732 0.400000
v -4.268215 -5.083732 -0.400000
v -4.248820 -5.056216 0.400000
v -4.248820 -5.056216 -0.400000
v -4.230001 -5.031000 0.400000
v -4.230001 -5.031000 -0.400000
v -4.380001 -4.963000 0.400000
v -4.380001 -4.963000 -0.400000
v -4.416963 -5.018356 0.400000
v -4.416963 -5.018356 -0.400000
v -4.456362 -5.080519 0.400000
v -4.456362 -5.080519 -0.400000
v -4.497469 -5.148125 0.400000
v -4.497469 -5.148125 -0.400000
v -4.539556 -5.219815 0.400000
v -4.539556 -5.219815 -0.400000
v -4.581893 -5.294227 0.400000
v -4.581893 -5.294227 -0.400000
v -4.623751 -5.370000 0.400000
v -4.623751 -5.370000 -0.400000
v -4.664400 -5.445773 0.400000
v -4.664400 -5.445773 -0.400000
v -4.703112 -5.520185 0.400000
v -4.703112 -5.520185 -0.400000
v -4.739157 -5.591875 0.400000
v -4.739157 -5.591875 -0.400000
v -4.771807 -5.659482 0.400000
v -4.771807 -5.659482 -0.400000
v -4.800331 -5.721643 0.400000
v -4.800331 -5.721643 -0.400000
v -4.824001 -5.777000 0.400000
v -4.824001 -5.777000 -0.400000
v -4.656001 -5.853000 0.400000
v -4.656001 -5.853000 -0.400000
v -4.649254 -5.834591 0.400000
v -4.649254 -5.834591 -0.400000
v -4.642020 -5.815398 0.400000
v -4.642020 -5.815398 -0.400000
v -4.634314 -5.795468 0.400000
v -4.634314 -5.795468 -0.400000
v -4.626150 -5.774852 0.400000
v -4.626150 -5.774852 -0.400000
v -4.617541 -5.753596 0.400000
v -4.617541 -5.753596 -0.400000
v -4.608501 -5.731750 0.400000
v -4.608501 -5.731750 -0.400000
v -4.599045 -5.709362 0.400000
v -4.599045 -5.709362 -0.400000
v -4.589187 -5.686481 0.400000
v -4.589187 -5.686481 -0.400000
v -4.578939 -5.663156 0.400000
v -4.578939 -5.663156 -0.400000
v -4.568316 -5.639435 0.400000
v -4.568316 -5.639435 -0.400000
v -4.557333 -5.615367 0.400000
v -4.557333 -5.615367 -0.400000
v -4.546001 -5.591000 0.400000
v -4.546001 -5.591000 -0.400000
v -4.461902 -5.601660 0.400000
v -4.461902 -5.601660 -0.400000
v -4.365372 -5.613444 0.400000
v -4.365372 -5.613444 -0.400000
v -4.259064 -5.626062 0.400000
v -4.259064 -5.626062 -0.400000
v -4.145631 -5.639222 0.400000
v -4.145631 -5.639222 -0.400000
v -4.027726 -5.652632 0.400000
v -4.027726 -5.652632 -0.400000
v -3.908001 -5.666000 0.400000
v -3.908001 -5.666000 -0.400000
v -3.789110 -5.679035 0.400000
v -3.789110 -5.679035 -0.400000
v -3.673705 -5.691444 0.400000
v -3.673705 -5.691444 -0.400000
v -3.564439 -5.702937 0.400000
v -3.564439 -5.702937 -0.400000
v -3.463964 -5.713222 0.400000
v -3.463964 -5.713222 -0.400000
v -3.374934 -5.722007 0.400000
v -3.374934 -5.722007 -0.400000
v -3.300001 -5.729000 0.400000
v -3.300001 -5.729000 -0.400000
v -3.287339 -5.730120 0.400000
v -3.287339 -5.730120 -0.400000
v -3.274372 -5.731462 0.400000
v -3.274372 -5.731462 -0.400000
v -3.261126 -5.733000 0.400000
v -3.261126 -5.733000 -0.400000
v -3.247631 -5.734704 0.400000
v -3.247631 -5.734704 -0.400000
v -3.233913 -5.736546 0.400000
v -3.233913 -5.736546 -0.400000
v -3.220001 -5.738500 0.400000
v -3.220001 -5.738500 -0.400000
v -3.205923 -5.740537 0.400000
v -3.205923 -5.740537 -0.400000
v -3.191705 -5.742630 0.400000
v -3.191705 -5.742630 -0.400000
v -3.177376 -5.744750 0.400000
v -3.177376 -5.744750 -0.400000
v -3.162964 -5.746870 0.400000
v -3.162964 -5.746870 -0.400000
v -3.148497 -5.748963 0.400000
v -3.148497 -5.748963 -0.400000
v -3.134001 -5.751000 0.400000
v -3.134001 -5.751000 -0.400000
v -3.104001 -5.565000 0.400000
v -3.104001 -5.565000 -0.400000
v -3.119157 -5.565419 0.400000
v -3.119157 -5.565419 -0.400000
v -3.134584 -5.565685 0.400000
v -3.134584 -5.565685 -0.400000
v -3.150220 -5.565813 0.400000
v -3.150220 -5.565813 -0.400000
v -3.166001 -5.565815 0.400000
v -3.166001 -5.565815 -0.400000
v -3.181866 -5.565706 0.400000
v -3.181866 -5.565706 -0.400000
v -3.197751 -5.565500 0.400000
v -3.197751 -5.565500 -0.400000
v -3.213595 -5.565210 0.400000
v -3.213595 -5.565210 -0.400000
v -3.229335 -5.564852 0.400000
v -3.229335 -5.564852 -0.400000
v -3.244908 -5.564437 0.400000
v -3.244908 -5.564437 -0.400000
v -3.260251 -5.563982 0.400000
v -3.260251 -5.563982 -0.400000
v -3.275303 -5.563498 0.400000
v -3.275303 -5.563498 -0.400000
v -3.290001 -5.563000 0.400000
v -3.290001 -5.563000 -0.400000
v -3.390001 -5.557000 0.400000
v -3.390001 -5.557000 -0.400000
v -6.487818 -4.579224 0.400000
v -6.487818 -4.579224 -0.400000
v -6.467363 -4.625629 0.400000
v -6.467363 -4.625629 -0.400000
v -6.444783 -4.673812 0.400000
v -6.444783 -4.673812 -0.400000
v -6.420224 -4.723370 0.400000
v -6.420224 -4.723370 -0.400000
v -6.393832 -4.773900 0.400000
v -6.393832 -4.773900 -0.400000
v -6.365752 -4.825000 0.400000
v -6.365752 -4.825000 -0.400000
v -6.336130 -4.876266 0.400000
v -6.336130 -4.876266 -0.400000
v -6.305113 -4.927296 0.400000
v -6.305113 -4.927296 -0.400000
v -6.272845 -4.977687 0.400000
v -6.272845 -4.977687 -0.400000
v -6.239474 -5.027037 0.400000
v -6.239474 -5.027037 -0.400000
v -6.205144 -5.074942 0.400000
v -6.205144 -5.074942 -0.400000
v -6.170002 -5.121000 0.400000
v -6.170002 -5.121000 -0.400000
v -6.223124 -5.167562 0.400000
v -6.223124 -5.167562 -0.400000
v -6.277149 -5.216824 0.400000
v -6.277149 -5.216824 -0.400000
v -6.331563 -5.268156 0.400000
v -6.331563 -5.268156 -0.400000
v -6.385853 -5.320926 0.400000
v -6.385853 -5.320926 -0.400000
v -6.439503 -5.374501 0.400001
v -6.439503 -5.374501 -0.399999
v -6.492001 -5.428250 0.400001
v -6.492001 -5.428250 -0.399999
v -6.542832 -5.481541 0.400001
v -6.542832 -5.481541 -0.399999
v -6.591483 -5.533741 0.400001
v -6.591483 -5.533741 -0.399999
v -6.637439 -5.584219 0.400001
v -6.637439 -5.584219 -0.399999
v -6.680187 -5.632342 0.400001
v -6.680187 -5.632342 -0.399999
v -6.719212 -5.677480 0.400001
v -6.719212 -5.677480 -0.399999
v -6.754002 -5.719000 0.400001
v -6.754002 -5.719000 -0.399999
v -6.614001 -5.839000 0.400001
v -6.614001 -5.839000 -0.399999
v -6.578927 -5.793396 0.400001
v -6.578927 -5.793396 -0.399999
v -6.540900 -5.745833 0.400001
v -6.540900 -5.745833 -0.399999
v -6.500220 -5.696688 0.400001
v -6.500220 -5.696688 -0.399999
v -6.457187 -5.646334 0.400001
v -6.457187 -5.646334 -0.399999
v -6.412097 -5.595146 0.400001
v -6.412097 -5.595146 -0.399999
v -6.365252 -5.543500 0.400001
v -6.365252 -5.543500 -0.399999
v -6.316947 -5.491771 0.400000
v -6.316947 -5.491771 -0.400000
v -6.267483 -5.440333 0.400000
v -6.267483 -5.440333 -0.400000
v -6.217157 -5.389563 0.400000
v -6.217157 -5.389563 -0.400000
v -6.166270 -5.339833 0.400000
v -6.166270 -5.339833 -0.400000
v -6.115118 -5.291521 0.400000
v -6.115118 -5.291521 -0.400000
v -6.064001 -5.245000 0.400000
v -6.064001 -5.245000 -0.400000
v -6.009352 -5.302248 0.400000
v -6.009352 -5.302248 -0.400000
v -5.952474 -5.358815 0.400000
v -5.952474 -5.358815 -0.400000
v -5.893470 -5.414437 0.400000
v -5.893470 -5.414437 -0.400000
v -5.832446 -5.468852 0.400000
v -5.832446 -5.468852 -0.400000
v -5.769505 -5.521794 0.400000
v -5.769505 -5.521794 -0.400000
v -5.704751 -5.573000 0.400000
v -5.704751 -5.573000 -0.400000
v -5.638290 -5.622206 0.400000
v -5.638290 -5.622206 -0.400000
v -5.570224 -5.669148 0.400000
v -5.570224 -5.669148 -0.400000
v -5.500658 -5.713562 0.400000
v -5.500658 -5.713562 -0.400000
v -5.429696 -5.755185 0.400000
v -5.429696 -5.755185 -0.400000
v -5.357442 -5.793752 0.400000
v -5.357442 -5.793752 -0.400000
v -5.284001 -5.829000 0.400000
v -5.284001 -5.829000 -0.400000
v -5.156001 -5.695000 0.400000
v -5.156001 -5.695000 -0.400000
v -5.235923 -5.661236 0.400000
v -5.235923 -5.661236 -0.400000
v -5.314538 -5.623222 0.400000
v -5.314538 -5.623222 -0.400000
v -5.391626 -5.581375 0.400000
v -5.391626 -5.581375 -0.400000
v -5.466964 -5.536111 0.400000
v -5.466964 -5.536111 -0.400000
v -5.540330 -5.487847 0.400000
v -5.540330 -5.487847 -0.400000
v -5.611501 -5.437000 0.400000
v -5.611501 -5.437000 -0.400000
v -5.680256 -5.383986 0.400000
v -5.680256 -5.383986 -0.400000
v -5.746372 -5.329222 0.400000
v -5.746372 -5.329222 -0.400000
v -5.809627 -5.273125 0.400000
v -5.809627 -5.273125 -0.400000
v -5.869798 -5.216111 0.400000
v -5.869798 -5.216111 -0.400000
v -5.926663 -5.158597 0.400000
v -5.926663 -5.158597 -0.400000
v -5.980001 -5.101000 0.400000
v -5.980001 -5.101000 -0.400000
v -6.014148 -5.060880 0.400000
v -6.014148 -5.060880 -0.400000
v -6.048344 -5.017870 0.400000
v -6.048344 -5.017870 -0.400000
v -6.082220 -4.972500 0.400000
v -6.082220 -4.972500 -0.400000
v -6.115408 -4.925296 0.400000
v -6.115408 -4.925296 -0.400000
v -6.147542 -4.876787 0.400000
v -6.147542 -4.876787 -0.400000
v -6.178251 -4.827500 0.400000
v -6.178251 -4.827500 -0.400000
v -6.207169 -4.777963 0.400000
v -6.207169 -4.777963 -0.400000
v -6.233927 -4.728703 0.400000
v -6.233927 -4.728703 -0.400000
v -6.258157 -4.680250 0.400000
v -6.258157 -4.680250 -0.400000
v -6.279492 -4.633130 0.400000
v -6.279492 -4.633130 -0.400000
v -6.297563 -4.587871 0.400000
v -6.297563 -4.587871 -0.400000
v -6.312001 -4.545000 0.400000
v -6.312001 -4.545000 -0.400000
v -6.282866 -4.545000 0.400000
v -6.282866 -4.545000 -0.400000
v -6.234084 -4.545000 0.400000
v -6.234084 -4.545000 -0.400000
v -6.169595 -4.545000 0.400000
v -6.169595 -4.545000 -0.400000
v -6.093334 -4.545000 0.400000
v -6.093334 -4.545000 -0.400000
v -6.009241 -4.545000 0.400000
v -6.009241 -4.545000 -0.400000
v -5.921251 -4.545000 0.400000
v -5.921251 -4.545000 -0.400000
v -5.833303 -4.545000 0.400000
v -5.833303 -4.545000 -0.400000
v -5.749335 -4.545000 0.400000
v -5.749335 -4.545000 -0.400000
v -5.673283 -4.545000 0.400000
v -5.673283 -4.545000 -0.400000
v -5.609085 -4.545000 0.400000
v -5.609085 -4.545000 -0.400000
v -5.560678 -4.545000 0.400000
v -5.560678 -4.545000 -0.400000
v -5.532001 -4.545000 0.400000
v -5.532001 -4.545000 -0.400000
v -5.513743 -4.545158 0.400000
v -5.513743 -4.545158 -0.400000
v -5.494261 -4.545602 0.400000
v -5.494261 -4.545602 -0.400000
v -5.474002 -4.546281 0.400000
v -5.474002 -4.546281 -0.400000
v -5.453409 -4.547148 0.400000
v -5.453409 -4.547148 -0.400000
v -5.432928 -4.548154 0.400000
v -5.432928 -4.548154 -0.400000
v -5.413002 -4.549250 0.400000
v -5.413002 -4.549250 -0.400000
v -5.394075 -4.550387 0.400000
v -5.394075 -4.550387 -0.400000
v -5.376594 -4.551518 0.400000
v -5.376594 -4.551518 -0.400000
v -5.361001 -4.552594 0.400000
v -5.361001 -4.552594 -0.400000
v -5.347742 -4.553565 0.400000
v -5.347742 -4.553565 -0.400000
v -5.337261 -4.554383 0.400000
v -5.337261 -4.554383 -0.400000
v -5.330001 -4.555000 0.400000
v -5.330001 -4.555000 -0.400000
v -5.330001 -4.373000 0.400000
v -5.330001 -4.373000 -0.400000
v -5.338711 -4.374076 0.400000
v -5.338711 -4.374076 -0.400000
v -5.350519 -4.375278 0.400000
v -5.350519 -4.375278 -0.400000
v -5.364938 -4.376562 0.400000
v -5.364938 -4.376562 -0.400000
v -5.381482 -4.377889 0.400000
v -5.381482 -4.377889 -0.400000
v -5.399665 -4.379215 0.400000
v -5.399665 -4.379215 -0.400000
v -5.419001 -4.380500 0.400000
v -5.419001 -4.380500 -0.400000
v -5.439003 -4.381701 0.400000
v -5.439003 -4.381701 -0.400000
v -5.459186 -4.382777 0.400000
v -5.459186 -4.382777 -0.400000
v -5.479064 -4.383687 0.400000
v -5.479064 -4.383687 -0.400000
v -5.498149 -4.384389 0.400000
v -5.498149 -4.384389 -0.400000
v -5.515957 -4.384840 0.400000
v -5.515957 -4.384840 -0.400000
v -5.532001 -4.385000 0.400000
v -5.532001 -4.385000 -0.400000
v -5.562583 -4.385000 0.400000
v -5.562583 -4.385000 -0.400000
v -5.611825 -4.385000 0.400000
v -5.611825 -4.385000 -0.400000
v -5.675970 -4.385000 0.400000
v -5.675970 -4.385000 -0.400000
v -5.751261 -4.385000 0.400000
v -5.751261 -4.385000 -0.400000
v -5.833940 -4.385000 0.400000
v -5.833940 -4.385000 -0.400000
v -5.920251 -4.385000 0.400000
v -5.920251 -4.385000 -0.400000
v -6.006438 -4.385000 0.400000
v -6.006438 -4.385000 -0.400000
v -6.088742 -4.385000 0.400000
v -6.088742 -4.385000 -0.400000
v -6.163408 -4.385000 0.400000
v -6.163408 -4.385000 -0.400000
v -6.226677 -4.385000 0.400000
v -6.226677 -4.385000 -0.400000
v -6.274794 -4.385000 0.400000
v -6.274794 -4.385000 -0.400000
v -6.304001 -4.385000 0.400000
v -6.304001 -4.385000 -0.400000
v -6.320206 -4.384875 0.400000
v -6.320206 -4.384875 -0.400000
v -6.335806 -4.384509 0.400000
v -6.335806 -4.384509 -0.400000
v -6.350782 -4.383905 0.400000
v -6.350782 -4.383905 -0.400000
v -6.365112 -4.383074 0.400000
v -6.365112 -4.383074 -0.400000
v -6.378775 -4.382019 0.400000
v -6.378775 -4.382019 -0.400000
v -6.391751 -4.380750 0.400000
v -6.391751 -4.380750 -0.400000
v -6.404018 -4.379272 0.400000
v -6.404018 -4.379272 -0.400000
v -6.415556 -4.377592 0.400000
v -6.415556 -4.377592 -0.400000
v -6.426345 -4.375719 0.400000
v -6.426345 -4.375719 -0.400000
v -6.436362 -4.373657 0.400000
v -6.436362 -4.373657 -0.400000
v -6.445588 -4.371415 0.400000
v -6.445588 -4.371415 -0.400000
v -6.454001 -4.369000 0.400000
v -6.454001 -4.369000 -0.400000
v -6.556001 -4.447000 0.400000
v -6.556001 -4.447000 -0.400000
v -6.552726 -4.451558 0.400000
v -6.552726 -4.451558 -0.400000
v -6.548965 -4.457130 0.400000
v -6.548965 -4.457130 -0.400000
v -6.544814 -4.463563 0.400000
v -6.544814 -4.463563 -0.400000
v -6.540372 -4.470704 0.400000
v -6.540372 -4.470704 -0.400000
v -6.535735 -4.478401 0.400000
v -6.535735 -4.478401 -0.400000
v -6.531002 -4.486500 0.400000
v -6.531002 -4.486500 -0.400000
v -6.526268 -4.494850 0.400000
v -6.526268 -4.494850 -0.400000
v -6.521631 -4.503296 0.400000
v -6.521631 -4.503296 -0.400000
v -6.517189 -4.511687 0.400000
v -6.517189 -4.511687 -0.400000
v -6.513039 -4.519870 0.400000
v -6.513039 -4.519870 -0.400000
v -6.509277 -4.527692 0.400000
v -6.509277 -4.527692 -0.400000
v -6.506001 -4.535000 0.400000
v -6.506001 -4.535000 -0.400000
v -7.896001 -4.443000 0.400001
v -7.896001 -4.443000 -0.399999
v -8.438002 -4.443000 0.400001
v -8.438002 -4.443000 -0.399999
v -8.451294 -4.442874 0.400001
v -8.451294 -4.442874 -0.399999
v -8.464169 -4.442491 0.400001
v -8.464169 -4.442491 -0.399999
v -8.476626 -4.441844 0.400001
v -8.476626 -4.441844 -0.399999
v -8.488668 -4.440926 0.400001
v -8.488668 -4.440926 -0.399999
v -8.500294 -4.439730 0.400001
v -8.500294 -4.439730 -0.399999
v -8.511502 -4.438250 0.400001
v -8.511502 -4.438250 -0.399999
v -8.522294 -4.436478 0.400001
v -8.522294 -4.436478 -0.399999
v -8.532669 -4.434407 0.400001
v -8.532669 -4.434407 -0.399999
v -8.542627 -4.432031 0.400001
v -8.542627 -4.432031 -0.399999
v -8.552169 -4.429342 0.400001
v -8.552169 -4.429342 -0.399999
v -8.561294 -4.426334 0.400001
v -8.561294 -4.426334 -0.399999
v -8.570002 -4.423000 0.400001
v -8.570002 -4.423000 -0.399999
v -8.702002 -4.503000 0.400001
v -8.702002 -4.503000 -0.399999
v -8.697504 -4.510396 0.400001
v -8.697504 -4.510396 -0.399999
v -8.693028 -4.518500 0.400001
v -8.693028 -4.518500 -0.399999
v -8.688595 -4.527187 0.400001
v -8.688595 -4.527187 -0.399999
v -8.684223 -4.536333 0.400001
v -8.684223 -4.536333 -0.399999
v -8.679935 -4.545813 0.400001
v -8.679935 -4.545813 -0.399999
v -8.675751 -4.555500 0.400001
v -8.675751 -4.555500 -0.399999
v -8.671692 -4.565271 0.400001
v -8.671692 -4.565271 -0.399999
v -8.667779 -4.575000 0.400001
v -8.667779 -4.575000 -0.399999
v -8.664032 -4.584562 0.400001
v -8.664032 -4.584562 -0.399999
v -8.660473 -4.593833 0.400001
v -8.660473 -4.593833 -0.399999
v -8.657123 -4.602688 0.400001
v -8.657123 -4.602688 -0.399999
v -8.654001 -4.611000 0.400001
v -8.654001 -4.611000 -0.399999
v -8.639842 -4.657996 0.400001
v -8.639842 -4.657996 -0.399999
v -8.623390 -4.706797 0.400001
v -8.623390 -4.706797 -0.399999
v -8.604689 -4.757125 0.400001
v -8.604689 -4.757125 -0.399999
v -8.583779 -4.808704 0.400001
v -8.583779 -4.808704 -0.399999
v -8.560703 -4.861255 0.400001
v -8.560703 -4.861255 -0.399999
v -8.535501 -4.914500 0.400001
v -8.535501 -4.914500 -0.399999
v -8.508217 -4.968162 0.400001
v -8.508217 -4.968162 -0.399999
v -8.478890 -5.021963 0.400001
v -8.478890 -5.021963 -0.399999
v -8.447564 -5.075625 0.400001
v -8.447564 -5.075625 -0.399999
v -8.414279 -5.128870 0.400001
v -8.414279 -5.128870 -0.399999
v -8.379078 -5.181421 0.400001
v -8.379078 -5.181421 -0.399999
v -8.342001 -5.233000 0.400001
v -8.342001 -5.233000 -0.399999
v -8.362911 -5.248494 0.400001
v -8.362911 -5.248494 -0.399999
v -8.383613 -5.263954 0.400001
v -8.383613 -5.263954 -0.399999
v -8.404064 -5.279344 0.400001
v -8.404064 -5.279344 -0.399999
v -8.424224 -5.294630 0.400001
v -8.424224 -5.294630 -0.399999
v -8.444051 -5.309776 0.400001
v -8.444051 -5.309776 -0.399999
v -8.463502 -5.324750 0.400001
v -8.463502 -5.324750 -0.399999
v -8.482536 -5.339515 0.400001
v -8.482536 -5.339515 -0.399999
v -8.501113 -5.354037 0.400001
v -8.501113 -5.354037 -0.399999
v -8.519189 -5.368281 0.400001
v -8.519189 -5.368281 -0.399999
v -8.536724 -5.382213 0.400001
v -8.536724 -5.382213 -0.399999
v -8.553676 -5.395797 0.400001
v -8.553676 -5.395797 -0.399999
v -8.570002 -5.409000 0.400001
v -8.570002 -5.409000 -0.399999
v -8.452002 -5.547000 0.400001
v -8.452002 -5.547000 -0.399999
v -8.436674 -5.533336 0.400001
v -8.436674 -5.533336 -0.399999
v -8.420714 -5.519352 0.400001
v -8.420714 -5.519352 -0.399999
v -8.404158 -5.505063 0.400001
v -8.404158 -5.505063 -0.399999
v -8.387038 -5.490481 0.400001
v -8.387038 -5.490481 -0.399999
v -8.369391 -5.475623 0.400001
v -8.369391 -5.475623 -0.399999
v -8.351252 -5.460500 0.400001
v -8.351252 -5.460500 -0.399999
v -8.332653 -5.445127 0.400001
v -8.332653 -5.445127 -0.399999
v -8.313631 -5.429519 0.400001
v -8.313631 -5.429519 -0.399999
v -8.294220 -5.413688 0.400001
v -8.294220 -5.413688 -0.399999
v -8.274455 -5.397648 0.400001
v -8.274455 -5.397648 -0.399999
v -8.254371 -5.381414 0.400001
v -8.254371 -5.381414 -0.399999
v -8.234001 -5.365000 0.400001
v -8.234001 -5.365000 -0.399999
v -8.188070 -5.414183 0.400001
v -8.188070 -5.414183 -0.399999
v -8.139223 -5.462629 0.400001
v -8.139223 -5.462629 -0.399999
v -8.087376 -5.510187 0.400001
v -8.087376 -5.510187 -0.399999
v -8.032445 -5.556704 0.400001
v -8.032445 -5.556704 -0.399999
v -7.974348 -5.602026 0.400001
v -7.974348 -5.602026 -0.399999
v -7.913001 -5.646000 0.400001
v -7.913001 -5.646000 -0.399999
v -7.848320 -5.688475 0.400001
v -7.848320 -5.688475 -0.399999
v -7.780223 -5.729296 0.400001
v -7.780223 -5.729296 -0.399999
v -7.708626 -5.768312 0.400001
v -7.708626 -5.768312 -0.399999
v -7.633446 -5.805370 0.400001
v -7.633446 -5.805370 -0.399999
v -7.554598 -5.840317 0.400001
v -7.554598 -5.840317 -0.399999
v -7.472001 -5.873000 0.400001
v -7.472001 -5.873000 -0.399999
v -7.328001 -5.749000 0.400001
v -7.328001 -5.749000 -0.399999
v -7.410797 -5.721374 0.400001
v -7.410797 -5.721374 -0.399999
v -7.490196 -5.690658 0.400001
v -7.490196 -5.690658 -0.399999
v -7.566220 -5.657094 0.400001
v -7.566220 -5.657094 -0.399999
v -7.638890 -5.620926 0.400001
v -7.638890 -5.620926 -0.399999
v -7.708227 -5.582397 0.400001
v -7.708227 -5.582397 -0.399999
v -7.774251 -5.541750 0.400001
v -7.774251 -5.541750 -0.399999
v -7.836984 -5.499228 0.400001
v -7.836984 -5.499228 -0.399999
v -7.896445 -5.455074 0.400001
v -7.896445 -5.455074 -0.399999
v -7.952657 -5.409531 0.400001
v -7.952657 -5.409531 -0.399999
v -8.005640 -5.362843 0.400001
v -8.005640 -5.362843 -0.399999
v -8.055414 -5.315251 0.400001
v -8.055414 -5.315251 -0.399999
v -8.102001 -5.267000 0.400001
v -8.102001 -5.267000 -0.399999
v -8.065853 -5.241014 0.400001
v -8.065853 -5.241014 -0.399999
v -8.029483 -5.215111 0.400001
v -8.029483 -5.215111 -0.399999
v -7.993001 -5.189375 0.400001
v -7.993001 -5.189375 -0.399999
v -7.956520 -5.163889 0.400001
v -7.956520 -5.163889 -0.399999
v -7.920149 -5.138736 0.400001
v -7.920149 -5.138736 -0.399999
v -7.884001 -5.114000 0.400001
v -7.884001 -5.114000 -0.399999
v -7.848186 -5.089764 0.400001
v -7.848186 -5.089764 -0.399999
v -7.812816 -5.066111 0.400001
v -7.812816 -5.066111 -0.399999
v -7.778001 -5.043125 0.400001
v -7.778001 -5.043125 -0.399999
v -7.743853 -5.020889 0.400001
v -7.743853 -5.020889 -0.399999
v -7.710483 -4.999486 0.400001
v -7.710483 -4.999486 -0.399999
v -7.678001 -4.979000 0.400001
v -7.678001 -4.979000 -0.399999
v -7.786001 -4.869000 0.400001
v -7.786001 -4.869000 -0.399999
v -7.819360 -4.888406 0.400001
v -7.819360 -4.888406 -0.399999
v -7.853371 -4.908583 0.400001
v -7.853371 -4.908583 -0.399999
v -7.887938 -4.929469 0.400001
v -7.887938 -4.929469 -0.399999
v -7.922964 -4.951000 0.400001
v -7.922964 -4.951000 -0.399999
v -7.958351 -4.973114 0.400001
v -7.958351 -4.973114 -0.399999
v -7.994001 -4.995750 0.400001
v -7.994001 -4.995750 -0.399999
v -8.029819 -5.018844 0.400001
v -8.029819 -5.018844 -0.399999
v -8.065705 -5.042333 0.400001
v -8.065705 -5.042333 -0.399999
v -8.101564 -5.066156 0.400001
v -8.101564 -5.066156 -0.399999
v -8.137299 -5.090250 0.400001
v -8.137299 -5.090250 -0.399999
v -8.172810 -5.114552 0.400001
v -8.172810 -5.114552 -0.399999
v -8.208001 -5.139000 0.400001
v -8.208001 -5.139000 -0.399999
v -8.239898 -5.094679 0.400001
v -8.239898 -5.094679 -0.399999
v -8.270510 -5.048935 0.400001
v -8.270510 -5.048935 -0.399999
v -8.299719 -5.002094 0.400001
v -8.299719 -5.002094 -0.399999
v -8.327408 -4.954482 0.400001
v -8.327408 -4.954482 -0.399999
v -8.353457 -4.906425 0.400001
v -8.353457 -4.906425 -0.399999
v -8.377750 -4.858250 0.400001
v -8.377750 -4.858250 -0.399999
v -8.400168 -4.810284 0.400001
v -8.400168 -4.810284 -0.399999
v -8.420593 -4.762852 0.400001
v -8.420593 -4.762852 -0.399999
v -8.438907 -4.716281 0.400001
v -8.438907 -4.716281 -0.399999
v -8.454991 -4.670898 0.400001
v -8.454991 -4.670898 -0.399999
v -8.468729 -4.627029 0.400001
v -8.468729 -4.627029 -0.399999
v -8.480001 -4.585000 0.400001
v -8.480001 -4.585000 -0.399999
v -7.804001 -4.585000 0.400001
v -7.804001 -4.585000 -0.399999
v -7.770962 -4.630300 0.400001
v -7.770962 -4.630300 -0.399999
v -7.735853 -4.676065 0.400001
v -7.735853 -4.676065 -0.399999
v -7.698689 -4.722094 0.400001
v -7.698689 -4.722094 -0.399999
v -7.659483 -4.768185 0.400001
v -7.659483 -4.768185 -0.399999
v -7.618249 -4.814137 0.400001
v -7.618249 -4.814137 -0.399999
v -7.575001 -4.859750 0.400001
v -7.575001 -4.859750 -0.399999
v -7.529754 -4.904820 0.400001
v -7.529754 -4.904820 -0.399999
v -7.482520 -4.949148 0.400001
v -7.482520 -4.949148 -0.399999
v -7.433313 -4.992531 0.400001
v -7.433313 -4.992531 -0.399999
v -7.382149 -5.034769 0.400001
v -7.382149 -5.034769 -0.399999
v -7.329041 -5.075659 0.400001
v -7.329041 -5.075659 -0.399999
v -7.274001 -5.115000 0.400001
v -7.274001 -5.115000 -0.399999
v -7.140001 -5.011000 0.400001
v -7.140001 -5.011000 -0.399999
v -7.223102 -4.955827 0.400001
v -7.223102 -4.955827 -0.399999
v -7.300473 -4.897778 0.400001
v -7.300473 -4.897778 -0.399999
v -7.372220 -4.837563 0.400001
v -7.372220 -4.837563 -0.399999
v -7.438445 -4.775889 0.400001
v -7.438445 -4.775889 -0.399999
v -7.499254 -4.713465 0.400001
v -7.499254 -4.713465 -0.399999
v -7.554751 -4.651000 0.400001
v -7.554751 -4.651000 -0.399999
v -7.605039 -4.589201 0.400001
v -7.605039 -4.589201 -0.399999
v -7.650223 -4.528778 0.400001
v -7.650223 -4.528778 -0.399999
v -7.690407 -4.470438 0.400001
v -7.690407 -4.470438 -0.399999
v -7.725696 -4.414889 0.400001
v -7.725696 -4.414889 -0.399999
v -7.756192 -4.362840 0.400001
v -7.756192 -4.362840 -0.399999
v -7.782001 -4.315000 0.400001
v -7.782001 -4.315000 -0.399999
v -7.787233 -4.305322 0.400001
v -7.787233 -4.305322 -0.399999
v -7.792853 -4.294408 0.400001
v -7.792853 -4.294408 -0.399999
v -7.798751 -4.282437 0.400001
v -7.798751 -4.282437 -0.399999
v -7.804816 -4.269592 0.400001
v -7.804816 -4.269592 -0.399999
v -7.810936 -4.256053 0.400001
v -7.810936 -4.256053 -0.399999
v -7.817001 -4.242000 0.400001
v -7.817001 -4.242000 -0.399999
v -7.822899 -4.227613 0.400001
v -7.822899 -4.227613 -0.399999
v -7.828520 -4.213074 0.400001
v -7.828520 -4.213074 -0.399999
v -7.833751 -4.198563 0.400001
v -7.833751 -4.198563 -0.399999
v -7.838483 -4.184259 0.400001
v -7.838483 -4.184259 -0.399999
v -7.842603 -4.170345 0.400001
v -7.842603 -4.170345 -0.399999
v -7.846001 -4.157000 0.400001
v -7.846001 -4.157000 -0.399999
v -8.028002 -4.215000 0.400001
v -8.028002 -4.215000 -0.399999
v -8.019471 -4.228305 0.400001
v -8.019471 -4.228305 -0.399999
v -8.010919 -4.242111 0.400001
v -8.010919 -4.242111 -0.399999
v -8.002408 -4.256249 0.400001
v -8.002408 -4.256249 -0.399999
v -7.994001 -4.270555 0.400001
v -7.994001 -4.270555 -0.399999
v -7.985762 -4.284861 0.400001
v -7.985762 -4.284861 -0.399999
v -7.977751 -4.299000 0.400001
v -7.977751 -4.299000 -0.399999
v -7.970033 -4.312805 0.400001
v -7.970033 -4.312805 -0.399999
v -7.962668 -4.326111 0.400001
v -7.962668 -4.326111 -0.399999
v -7.955720 -4.338750 0.400001
v -7.955720 -4.338750 -0.399999
v -7.949251 -4.350555 0.400001
v -7.949251 -4.350555 -0.399999
v -7.943324 -4.361361 0.400001
v -7.943324 -4.361361 -0.399999
v -7.938001 -4.371000 0.400001
v -7.938001 -4.371000 -0.399999
v -9.487829 -4.929000 0.400001
v -9.487829 -4.929000 -0.399999
v -9.560297 -4.929000 0.400001
v -9.560297 -4.929000 -0.399999
v -9.650876 -4.929000 0.400001
v -9.650876 -4.929000 -0.399999
v -9.755038 -4.929000 0.400001
v -9.755038 -4.929000 -0.399999
v -9.868256 -4.929000 0.400001
v -9.868256 -4.929000 -0.399999
v -9.986001 -4.929000 0.400001
v -9.986001 -4.929000 -0.399999
v -10.103746 -4.929000 0.400001
v -10.103746 -4.929000 -0.399999
v -10.216964 -4.929000 0.400001
v -10.216964 -4.929000 -0.399999
v -10.321126 -4.929000 0.400001
v -10.321126 -4.929000 -0.399999
v -10.411705 -4.929000 0.400001
v -10.411705 -4.929000 -0.399999
v -10.484173 -4.929000 0.400001
v -10.484173 -4.929000 -0.399999
v -10.534001 -4.929000 0.400001
v -10.534001 -4.929000 -0.399999
v -10.558418 -4.928880 0.400001
v -10.558418 -4.928880 -0.399999
v -10.581668 -4.928537 0.400001
v -10.581668 -4.928537 -0.399999
v -10.603751 -4.928000 0.400001
v -10.603751 -4.928000 -0.399999
v -10.624668 -4.927297 0.400001
v -10.624668 -4.927297 -0.399999
v -10.644418 -4.926454 0.400001
v -10.644418 -4.926454 -0.399999
v -10.663001 -4.925500 0.400001
v -10.663001 -4.925500 -0.399999
v -10.680418 -4.924463 0.400001
v -10.680418 -4.924463 -0.399999
v -10.696668 -4.923370 0.400001
v -10.696668 -4.923370 -0.399999
v -10.711751 -4.922250 0.400001
v -10.711751 -4.922250 -0.399999
v -10.725668 -4.921130 0.400001
v -10.725668 -4.921130 -0.399999
v -10.738418 -4.920037 0.400001
v -10.738418 -4.920037 -0.399999
v -10.750001 -4.919000 0.400001
v -10.750001 -4.919000 -0.399999
v -10.750001 -5.115000 0.400001
v -10.750001 -5.115000 -0.399999
v -10.739106 -5.114383 0.400001
v -10.739106 -5.114383 -0.399999
v -10.726510 -5.113565 0.400001
v -10.726510 -5.113565 -0.399999
v -10.712344 -5.112594 0.400001
v -10.712344 -5.112594 -0.399999
v -10.696741 -5.111518 0.400001
v -10.696741 -5.111518 -0.399999
v -10.679832 -5.110388 0.400001
v -10.679832 -5.110388 -0.399999
v -10.661751 -5.109250 0.400001
v -10.661751 -5.109250 -0.399999
v -10.642627 -5.108154 0.400001
v -10.642627 -5.108154 -0.399999
v -10.622593 -5.107148 0.400001
v -10.622593 -5.107148 -0.399999
v -10.601782 -5.106281 0.400001
v -10.601782 -5.106281 -0.399999
v -10.580325 -5.105602 0.400001
v -10.580325 -5.105602 -0.399999
v -10.558354 -5.105159 0.400001
v -10.558354 -5.105159 -0.399999
v -10.536001 -5.105000 0.400001
v -10.536001 -5.105000 -0.399999
v -10.485751 -5.105000 0.400001
v -10.485751 -5.105000 -0.399999
v -10.413001 -5.105000 0.400001
v -10.413001 -5.105000 -0.399999
v -10.322251 -5.105000 0.400001
v -10.322251 -5.105000 -0.399999
v -10.218001 -5.105000 0.400001
v -10.218001 -5.105000 -0.399999
v -10.104752 -5.105000 0.400001
v -10.104752 -5.105000 -0.399999
v -9.987001 -5.105000 0.400001
v -9.987001 -5.105000 -0.399999
v -9.869251 -5.105000 0.400001
v -9.869251 -5.105000 -0.399999
v -9.756001 -5.105000 0.400001
v -9.756001 -5.105000 -0.399999
v -9.651752 -5.105000 0.400001
v -9.651752 -5.105000 -0.399999
v -9.561002 -5.105000 0.400001
v -9.561002 -5.105000 -0.399999
v -9.488252 -5.105000 0.400001
v -9.488252 -5.105000 -0.399999
v -9.438002 -5.105000 0.400001
v -9.438002 -5.105000 -0.399999
v -9.410608 -5.105082 0.400001
v -9.410608 -5.105082 -0.399999
v -9.383520 -5.105324 0.400001
v -9.383520 -5.105324 -0.399999
v -9.356876 -5.105719 0.400001
v -9.356876 -5.105719 -0.399999
v -9.330816 -5.106259 0.400001
v -9.330816 -5.106259 -0.399999
v -9.305478 -5.106938 0.400001
v -9.305478 -5.106938 -0.399999
v -9.281001 -5.107750 0.400001
v -9.281001 -5.107750 -0.399999
v -9.257524 -5.108686 0.400001
v -9.257524 -5.108686 -0.399999
v -9.235187 -5.109741 0.400001
v -9.235187 -5.109741 -0.399999
v -9.214127 -5.110906 0.400001
v -9.214127 -5.110906 -0.399999
v -9.194483 -5.112176 0.400001
v -9.194483 -5.112176 -0.399999
v -9.176395 -5.113543 0.400001
v -9.176395 -5.113543 -0.399999
v -9.160002 -5.115000 0.400001
v -9.160002 -5.115000 -0.399999
v -9.160002 -4.919000 0.400001
v -9.160002 -4.919000 -0.399999
v -9.175935 -4.920036 0.400001
v -9.175935 -4.920036 -0.399999
v -9.193647 -4.921129 0.400001
v -9.193647 -4.921129 -0.399999
v -9.212999 -4.922250 0.400001
v -9.212999 -4.922250 -0.399999
v -9.233851 -4.923370 0.400001
v -9.233851 -4.923370 -0.399999
v -9.256064 -4.924462 0.400001
v -9.256064 -4.924462 -0.399999
v -9.279500 -4.925500 0.400001
v -9.279500 -4.925500 -0.399999
v -9.304019 -4.926454 0.400001
v -9.304019 -4.926454 -0.399999
v -9.329482 -4.927296 0.400001
v -9.329482 -4.927296 -0.399999
v -9.355751 -4.927999 0.400001
v -9.355751 -4.927999 -0.399999
v -9.382687 -4.928537 0.400001
v -9.382687 -4.928537 -0.399999
v -9.410150 -4.928880 0.400001
v -9.410150 -4.928880 -0.399999
v -9.438002 -4.929000 0.400001
v -9.438002 -4.929000 -0.399999
v -11.629913 -4.430327 0.400001
v -11.629913 -4.430327 -0.399999
v -11.629647 -4.414454 0.400001
v -11.629647 -4.414454 -0.399999
v -11.629187 -4.397593 0.400001
v -11.629187 -4.397593 -0.399999
v -11.628518 -4.379963 0.400001
v -11.628518 -4.379963 -0.399999
v -11.627627 -4.361776 0.400001
v -11.627627 -4.361776 -0.399999
v -11.626500 -4.343250 0.400001
v -11.626500 -4.343250 -0.399999
v -11.625123 -4.324598 0.400001
v -11.625123 -4.324598 -0.399999
v -11.623482 -4.306037 0.400001
v -11.623482 -4.306037 -0.399999
v -11.621563 -4.287781 0.400001
v -11.621563 -4.287781 -0.399999
v -11.619352 -4.270046 0.400001
v -11.619352 -4.270046 -0.399999
v -11.616837 -4.253047 0.400001
v -11.616837 -4.253047 -0.399999
v -11.614001 -4.237000 0.400001
v -11.614001 -4.237000 -0.399999
v -11.810001 -4.237000 0.400001
v -11.810001 -4.237000 -0.399999
v -11.808466 -4.252971 0.400001
v -11.808466 -4.252971 -0.399999
v -11.806881 -4.269769 0.400001
v -11.806881 -4.269769 -0.399999
v -11.805283 -4.287219 0.400001
v -11.805283 -4.287219 -0.399999
v -11.803705 -4.305148 0.400001
v -11.803705 -4.305148 -0.399999
v -11.802183 -4.323383 0.400001
v -11.802183 -4.323383 -0.399999
v -11.800752 -4.341750 0.400001
v -11.800752 -4.341750 -0.399999
v -11.799445 -4.360075 0.400001
v -11.799445 -4.360075 -0.399999
v -11.798298 -4.378185 0.400001
v -11.798298 -4.378185 -0.399999
v -11.797345 -4.395906 0.400001
v -11.797345 -4.395906 -0.399999
v -11.796622 -4.413065 0.400001
v -11.796622 -4.413065 -0.399999
v -11.796163 -4.429487 0.400001
v -11.796163 -4.429487 -0.399999
v -11.796001 -4.445000 0.400001
v -11.796001 -4.445000 -0.399999
v -11.796001 -4.771000 0.400001
v -11.796001 -4.771000 -0.399999
v -11.864253 -4.792274 0.400001
v -11.864253 -4.792274 -0.399999
v -11.936344 -4.815861 0.400001
v -11.936344 -4.815861 -0.399999
v -12.011283 -4.841406 0.400001
v -12.011283 -4.841406 -0.399999
v -12.088076 -4.868555 0.400001
v -12.088076 -4.868555 -0.399999
v -12.165730 -4.896955 0.400001
v -12.165730 -4.896955 -0.399999
v -12.243252 -4.926250 0.400001
v -12.243252 -4.926250 -0.399999
v -12.319649 -4.956087 0.400001
v -12.319649 -4.956087 -0.399999
v -12.393928 -4.986111 0.400001
v -12.393928 -4.986111 -0.399999
v -12.465096 -5.015969 0.400001
v -12.465096 -5.015969 -0.399999
v -12.532159 -5.045305 0.400001
v -12.532159 -5.045305 -0.399999
v -12.594126 -5.073767 0.400001
v -12.594126 -5.073767 -0.399999
v -12.650002 -5.101000 0.400001
v -12.650002 -5.101000 -0.399999
v -12.582002 -5.271000 0.400001
v -12.582002 -5.271000 -0.399999
v -12.524981 -5.241213 0.400001
v -12.524981 -5.241213 -0.399999
v -12.463502 -5.211037 0.400001
v -12.463502 -5.211037 -0.399999
v -12.398439 -5.180750 0.400001
v -12.398439 -5.180750 -0.399999
v -12.330668 -5.150630 0.400001
v -12.330668 -5.150630 -0.399999
v -12.261065 -5.120954 0.400001
v -12.261065 -5.120954 -0.399999
v -12.190502 -5.092000 0.400001
v -12.190502 -5.092000 -0.399999
v -12.119856 -5.064046 0.400001
v -12.119856 -5.064046 -0.399999
v -12.050002 -5.037370 0.400001
v -12.050002 -5.037370 -0.399999
v -11.981814 -5.012250 0.400001
v -11.981814 -5.012250 -0.399999
v -11.916168 -4.988963 0.400001
v -11.916168 -4.988963 -0.399999
v -11.853939 -4.967787 0.400001
v -11.853939 -4.967787 -0.399999
v -11.796001 -4.949000 0.400001
v -11.796001 -4.949000 -0.399999
v -11.798001 -5.609000 0.400001
v -11.798001 -5.609000 -0.399999
v -11.798084 -5.625407 0.400001
v -11.798084 -5.625407 -0.399999
v -11.798334 -5.643426 0.400001
v -11.798334 -5.643426 -0.399999
v -11.798751 -5.662750 0.400001
v -11.798751 -5.662750 -0.399999
v -11.799335 -5.683074 0.400001
v -11.799335 -5.683074 -0.399999
v -11.800084 -5.704093 0.400001
v -11.800084 -5.704093 -0.399999
v -11.801001 -5.725500 0.400001
v -11.801001 -5.725500 -0.399999
v -11.802084 -5.746991 0.400001
v -11.802084 -5.746991 -0.399999
v -11.803334 -5.768259 0.400001
v -11.803334 -5.768259 -0.399999
v -11.804751 -5.789000 0.400001
v -11.804751 -5.789000 -0.399999
v -11.806334 -5.808908 0.400001
v -11.806334 -5.808908 -0.399999
v -11.808084 -5.827676 0.400001
v -11.808084 -5.827676 -0.399999
v -11.810001 -5.845000 0.400001
v -11.810001 -5.845000 -0.399999
v -11.616001 -5.845000 0.400001
v -11.616001 -5.845000 -0.399999
v -11.618376 -5.828325 0.400001
v -11.618376 -5.828325 -0.399999
v -11.620509 -5.810435 0.400001
v -11.620509 -5.810435 -0.399999
v -11.622406 -5.791532 0.400001
v -11.622406 -5.791532 -0.399999
v -11.624074 -5.771815 0.400001
v -11.624074 -5.771815 -0.399999
v -11.625520 -5.751487 0.400001
v -11.625520 -5.751487 -0.399999
v -11.626750 -5.730750 0.400001
v -11.626750 -5.730750 -0.399999
v -11.627772 -5.709805 0.400001
v -11.627772 -5.709805 -0.399999
v -11.628592 -5.688852 0.400001
v -11.628592 -5.688852 -0.399999
v -11.629219 -5.668094 0.400001
v -11.629219 -5.668094 -0.399999
v -11.629658 -5.647731 0.400001
v -11.629658 -5.647731 -0.399999
v -11.629916 -5.627966 0.400001
v -11.629916 -5.627966 -0.399999
v -11.630001 -5.609000 0.400001
v -11.630001 -5.609000 -0.399999
v -11.630001 -5.565778 0.400001
v -11.630001 -5.565778 -0.399999
v -11.630001 -5.495556 0.400001
v -11.630001 -5.495556 -0.399999
v -11.630001 -5.403501 0.400001
v -11.630001 -5.403501 -0.399999
v -11.630001 -5.294778 0.400001
v -11.630001 -5.294778 -0.399999
v -11.630001 -5.174556 0.400001
v -11.630001 -5.174556 -0.399999
v -11.630001 -5.048000 0.400001
v -11.630001 -5.048000 -0.399999
v -11.630001 -4.920278 0.400001
v -11.630001 -4.920278 -0.399999
v -11.630001 -4.796556 0.400001
v -11.630001 -4.796556 -0.399999
v -11.630001 -4.682000 0.400001
v -11.630001 -4.682000 -0.399999
v -11.630001 -4.581778 0.400001
v -11.630001 -4.581778 -0.399999
v -11.630001 -4.501056 0.400001
v -11.630001 -4.501056 -0.399999
v -11.630001 -4.445000 0.400001
v -11.630001 -4.445000 -0.399999
v 10.160002 -8.597000 0.399999
v 10.160002 -8.597000 -0.400001
v 10.160002 -9.009000 0.399999
v 10.160002 -9.009000 -0.400001
v 9.602001 -9.009000 0.399999
v 9.602001 -9.009000 -0.400001
v 9.602001 -9.184999 0.399999
v 9.602001 -9.184999 -0.400001
v 10.160002 -9.184999 0.399999
v 10.160002 -9.184999 -0.400001
v 10.160002 -9.608999 0.399999
v 10.160002 -9.608999 -0.400001
v 9.564001 -9.608999 0.399999
v 9.564001 -9.608999 -0.400001
v 9.564001 -9.785000 0.399999
v 9.564001 -9.785000 -0.400001
v 10.356002 -9.785000 0.399999
v 10.356002 -9.785000 -0.400001
v 10.356002 -8.421000 0.399999
v 10.356002 -8.421000 -0.400001
v 9.582002 -8.421000 0.399999
v 9.582002 -8.421000 -0.400001
v 9.582002 -8.597000 0.399999
v 9.582002 -8.597000 -0.400001
v 9.088606 -9.215094 0.399999
v 9.088606 -9.215094 -0.400001
v 9.056668 -9.210417 0.399999
v 9.056668 -9.210417 -0.400001
v 9.020564 -9.205031 0.399999
v 9.020564 -9.205031 -0.400001
v 8.980668 -9.199000 0.399999
v 8.980668 -9.199000 -0.400001
v 8.937356 -9.192386 0.399999
v 8.937356 -9.192386 -0.400001
v 8.891002 -9.185250 0.399999
v 8.891002 -9.185250 -0.400001
v 8.841981 -9.177656 0.399999
v 8.841981 -9.177656 -0.400001
v 8.790668 -9.169666 0.399999
v 8.790668 -9.169666 -0.400001
v 8.737439 -9.161344 0.399999
v 8.737439 -9.161344 -0.400001
v 8.682669 -9.152750 0.399999
v 8.682669 -9.152750 -0.400001
v 8.626731 -9.143948 0.399999
v 8.626731 -9.143948 -0.400001
v 8.570002 -9.135000 0.399999
v 8.570002 -9.135000 -0.400001
v 8.650002 -8.733000 0.399999
v 8.650002 -8.733000 -0.400001
v 9.090001 -8.805000 0.399999
v 9.090001 -8.805000 -0.400001
v 9.103806 -8.807502 0.399999
v 9.103806 -8.807502 -0.400001
v 9.117279 -8.810019 0.399999
v 9.117279 -8.810019 -0.400001
v 9.130502 -8.812562 0.399999
v 9.130502 -8.812562 -0.400001
v 9.143558 -8.815147 0.399999
v 9.143558 -8.815147 -0.400001
v 9.156529 -8.817789 0.399999
v 9.156529 -8.817789 -0.400001
v 9.169501 -8.820499 0.399999
v 9.169501 -8.820499 -0.400001
v 9.182557 -8.823294 0.399999
v 9.182557 -8.823294 -0.400001
v 9.195780 -8.826185 0.399999
v 9.195780 -8.826185 -0.400001
v 9.209252 -8.829187 0.399999
v 9.209252 -8.829187 -0.400001
v 9.223058 -8.832314 0.399999
v 9.223058 -8.832314 -0.400001
v 9.237280 -8.835581 0.399999
v 9.237280 -8.835581 -0.400001
v 9.252002 -8.839000 0.399999
v 9.252002 -8.839000 -0.400001
v 9.286001 -8.658999 0.399999
v 9.286001 -8.658999 -0.400001
v 9.273454 -8.658457 0.399999
v 9.273454 -8.658457 -0.400001
v 9.260788 -8.657824 0.399999
v 9.260788 -8.657824 -0.400001
v 9.247970 -8.657093 0.399999
v 9.247970 -8.657093 -0.400001
v 9.234964 -8.656259 0.399999
v 9.234964 -8.656259 -0.400001
v 9.221737 -8.655313 0.399999
v 9.221737 -8.655313 -0.400001
v 9.208252 -8.654249 0.399999
v 9.208252 -8.654249 -0.400001
v 9.194475 -8.653061 0.399999
v 9.194475 -8.653061 -0.400001
v 9.180372 -8.651740 0.399999
v 9.180372 -8.651740 -0.400001
v 9.165908 -8.650281 0.399999
v 9.165908 -8.650281 -0.400001
v 9.151048 -8.648676 0.399999
v 9.151048 -8.648676 -0.400001
v 9.135757 -8.646917 0.399999
v 9.135757 -8.646917 -0.400001
v 9.120002 -8.645000 0.399999
v 9.120002 -8.645000 -0.400001
v 9.098549 -8.642633 0.399999
v 9.098549 -8.642633 -0.400001
v 9.073381 -8.639565 0.399999
v 9.073381 -8.639565 -0.400001
v 9.044783 -8.635843 0.399999
v 9.044783 -8.635843 -0.400001
v 9.013039 -8.631518 0.399999
v 9.013039 -8.631518 -0.400001
v 8.978434 -8.626637 0.399999
v 8.978434 -8.626637 -0.400001
v 8.941252 -8.621250 0.399999
v 8.941252 -8.621250 -0.400001
v 8.901778 -8.615404 0.399999
v 8.901778 -8.615404 -0.400001
v 8.860298 -8.609148 0.399999
v 8.860298 -8.609148 -0.400001
v 8.817096 -8.602531 0.399999
v 8.817096 -8.602531 -0.400001
v 8.772455 -8.595602 0.399999
v 8.772455 -8.595602 -0.400001
v 8.726663 -8.588408 0.399999
v 8.726663 -8.588408 -0.400001
v 8.680001 -8.580999 0.399999
v 8.680001 -8.580999 -0.400001
v 8.722001 -8.371000 0.399999
v 8.722001 -8.371000 -0.400001
v 8.724582 -8.358164 0.399999
v 8.724582 -8.358164 -0.400001
v 8.727316 -8.345648 0.399999
v 8.727316 -8.345648 -0.400001
v 8.730188 -8.333437 0.399999
v 8.730188 -8.333437 -0.400001
v 8.733186 -8.321518 0.399999
v 8.733186 -8.321518 -0.400001
v 8.736295 -8.309877 0.399999
v 8.736295 -8.309877 -0.400001
v 8.739501 -8.298500 0.399999
v 8.739501 -8.298500 -0.400001
v 8.742790 -8.287373 0.399999
v 8.742790 -8.287373 -0.400001
v 8.746149 -8.276482 0.399999
v 8.746149 -8.276482 -0.400001
v 8.749563 -8.265812 0.399999
v 8.749563 -8.265812 -0.400001
v 8.753019 -8.255352 0.399999
v 8.753019 -8.255352 -0.400001
v 8.756503 -8.245086 0.399999
v 8.756503 -8.245086 -0.400001
v 8.760001 -8.235000 0.399999
v 8.760001 -8.235000 -0.400001
v 8.580002 -8.203000 0.399999
v 8.580002 -8.203000 -0.400001
v 8.579341 -8.212857 0.399999
v 8.579341 -8.212857 -0.400001
v 8.578389 -8.223361 0.399999
v 8.578389 -8.223361 -0.400001
v 8.577188 -8.234406 0.399999
v 8.577188 -8.234406 -0.400001
v 8.575778 -8.245889 0.399999
v 8.575778 -8.245889 -0.400001
v 8.574202 -8.257705 0.399999
v 8.574202 -8.257705 -0.400001
v 8.572500 -8.269750 0.399999
v 8.572500 -8.269750 -0.400001
v 8.570716 -8.281919 0.399999
v 8.570716 -8.281919 -0.400001
v 8.568890 -8.294111 0.399999
v 8.568890 -8.294111 -0.400001
v 8.567063 -8.306218 0.399999
v 8.567063 -8.306218 -0.400001
v 8.565279 -8.318138 0.399999
v 8.565279 -8.318138 -0.400001
v 8.563578 -8.329767 0.399999
v 8.563578 -8.329767 -0.400001
v 8.562001 -8.341000 0.399999
v 8.562001 -8.341000 -0.400001
v 8.520001 -8.557000 0.399999
v 8.520001 -8.557000 -0.400001
v 8.471760 -8.549048 0.399999
v 8.471760 -8.549048 -0.400001
v 8.424250 -8.541222 0.399999
v 8.424250 -8.541222 -0.400001
v 8.377781 -8.533563 0.399999
v 8.377781 -8.533563 -0.400001
v 8.332666 -8.526111 0.399999
v 8.332666 -8.526111 -0.400001
v 8.289219 -8.518909 0.399999
v 8.289219 -8.518909 -0.400001
v 8.247750 -8.512000 0.399999
v 8.247750 -8.512000 -0.400001
v 8.208573 -8.505424 0.399999
v 8.208573 -8.505424 -0.400001
v 8.172001 -8.499222 0.399999
v 8.172001 -8.499222 -0.400001
v 8.138345 -8.493437 0.399999
v 8.138345 -8.493437 -0.400001
v 8.107918 -8.488111 0.399999
v 8.107918 -8.488111 -0.400001
v 8.081033 -8.483284 0.399999
v 8.081033 -8.483284 -0.400001
v 8.058002 -8.479000 0.399999
v 8.058002 -8.479000 -0.400001
v 8.043673 -8.476421 0.399999
v 8.043673 -8.476421 -0.400001
v 8.029705 -8.473703 0.399999
v 8.029705 -8.473703 -0.400001
v 8.016127 -8.470875 0.399999
v 8.016127 -8.470875 -0.400001
v 8.002965 -8.467963 0.399999
v 8.002965 -8.467963 -0.400001
v 7.990247 -8.464995 0.399999
v 7.990247 -8.464995 -0.400001
v 7.978002 -8.462000 0.399999
v 7.978002 -8.462000 -0.400001
v 7.966256 -8.459004 0.399999
v 7.966256 -8.459004 -0.400001
v 7.955039 -8.456037 0.399999
v 7.955039 -8.456037 -0.400001
v 7.944376 -8.453125 0.399999
v 7.944376 -8.453125 -0.400001
v 7.934298 -8.450296 0.399999
v 7.934298 -8.450296 -0.400001
v 7.924830 -8.447578 0.399999
v 7.924830 -8.447578 -0.400001
v 7.916001 -8.445000 0.399999
v 7.916001 -8.445000 -0.400001
v 7.882001 -8.613000 0.399999
v 7.882001 -8.613000 -0.400001
v 7.890144 -8.614080 0.399999
v 7.890144 -8.614080 -0.400001
v 7.899474 -8.615314 0.399999
v 7.899474 -8.615314 -0.400001
v 7.909846 -8.616688 0.399999
v 7.909846 -8.616688 -0.400001
v 7.921113 -8.618185 0.399999
v 7.921113 -8.618185 -0.400001
v 7.933130 -8.619794 0.399999
v 7.933130 -8.619794 -0.400001
v 7.945752 -8.621500 0.399999
v 7.945752 -8.621500 -0.400001
v 7.958831 -8.623289 0.399999
v 7.958831 -8.623289 -0.400001
v 7.972224 -8.625148 0.399999
v 7.972224 -8.625148 -0.400001
v 7.985783 -8.627062 0.399999
v 7.985783 -8.627062 -0.400001
v 7.999362 -8.629019 0.399999
v 7.999362 -8.629019 -0.400001
v 8.012817 -8.631002 0.399999
v 8.012817 -8.631002 -0.400001
v 8.026001 -8.632999 0.399999
v 8.026001 -8.632999 -0.400001
v 8.492002 -8.707000 0.399999
v 8.492002 -8.707000 -0.400001
v 8.412002 -9.108999 0.399999
v 8.412002 -9.108999 -0.400001
v 7.920002 -9.025000 0.399999
v 7.920002 -9.025000 -0.400001
v 7.900954 -9.021081 0.399999
v 7.900954 -9.021081 -0.400001
v 7.882789 -9.017315 0.399999
v 7.882789 -9.017315 -0.400001
v 7.865470 -9.013687 0.399999
v 7.865470 -9.013687 -0.400001
v 7.848965 -9.010185 0.399999
v 7.848965 -9.010185 -0.400001
v 7.833237 -9.006794 0.399999
v 7.833237 -9.006794 -0.400001
v 7.818252 -9.003500 0.399999
v 7.818252 -9.003500 -0.400001
v 7.803975 -9.000289 0.399999
v 7.803975 -9.000289 -0.400001
v 7.790372 -8.997149 0.399999
v 7.790372 -8.997149 -0.400001
v 7.777408 -8.994062 0.399999
v 7.777408 -8.994062 -0.400001
v 7.765048 -8.991018 0.399999
v 7.765048 -8.991018 -0.400001
v 7.753257 -8.988002 0.399999
v 7.753257 -8.988002 -0.400001
v 7.742002 -8.985000 0.399999
v 7.742002 -8.985000 -0.400001
v 7.710001 -9.153000 0.399999
v 7.710001 -9.153000 -0.400001
v 7.720953 -9.154122 0.399999
v 7.720953 -9.154122 -0.400001
v 7.732779 -9.155481 0.399999
v 7.732779 -9.155481 -0.400001
v 7.745439 -9.157063 0.399999
v 7.745439 -9.157063 -0.400001
v 7.758890 -9.158852 0.399999
v 7.758890 -9.158852 -0.400001
v 7.773091 -9.160835 0.399999
v 7.773091 -9.160835 -0.400001
v 7.788001 -9.163000 0.399999
v 7.788001 -9.163000 -0.400001
v 7.803577 -9.165331 0.399999
v 7.803577 -9.165331 -0.400001
v 7.819779 -9.167814 0.399999
v 7.819779 -9.167814 -0.400001
v 7.836564 -9.170437 0.399999
v 7.836564 -9.170437 -0.400001
v 7.853890 -9.173185 0.399999
v 7.853890 -9.173185 -0.400001
v 7.871716 -9.176044 0.399999
v 7.871716 -9.176044 -0.400001
v 7.890001 -9.179000 0.399999
v 7.890001 -9.179000 -0.400001
v 8.382002 -9.257000 0.399999
v 8.382002 -9.257000 -0.400001
v 8.300001 -9.659000 0.399999
v 8.300001 -9.659000 -0.400001
v 8.296459 -9.673696 0.399999
v 8.296459 -9.673696 -0.400001
v 8.292834 -9.688731 0.399999
v 8.292834 -9.688731 -0.400001
v 8.289126 -9.704031 0.399999
v 8.289126 -9.704031 -0.400001
v 8.285335 -9.719519 0.399999
v 8.285335 -9.719519 -0.400001
v 8.281460 -9.735117 0.399999
v 8.281460 -9.735117 -0.400001
v 8.277501 -9.750750 0.399999
v 8.277501 -9.750750 -0.400001
v 8.273459 -9.766341 0.399999
v 8.273459 -9.766341 -0.400001
v 8.269335 -9.781815 0.399999
v 8.269335 -9.781815 -0.400001
v 8.265126 -9.797093 0.399999
v 8.265126 -9.797093 -0.400001
v 8.260835 -9.812101 0.399999
v 8.260835 -9.812101 -0.400001
v 8.256460 -9.826763 0.399999
v 8.256460 -9.826763 -0.400001
v 8.252002 -9.841000 0.399999
v 8.252002 -9.841000 -0.400001
v 8.434002 -9.875000 0.399999
v 8.434002 -9.875000 -0.400001
v 8.436425 -9.858162 0.399999
v 8.436425 -9.858162 -0.400001
v 8.438724 -9.841629 0.399999
v 8.438724 -9.841629 -0.400001
v 8.440939 -9.825375 0.399999
v 8.440939 -9.825375 -0.400001
v 8.443112 -9.809370 0.399999
v 8.443112 -9.809370 -0.400001
v 8.445286 -9.793588 0.399999
v 8.445286 -9.793588 -0.400001
v 8.447501 -9.778000 0.399999
v 8.447501 -9.778000 -0.400001
v 8.449800 -9.762579 0.399999
v 8.449800 -9.762579 -0.400001
v 8.452223 -9.747296 0.399999
v 8.452223 -9.747296 -0.400001
v 8.454813 -9.732124 0.399999
v 8.454813 -9.732124 -0.400001
v 8.457612 -9.717037 0.399999
v 8.457612 -9.717037 -0.400001
v 8.460661 -9.702004 0.399999
v 8.460661 -9.702004 -0.400001
v 8.464002 -9.687000 0.399999
v 8.464002 -9.687000 -0.400001
v 8.542002 -9.283000 0.399999
v 8.542002 -9.283000 -0.400001
v 8.598191 -9.292449 0.399999
v 8.598191 -9.292449 -0.400001
v 8.653520 -9.301760 0.399999
v 8.653520 -9.301760 -0.400001
v 8.707626 -9.310875 0.399999
v 8.707626 -9.310875 -0.400001
v 8.760149 -9.319740 0.399999
v 8.760149 -9.319740 -0.400001
v 8.810728 -9.328300 0.399999
v 8.810728 -9.328300 -0.400001
v 8.859001 -9.336500 0.399999
v 8.859001 -9.336500 -0.400001
v 8.904608 -9.344282 0.399999
v 8.904608 -9.344282 -0.400001
v 8.947186 -9.351593 0.399999
v 8.947186 -9.351593 -0.400001
v 8.986377 -9.358375 0.399999
v 8.986377 -9.358375 -0.400001
v 9.021816 -9.364574 0.399999
v 9.021816 -9.364574 -0.400001
v 9.053145 -9.370134 0.399999
v 9.053145 -9.370134 -0.400001
v 9.080002 -9.375000 0.399999
v 9.080002 -9.375000 -0.400001
v 9.099050 -9.378420 0.399999
v 9.099050 -9.378420 -0.400001
v 9.117207 -9.381695 0.399999
v 9.117207 -9.381695 -0.400001
v 9.134502 -9.384844 0.399999
v 9.134502 -9.384844 -0.400001
v 9.150966 -9.387889 0.399999
v 9.150966 -9.387889 -0.400001
v 9.166623 -9.390850 0.399999
v 9.166623 -9.390850 -0.400001
v 9.181502 -9.393750 0.399999
v 9.181502 -9.393750 -0.400001
v 9.195632 -9.396607 0.399999
v 9.195632 -9.396607 -0.400001
v 9.209040 -9.399445 0.399999
v 9.209040 -9.399445 -0.400001
v 9.221752 -9.402281 0.399999
v 9.221752 -9.402281 -0.400001
v 9.233798 -9.405139 0.399999
v 9.233798 -9.405139 -0.400001
v 9.245205 -9.408038 0.399999
v 9.245205 -9.408038 -0.400001
v 9.256001 -9.410999 0.399999
v 9.256001 -9.410999 -0.400001
v 9.292002 -9.237000 0.399999
v 9.292002 -9.237000 -0.400001
v 9.279868 -9.236378 0.399999
v 9.279868 -9.236378 -0.400001
v 9.266603 -9.235527 0.399999
v 9.266603 -9.235527 -0.400001
v 9.252407 -9.234468 0.399999
v 9.252407 -9.234468 -0.400001
v 9.237482 -9.233222 0.399999
v 9.237482 -9.233222 -0.400001
v 9.222030 -9.231809 0.399999
v 9.222030 -9.231809 -0.400001
v 9.206251 -9.230249 0.399999
v 9.206251 -9.230249 -0.400001
v 9.190347 -9.228566 0.399999
v 9.190347 -9.228566 -0.400001
v 9.174520 -9.226778 0.399999
v 9.174520 -9.226778 -0.400001
v 9.158970 -9.224906 0.399999
v 9.158970 -9.224906 -0.400001
v 9.143899 -9.222972 0.399999
v 9.143899 -9.222972 -0.400001
v 9.129509 -9.220997 0.399999
v 9.129509 -9.220997 -0.400001
v 9.116001 -9.219000 0.399999
v 9.116001 -9.219000 -0.400001
v 6.974174 -8.929000 0.399999
v 6.974174 -8.929000 -0.400001
v 6.901706 -8.929000 0.399999
v 6.901706 -8.929000 -0.400001
v 6.811127 -8.929000 0.399999
v 6.811127 -8.929000 -0.400001
v 6.706965 -8.929000 0.399999
v 6.706965 -8.929000 -0.400001
v 6.593747 -8.929000 0.399999
v 6.593747 -8.929000 -0.400001
v 6.476002 -8.929000 0.400000
v 6.476002 -8.929000 -0.400000
v 6.358256 -8.929000 0.400000
v 6.358256 -8.929000 -0.400000
v 6.245039 -8.929000 0.400000
v 6.245039 -8.929000 -0.400000
v 6.140876 -8.929000 0.400000
v 6.140876 -8.929000 -0.400000
v 6.050298 -8.929000 0.400000
v 6.050298 -8.929000 -0.400000
v 5.977830 -8.929000 0.400000
v 5.977830 -8.929000 -0.400000
v 5.928001 -8.929000 0.400000
v 5.928001 -8.929000 -0.400000
v 5.903584 -8.928879 0.400000
v 5.903584 -8.928879 -0.400000
v 5.880334 -8.928536 0.400000
v 5.880334 -8.928536 -0.400000
v 5.858251 -8.927999 0.400000
v 5.858251 -8.927999 -0.400000
v 5.837335 -8.927296 0.400000
v 5.837335 -8.927296 -0.400000
v 5.817585 -8.926454 0.400000
v 5.817585 -8.926454 -0.400000
v 5.799001 -8.925500 0.400000
v 5.799001 -8.925500 -0.400000
v 5.781585 -8.924462 0.400000
v 5.781585 -8.924462 -0.400000
v 5.765335 -8.923370 0.400000
v 5.765335 -8.923370 -0.400000
v 5.750251 -8.922250 0.400000
v 5.750251 -8.922250 -0.400000
v 5.736335 -8.921129 0.400000
v 5.736335 -8.921129 -0.400000
v 5.723585 -8.920036 0.400000
v 5.723585 -8.920036 -0.400000
v 5.712001 -8.919000 0.400000
v 5.712001 -8.919000 -0.400000
v 5.712001 -9.115000 0.400000
v 5.712001 -9.115000 -0.400000
v 5.722896 -9.114383 0.400000
v 5.722896 -9.114383 -0.400000
v 5.735492 -9.113564 0.400000
v 5.735492 -9.113564 -0.400000
v 5.749657 -9.112594 0.400000
v 5.749657 -9.112594 -0.400000
v 5.765260 -9.111519 0.400000
v 5.765260 -9.111519 -0.400000
v 5.782169 -9.110388 0.400000
v 5.782169 -9.110388 -0.400000
v 5.800251 -9.109250 0.400000
v 5.800251 -9.109250 -0.400000
v 5.819375 -9.108154 0.400000
v 5.819375 -9.108154 -0.400000
v 5.839408 -9.107148 0.400000
v 5.839408 -9.107148 -0.400000
v 5.860220 -9.106281 0.400000
v 5.860220 -9.106281 -0.400000
v 5.881677 -9.105601 0.400000
v 5.881677 -9.105601 -0.400000
v 5.903648 -9.105158 0.400000
v 5.903648 -9.105158 -0.400000
v 5.926002 -9.105000 0.400000
v 5.926002 -9.105000 -0.400000
v 5.976251 -9.105000 0.400000
v 5.976251 -9.105000 -0.400000
v 6.049001 -9.105000 0.400000
v 6.049001 -9.105000 -0.400000
v 6.139751 -9.105000 0.400000
v 6.139751 -9.105000 -0.400000
v 6.244001 -9.105000 0.400000
v 6.244001 -9.105000 -0.400000
v 6.357251 -9.105000 0.400000
v 6.357251 -9.105000 -0.400000
v 6.475001 -9.105000 0.400000
v 6.475001 -9.105000 -0.400000
v 6.592751 -9.105000 0.400000
v 6.592751 -9.105000 -0.400000
v 6.706001 -9.105000 0.399999
v 6.706001 -9.105000 -0.400001
v 6.810251 -9.105000 0.399999
v 6.810251 -9.105000 -0.400001
v 6.901001 -9.105000 0.399999
v 6.901001 -9.105000 -0.400001
v 6.973752 -9.105000 0.399999
v 6.973752 -9.105000 -0.400001
v 7.024002 -9.105000 0.399999
v 7.024002 -9.105000 -0.400001
v 7.051395 -9.105082 0.399999
v 7.051395 -9.105082 -0.400001
v 7.078483 -9.105324 0.399999
v 7.078483 -9.105324 -0.400001
v 7.105126 -9.105719 0.399999
v 7.105126 -9.105719 -0.400001
v 7.131186 -9.106259 0.399999
v 7.131186 -9.106259 -0.400001
v 7.156525 -9.106938 0.399999
v 7.156525 -9.106938 -0.400001
v 7.181002 -9.107750 0.399999
v 7.181002 -9.107750 -0.400001
v 7.204479 -9.108686 0.399999
v 7.204479 -9.108686 -0.400001
v 7.226817 -9.109740 0.399999
v 7.226817 -9.109740 -0.400001
v 7.247877 -9.110907 0.399999
v 7.247877 -9.110907 -0.400001
v 7.267520 -9.112176 0.399999
v 7.267520 -9.112176 -0.400001
v 7.285608 -9.113543 0.399999
v 7.285608 -9.113543 -0.400001
v 7.302001 -9.115000 0.399999
v 7.302001 -9.115000 -0.400001
v 7.302001 -8.919000 0.399999
v 7.302001 -8.919000 -0.400001
v 7.286067 -8.920037 0.399999
v 7.286067 -8.920037 -0.400001
v 7.268353 -8.921129 0.399999
v 7.268353 -8.921129 -0.400001
v 7.249002 -8.922250 0.399999
v 7.249002 -8.922250 -0.400001
v 7.228150 -8.923370 0.399999
v 7.228150 -8.923370 -0.400001
v 7.205937 -8.924463 0.399999
v 7.205937 -8.924463 -0.400001
v 7.182502 -8.925500 0.399999
v 7.182502 -8.925500 -0.400001
v 7.157983 -8.926454 0.399999
v 7.157983 -8.926454 -0.400001
v 7.132520 -8.927296 0.399999
v 7.132520 -8.927296 -0.400001
v 7.106252 -8.927999 0.399999
v 7.106252 -8.927999 -0.400001
v 7.079317 -8.928536 0.399999
v 7.079317 -8.928536 -0.400001
v 7.051854 -8.928880 0.399999
v 7.051854 -8.928880 -0.400001
v 7.024002 -8.929000 0.399999
v 7.024002 -8.929000 -0.400001
v 5.132484 -8.455018 0.400000
v 5.132484 -8.455018 -0.400000
v 5.085529 -8.450148 0.400000
v 5.085529 -8.450148 -0.400000
v 5.030033 -8.444500 0.400000
v 5.030033 -8.444500 -0.400000
v 4.966890 -8.438185 0.400000
v 4.966890 -8.438185 -0.400000
v 4.896998 -8.431314 0.400000
v 4.896998 -8.431314 -0.400000
v 4.821251 -8.424000 0.400000
v 4.821251 -8.424000 -0.400000
v 4.740547 -8.416351 0.400000
v 4.740547 -8.416351 -0.400000
v 4.655779 -8.408482 0.400000
v 4.655779 -8.408482 -0.400000
v 4.567845 -8.400499 0.400000
v 4.567845 -8.400499 -0.400000
v 4.477641 -8.392518 0.400000
v 4.477641 -8.392518 -0.400000
v 4.386061 -8.384647 0.400000
v 4.386061 -8.384647 -0.400000
v 4.294002 -8.377000 0.400000
v 4.294002 -8.377000 -0.400000
v 4.240141 -8.372625 0.400000
v 4.240141 -8.372625 -0.400000
v 4.187613 -8.368500 0.400000
v 4.187613 -8.368500 -0.400000
v 4.136502 -8.364625 0.400000
v 4.136502 -8.364625 -0.400000
v 4.086891 -8.361000 0.400000
v 4.086891 -8.361000 -0.400000
v 4.038863 -8.357625 0.400000
v 4.038863 -8.357625 -0.400000
v 3.992501 -8.354500 0.400000
v 3.992501 -8.354500 -0.400000
v 3.947890 -8.351624 0.400000
v 3.947890 -8.351624 -0.400000
v 3.905113 -8.349000 0.400000
v 3.905113 -8.349000 -0.400000
v 3.864251 -8.346624 0.400000
v 3.864251 -8.346624 -0.400000
v 3.825390 -8.344500 0.400000
v 3.825390 -8.344500 -0.400000
v 3.788613 -8.342625 0.400000
v 3.788613 -8.342625 -0.400000
v 3.754001 -8.341000 0.400000
v 3.754001 -8.341000 -0.400000
v 3.754001 -8.500999 0.400000
v 3.754001 -8.500999 -0.400000
v 3.783715 -8.501057 0.400000
v 3.783715 -8.501057 -0.400000
v 3.815539 -8.501287 0.400000
v 3.815539 -8.501287 -0.400000
v 3.849002 -8.501781 0.400000
v 3.849002 -8.501781 -0.400000
v 3.883631 -8.502629 0.400000
v 3.883631 -8.502629 -0.400000
v 3.918956 -8.503922 0.400000
v 3.918956 -8.503922 -0.400000
v 3.954502 -8.505750 0.400000
v 3.954502 -8.505750 -0.400000
v 3.989798 -8.508203 0.400000
v 3.989798 -8.508203 -0.400000
v 4.024372 -8.511370 0.400000
v 4.024372 -8.511370 -0.400000
v 4.057752 -8.515344 0.400000
v 4.057752 -8.515344 -0.400000
v 4.089465 -8.520213 0.400000
v 4.089465 -8.520213 -0.400000
v 4.119039 -8.526068 0.400000
v 4.119039 -8.526068 -0.400000
v 4.146001 -8.533000 0.400000
v 4.146001 -8.533000 -0.400000
v 4.214673 -8.560256 0.400000
v 4.214673 -8.560256 -0.400000
v 4.278538 -8.595380 0.400000
v 4.278538 -8.595380 -0.400000
v 4.337376 -8.637406 0.400000
v 4.337376 -8.637406 -0.400000
v 4.390964 -8.685370 0.400000
v 4.390964 -8.685370 -0.400000
v 4.439080 -8.738306 0.400000
v 4.439080 -8.738306 -0.400000
v 4.481501 -8.795250 0.400000
v 4.481501 -8.795250 -0.400000
v 4.518006 -8.855235 0.400000
v 4.518006 -8.855235 -0.400000
v 4.548372 -8.917296 0.400000
v 4.548372 -8.917296 -0.400000
v 4.572376 -8.980469 0.400000
v 4.572376 -8.980469 -0.400000
v 4.589797 -9.043787 0.400000
v 4.589797 -9.043787 -0.400000
v 4.600413 -9.106285 0.400000
v 4.600413 -9.106285 -0.400000
v 4.604002 -9.167000 0.400000
v 4.604002 -9.167000 -0.400000
v 4.596650 -9.259048 0.400000
v 4.596650 -9.259048 -0.400000
v 4.575529 -9.340547 0.400000
v 4.575529 -9.340547 -0.400000
v 4.542032 -9.412031 0.400000
v 4.542032 -9.412031 -0.400000
v 4.497557 -9.474037 0.400000
v 4.497557 -9.474037 -0.400000
v 4.443498 -9.527099 0.400000
v 4.443498 -9.527099 -0.400000
v 4.381251 -9.571750 0.400000
v 4.381251 -9.571750 -0.400000
v 4.312213 -9.608526 0.400000
v 4.312213 -9.608526 -0.400000
v 4.237779 -9.637962 0.400000
v 4.237779 -9.637962 -0.400000
v 4.159345 -9.660593 0.400000
v 4.159345 -9.660593 -0.400000
v 4.078307 -9.676953 0.400000
v 4.078307 -9.676953 -0.400000
v 3.996061 -9.687577 0.400000
v 3.996061 -9.687577 -0.400000
v 3.914001 -9.693000 0.400000
v 3.914001 -9.693000 -0.400000
v 3.972002 -9.858999 0.400000
v 3.972002 -9.858999 -0.400000
v 4.065311 -9.851629 0.400000
v 4.065311 -9.851629 -0.400000
v 4.159141 -9.836370 0.400000
v 4.159141 -9.836370 -0.400000
v 4.251845 -9.813000 0.400000
v 4.251845 -9.813000 -0.400000
v 4.341779 -9.781297 0.400000
v 4.341779 -9.781297 -0.400000
v 4.427297 -9.741037 0.400000
v 4.427297 -9.741037 -0.400000
v 4.506752 -9.692000 0.400000
v 4.506752 -9.692000 -0.400000
v 4.578498 -9.633963 0.400000
v 4.578498 -9.633963 -0.400000
v 4.640890 -9.566704 0.400000
v 4.640890 -9.566704 -0.400000
v 4.692283 -9.490000 0.400000
v 4.692283 -9.490000 -0.400000
v 4.731029 -9.403629 0.400000
v 4.731029 -9.403629 -0.400000
v 4.755484 -9.307370 0.400000
v 4.755484 -9.307370 -0.400000
v 4.764001 -9.201000 0.400000
v 4.764001 -9.201000 -0.400000
v 4.760156 -9.124258 0.400000
v 4.760156 -9.124258 -0.400000
v 4.749075 -9.050231 0.400000
v 4.749075 -9.050231 -0.400000
v 4.731438 -8.979218 0.400000
v 4.731438 -8.979218 -0.400000
v 4.707927 -8.911518 0.400000
v 4.707927 -8.911518 -0.400000
v 4.679221 -8.847429 0.400000
v 4.679221 -8.847429 -0.400000
v 4.646001 -8.787250 0.400000
v 4.646001 -8.787250 -0.400000
v 4.608948 -8.731278 0.400000
v 4.608948 -8.731278 -0.400000
v 4.568742 -8.679814 0.400000
v 4.568742 -8.679814 -0.400000
v 4.526063 -8.633156 0.400000
v 4.526063 -8.633156 -0.400000
v 4.481594 -8.591601 0.400000
v 4.481594 -8.591601 -0.400000
v 4.436013 -8.555450 0.400000
v 4.436013 -8.555450 -0.400000
v 4.390001 -8.525000 0.400000
v 4.390001 -8.525000 -0.400000
v 4.449327 -8.531485 0.400000
v 4.449327 -8.531485 -0.400000
v 4.518937 -8.538879 0.400000
v 4.518937 -8.538879 -0.400000
v 4.596783 -8.547093 0.400000
v 4.596783 -8.547093 -0.400000
v 4.680816 -8.556037 0.400000
v 4.680816 -8.556037 -0.400000
v 4.768989 -8.565619 0.400000
v 4.768989 -8.565619 -0.400000
v 4.859251 -8.575750 0.400000
v 4.859251 -8.575750 -0.400000
v 4.949556 -8.586339 0.400000
v 4.949556 -8.586339 -0.400000
v 5.037853 -8.597296 0.400000
v 5.037853 -8.597296 -0.400000
v 5.122095 -8.608531 0.400000
v 5.122095 -8.608531 -0.400000
v 5.200233 -8.619953 0.400000
v 5.200233 -8.619953 -0.400000
v 5.270218 -8.631474 0.400000
v 5.270218 -8.631474 -0.400000
v 5.330001 -8.643000 0.400000
v 5.330001 -8.643000 -0.400000
v 5.348001 -8.469000 0.400000
v 5.348001 -8.469000 -0.400000
v 5.329260 -8.468459 0.400000
v 5.329260 -8.468459 -0.400000
v 5.311067 -8.467842 0.400000
v 5.311067 -8.467842 -0.400000
v 5.293470 -8.467156 0.400000
v 5.293470 -8.467156 -0.400000
v 5.276520 -8.466407 0.400000
v 5.276520 -8.466407 -0.400000
v 5.260264 -8.465603 0.400000
v 5.260264 -8.465603 -0.400000
v 5.244751 -8.464749 0.400000
v 5.244751 -8.464749 -0.400000
v 5.230031 -8.463855 0.400000
v 5.230031 -8.463855 -0.400000
v 5.216150 -8.462926 0.400000
v 5.216150 -8.462926 -0.400000
v 5.203158 -8.461968 0.400000
v 5.203158 -8.461968 -0.400000
v 5.191103 -8.460991 0.400000
v 5.191103 -8.460991 -0.400000
v 5.180035 -8.459999 0.400000
v 5.180035 -8.459999 -0.400000
v 5.170002 -8.459000 0.400000
v 5.170002 -8.459000 -0.400000
v 3.980001 -9.073000 0.400000
v 3.980001 -9.073000 -0.400000
v 3.991745 -9.048851 0.400000
v 3.991745 -9.048851 -0.400000
v 4.003954 -9.024472 0.400000
v 4.003954 -9.024472 -0.400000
v 4.016594 -8.999969 0.400000
v 4.016594 -8.999969 -0.400000
v 4.029630 -8.975444 0.400000
v 4.029630 -8.975444 -0.400000
v 4.043027 -8.951003 0.400000
v 4.043027 -8.951003 -0.400000
v 4.056751 -8.926750 0.400000
v 4.056751 -8.926750 -0.400000
v 4.070766 -8.902788 0.400000
v 4.070766 -8.902788 -0.400000
v 4.085038 -8.879222 0.400000
v 4.085038 -8.879222 -0.400000
v 4.099533 -8.856156 0.400000
v 4.099533 -8.856156 -0.400000
v 4.114214 -8.833694 0.400000
v 4.114214 -8.833694 -0.400000
v 4.129049 -8.811941 0.400000
v 4.129049 -8.811941 -0.400000
v 4.144001 -8.791000 0.400000
v 4.144001 -8.791000 -0.400000
v 4.042001 -8.747000 0.400000
v 4.042001 -8.747000 -0.400000
v 4.029913 -8.764654 0.400000
v 4.029913 -8.764654 -0.400000
v 4.016798 -8.784398 0.400000
v 4.016798 -8.784398 -0.400000
v 4.002876 -8.805906 0.400000
v 4.002876 -8.805906 -0.400000
v 3.988372 -8.828852 0.400000
v 3.988372 -8.828852 -0.400000
v 3.973506 -8.852908 0.400000
v 3.973506 -8.852908 -0.400000
v 3.958501 -8.877749 0.400000
v 3.958501 -8.877749 -0.400000
v 3.943580 -8.903049 0.400000
v 3.943580 -8.903049 -0.400000
v 3.928964 -8.928481 0.400000
v 3.928964 -8.928481 -0.400000
v 3.914876 -8.953718 0.400000
v 3.914876 -8.953718 -0.400000
v 3.901539 -8.978436 0.400000
v 3.901539 -8.978436 -0.400000
v 3.889173 -9.002304 0.400000
v 3.889173 -9.002304 -0.400000
v 3.878001 -9.025000 0.400000
v 3.878001 -9.025000 -0.400000
v 3.754001 -8.989000 0.400000
v 3.754001 -8.989000 -0.400000
v 3.766206 -8.964508 0.400000
v 3.766206 -8.964508 -0.400000
v 3.778807 -8.940064 0.400000
v 3.778807 -8.940064 -0.400000
v 3.791783 -8.915718 0.400000
v 3.791783 -8.915718 -0.400000
v 3.805113 -8.891519 0.400000
v 3.805113 -8.891519 -0.400000
v 3.818776 -8.867513 0.400000
v 3.818776 -8.867513 -0.400000
v 3.832752 -8.843750 0.400000
v 3.832752 -8.843750 -0.400000
v 3.847019 -8.820278 0.400000
v 3.847019 -8.820278 -0.400000
v 3.861557 -8.797148 0.400000
v 3.861557 -8.797148 -0.400000
v 3.876345 -8.774406 0.400000
v 3.876345 -8.774406 -0.400000
v 3.891363 -8.752102 0.400000
v 3.891363 -8.752102 -0.400000
v 3.906588 -8.730284 0.400000
v 3.906588 -8.730284 -0.400000
v 3.922001 -8.709000 0.400000
v 3.922001 -8.709000 -0.400000
v 3.824001 -8.663000 0.400000
v 3.824001 -8.663000 -0.400000
v 3.811373 -8.680614 0.400000
v 3.811373 -8.680614 -0.400000
v 3.797641 -8.700250 0.400000
v 3.797641 -8.700250 -0.400000
v 3.783033 -8.721594 0.400000
v 3.783033 -8.721594 -0.400000
v 3.767779 -8.744333 0.400000
v 3.767779 -8.744333 -0.400000
v 3.752109 -8.768156 0.400000
v 3.752109 -8.768156 -0.400000
v 3.736252 -8.792749 0.400000
v 3.736252 -8.792749 -0.400000
v 3.720436 -8.817802 0.400000
v 3.720436 -8.817802 -0.400000
v 3.704890 -8.842999 0.400000
v 3.704890 -8.842999 -0.400000
v 3.689845 -8.868031 0.400000
v 3.689845 -8.868031 -0.400000
v 3.675529 -8.892583 0.400000
v 3.675529 -8.892583 -0.400000
v 3.662172 -8.916344 0.400000
v 3.662172 -8.916344 -0.400000
v 3.650002 -8.939000 0.400000
v 3.650002 -8.939000 -0.400000
v 2.552001 -8.879000 0.400000
v 2.552001 -8.879000 -0.400000
v 2.552001 -8.514999 0.400000
v 2.552001 -8.514999 -0.400000
v 2.602946 -8.519714 0.400000
v 2.602946 -8.519714 -0.400000
v 2.654557 -8.523879 0.400000
v 2.654557 -8.523879 -0.400000
v 2.706501 -8.527531 0.400000
v 2.706501 -8.527531 -0.400000
v 2.758446 -8.530704 0.400000
v 2.758446 -8.530704 -0.400000
v 2.810057 -8.533432 0.400000
v 2.810057 -8.533432 -0.400000
v 2.861001 -8.535749 0.400000
v 2.861001 -8.535749 -0.400000
v 2.910946 -8.537693 0.400000
v 2.910946 -8.537693 -0.400000
v 2.959557 -8.539296 0.400000
v 2.959557 -8.539296 -0.400000
v 3.006501 -8.540593 0.400000
v 3.006501 -8.540593 -0.400000
v 3.051446 -8.541620 0.400000
v 3.051446 -8.541620 -0.400000
v 3.094057 -8.542411 0.400000
v 3.094057 -8.542411 -0.400000
v 3.134001 -8.542999 0.400000
v 3.134001 -8.542999 -0.400000
v 3.174001 -8.395000 0.400000
v 3.174001 -8.395000 -0.400000
v 3.132973 -8.396204 0.400000
v 3.132973 -8.396204 -0.400000
v 3.086446 -8.396805 0.400000
v 3.086446 -8.396805 -0.400000
v 3.035251 -8.396781 0.400000
v 3.035251 -8.396781 -0.400000
v 2.980223 -8.396111 0.400000
v 2.980223 -8.396111 -0.400000
v 2.922196 -8.394773 0.400000
v 2.922196 -8.394773 -0.400000
v 2.862001 -8.392750 0.400000
v 2.862001 -8.392750 -0.400000
v 2.800473 -8.390017 0.400000
v 2.800473 -8.390017 -0.400000
v 2.738446 -8.386555 0.400000
v 2.738446 -8.386555 -0.400000
v 2.676751 -8.382343 0.400000
v 2.676751 -8.382343 -0.400000
v 2.616224 -8.377361 0.400000
v 2.616224 -8.377361 -0.400000
v 2.557696 -8.371587 0.400000
v 2.557696 -8.371587 -0.400000
v 2.502001 -8.365000 0.400000
v 2.502001 -8.365000 -0.400000
v 2.455488 -8.358058 0.400000
v 2.455488 -8.358058 -0.400000
v 2.407390 -8.350296 0.400000
v 2.407390 -8.350296 -0.400000
v 2.358377 -8.341812 0.400000
v 2.358377 -8.341812 -0.400000
v 2.309113 -8.332704 0.400000
v 2.309113 -8.332704 -0.400000
v 2.260265 -8.323067 0.400000
v 2.260265 -8.323067 -0.400000
v 2.212502 -8.313000 0.400000
v 2.212502 -8.313000 -0.400000
v 2.166488 -8.302599 0.400000
v 2.166488 -8.302599 -0.400000
v 2.122890 -8.291963 0.400000
v 2.122890 -8.291963 -0.400000
v 2.082376 -8.281187 0.400000
v 2.082376 -8.281187 -0.400000
v 2.045613 -8.270370 0.400000
v 2.045613 -8.270370 -0.400000
v 2.013265 -8.259608 0.400000
v 2.013265 -8.259608 -0.400000
v 1.986001 -8.249000 0.400000
v 1.986001 -8.249000 -0.400000
v 1.880001 -8.387000 0.400000
v 1.880001 -8.387000 -0.400000
v 1.890913 -8.389958 0.400000
v 1.890913 -8.389958 -0.400000
v 1.901631 -8.392833 0.400000
v 1.901631 -8.392833 -0.400000
v 1.912126 -8.395625 0.400000
v 1.912126 -8.395625 -0.400000
v 1.922372 -8.398333 0.400000
v 1.922372 -8.398333 -0.400000
v 1.932339 -8.400958 0.400000
v 1.932339 -8.400958 -0.400000
v 1.942001 -8.403500 0.400000
v 1.942001 -8.403500 -0.400000
v 1.951330 -8.405958 0.400000
v 1.951330 -8.405958 -0.400000
v 1.960298 -8.408333 0.400000
v 1.960298 -8.408333 -0.400000
v 1.968876 -8.410625 0.400000
v 1.968876 -8.410625 -0.400000
v 1.977038 -8.412833 0.400000
v 1.977038 -8.412833 -0.400000
v 1.984756 -8.414958 0.400000
v 1.984756 -8.414958 -0.400000
v 1.992001 -8.417000 0.400000
v 1.992001 -8.417000 -0.400000
v 2.018090 -8.423576 0.400000
v 2.018090 -8.423576 -0.400000
v 2.046205 -8.430278 0.400000
v 2.046205 -8.430278 -0.400000
v 2.076127 -8.437062 0.400000
v 2.076127 -8.437062 -0.400000
v 2.107631 -8.443889 0.400000
v 2.107631 -8.443889 -0.400000
v 2.140497 -8.450715 0.400000
v 2.140497 -8.450715 -0.400000
v 2.174502 -8.457500 0.400000
v 2.174502 -8.457500 -0.400000
v 2.209423 -8.464201 0.400000
v 2.209423 -8.464201 -0.400000
v 2.245039 -8.470778 0.400000
v 2.245039 -8.470778 -0.400000
v 2.281126 -8.477187 0.400000
v 2.281126 -8.477187 -0.400000
v 2.317464 -8.483389 0.400000
v 2.317464 -8.483389 -0.400000
v 2.353830 -8.489340 0.400000
v 2.353830 -8.489340 -0.400000
v 2.390001 -8.495000 0.400000
v 2.390001 -8.495000 -0.400000
v 2.390001 -8.879000 0.400000
v 2.390001 -8.879000 -0.400000
v 1.838001 -8.879000 0.400000
v 1.838001 -8.879000 -0.400000
v 1.826452 -8.878919 0.400000
v 1.826452 -8.878919 -0.400000
v 1.813937 -8.878685 0.400000
v 1.813937 -8.878685 -0.400000
v 1.800658 -8.878312 0.400000
v 1.800658 -8.878312 -0.400000
v 1.786816 -8.877815 0.400000
v 1.786816 -8.877815 -0.400000
v 1.772614 -8.877206 0.400000
v 1.772614 -8.877206 -0.400000
v 1.758251 -8.876500 0.400000
v 1.758251 -8.876500 -0.400000
v 1.743931 -8.875710 0.400000
v 1.743931 -8.875710 -0.400000
v 1.729853 -8.874851 0.400000
v 1.729853 -8.874851 -0.400000
v 1.716220 -8.873938 0.400000
v 1.716220 -8.873938 -0.400000
v 1.703233 -8.872981 0.400000
v 1.703233 -8.872981 -0.400000
v 1.691093 -8.871998 0.400000
v 1.691093 -8.871998 -0.400000
v 1.680001 -8.871000 0.400000
v 1.680001 -8.871000 -0.400000
v 1.680001 -9.037000 0.400000
v 1.680001 -9.037000 -0.400000
v 1.691320 -9.036002 0.400000
v 1.691320 -9.036002 -0.400000
v 1.703214 -9.035018 0.400000
v 1.703214 -9.035018 -0.400000
v 1.715595 -9.034062 0.400000
v 1.715595 -9.034062 -0.400000
v 1.728372 -9.033148 0.400000
v 1.728372 -9.033148 -0.400000
v 1.741454 -9.032290 0.400000
v 1.741454 -9.032290 -0.400000
v 1.754751 -9.031500 0.400000
v 1.754751 -9.031500 -0.400000
v 1.768174 -9.030794 0.400000
v 1.768174 -9.030794 -0.400000
v 1.781631 -9.030185 0.400000
v 1.781631 -9.030185 -0.400000
v 1.795033 -9.029688 0.400000
v 1.795033 -9.029688 -0.400000
v 1.808288 -9.029315 0.400000
v 1.808288 -9.029315 -0.400000
v 1.821308 -9.029081 0.400000
v 1.821308 -9.029081 -0.400000
v 1.834001 -9.028999 0.400000
v 1.834001 -9.028999 -0.400000
v 2.392001 -9.028999 0.400000
v 2.392001 -9.028999 -0.400000
v 2.400128 -9.120235 0.400000
v 2.400128 -9.120235 -0.400000
v 2.413678 -9.207047 0.400000
v 2.413678 -9.207047 -0.400000
v 2.432908 -9.289594 0.400000
v 2.432908 -9.289594 -0.400000
v 2.458076 -9.368037 0.400000
v 2.458076 -9.368037 -0.400000
v 2.489438 -9.442535 0.400000
v 2.489438 -9.442535 -0.400000
v 2.527252 -9.513250 0.400000
v 2.527252 -9.513250 -0.400000
v 2.571774 -9.580339 0.400000
v 2.571774 -9.580339 -0.400000
v 2.623261 -9.643963 0.400000
v 2.623261 -9.643963 -0.400000
v 2.681970 -9.704281 0.400000
v 2.681970 -9.704281 -0.400000
v 2.748159 -9.761454 0.400000
v 2.748159 -9.761454 -0.400000
v 2.822084 -9.815639 0.400000
v 2.822084 -9.815639 -0.400000
v 2.904001 -9.867000 0.400000
v 2.904001 -9.867000 -0.400000
v 3.062001 -9.757000 0.400000
v 3.062001 -9.757000 -0.400000
v 2.986122 -9.718843 0.400000
v 2.986122 -9.718843 -0.400000
v 2.916465 -9.677240 0.400000
v 2.916465 -9.677240 -0.400000
v 2.853002 -9.632000 0.400000
v 2.853002 -9.632000 -0.400000
v 2.795705 -9.582926 0.400000
v 2.795705 -9.582926 -0.400000
v 2.744548 -9.529823 0.400000
v 2.744548 -9.529823 -0.400000
v 2.699502 -9.472500 0.400000
v 2.699502 -9.472500 -0.400000
v 2.660538 -9.410759 0.400000
v 2.660538 -9.410759 -0.400000
v 2.627631 -9.344407 0.400000
v 2.627631 -9.344407 -0.400000
v 2.600751 -9.273250 0.400000
v 2.600751 -9.273250 -0.400000
v 2.579872 -9.197092 0.400000
v 2.579872 -9.197092 -0.400000
v 2.564964 -9.115741 0.400000
v 2.564964 -9.115741 -0.400000
v 2.556001 -9.028999 0.400000
v 2.556001 -9.028999 -0.400000
v 3.150002 -9.028999 0.400000
v 3.150002 -9.028999 -0.400000
v 3.166071 -9.029081 0.400000
v 3.166071 -9.029081 -0.400000
v 3.182224 -9.029315 0.400000
v 3.182224 -9.029315 -0.400000
v 3.198376 -9.029688 0.400000
v 3.198376 -9.029688 -0.400000
v 3.214446 -9.030185 0.400000
v 3.214446 -9.030185 -0.400000
v 3.230349 -9.030794 0.400000
v 3.230349 -9.030794 -0.400000
v 3.246001 -9.031500 0.400000
v 3.246001 -9.031500 -0.400000
v 3.261321 -9.032290 0.400000
v 3.261321 -9.032290 -0.400000
v 3.276223 -9.033148 0.400000
v 3.276223 -9.033148 -0.400000
v 3.290626 -9.034062 0.400000
v 3.290626 -9.034062 -0.400000
v 3.304446 -9.035018 0.400000
v 3.304446 -9.035018 -0.400000
v 3.317599 -9.036002 0.400000
v 3.317599 -9.036002 -0.400000
v 3.330001 -9.037000 0.400000
v 3.330001 -9.037000 -0.400000
v 3.330001 -8.871000 0.400000
v 3.330001 -8.871000 -0.400000
v 3.318021 -8.871998 0.400000
v 3.318021 -8.871998 -0.400000
v 3.305159 -8.872981 0.400000
v 3.305159 -8.872981 -0.400000
v 3.291533 -8.873938 0.400000
v 3.291533 -8.873938 -0.400000
v 3.277261 -8.874851 0.400000
v 3.277261 -8.874851 -0.400000
v 3.262461 -8.875710 0.400000
v 3.262461 -8.875710 -0.400000
v 3.247252 -8.876500 0.400000
v 3.247252 -8.876500 -0.400000
v 3.231750 -8.877206 0.400000
v 3.231750 -8.877206 -0.400000
v 3.216076 -8.877814 0.400000
v 3.216076 -8.877814 -0.400000
v 3.200345 -8.878312 0.400000
v 3.200345 -8.878312 -0.400000
v 3.184677 -8.878685 0.400000
v 3.184677 -8.878685 -0.400000
v 3.169190 -8.878919 0.400000
v 3.169190 -8.878919 -0.400000
v 3.154001 -8.879000 0.400000
v 3.154001 -8.879000 -0.400000
v 0.318001 -9.611000 0.400000
v 0.318001 -9.611000 -0.400000
v 0.309964 -9.564663 0.400000
v 0.309964 -9.564663 -0.400000
v 0.301038 -9.510805 0.400000
v 0.301038 -9.510805 -0.400000
v 0.291501 -9.451157 0.400000
v 0.291501 -9.451157 -0.400000
v 0.281631 -9.387444 0.400000
v 0.281631 -9.387444 -0.400000
v 0.271705 -9.321400 0.400000
v 0.271705 -9.321400 -0.400000
v 0.262001 -9.254750 0.400000
v 0.262001 -9.254750 -0.400000
v 0.252798 -9.189226 0.400000
v 0.252798 -9.189226 -0.400000
v 0.244372 -9.126555 0.400000
v 0.244372 -9.126555 -0.400000
v 0.237001 -9.068468 0.400000
v 0.237001 -9.068468 -0.400000
v 0.230964 -9.016694 0.400000
v 0.230964 -9.016694 -0.400000
v 0.226538 -8.972961 0.400000
v 0.226538 -8.972961 -0.400000
v 0.224001 -8.939000 0.400000
v 0.224001 -8.939000 -0.400000
v 0.261495 -8.939000 0.400000
v 0.261495 -8.939000 -0.400000
v 0.310279 -8.939000 0.400000
v 0.310279 -8.939000 -0.400000
v 0.367814 -8.939000 0.400000
v 0.367814 -8.939000 -0.400000
v 0.431557 -8.939000 0.400000
v 0.431557 -8.939000 -0.400000
v 0.498967 -8.939000 0.400000
v 0.498967 -8.939000 -0.400000
v 0.567502 -8.939000 0.400000
v 0.567501 -8.939000 -0.400000
v 0.634620 -8.939000 0.400000
v 0.634620 -8.939000 -0.400000
v 0.697779 -8.939000 0.400000
v 0.697779 -8.939000 -0.400000
v 0.754439 -8.939000 0.400000
v 0.754439 -8.939000 -0.400000
v 0.802057 -8.939000 0.400000
v 0.802057 -8.939000 -0.400000
v 0.838092 -8.939000 0.400000
v 0.838092 -8.939000 -0.400000
v 0.860002 -8.939000 0.400000
v 0.860001 -8.939000 -0.400000
v 0.874379 -8.939079 0.400000
v 0.874379 -8.939079 -0.400000
v 0.888520 -8.939305 0.400000
v 0.888520 -8.939305 -0.400000
v 0.902439 -8.939656 0.400000
v 0.902439 -8.939656 -0.400000
v 0.916150 -8.940111 0.400000
v 0.916150 -8.940111 -0.400000
v 0.929666 -8.940649 0.400000
v 0.929666 -8.940649 -0.400000
v 0.943002 -8.941250 0.400000
v 0.943001 -8.941250 -0.400000
v 0.956171 -8.941893 0.400000
v 0.956170 -8.941893 -0.400000
v 0.969187 -8.942555 0.400000
v 0.969187 -8.942555 -0.400000
v 0.982064 -8.943218 0.400000
v 0.982064 -8.943218 -0.400000
v 0.994816 -8.943861 0.400000
v 0.994816 -8.943861 -0.400000
v 1.007457 -8.944462 0.400000
v 1.007457 -8.944462 -0.400000
v 1.020001 -8.945000 0.400000
v 1.020001 -8.945000 -0.400000
v 1.020001 -8.776999 0.400000
v 1.020001 -8.776999 -0.400000
v 1.007764 -8.778497 0.400000
v 1.007764 -8.778497 -0.400000
v 0.995103 -8.779972 0.400000
v 0.995103 -8.779972 -0.400000
v 0.982095 -8.781406 0.400000
v 0.982095 -8.781406 -0.400000
v 0.968816 -8.782778 0.400000
v 0.968816 -8.782778 -0.400000
v 0.955343 -8.784066 0.400000
v 0.955343 -8.784066 -0.400000
v 0.941752 -8.785250 0.400000
v 0.941751 -8.785250 -0.400000
v 0.928118 -8.786309 0.400000
v 0.928118 -8.786309 -0.400000
v 0.914520 -8.787222 0.400000
v 0.914520 -8.787222 -0.400000
v 0.901033 -8.787969 0.400000
v 0.901033 -8.787969 -0.400000
v 0.887733 -8.788527 0.400000
v 0.887733 -8.788527 -0.400000
v 0.874697 -8.788878 0.400000
v 0.874697 -8.788878 -0.400000
v 0.862001 -8.789000 0.400000
v 0.862001 -8.789000 -0.400000
v 0.835754 -8.789000 0.400000
v 0.835754 -8.789000 -0.400000
v 0.797520 -8.789000 0.400000
v 0.797520 -8.789000 -0.400000
v 0.749564 -8.789000 0.400000
v 0.749564 -8.789000 -0.400000
v 0.694150 -8.789000 0.400000
v 0.694149 -8.789000 -0.400000
v 0.633541 -8.789000 0.400000
v 0.633541 -8.789000 -0.400000
v 0.570001 -8.789000 0.400000
v 0.570001 -8.789000 -0.400000
v 0.505795 -8.789000 0.400000
v 0.505795 -8.789000 -0.400000
v 0.443187 -8.789000 0.400000
v 0.443187 -8.789000 -0.400000
v 0.384439 -8.789000 0.400000
v 0.384439 -8.789000 -0.400000
v 0.331816 -8.789000 0.400000
v 0.331816 -8.789000 -0.400000
v 0.287582 -8.789000 0.400000
v 0.287582 -8.789000 -0.400000
v 0.254001 -8.789000 0.400000
v 0.254001 -8.789000 -0.400000
v 0.245655 -8.788877 0.400000
v 0.245655 -8.788877 -0.400000
v 0.236733 -8.788519 0.400000
v 0.236733 -8.788519 -0.400000
v 0.227408 -8.787937 0.400000
v 0.227408 -8.787937 -0.400000
v 0.217853 -8.787148 0.400000
v 0.217853 -8.787148 -0.400000
v 0.208243 -8.786164 0.400000
v 0.208243 -8.786164 -0.400000
v 0.198751 -8.785000 0.400000
v 0.198751 -8.785000 -0.400000
v 0.189551 -8.783669 0.400000
v 0.189551 -8.783669 -0.400000
v 0.180816 -8.782185 0.400000
v 0.180816 -8.782185 -0.400000
v 0.172720 -8.780562 0.400000
v 0.172720 -8.780562 -0.400000
v 0.165437 -8.778814 0.400000
v 0.165437 -8.778814 -0.400000
v 0.159139 -8.776956 0.400000
v 0.159139 -8.776956 -0.400000
v 0.154001 -8.775000 0.400000
v 0.154001 -8.775000 -0.400000
v 0.032001 -8.833000 0.400000
v 0.032001 -8.833000 -0.400000
v 0.033499 -8.838116 0.400000
v 0.033499 -8.838116 -0.400000
v 0.034983 -8.843426 0.400000
v 0.034983 -8.843426 -0.400000
v 0.036439 -8.848875 0.400000
v 0.036439 -8.848875 -0.400000
v 0.037853 -8.854407 0.400000
v 0.037853 -8.854407 -0.400000
v 0.039212 -8.859967 0.400000
v 0.039212 -8.859967 -0.400000
v 0.040501 -8.865499 0.400000
v 0.040501 -8.865499 -0.400000
v 0.041707 -8.870949 0.400000
v 0.041707 -8.870949 -0.400000
v 0.042816 -8.876259 0.400000
v 0.042816 -8.876259 -0.400000
v 0.043814 -8.881374 0.400000
v 0.043814 -8.881374 -0.400000
v 0.044687 -8.886241 0.400000
v 0.044687 -8.886241 -0.400000
v 0.045420 -8.890800 0.400000
v 0.045420 -8.890800 -0.400000
v 0.046001 -8.895000 0.400000
v 0.046001 -8.895000 -0.400000
v 0.050835 -8.934181 0.400000
v 0.050835 -8.934181 -0.400000
v 0.057168 -8.982620 0.400000
v 0.057168 -8.982620 -0.400000
v 0.064751 -9.038656 0.400000
v 0.064751 -9.038656 -0.400000
v 0.073335 -9.100630 0.400000
v 0.073335 -9.100630 -0.400000
v 0.082668 -9.166881 0.400000
v 0.082668 -9.166881 -0.400000
v 0.092501 -9.235750 0.400000
v 0.092501 -9.235750 -0.400000
v 0.102585 -9.305577 0.400000
v 0.102585 -9.305577 -0.400000
v 0.112668 -9.374703 0.400000
v 0.112668 -9.374703 -0.400000
v 0.122501 -9.441469 0.400000
v 0.122501 -9.441469 -0.400000
v 0.131835 -9.504213 0.400000
v 0.131835 -9.504213 -0.400000
v 0.140418 -9.561276 0.400000
v 0.140418 -9.561276 -0.400000
v 0.148001 -9.611000 0.400000
v 0.148001 -9.611000 -0.400000
v -0.047999 -9.611000 0.400000
v -0.047999 -9.611000 -0.400000
v -0.059548 -9.610958 0.400000
v -0.059548 -9.610958 -0.400000
v -0.072063 -9.610832 0.400000
v -0.072063 -9.610832 -0.400000
v -0.085342 -9.610624 0.400000
v -0.085342 -9.610624 -0.400000
v -0.099184 -9.610332 0.400000
v -0.099184 -9.610332 -0.400000
v -0.113386 -9.609958 0.400000
v -0.113386 -9.609958 -0.400000
v -0.127749 -9.609499 0.400000
v -0.127749 -9.609499 -0.400000
v -0.142069 -9.608957 0.400000
v -0.142069 -9.608957 -0.400000
v -0.156147 -9.608333 0.400000
v -0.156147 -9.608333 -0.400000
v -0.169780 -9.607624 0.400000
v -0.169780 -9.607624 -0.400000
v -0.182767 -9.606833 0.400000
v -0.182767 -9.606833 -0.400000
v -0.194907 -9.605958 0.400000
v -0.194907 -9.605958 -0.400000
v -0.205999 -9.605000 0.400000
v -0.205999 -9.605000 -0.400000
v -0.205999 -9.767000 0.400000
v -0.205999 -9.767000 -0.400000
v -0.196247 -9.766501 0.400000
v -0.196248 -9.766501 -0.400000
v -0.185156 -9.766009 0.400000
v -0.185156 -9.766009 -0.400000
v -0.172967 -9.765532 0.400000
v -0.172967 -9.765532 -0.400000
v -0.159925 -9.765074 0.400000
v -0.159925 -9.765074 -0.400000
v -0.146271 -9.764645 0.400000
v -0.146271 -9.764645 -0.400000
v -0.132249 -9.764250 0.400000
v -0.132249 -9.764250 -0.400000
v -0.118102 -9.763897 0.400000
v -0.118102 -9.763897 -0.400000
v -0.104073 -9.763593 0.400000
v -0.104073 -9.763593 -0.400000
v -0.090405 -9.763344 0.400000
v -0.090405 -9.763344 -0.400000
v -0.077341 -9.763157 0.400000
v -0.077341 -9.763157 -0.400000
v -0.065125 -9.763041 0.400000
v -0.065125 -9.763041 -0.400000
v -0.053999 -9.763000 0.400000
v -0.053999 -9.763000 -0.400000
v -0.010357 -9.763000 0.400000
v -0.010357 -9.763000 -0.400000
v 0.059964 -9.763000 0.400000
v 0.059964 -9.763000 -0.400000
v 0.151564 -9.763000 0.400000
v 0.151564 -9.763000 -0.400000
v 0.259038 -9.763000 0.400000
v 0.259038 -9.763000 -0.400000
v 0.376985 -9.763000 0.400000
v 0.376985 -9.763000 -0.400000
v 0.500001 -9.763000 0.400000
v 0.500001 -9.763000 -0.400000
v 0.622684 -9.763000 0.400000
v 0.622684 -9.763000 -0.400000
v 0.739631 -9.763000 0.400000
v 0.739631 -9.763000 -0.400000
v 0.845439 -9.763000 0.400000
v 0.845439 -9.763000 -0.400000
v 0.934705 -9.763000 0.400000
v 0.934705 -9.763000 -0.400000
v 1.002027 -9.763000 0.400000
v 1.002027 -9.763000 -0.400000
v 1.042001 -9.763000 0.400000
v 1.042001 -9.763000 -0.400000
v 1.057184 -9.763042 0.400000
v 1.057184 -9.763042 -0.400000
v 1.071798 -9.763166 0.400000
v 1.071798 -9.763166 -0.400000
v 1.085939 -9.763375 0.400000
v 1.085939 -9.763375 -0.400000
v 1.099705 -9.763667 0.400000
v 1.099705 -9.763667 -0.400000
v 1.113194 -9.764042 0.400000
v 1.113194 -9.764042 -0.400000
v 1.126501 -9.764500 0.400000
v 1.126501 -9.764500 -0.400000
v 1.139726 -9.765041 0.400000
v 1.139726 -9.765041 -0.400000
v 1.152964 -9.765667 0.400000
v 1.152964 -9.765667 -0.400000
v 1.166314 -9.766375 0.400000
v 1.166314 -9.766375 -0.400000
v 1.179872 -9.767166 0.400000
v 1.179872 -9.767166 -0.400000
v 1.193735 -9.768042 0.400000
v 1.193735 -9.768042 -0.400000
v 1.208001 -9.769000 0.400000
v 1.208001 -9.769000 -0.400000
v 1.208001 -9.603000 0.400000
v 1.208001 -9.603000 -0.400000
v 1.195798 -9.603998 0.400000
v 1.195798 -9.603998 -0.400000
v 1.183205 -9.604981 0.400000
v 1.183205 -9.604981 -0.400000
v 1.170252 -9.605938 0.400000
v 1.170252 -9.605938 -0.400000
v 1.156965 -9.606852 0.400000
v 1.156965 -9.606852 -0.400000
v 1.143372 -9.607711 0.400000
v 1.143372 -9.607711 -0.400000
v 1.129502 -9.608500 0.400000
v 1.129502 -9.608500 -0.400000
v 1.115381 -9.609206 0.400000
v 1.115381 -9.609206 -0.400000
v 1.101039 -9.609815 0.400000
v 1.101039 -9.609815 -0.400000
v 1.086502 -9.610312 0.400000
v 1.086502 -9.610312 -0.400000
v 1.071798 -9.610685 0.400000
v 1.071798 -9.610685 -0.400000
v 1.056955 -9.610919 0.400000
v 1.056955 -9.610919 -0.400000
v 1.042001 -9.611000 0.400000
v 1.042001 -9.611000 -0.400000
v -1.025827 -8.929000 0.400000
v -1.025827 -8.929000 -0.400000
v -1.098295 -8.929000 0.400000
v -1.098295 -8.929000 -0.400000
v -1.188874 -8.929000 0.400000
v -1.188874 -8.929000 -0.400000
v -1.293036 -8.929000 0.400000
v -1.293036 -8.929000 -0.400000
v -1.406253 -8.929000 0.400000
v -1.406253 -8.929000 -0.400000
v -1.523998 -8.929000 0.400000
v -1.523998 -8.929000 -0.400000
v -1.641744 -8.929000 0.400000
v -1.641744 -8.929000 -0.400000
v -1.754961 -8.929000 0.400000
v -1.754961 -8.929000 -0.400000
v -1.859124 -8.929000 0.400000
v -1.859124 -8.929000 -0.400000
v -1.949702 -8.929000 0.400000
v -1.949702 -8.929000 -0.400000
v -2.022170 -8.929000 0.400000
v -2.022170 -8.929000 -0.400000
v -2.071999 -8.929000 0.400000
v -2.071999 -8.929000 -0.400000
v -2.096415 -8.928879 0.400000
v -2.096415 -8.928879 -0.400000
v -2.119665 -8.928536 0.400000
v -2.119665 -8.928536 -0.400000
v -2.141748 -8.927999 0.400000
v -2.141748 -8.927999 -0.400000
v -2.162665 -8.927296 0.400000
v -2.162665 -8.927296 -0.400000
v -2.182415 -8.926454 0.400000
v -2.182415 -8.926454 -0.400000
v -2.200999 -8.925500 0.400000
v -2.200999 -8.925500 -0.400000
v -2.218415 -8.924462 0.400000
v -2.218415 -8.924462 -0.400000
v -2.234665 -8.923370 0.400000
v -2.234665 -8.923370 -0.400000
v -2.249748 -8.922250 0.400000
v -2.249748 -8.922250 -0.400000
v -2.263665 -8.921129 0.400000
v -2.263665 -8.921129 -0.400000
v -2.276415 -8.920036 0.400000
v -2.276415 -8.920036 -0.400000
v -2.287999 -8.919000 0.400000
v -2.287999 -8.919000 -0.400000
v -2.287999 -9.115000 0.400000
v -2.287999 -9.115000 -0.400000
v -2.277104 -9.114383 0.400000
v -2.277104 -9.114383 -0.400000
v -2.264508 -9.113564 0.400000
v -2.264508 -9.113564 -0.400000
v -2.250342 -9.112594 0.400000
v -2.250342 -9.112594 -0.400000
v -2.234739 -9.111519 0.400000
v -2.234739 -9.111519 -0.400000
v -2.217830 -9.110388 0.400000
v -2.217830 -9.110388 -0.400000
v -2.199748 -9.109250 0.400000
v -2.199748 -9.109250 -0.400000
v -2.180624 -9.108154 0.400000
v -2.180624 -9.108154 -0.400000
v -2.160591 -9.107148 0.400000
v -2.160591 -9.107148 -0.400000
v -2.139780 -9.106281 0.400000
v -2.139780 -9.106281 -0.400000
v -2.118322 -9.105601 0.400000
v -2.118322 -9.105601 -0.400000
v -2.096351 -9.105158 0.400000
v -2.096351 -9.105158 -0.400000
v -2.073998 -9.105000 0.400000
v -2.073998 -9.105000 -0.400000
v -2.023748 -9.105000 0.400000
v -2.023748 -9.105000 -0.400000
v -1.950998 -9.105000 0.400000
v -1.950998 -9.105000 -0.400000
v -1.860248 -9.105000 0.400000
v -1.860248 -9.105000 -0.400000
v -1.755998 -9.105000 0.400000
v -1.755998 -9.105000 -0.400000
v -1.642748 -9.105000 0.400000
v -1.642748 -9.105000 -0.400000
v -1.524998 -9.105000 0.400000
v -1.524998 -9.105000 -0.400000
v -1.407248 -9.105000 0.400000
v -1.407248 -9.105000 -0.400000
v -1.293998 -9.105000 0.400000
v -1.293998 -9.105000 -0.400000
v -1.189748 -9.105000 0.400000
v -1.189748 -9.105000 -0.400000
v -1.098998 -9.105000 0.400000
v -1.098998 -9.105000 -0.400000
v -1.026248 -9.105000 0.400000
v -1.026248 -9.105000 -0.400000
v -0.975998 -9.105000 0.400000
v -0.975999 -9.105000 -0.400000
v -0.948605 -9.105082 0.400000
v -0.948605 -9.105082 -0.400000
v -0.921517 -9.105324 0.400000
v -0.921517 -9.105324 -0.400000
v -0.894873 -9.105719 0.400000
v -0.894874 -9.105719 -0.400000
v -0.868813 -9.106259 0.400000
v -0.868813 -9.106259 -0.400000
v -0.843475 -9.106938 0.400000
v -0.843475 -9.106938 -0.400000
v -0.818999 -9.107750 0.400000
v -0.818999 -9.107750 -0.400000
v -0.795522 -9.108686 0.400000
v -0.795522 -9.108686 -0.400000
v -0.773184 -9.109740 0.400000
v -0.773184 -9.109740 -0.400000
v -0.752124 -9.110907 0.400000
v -0.752124 -9.110907 -0.400000
v -0.732480 -9.112176 0.400000
v -0.732480 -9.112176 -0.400000
v -0.714392 -9.113543 0.400000
v -0.714392 -9.113543 -0.400000
v -0.697998 -9.115000 0.400000
v -0.697999 -9.115000 -0.400000
v -0.697998 -8.919000 0.400000
v -0.697999 -8.919000 -0.400000
v -0.713934 -8.920037 0.400000
v -0.713934 -8.920037 -0.400000
v -0.731647 -8.921129 0.400000
v -0.731647 -8.921129 -0.400000
v -0.750998 -8.922250 0.400000
v -0.750999 -8.922250 -0.400000
v -0.771850 -8.923370 0.400000
v -0.771850 -8.923370 -0.400000
v -0.794063 -8.924463 0.400000
v -0.794063 -8.924463 -0.400000
v -0.817499 -8.925500 0.400000
v -0.817499 -8.925500 -0.400000
v -0.842017 -8.926454 0.400000
v -0.842017 -8.926454 -0.400000
v -0.867480 -8.927296 0.400000
v -0.867480 -8.927296 -0.400000
v -0.893749 -8.927999 0.400000
v -0.893749 -8.927999 -0.400000
v -0.920684 -8.928536 0.400000
v -0.920684 -8.928536 -0.400000
v -0.948147 -8.928880 0.400000
v -0.948147 -8.928880 -0.400000
v -0.975998 -8.929000 0.400000
v -0.975999 -8.929000 -0.400000
v -3.167913 -8.430327 0.400000
v -3.167913 -8.430327 -0.400000
v -3.167647 -8.414454 0.400000
v -3.167647 -8.414454 -0.400000
v -3.167186 -8.397593 0.400000
v -3.167186 -8.397593 -0.400000
v -3.166517 -8.379963 0.400000
v -3.166517 -8.379963 -0.400000
v -3.165626 -8.361776 0.400000
v -3.165626 -8.361776 -0.400000
v -3.164499 -8.343250 0.400000
v -3.164499 -8.343250 -0.400000
v -3.163121 -8.324598 0.400000
v -3.163121 -8.324598 -0.400000
v -3.161480 -8.306037 0.400000
v -3.161480 -8.306037 -0.400000
v -3.159561 -8.287781 0.400000
v -3.159561 -8.287781 -0.400000
v -3.157351 -8.270046 0.400000
v -3.157351 -8.270046 -0.400000
v -3.154834 -8.253047 0.400000
v -3.154834 -8.253047 -0.400000
v -3.151999 -8.237000 0.400000
v -3.151999 -8.237000 -0.400000
v -3.347999 -8.237000 0.400000
v -3.347999 -8.237000 -0.400000
v -3.346463 -8.252971 0.400000
v -3.346463 -8.252971 -0.400000
v -3.344878 -8.269768 0.400000
v -3.344878 -8.269768 -0.400000
v -3.343280 -8.287218 0.400000
v -3.343280 -8.287218 -0.400000
v -3.341702 -8.305148 0.400000
v -3.341702 -8.305148 -0.400000
v -3.340180 -8.323383 0.400000
v -3.340180 -8.323383 -0.400000
v -3.338749 -8.341750 0.400000
v -3.338749 -8.341750 -0.400000
v -3.337442 -8.360075 0.400000
v -3.337442 -8.360075 -0.400000
v -3.336295 -8.378185 0.400000
v -3.336295 -8.378185 -0.400000
v -3.335342 -8.395906 0.400000
v -3.335342 -8.395906 -0.400000
v -3.334619 -8.413065 0.400000
v -3.334619 -8.413065 -0.400000
v -3.334160 -8.429487 0.400000
v -3.334160 -8.429487 -0.400000
v -3.333999 -8.445000 0.400000
v -3.333999 -8.445000 -0.400000
v -3.333999 -8.771000 0.400000
v -3.333999 -8.771000 -0.400000
v -3.402250 -8.792274 0.400000
v -3.402250 -8.792274 -0.400000
v -3.474341 -8.815861 0.400000
v -3.474341 -8.815861 -0.400000
v -3.549280 -8.841406 0.400000
v -3.549280 -8.841406 -0.400000
v -3.626073 -8.868556 0.400000
v -3.626073 -8.868556 -0.400000
v -3.703727 -8.896955 0.400000
v -3.703727 -8.896955 -0.400000
v -3.781249 -8.926250 0.400000
v -3.781249 -8.926250 -0.400000
v -3.857646 -8.956087 0.400000
v -3.857646 -8.956087 -0.400000
v -3.931924 -8.986111 0.400000
v -3.931924 -8.986111 -0.400000
v -4.003092 -9.015968 0.400000
v -4.003092 -9.015968 -0.400000
v -4.070156 -9.045305 0.400000
v -4.070156 -9.045305 -0.400000
v -4.132123 -9.073767 0.400000
v -4.132123 -9.073767 -0.400000
v -4.187999 -9.101000 0.400000
v -4.187999 -9.101000 -0.400000
v -4.119998 -9.271000 0.400000
v -4.119998 -9.271000 -0.400000
v -4.062978 -9.241213 0.400000
v -4.062978 -9.241213 -0.400000
v -4.001499 -9.211037 0.400000
v -4.001499 -9.211037 -0.400000
v -3.936436 -9.180750 0.400000
v -3.936436 -9.180750 -0.400000
v -3.868665 -9.150629 0.400000
v -3.868665 -9.150629 -0.400000
v -3.799061 -9.120954 0.400000
v -3.799061 -9.120954 -0.400000
v -3.728499 -9.091999 0.400000
v -3.728499 -9.091999 -0.400000
v -3.657853 -9.064046 0.400000
v -3.657853 -9.064046 -0.400000
v -3.587999 -9.037370 0.400000
v -3.587999 -9.037370 -0.400000
v -3.519811 -9.012250 0.400000
v -3.519811 -9.012250 -0.400000
v -3.454165 -8.988963 0.400000
v -3.454165 -8.988963 -0.400000
v -3.391936 -8.967787 0.400000
v -3.391936 -8.967787 -0.400000
v -3.333999 -8.948999 0.400000
v -3.333999 -8.948999 -0.400000
v -3.335999 -9.608999 0.400000
v -3.335999 -9.608999 -0.400000
v -3.336082 -9.625407 0.400000
v -3.336082 -9.625407 -0.400000
v -3.336332 -9.643426 0.400000
v -3.336332 -9.643426 -0.400000
v -3.336748 -9.662750 0.400000
v -3.336748 -9.662750 -0.400000
v -3.337332 -9.683074 0.400000
v -3.337332 -9.683074 -0.400000
v -3.338082 -9.704092 0.400000
v -3.338082 -9.704092 -0.400000
v -3.338999 -9.725500 0.400000
v -3.338999 -9.725500 -0.400000
v -3.340082 -9.746990 0.400000
v -3.340082 -9.746990 -0.400000
v -3.341332 -9.768259 0.400000
v -3.341332 -9.768259 -0.400000
v -3.342749 -9.789000 0.400000
v -3.342749 -9.789000 -0.400000
v -3.344332 -9.808908 0.400000
v -3.344332 -9.808908 -0.400000
v -3.346082 -9.827676 0.400000
v -3.346082 -9.827676 -0.400000
v -3.347999 -9.844999 0.400000
v -3.347999 -9.844999 -0.400000
v -3.153999 -9.844999 0.400000
v -3.153999 -9.844999 -0.400000
v -3.156375 -9.828325 0.400000
v -3.156375 -9.828325 -0.400000
v -3.158508 -9.810435 0.400000
v -3.158508 -9.810435 -0.400000
v -3.160405 -9.791531 0.400000
v -3.160405 -9.791531 -0.400000
v -3.162073 -9.771814 0.400000
v -3.162073 -9.771814 -0.400000
v -3.163518 -9.751487 0.400000
v -3.163518 -9.751487 -0.400000
v -3.164748 -9.730750 0.400000
v -3.164748 -9.730750 -0.400000
v -3.165771 -9.709805 0.400000
v -3.165771 -9.709805 -0.400000
v -3.166591 -9.688852 0.400000
v -3.166591 -9.688852 -0.400000
v -3.167217 -9.668094 0.400000
v -3.167217 -9.668094 -0.400000
v -3.167656 -9.647732 0.400000
v -3.167656 -9.647732 -0.400000
v -3.167914 -9.627966 0.400000
v -3.167914 -9.627966 -0.400000
v -3.167999 -9.608999 0.400000
v -3.167999 -9.608999 -0.400000
v -3.167999 -9.565777 0.400000
v -3.167999 -9.565777 -0.400000
v -3.167999 -9.495555 0.400000
v -3.167999 -9.495555 -0.400000
v -3.167999 -9.403500 0.400000
v -3.167999 -9.403500 -0.400000
v -3.167999 -9.294777 0.400000
v -3.167999 -9.294777 -0.400000
v -3.167999 -9.174555 0.400000
v -3.167999 -9.174555 -0.400000
v -3.167999 -9.047999 0.400000
v -3.167999 -9.047999 -0.400000
v -3.167999 -8.920278 0.400000
v -3.167999 -8.920278 -0.400000
v -3.167999 -8.796556 0.400000
v -3.167999 -8.796556 -0.400000
v -3.167999 -8.682000 0.400000
v -3.167999 -8.682000 -0.400000
v -3.167999 -8.581778 0.400000
v -3.167999 -8.581778 -0.400000
v -3.167999 -8.501056 0.400000
v -3.167999 -8.501056 -0.400000
v -3.167999 -8.445000 0.400000
v -3.167999 -8.445000 -0.400000
v -6.039999 -8.462729 0.400001
v -6.039999 -8.462729 -0.399999
v -6.039999 -8.487500 0.400001
v -6.039999 -8.487500 -0.399999
v -6.039999 -8.514688 0.400001
v -6.039999 -8.514688 -0.399999
v -6.039999 -8.543667 0.400001
v -6.039999 -8.543667 -0.399999
v -6.039999 -8.573812 0.400001
v -6.039999 -8.573812 -0.399999
v -6.039999 -8.604500 0.400001
v -6.039999 -8.604500 -0.399999
v -6.039999 -8.635104 0.400001
v -6.039999 -8.635104 -0.399999
v -6.039999 -8.665000 0.400001
v -6.039999 -8.665000 -0.399999
v -6.039999 -8.693563 0.400001
v -6.039999 -8.693563 -0.399999
v -6.039999 -8.720166 0.400001
v -6.039999 -8.720166 -0.399999
v -6.039999 -8.744187 0.400001
v -6.039999 -8.744187 -0.399999
v -6.039999 -8.764999 0.400001
v -6.039999 -8.764999 -0.399999
v -6.038617 -8.878487 0.400001
v -6.038617 -8.878487 -0.399999
v -6.034443 -8.979722 0.400001
v -6.034443 -8.979722 -0.399999
v -6.027436 -9.069875 0.400001
v -6.027436 -9.069875 -0.399999
v -6.017554 -9.150111 0.400001
v -6.017554 -9.150111 -0.399999
v -6.004755 -9.221598 0.400001
v -6.004755 -9.221598 -0.399999
v -5.988998 -9.285500 0.400001
v -5.988998 -9.285500 -0.399999
v -5.970242 -9.342986 0.400001
v -5.970242 -9.342986 -0.399999
v -5.948443 -9.395222 0.400001
v -5.948443 -9.395222 -0.399999
v -5.923561 -9.443375 0.400001
v -5.923561 -9.443375 -0.399999
v -5.895554 -9.488611 0.400001
v -5.895554 -9.488611 -0.399999
v -5.864380 -9.532097 0.400001
v -5.864380 -9.532097 -0.399999
v -5.829998 -9.575000 0.400001
v -5.829998 -9.575000 -0.399999
v -5.796113 -9.612561 0.400001
v -5.796113 -9.612561 -0.399999
v -5.759740 -9.647324 0.400001
v -5.759740 -9.647324 -0.399999
v -5.721312 -9.679406 0.400001
v -5.721312 -9.679406 -0.399999
v -5.681258 -9.708926 0.400001
v -5.681258 -9.708926 -0.399999
v -5.640010 -9.736001 0.400001
v -5.640010 -9.736001 -0.399999
v -5.597999 -9.760750 0.400001
v -5.597999 -9.760750 -0.399999
v -5.555654 -9.783291 0.400001
v -5.555654 -9.783291 -0.399999
v -5.513406 -9.803741 0.400001
v -5.513406 -9.803741 -0.399999
v -5.471686 -9.822219 0.400001
v -5.471686 -9.822219 -0.399999
v -5.430924 -9.838842 0.400001
v -5.430924 -9.838842 -0.399999
v -5.391552 -9.853730 0.400001
v -5.391552 -9.853730 -0.399999
v -5.353999 -9.867000 0.400001
v -5.353999 -9.867000 -0.399999
v -5.223999 -9.729000 0.400001
v -5.223999 -9.729000 -0.399999
v -5.269688 -9.716776 0.400001
v -5.269688 -9.716776 -0.399999
v -5.314683 -9.703046 0.400001
v -5.314683 -9.703046 -0.399999
v -5.358873 -9.687718 0.400001
v -5.358873 -9.687718 -0.399999
v -5.402146 -9.670704 0.400001
v -5.402146 -9.670704 -0.399999
v -5.444392 -9.651911 0.400001
v -5.444392 -9.651911 -0.399999
v -5.485498 -9.631250 0.400001
v -5.485498 -9.631250 -0.399999
v -5.525355 -9.608631 0.400001
v -5.525355 -9.608631 -0.399999
v -5.563850 -9.583963 0.400001
v -5.563850 -9.583963 -0.399999
v -5.600873 -9.557156 0.400001
v -5.600873 -9.557156 -0.399999
v -5.636313 -9.528120 0.400001
v -5.636313 -9.528120 -0.399999
v -5.670059 -9.496765 0.400001
v -5.670059 -9.496765 -0.399999
v -5.701999 -9.462999 0.400001
v -5.701999 -9.462999 -0.399999
v -5.735095 -9.421456 0.400001
v -5.735095 -9.421456 -0.399999
v -5.763601 -9.379314 0.400001
v -5.763601 -9.379314 -0.399999
v -5.787843 -9.335813 0.400001
v -5.787843 -9.335813 -0.399999
v -5.808147 -9.290185 0.400001
v -5.808147 -9.290185 -0.399999
v -5.824840 -9.241669 0.400001
v -5.824840 -9.241669 -0.399999
v -5.838249 -9.189500 0.400001
v -5.838249 -9.189500 -0.399999
v -5.848699 -9.132914 0.400001
v -5.848699 -9.132914 -0.399999
v -5.856517 -9.071148 0.400001
v -5.856517 -9.071148 -0.399999
v -5.862030 -9.003437 0.400001
v -5.862030 -9.003437 -0.399999
v -5.865563 -8.929018 0.400001
v -5.865563 -8.929018 -0.399999
v -5.867444 -8.847127 0.400001
v -5.867444 -8.847127 -0.399999
v -5.867999 -8.757000 0.400001
v -5.867999 -8.757000 -0.399999
v -5.867999 -8.736154 0.400001
v -5.867999 -8.736154 -0.399999
v -5.867999 -8.712065 0.400001
v -5.867999 -8.712065 -0.399999
v -5.867999 -8.685406 0.400001
v -5.867999 -8.685406 -0.399999
v -5.867999 -8.656852 0.400001
v -5.867999 -8.656852 -0.399999
v -5.867999 -8.627075 0.400001
v -5.867999 -8.627075 -0.399999
v -5.867999 -8.596750 0.400001
v -5.867999 -8.596750 -0.399999
v -5.867999 -8.566549 0.400001
v -5.867999 -8.566549 -0.399999
v -5.867999 -8.537148 0.400001
v -5.867999 -8.537148 -0.399999
v -5.867999 -8.509218 0.400001
v -5.867999 -8.509218 -0.399999
v -5.867999 -8.483435 0.400001
v -5.867999 -8.483435 -0.399999
v -5.867999 -8.460471 0.400001
v -5.867999 -8.460471 -0.399999
v -5.867999 -8.441000 0.400001
v -5.867999 -8.441000 -0.399999
v -5.867917 -8.424246 0.400001
v -5.867917 -8.424246 -0.399999
v -5.867675 -8.407972 0.400001
v -5.867675 -8.407972 -0.399999
v -5.867280 -8.392156 0.400001
v -5.867280 -8.392156 -0.399999
v -5.866740 -8.376778 0.400001
v -5.866740 -8.376778 -0.399999
v -5.866060 -8.361815 0.400001
v -5.866060 -8.361815 -0.399999
v -5.865249 -8.347250 0.400001
v -5.865249 -8.347250 -0.399999
v -5.864312 -8.333058 0.400001
v -5.864312 -8.333058 -0.399999
v -5.863258 -8.319221 0.400001
v -5.863258 -8.319221 -0.399999
v -5.862092 -8.305718 0.400001
v -5.862092 -8.305718 -0.399999
v -5.860823 -8.292527 0.400001
v -5.860823 -8.292527 -0.399999
v -5.859456 -8.279628 0.400001
v -5.859456 -8.279628 -0.399999
v -5.857999 -8.267000 0.400001
v -5.857999 -8.267000 -0.399999
v -6.045999 -8.267000 0.400001
v -6.045999 -8.267000 -0.399999
v -6.045040 -8.279628 0.400001
v -6.045040 -8.279628 -0.399999
v -6.044165 -8.292527 0.400001
v -6.044165 -8.292527 -0.399999
v -6.043373 -8.305718 0.400001
v -6.043373 -8.305718 -0.399999
v -6.042665 -8.319221 0.400001
v -6.042665 -8.319221 -0.399999
v -6.042040 -8.333058 0.400001
v -6.042040 -8.333058 -0.399999
v -6.041498 -8.347250 0.400001
v -6.041498 -8.347250 -0.399999
v -6.041040 -8.361815 0.400001
v -6.041040 -8.361815 -0.399999
v -6.040665 -8.376778 0.400001
v -6.040665 -8.376778 -0.399999
v -6.040373 -8.392156 0.400001
v -6.040373 -8.392156 -0.399999
v -6.040165 -8.407972 0.400001
v -6.040165 -8.407972 -0.399999
v -6.040040 -8.424246 0.400001
v -6.040040 -8.424246 -0.399999
v -6.039999 -8.441000 0.400001
v -6.039999 -8.441000 -0.399999
v -5.109999 -8.451143 0.400001
v -5.109999 -8.451143 -0.399999
v -5.109999 -8.491482 0.400001
v -5.109999 -8.491482 -0.399999
v -5.109999 -8.544875 0.400001
v -5.109999 -8.544875 -0.399999
v -5.109999 -8.608185 0.400001
v -5.109999 -8.608185 -0.399999
v -5.109999 -8.678273 0.400001
v -5.109999 -8.678273 -0.399999
v -5.109999 -8.752000 0.400001
v -5.109999 -8.752000 -0.399999
v -5.109999 -8.826226 0.400001
v -5.109999 -8.826226 -0.399999
v -5.109999 -8.897815 0.400001
v -5.109999 -8.897815 -0.399999
v -5.109999 -8.963625 0.400001
v -5.109999 -8.963625 -0.399999
v -5.109999 -9.020518 0.400001
v -5.109999 -9.020518 -0.399999
v -5.109999 -9.065356 0.400001
v -5.109999 -9.065356 -0.399999
v -5.109999 -9.094999 0.400001
v -5.109999 -9.094999 -0.399999
v -5.110079 -9.107807 0.400001
v -5.110079 -9.107807 -0.399999
v -5.110313 -9.121120 0.400001
v -5.110313 -9.121120 -0.399999
v -5.110686 -9.134781 0.400001
v -5.110686 -9.134781 -0.399999
v -5.111184 -9.148630 0.400001
v -5.111184 -9.148630 -0.399999
v -5.111793 -9.162506 0.400001
v -5.111793 -9.162506 -0.399999
v -5.112499 -9.176250 0.400001
v -5.112499 -9.176250 -0.399999
v -5.113288 -9.189703 0.400001
v -5.113288 -9.189703 -0.399999
v -5.114147 -9.202703 0.400001
v -5.114147 -9.202703 -0.399999
v -5.115061 -9.215094 0.400001
v -5.115061 -9.215094 -0.399999
v -5.116017 -9.226713 0.400001
v -5.116017 -9.226713 -0.399999
v -5.117001 -9.237402 0.400001
v -5.117001 -9.237402 -0.399999
v -5.117999 -9.247000 0.400001
v -5.117999 -9.247000 -0.399999
v -4.933999 -9.247000 0.400001
v -4.933999 -9.247000 -0.399999
v -4.935036 -9.238813 0.400001
v -4.935036 -9.238813 -0.399999
v -4.936128 -9.229342 0.400001
v -4.936128 -9.229342 -0.399999
v -4.937249 -9.218719 0.400001
v -4.937249 -9.218719 -0.399999
v -4.938369 -9.207074 0.400001
v -4.938369 -9.207074 -0.399999
v -4.939462 -9.194540 0.400001
v -4.939462 -9.194540 -0.399999
v -4.940499 -9.181250 0.400001
v -4.940499 -9.181250 -0.399999
v -4.941453 -9.167335 0.400001
v -4.941453 -9.167335 -0.399999
v -4.942295 -9.152925 0.400001
v -4.942295 -9.152925 -0.399999
v -4.942999 -9.138156 0.400001
v -4.942999 -9.138156 -0.399999
v -4.943536 -9.123158 0.400001
v -4.943536 -9.123158 -0.399999
v -4.943878 -9.108061 0.400001
v -4.943878 -9.108061 -0.399999
v -4.943998 -9.093000 0.400001
v -4.943998 -9.093000 -0.399999
v -4.943998 -9.063396 0.400001
v -4.943998 -9.063396 -0.399999
v -4.943998 -9.018666 0.400001
v -4.943998 -9.018666 -0.399999
v -4.943998 -8.961937 0.400001
v -4.943998 -8.961937 -0.399999
v -4.943998 -8.896333 0.400001
v -4.943998 -8.896333 -0.399999
v -4.943998 -8.824979 0.400001
v -4.943998 -8.824979 -0.399999
v -4.943998 -8.750999 0.400001
v -4.943998 -8.750999 -0.399999
v -4.943998 -8.677521 0.400001
v -4.943998 -8.677521 -0.399999
v -4.943998 -8.607666 0.400001
v -4.943998 -8.607666 -0.399999
v -4.943998 -8.544562 0.400001
v -4.943998 -8.544562 -0.399999
v -4.943998 -8.491333 0.400001
v -4.943998 -8.491333 -0.399999
v -4.943998 -8.451104 0.400001
v -4.943998 -8.451104 -0.399999
v -4.943998 -8.427000 0.400001
v -4.943998 -8.427000 -0.399999
v -4.943918 -8.417330 0.400001
v -4.943918 -8.417330 -0.399999
v -4.943684 -8.406472 0.400001
v -4.943684 -8.406472 -0.399999
v -4.943311 -8.394656 0.400001
v -4.943311 -8.394656 -0.399999
v -4.942813 -8.382111 0.400001
v -4.942813 -8.382111 -0.399999
v -4.942204 -8.369066 0.400001
v -4.942204 -8.369066 -0.399999
v -4.941498 -8.355750 0.400000
v -4.941498 -8.355750 -0.400000
v -4.940709 -8.342392 0.400000
v -4.940709 -8.342392 -0.400000
v -4.939850 -8.329222 0.400000
v -4.939850 -8.329222 -0.400000
v -4.938936 -8.316468 0.400000
v -4.938936 -8.316468 -0.400000
v -4.937980 -8.304361 0.400000
v -4.937980 -8.304361 -0.400000
v -4.936996 -8.293128 0.400000
v -4.936996 -8.293128 -0.400000
v -4.935998 -8.283000 0.400000
v -4.935998 -8.283000 -0.400000
v -5.117999 -8.283000 0.400001
v -5.117999 -8.283000 -0.399999
v -5.117002 -8.292899 0.400001
v -5.117002 -8.292899 -0.399999
v -5.116018 -8.303528 0.400001
v -5.116018 -8.303528 -0.399999
v -5.115062 -8.314781 0.400001
v -5.115062 -8.314781 -0.399999
v -5.114147 -8.326555 0.400001
v -5.114147 -8.326555 -0.399999
v -5.113288 -8.338746 0.400001
v -5.113288 -8.338746 -0.399999
v -5.112499 -8.351250 0.400001
v -5.112499 -8.351250 -0.399999
v -5.111793 -8.363962 0.400001
v -5.111793 -8.363962 -0.399999
v -5.111184 -8.376778 0.400001
v -5.111184 -8.376778 -0.399999
v -5.110686 -8.389593 0.400001
v -5.110686 -8.389593 -0.399999
v -5.110313 -8.402306 0.400001
v -5.110313 -8.402306 -0.399999
v -5.110080 -8.414809 0.400001
v -5.110080 -8.414809 -0.399999
v -5.109999 -8.427000 0.400001
v -5.109999 -8.427000 -0.399999
v -8.279749 -8.541413 0.400001
v -8.279749 -8.541413 -0.399999
v -8.253165 -8.582139 0.400001
v -8.253165 -8.582139 -0.399999
v -8.222499 -8.626406 0.400001
v -8.222499 -8.626406 -0.399999
v -8.187999 -8.673445 0.400001
v -8.187999 -8.673445 -0.399999
v -8.149916 -8.722483 0.400001
v -8.149916 -8.722483 -0.399999
v -8.108499 -8.772750 0.400001
v -8.108499 -8.772750 -0.399999
v -8.063998 -8.823476 0.400001
v -8.063998 -8.823476 -0.399999
v -8.016665 -8.873889 0.400001
v -8.016665 -8.873889 -0.399999
v -7.966748 -8.923219 0.400001
v -7.966748 -8.923219 -0.399999
v -7.914498 -8.970695 0.400001
v -7.914498 -8.970695 -0.399999
v -7.860165 -9.015545 0.400001
v -7.860165 -9.015545 -0.399999
v -7.803998 -9.056999 0.400001
v -7.803998 -9.056999 -0.399999
v -7.671999 -8.951000 0.400001
v -7.671999 -8.951000 -0.399999
v -7.718010 -8.922286 0.400001
v -7.718010 -8.922286 -0.399999
v -7.763750 -8.889620 0.400001
v -7.763750 -8.889620 -0.399999
v -7.808781 -8.853719 0.400001
v -7.808781 -8.853719 -0.399999
v -7.852666 -8.815296 0.400001
v -7.852666 -8.815296 -0.399999
v -7.894969 -8.775068 0.400001
v -7.894969 -8.775068 -0.399999
v -7.935250 -8.733749 0.400001
v -7.935250 -8.733749 -0.399999
v -7.973073 -8.692057 0.400001
v -7.973073 -8.692057 -0.399999
v -8.007999 -8.650703 0.400001
v -8.007999 -8.650703 -0.399999
v -8.039593 -8.610406 0.400001
v -8.039593 -8.610406 -0.399999
v -8.067415 -8.571879 0.400001
v -8.067415 -8.571879 -0.399999
v -8.091030 -8.535839 0.400001
v -8.091030 -8.535839 -0.399999
v -8.109999 -8.503000 0.400001
v -8.109999 -8.503000 -0.399999
v -8.059954 -8.503000 0.400001
v -8.059954 -8.503000 -0.399999
v -7.983471 -8.503000 0.400001
v -7.983471 -8.503000 -0.399999
v -7.886030 -8.503000 0.400001
v -7.886030 -8.503000 -0.399999
v -7.773109 -8.503000 0.400001
v -7.773109 -8.503000 -0.399999
v -7.650189 -8.503000 0.400001
v -7.650189 -8.503000 -0.399999
v -7.522748 -8.503000 0.400001
v -7.522748 -8.503000 -0.399999
v -7.396266 -8.503000 0.400001
v -7.396266 -8.503000 -0.399999
v -7.276221 -8.503000 0.400001
v -7.276221 -8.503000 -0.399999
v -7.168092 -8.503000 0.400001
v -7.168092 -8.503000 -0.399999
v -7.077360 -8.503000 0.400001
v -7.077360 -8.503000 -0.399999
v -7.009502 -8.503000 0.400001
v -7.009502 -8.503000 -0.399999
v -6.969998 -8.503000 0.400001
v -6.969998 -8.503000 -0.399999
v -6.951457 -8.503083 0.400001
v -6.951457 -8.503083 -0.399999
v -6.932832 -8.503333 0.400001
v -6.932832 -8.503333 -0.399999
v -6.914124 -8.503750 0.400001
v -6.914124 -8.503750 -0.399999
v -6.895332 -8.504333 0.400001
v -6.895332 -8.504333 -0.399999
v -6.876457 -8.505083 0.400001
v -6.876457 -8.505083 -0.399999
v -6.857499 -8.506000 0.400001
v -6.857499 -8.506000 -0.399999
v -6.838457 -8.507083 0.400001
v -6.838457 -8.507083 -0.399999
v -6.819332 -8.508333 0.400001
v -6.819332 -8.508333 -0.399999
v -6.800124 -8.509749 0.400001
v -6.800124 -8.509749 -0.399999
v -6.780832 -8.511333 0.400001
v -6.780832 -8.511333 -0.399999
v -6.761457 -8.513083 0.400001
v -6.761457 -8.513083 -0.399999
v -6.741999 -8.514999 0.400001
v -6.741999 -8.514999 -0.399999
v -6.741999 -8.333000 0.400001
v -6.741999 -8.333000 -0.399999
v -6.759777 -8.335455 0.400001
v -6.759777 -8.335455 -0.399999
v -6.778054 -8.337806 0.400001
v -6.778054 -8.337806 -0.399999
v -6.796749 -8.340031 0.400001
v -6.796749 -8.340031 -0.399999
v -6.815776 -8.342111 0.400001
v -6.815776 -8.342111 -0.399999
v -6.835054 -8.344025 0.400001
v -6.835054 -8.344025 -0.399999
v -6.854498 -8.345750 0.400001
v -6.854498 -8.345750 -0.399999
v -6.874026 -8.347267 0.400001
v -6.874026 -8.347267 -0.399999
v -6.893554 -8.348556 0.400001
v -6.893554 -8.348556 -0.399999
v -6.912999 -8.349594 0.400001
v -6.912999 -8.349594 -0.399999
v -6.932276 -8.350361 0.400001
v -6.932276 -8.350361 -0.399999
v -6.951304 -8.350837 0.400001
v -6.951304 -8.350837 -0.399999
v -6.969998 -8.351000 0.400001
v -6.969998 -8.351000 -0.399999
v -7.010461 -8.351000 0.400001
v -7.010461 -8.351000 -0.399999
v -7.080035 -8.351000 0.400001
v -7.080035 -8.351000 -0.399999
v -7.172998 -8.351000 0.400001
v -7.172998 -8.351000 -0.399999
v -7.283628 -8.351000 0.400001
v -7.283628 -8.351000 -0.399999
v -7.406202 -8.351000 0.400001
v -7.406202 -8.351000 -0.399999
v -7.534998 -8.351000 0.400001
v -7.534998 -8.351000 -0.399999
v -7.664295 -8.351000 0.400001
v -7.664295 -8.351000 -0.399999
v -7.788369 -8.351000 0.400001
v -7.788369 -8.351000 -0.399999
v -7.901498 -8.351000 0.400001
v -7.901498 -8.351000 -0.399999
v -7.997961 -8.351000 0.400001
v -7.997961 -8.351000 -0.399999
v -8.072035 -8.351000 0.400001
v -8.072035 -8.351000 -0.399999
v -8.117998 -8.351000 0.400001
v -8.117998 -8.351000 -0.399999
v -8.128161 -8.350878 0.400001
v -8.128161 -8.350878 -0.399999
v -8.139479 -8.350528 0.400001
v -8.139479 -8.350528 -0.399999
v -8.151685 -8.349968 0.400001
v -8.151685 -8.349968 -0.399999
v -8.164515 -8.349222 0.400001
v -8.164515 -8.349222 -0.399999
v -8.177708 -8.348309 0.400001
v -8.177708 -8.348309 -0.399999
v -8.190997 -8.347250 0.400001
v -8.190997 -8.347250 -0.399999
v -8.204120 -8.346066 0.400001
v -8.204120 -8.346066 -0.399999
v -8.216812 -8.344778 0.400001
v -8.216812 -8.344778 -0.399999
v -8.228810 -8.343406 0.400001
v -8.228810 -8.343406 -0.399999
v -8.239850 -8.341972 0.400001
v -8.239850 -8.341972 -0.399999
v -8.249667 -8.340496 0.400001
v -8.249667 -8.340496 -0.399999
v -8.257998 -8.339000 0.400001
v -8.257998 -8.339000 -0.399999
v -8.355999 -8.433000 0.400001
v -8.355999 -8.433000 -0.399999
v -8.352262 -8.438198 0.400001
v -8.352262 -8.438198 -0.399999
v -8.348109 -8.443749 0.400001
v -8.348109 -8.443749 -0.399999
v -8.343623 -8.449594 0.400001
v -8.343623 -8.449594 -0.399999
v -8.338887 -8.455667 0.400001
v -8.338887 -8.455667 -0.399999
v -8.333984 -8.461906 0.400001
v -8.333984 -8.461906 -0.399999
v -8.328999 -8.468249 0.400001
v -8.328999 -8.468249 -0.399999
v -8.324013 -8.474635 0.400001
v -8.324013 -8.474635 -0.399999
v -8.319110 -8.481000 0.400001
v -8.319110 -8.481000 -0.399999
v -8.314374 -8.487281 0.400001
v -8.314374 -8.487281 -0.399999
v -8.309888 -8.493417 0.400001
v -8.309888 -8.493417 -0.399999
v -8.305735 -8.499344 0.400001
v -8.305735 -8.499344 -0.399999
v -8.301998 -8.505000 0.400001
v -8.301998 -8.505000 -0.399999
v -6.851998 -9.739000 0.400001
v -6.851998 -9.739000 -0.399999
v -6.866235 -9.734211 0.400001
v -6.866235 -9.734211 -0.399999
v -6.880888 -9.728861 0.400001
v -6.880888 -9.728861 -0.399999
v -6.895874 -9.722969 0.400001
v -6.895874 -9.722969 -0.399999
v -6.911110 -9.716556 0.400001
v -6.911110 -9.716556 -0.399999
v -6.926513 -9.709642 0.400001
v -6.926513 -9.709642 -0.399999
v -6.941999 -9.702250 0.400001
v -6.941999 -9.702250 -0.399999
v -6.957485 -9.694399 0.400001
v -6.957485 -9.694399 -0.399999
v -6.972888 -9.686111 0.400001
v -6.972888 -9.686111 -0.399999
v -6.988124 -9.677406 0.400001
v -6.988124 -9.677406 -0.399999
v -7.003110 -9.668305 0.400001
v -7.003110 -9.668305 -0.399999
v -7.017763 -9.658830 0.400001
v -7.017763 -9.658830 -0.399999
v -7.031999 -9.649000 0.400001
v -7.031999 -9.649000 -0.399999
v -7.104085 -9.599987 0.400001
v -7.104085 -9.599987 -0.399999
v -7.165859 -9.547065 0.400001
v -7.165859 -9.547065 -0.399999
v -7.218092 -9.490406 0.400001
v -7.218092 -9.490406 -0.399999
v -7.261554 -9.430185 0.400001
v -7.261554 -9.430185 -0.399999
v -7.297016 -9.366575 0.400001
v -7.297016 -9.366575 -0.399999
v -7.325248 -9.299749 0.400001
v -7.325248 -9.299749 -0.399999
v -7.347023 -9.229883 0.400001
v -7.347023 -9.229883 -0.399999
v -7.363110 -9.157148 0.400001
v -7.363110 -9.157148 -0.399999
v -7.374280 -9.081718 0.400001
v -7.374280 -9.081718 -0.399999
v -7.381304 -9.003768 0.400001
v -7.381304 -9.003768 -0.399999
v -7.384953 -8.923470 0.400001
v -7.384953 -8.923470 -0.399999
v -7.385999 -8.841000 0.400001
v -7.385999 -8.841000 -0.399999
v -7.385955 -8.829076 0.400001
v -7.385955 -8.829076 -0.399999
v -7.385822 -8.817278 0.400001
v -7.385822 -8.817278 -0.399999
v -7.385592 -8.805562 0.400001
v -7.385592 -8.805562 -0.399999
v -7.385257 -8.793888 0.400001
v -7.385257 -8.793888 -0.399999
v -7.384811 -8.782215 0.400001
v -7.384811 -8.782215 -0.399999
v -7.384248 -8.770500 0.400001
v -7.384248 -8.770500 -0.399999
v -7.383559 -8.758701 0.400001
v -7.383559 -8.758701 -0.399999
v -7.382739 -8.746778 0.400001
v -7.382739 -8.746778 -0.399999
v -7.381779 -8.734687 0.400001
v -7.381779 -8.734687 -0.399999
v -7.380674 -8.722388 0.400001
v -7.380674 -8.722388 -0.399999
v -7.379416 -8.709840 0.400001
v -7.379416 -8.709840 -0.399999
v -7.377998 -8.697000 0.400001
v -7.377998 -8.697000 -0.399999
v -7.557999 -8.697000 0.400001
v -7.557999 -8.697000 -0.399999
v -7.556758 -8.828871 0.400001
v -7.556758 -8.828871 -0.399999
v -7.552082 -8.953629 0.400001
v -7.552082 -8.953629 -0.399999
v -7.542530 -9.071500 0.400001
v -7.542530 -9.071500 -0.399999
v -7.526665 -9.182704 0.400001
v -7.526665 -9.182704 -0.399999
v -7.503051 -9.287463 0.400001
v -7.503051 -9.287463 -0.399999
v -7.470249 -9.386000 0.400001
v -7.470249 -9.386000 -0.399999
v -7.426822 -9.478537 0.400001
v -7.426822 -9.478537 -0.399999
v -7.371332 -9.565296 0.400001
v -7.371332 -9.565296 -0.399999
v -7.302342 -9.646500 0.400001
v -7.302342 -9.646500 -0.399999
v -7.218415 -9.722370 0.400001
v -7.218415 -9.722370 -0.399999
v -7.118113 -9.793129 0.400001
v -7.118113 -9.793129 -0.399999
v -6.999999 -9.858999 0.400001
v -6.999999 -9.858999 -0.399999
v -9.553999 -9.590508 0.400001
v -9.553999 -9.590508 -0.399999
v -9.553999 -9.519065 0.400001
v -9.553999 -9.519065 -0.399999
v -9.553999 -9.422718 0.400001
v -9.553999 -9.422718 -0.399999
v -9.553999 -9.307518 0.400001
v -9.553999 -9.307518 -0.399999
v -9.553999 -9.179512 0.400001
v -9.553999 -9.179512 -0.399999
v -9.553999 -9.044750 0.400001
v -9.553999 -9.044750 -0.399999
v -9.553999 -8.909279 0.400001
v -9.553999 -8.909279 -0.399999
v -9.553999 -8.779148 0.400001
v -9.553999 -8.779148 -0.399999
v -9.553999 -8.660406 0.400001
v -9.553999 -8.660406 -0.399999
v -9.553999 -8.559101 0.400001
v -9.553999 -8.559101 -0.399999
v -9.553999 -8.481283 0.400001
v -9.553999 -8.481283 -0.399999
v -9.553999 -8.433000 0.400001
v -9.553999 -8.433000 -0.399999
v -9.553840 -8.414428 0.400001
v -9.553840 -8.414428 -0.399999
v -9.553396 -8.396759 0.400001
v -9.553396 -8.396759 -0.399999
v -9.552717 -8.380062 0.400001
v -9.552717 -8.380062 -0.399999
v -9.551850 -8.364408 0.400001
v -9.551850 -8.364408 -0.399999
v -9.550844 -8.349863 0.400001
v -9.550844 -8.349863 -0.399999
v -9.549748 -8.336500 0.400001
v -9.549748 -8.336500 -0.399999
v -9.548611 -8.324387 0.400001
v -9.548611 -8.324387 -0.399999
v -9.547480 -8.313592 0.400001
v -9.547480 -8.313592 -0.399999
v -9.546405 -8.304187 0.400001
v -9.546405 -8.304187 -0.399999
v -9.545434 -8.296241 0.400001
v -9.545434 -8.296241 -0.399999
v -9.544616 -8.289822 0.400001
v -9.544616 -8.289822 -0.399999
v -9.543999 -8.285000 0.400001
v -9.543999 -8.285000 -0.399999
v -9.727999 -8.285000 0.400001
v -9.727999 -8.285000 -0.399999
v -9.727422 -8.289822 0.400001
v -9.727422 -8.289822 -0.399999
v -9.726712 -8.296241 0.400001
v -9.726712 -8.296241 -0.399999
v -9.725905 -8.304187 0.400001
v -9.725905 -8.304187 -0.399999
v -9.725037 -8.313592 0.400001
v -9.725037 -8.313592 -0.399999
v -9.724139 -8.324387 0.400001
v -9.724139 -8.324387 -0.399999
v -9.723249 -8.336500 0.400001
v -9.723249 -8.336500 -0.399999
v -9.722401 -8.349863 0.400001
v -9.722401 -8.349863 -0.399999
v -9.721628 -8.364408 0.400001
v -9.721628 -8.364408 -0.399999
v -9.720967 -8.380062 0.400001
v -9.720967 -8.380062 -0.399999
v -9.720452 -8.396759 0.400001
v -9.720452 -8.396759 -0.399999
v -9.720118 -8.414428 0.400001
v -9.720118 -8.414428 -0.399999
v -9.719998 -8.433000 0.400001
v -9.719998 -8.433000 -0.399999
v -9.719998 -8.480990 0.400001
v -9.719998 -8.480990 -0.399999
v -9.719998 -8.557925 0.400001
v -9.719998 -8.557925 -0.399999
v -9.719998 -8.657749 0.400001
v -9.719998 -8.657749 -0.399999
v -9.719998 -8.774407 0.400001
v -9.719998 -8.774407 -0.399999
v -9.719998 -8.901842 0.400001
v -9.719998 -8.901842 -0.399999
v -9.719998 -9.033999 0.400001
v -9.719998 -9.033999 -0.399999
v -9.719998 -9.164824 0.400001
v -9.719998 -9.164824 -0.399999
v -9.719998 -9.288260 0.400001
v -9.719998 -9.288260 -0.399999
v -9.719998 -9.398250 0.400001
v -9.719998 -9.398250 -0.399999
v -9.719998 -9.488741 0.400001
v -9.719998 -9.488741 -0.399999
v -9.719998 -9.553676 0.400001
v -9.719998 -9.553676 -0.399999
v -9.719998 -9.587000 0.400001
v -9.719998 -9.587000 -0.399999
v -9.767200 -9.563990 0.400001
v -9.767200 -9.563990 -0.399999
v -9.816451 -9.537083 0.400001
v -9.816451 -9.537083 -0.399999
v -9.867216 -9.506468 0.400001
v -9.867216 -9.506468 -0.399999
v -9.918961 -9.472333 0.400001
v -9.918961 -9.472333 -0.399999
v -9.971149 -9.434864 0.400001
v -9.971149 -9.434864 -0.399999
v -10.023248 -9.394250 0.400001
v -10.023248 -9.394250 -0.399999
v -10.074721 -9.350677 0.400001
v -10.074721 -9.350677 -0.399999
v -10.125035 -9.304333 0.400001
v -10.125035 -9.304333 -0.399999
v -10.173655 -9.255405 0.400001
v -10.173655 -9.255405 -0.399999
v -10.220045 -9.204082 0.400001
v -10.220045 -9.204082 -0.399999
v -10.263671 -9.150552 0.400001
v -10.263671 -9.150552 -0.399999
v -10.303999 -9.094999 0.400001
v -10.303999 -9.094999 -0.399999
v -10.397999 -9.231000 0.400001
v -10.397999 -9.231000 -0.399999
v -10.352878 -9.288879 0.400001
v -10.352878 -9.288879 -0.399999
v -10.303868 -9.345370 0.400001
v -10.303868 -9.345370 -0.399999
v -10.251498 -9.400249 0.400001
v -10.251498 -9.400249 -0.399999
v -10.196295 -9.453297 0.400001
v -10.196295 -9.453297 -0.399999
v -10.138785 -9.504287 0.400001
v -10.138785 -9.504287 -0.399999
v -10.079498 -9.552999 0.400001
v -10.079498 -9.552999 -0.399999
v -10.018961 -9.599213 0.400001
v -10.018961 -9.599213 -0.399999
v -9.957702 -9.642704 0.400001
v -9.957702 -9.642704 -0.399999
v -9.896248 -9.683249 0.400001
v -9.896248 -9.683249 -0.399999
v -9.835128 -9.720630 0.400001
v -9.835128 -9.720630 -0.399999
v -9.774869 -9.754621 0.400001
v -9.774869 -9.754621 -0.399999
v -9.715999 -9.785000 0.400001
v -9.715999 -9.785000 -0.399999
v -9.708206 -9.789457 0.400001
v -9.708206 -9.789457 -0.399999
v -9.700823 -9.793824 0.400001
v -9.700823 -9.793824 -0.399999
v -9.693843 -9.798094 0.400001
v -9.693843 -9.798094 -0.399999
v -9.687259 -9.802259 0.400001
v -9.687259 -9.802259 -0.399999
v -9.681063 -9.806314 0.400001
v -9.681063 -9.806314 -0.399999
v -9.675249 -9.810249 0.400001
v -9.675249 -9.810249 -0.399999
v -9.669810 -9.814061 0.400001
v -9.669810 -9.814061 -0.399999
v -9.664740 -9.817740 0.400001
v -9.664740 -9.817740 -0.399999
v -9.660030 -9.821281 0.400001
v -9.660030 -9.821281 -0.399999
v -9.655675 -9.824676 0.400001
v -9.655675 -9.824676 -0.399999
v -9.651667 -9.827917 0.400001
v -9.651667 -9.827917 -0.399999
v -9.647999 -9.830999 0.400001
v -9.647999 -9.830999 -0.399999
v -9.541999 -9.743000 0.400001
v -9.541999 -9.743000 -0.399999
v -9.543917 -9.734838 0.400001
v -9.543917 -9.734838 -0.399999
v -9.545667 -9.726370 0.400001
v -9.545667 -9.726370 -0.399999
v -9.547250 -9.717625 0.400001
v -9.547250 -9.717625 -0.399999
v -9.548666 -9.708630 0.400001
v -9.548666 -9.708630 -0.399999
v -9.549916 -9.699412 0.400001
v -9.549916 -9.699412 -0.399999
v -9.551000 -9.690001 0.400001
v -9.551000 -9.690001 -0.399999
v -9.551916 -9.680422 0.400001
v -9.551916 -9.680422 -0.399999
v -9.552666 -9.670704 0.400001
v -9.552666 -9.670704 -0.399999
v -9.553249 -9.660875 0.400001
v -9.553249 -9.660875 -0.399999
v -9.553666 -9.650963 0.400001
v -9.553666 -9.650963 -0.399999
v -9.553916 -9.640995 0.400001
v -9.553916 -9.640995 -0.399999
v -9.553999 -9.631000 0.400001
v -9.553999 -9.631000 -0.399999
v -8.987366 -9.191187 0.400001
v -8.987366 -9.191187 -0.399999
v -8.998585 -9.133667 0.400001
v -8.998585 -9.133667 -0.399999
v -9.007845 -9.069813 0.400001
v -9.007845 -9.069813 -0.399999
v -9.015334 -9.000999 0.400001
v -9.015334 -9.000999 -0.399999
v -9.021240 -8.928604 0.400001
v -9.021240 -8.928604 -0.399999
v -9.025750 -8.854000 0.400001
v -9.025750 -8.854000 -0.399999
v -9.029052 -8.778563 0.400001
v -9.029052 -8.778563 -0.399999
v -9.031333 -8.703667 0.400001
v -9.031333 -8.703667 -0.399999
v -9.032781 -8.630688 0.400001
v -9.032781 -8.630688 -0.399999
v -9.033583 -8.561000 0.400001
v -9.033583 -8.561000 -0.399999
v -9.033926 -8.495979 0.400001
v -9.033926 -8.495979 -0.399999
v -9.033998 -8.437000 0.400001
v -9.033998 -8.437000 -0.399999
v -9.033877 -8.422325 0.400001
v -9.033877 -8.422325 -0.399999
v -9.033519 -8.408268 0.400001
v -9.033519 -8.408268 -0.399999
v -9.032938 -8.394781 0.400001
v -9.032938 -8.394781 -0.399999
v -9.032148 -8.381815 0.400001
v -9.032148 -8.381815 -0.399999
v -9.031164 -8.369321 0.400001
v -9.031164 -8.369321 -0.399999
v -9.030000 -8.357250 0.400001
v -9.030000 -8.357250 -0.399999
v -9.028668 -8.345554 0.400001
v -9.028668 -8.345554 -0.399999
v -9.027184 -8.334185 0.400001
v -9.027184 -8.334185 -0.399999
v -9.025561 -8.323093 0.400001
v -9.025561 -8.323093 -0.399999
v -9.023813 -8.312231 0.400001
v -9.023813 -8.312231 -0.399999
v -9.021955 -8.301550 0.400001
v -9.021955 -8.301550 -0.399999
v -9.019999 -8.290999 0.400001
v -9.019999 -8.290999 -0.399999
v -9.203999 -8.290999 0.400001
v -9.203999 -8.290999 -0.399999
v -9.203381 -8.297729 0.400001
v -9.203381 -8.297729 -0.399999
v -9.202562 -8.305833 0.400001
v -9.202562 -8.305833 -0.399999
v -9.201591 -8.315187 0.400001
v -9.201591 -8.315187 -0.399999
v -9.200517 -8.325666 0.400001
v -9.200517 -8.325666 -0.399999
v -9.199386 -8.337146 0.400001
v -9.199386 -8.337146 -0.399999
v -9.198248 -8.349500 0.400001
v -9.198248 -8.349500 -0.399999
v -9.197152 -8.362604 0.400001
v -9.197152 -8.362604 -0.399999
v -9.196146 -8.376333 0.400001
v -9.196146 -8.376333 -0.399999
v -9.195279 -8.390562 0.400001
v -9.195279 -8.390562 -0.399999
v -9.194600 -8.405167 0.400001
v -9.194600 -8.405167 -0.399999
v -9.194157 -8.420021 0.400001
v -9.194157 -8.420021 -0.399999
v -9.193998 -8.434999 0.400001
v -9.193998 -8.434999 -0.399999
v -9.193810 -8.494540 0.400001
v -9.193810 -8.494540 -0.399999
v -9.193155 -8.561157 0.400001
v -9.193155 -8.561157 -0.399999
v -9.191904 -8.633344 0.400001
v -9.191904 -8.633344 -0.399999
v -9.189924 -8.709592 0.400001
v -9.189924 -8.709592 -0.399999
v -9.187083 -8.788397 0.400001
v -9.187083 -8.788397 -0.399999
v -9.183249 -8.868250 0.400001
v -9.183249 -8.868250 -0.399999
v -9.178289 -8.947644 0.400001
v -9.178289 -8.947644 -0.399999
v -9.172073 -9.025074 0.400001
v -9.172073 -9.025074 -0.399999
v -9.164468 -9.099031 0.400001
v -9.164468 -9.099031 -0.399999
v -9.155341 -9.168009 0.400001
v -9.155341 -9.168009 -0.399999
v -9.144562 -9.230501 0.400001
v -9.144562 -9.230501 -0.399999
v -9.131998 -9.285000 0.400001
v -9.131998 -9.285000 -0.399999
v -9.115597 -9.338101 0.400001
v -9.115597 -9.338101 -0.399999
v -9.096460 -9.390314 0.400001
v -9.096460 -9.390314 -0.399999
v -9.074685 -9.441500 0.400001
v -9.074685 -9.441500 -0.399999
v -9.050368 -9.491518 0.400001
v -9.050368 -9.491518 -0.399999
v -9.023606 -9.540232 0.400001
v -9.023606 -9.540232 -0.399999
v -8.994497 -9.587500 0.400001
v -8.994497 -9.587500 -0.399999
v -8.963139 -9.633185 0.400001
v -8.963139 -9.633185 -0.399999
v -8.929627 -9.677148 0.400001
v -8.929627 -9.677148 -0.399999
v -8.894060 -9.719250 0.400001
v -8.894060 -9.719250 -0.399999
v -8.856535 -9.759352 0.400001
v -8.856535 -9.759352 -0.399999
v -8.817148 -9.797315 0.400001
v -8.817148 -9.797315 -0.399999
v -8.775998 -9.833000 0.400001
v -8.775998 -9.833000 -0.399999
v -8.625998 -9.733000 0.400001
v -8.625998 -9.733000 -0.399999
v -8.666991 -9.701816 0.400001
v -8.666991 -9.701816 -0.399999
v -8.705943 -9.668361 0.400001
v -8.705943 -9.668361 -0.399999
v -8.742811 -9.632781 0.400001
v -8.742811 -9.632781 -0.399999
v -8.777555 -9.595222 0.400001
v -8.777555 -9.595222 -0.399999
v -8.810131 -9.555830 0.400001
v -8.810131 -9.555830 -0.399999
v -8.840499 -9.514750 0.400001
v -8.840499 -9.514750 -0.399999
v -8.868617 -9.472128 0.400001
v -8.868617 -9.472128 -0.399999
v -8.894444 -9.428111 0.400001
v -8.894444 -9.428111 -0.399999
v -8.917936 -9.382843 0.400001
v -8.917936 -9.382843 -0.399999
v -8.939054 -9.336472 0.400001
v -8.939054 -9.336472 -0.399999
v -8.957756 -9.289143 0.400001
v -8.957756 -9.289143 -0.399999
v -8.973999 -9.240999 0.400001
v -8.973999 -9.240999 -0.399999
vn -0.0000 -0.0000 -1.0000
vn 0.0001 -0.0000 -1.0000
vn -0.0002 -0.0000 -1.0000
vn -0.0000 -0.0000 1.0000
vn -0.0007 -0.0000 -1.0000
vn 0.0003 -0.0000 -1.0000
vn -0.0001 -0.0000 -1.0000
vn -0.0031 -0.0000 -1.0000
vn -0.0003 -0.0000 -1.0000
vn 0.0014 -0.0000 -1.0000
vn 0.0001 -0.0000 1.0000
vn -0.0002 -0.0000 1.0000
vn -0.0007 -0.0000 1.0000
vn 0.0003 -0.0000 1.0000
vn -0.0001 -0.0000 1.0000
vn -0.0031 -0.0000 1.0000
vn -0.0003 -0.0000 1.0000
vn 0.0014 -0.0000 1.0000
vn 0.6451 -0.7641 -0.0000
vn 0.5982 -0.8014 -0.0000
vn 0.5472 -0.8370 -0.0000
vn 0.4924 -0.8703 -0.0000
vn 0.4344 -0.9007 -0.0000
vn 0.3738 -0.9275 -0.0000
vn 0.3113 -0.9503 -0.0000
vn 0.2478 -0.9688 -0.0000
vn 0.1842 -0.9829 -0.0000
vn 0.1212 -0.9926 -0.0000
vn 0.0598 -0.9982 -0.0000
vn -0.0072 -1.0000 -0.0000
vn -0.0900 -0.9959 -0.0000
vn -0.1842 -0.9829 -0.0000
vn -0.2828 -0.9592 -0.0000
vn -0.3856 -0.9227 -0.0000
vn -0.4915 -0.8709 -0.0000
vn -0.5986 -0.8011 -0.0000
vn -0.7033 -0.7109 -0.0000
vn -0.8007 -0.5990 -0.0000
vn -0.8845 -0.4665 -0.0000
vn -0.9482 -0.3176 -0.0000
vn -0.9872 -0.1593 -0.0000
vn -0.9985 0.0556 -0.0000
vn -0.9314 0.3641 -0.0000
vn -0.7737 0.6335 -0.0000
vn -0.6274 0.7787 -0.0000
vn -0.5367 0.8438 -0.0000
vn -0.5005 0.8657 -0.0000
vn -0.5106 0.8598 -0.0000
vn -0.5617 0.8274 -0.0000
vn -0.6501 0.7599 -0.0000
vn -0.7661 0.6427 -0.0000
vn -0.8854 0.4648 -0.0000
vn -0.9712 0.2381 -0.0000
vn -0.9997 0.0262 -0.0000
vn -0.9918 -0.1282 -0.0000
vn -0.9663 -0.2574 -0.0000
vn -0.9231 -0.3845 -0.0000
vn -0.8626 -0.5058 -0.0000
vn -0.7860 -0.6182 -0.0000
vn -0.6952 -0.7188 -0.0000
vn -0.5927 -0.8055 -0.0000
vn -0.4810 -0.8767 -0.0000
vn -0.3632 -0.9317 -0.0000
vn -0.2420 -0.9703 -0.0000
vn -0.1202 -0.9928 -0.0000
vn -0.0182 -0.9998 -0.0000
vn 0.0471 -0.9989 -0.0000
vn 0.0968 -0.9953 -0.0000
vn 0.1491 -0.9888 -0.0000
vn 0.2033 -0.9791 -0.0000
vn 0.2586 -0.9660 -0.0000
vn 0.3140 -0.9494 -0.0000
vn 0.3686 -0.9296 -0.0000
vn 0.4214 -0.9069 -0.0000
vn 0.4717 -0.8817 -0.0000
vn 0.5189 -0.8549 -0.0000
vn 0.5623 -0.8269 -0.0000
vn 0.8896 -0.4567 -0.0000
vn 0.3393 0.9407 -0.0000
vn -0.7500 0.6614 -0.0000
vn -0.7074 0.7068 -0.0000
vn -0.6596 0.7516 -0.0000
vn -0.6063 0.7953 -0.0000
vn -0.5473 0.8370 -0.0000
vn -0.4825 0.8759 -0.0000
vn -0.4122 0.9111 -0.0000
vn -0.3367 0.9416 -0.0000
vn -0.2566 0.9665 -0.0000
vn -0.1730 0.9849 -0.0000
vn -0.0870 0.9962 -0.0000
vn 0.0048 1.0000 -0.0000
vn 0.1096 0.9940 -0.0000
vn 0.2246 0.9744 -0.0000
vn 0.3426 0.9395 -0.0000
vn 0.4598 0.8880 -0.0000
vn 0.5721 0.8202 -0.0000
vn 0.6758 0.7371 -0.0000
vn 0.7680 0.6404 -0.0000
vn 0.8467 0.5321 -0.0000
vn 0.9105 0.4135 -0.0000
vn 0.9585 0.2852 -0.0000
vn 0.9891 0.1472 -0.0000
vn 0.9988 -0.0497 -0.0000
vn 0.9418 -0.3362 -0.0000
vn 0.8047 -0.5937 -0.0000
vn 0.6690 -0.7433 -0.0000
vn 0.5764 -0.8172 -0.0000
vn 0.5308 -0.8475 -0.0000
vn 0.5272 -0.8497 -0.0000
vn 0.5624 -0.8268 -0.0000
vn 0.6354 -0.7722 -0.0000
vn 0.7422 -0.6702 -0.0000
vn 0.8648 -0.5021 -0.0000
vn 0.9638 -0.2666 -0.0000
vn 0.9994 -0.0353 -0.0000
vn 0.9917 0.1285 -0.0000
vn 0.9650 0.2624 -0.0000
vn 0.9175 0.3977 -0.0000
vn 0.8490 0.5283 -0.0000
vn 0.7616 0.6481 -0.0000
vn 0.6592 0.7519 -0.0000
vn 0.5474 0.8369 -0.0000
vn 0.4315 0.9021 -0.0000
vn 0.3162 0.9487 -0.0000
vn 0.2047 0.9788 -0.0000
vn 0.0992 0.9951 -0.0000
vn 0.0112 0.9999 -0.0000
vn -0.0512 0.9987 -0.0000
vn -0.1022 0.9948 -0.0000
vn -0.1527 0.9883 -0.0000
vn -0.2026 0.9793 -0.0000
vn -0.2515 0.9679 -0.0000
vn -0.2993 0.9542 -0.0000
vn -0.3458 0.9383 -0.0000
vn -0.3909 0.9204 -0.0000
vn -0.4344 0.9007 -0.0000
vn -0.4763 0.8793 -0.0000
vn -0.5164 0.8564 -0.0000
vn -0.8763 0.4818 -0.0000
vn -0.4079 -0.9130 -0.0000
vn -0.1053 0.9944 -0.0000
vn -0.2200 0.9755 -0.0000
vn -0.3427 0.9395 -0.0000
vn -0.4688 0.8833 -0.0000
vn -0.5921 0.8058 -0.0000
vn -0.7056 0.7086 -0.0000
vn -0.8030 0.5960 -0.0000
vn -0.8804 0.4742 -0.0000
vn -0.9370 0.3494 -0.0000
vn -0.9739 0.2269 -0.0000
vn -0.9939 0.1102 -0.0000
vn -1.0000 -0.0019 -0.0000
vn -0.9930 -0.1184 -0.0000
vn -0.9698 -0.2437 -0.0000
vn -0.9273 -0.3743 -0.0000
vn -0.8631 -0.5049 -0.0000
vn -0.7775 -0.6289 -0.0000
vn -0.6734 -0.7393 -0.0000
vn -0.5568 -0.8307 -0.0000
vn -0.4348 -0.9005 -0.0000
vn -0.3142 -0.9494 -0.0000
vn -0.2000 -0.9798 -0.0000
vn -0.0952 -0.9955 -0.0000
vn -0.0227 -0.9997 -0.0000
vn -0.7071 -0.7071 -0.0000
vn 0.7071 -0.7071 -0.0000
vn 0.7071 0.7071 -0.0000
vn -0.0252 0.9997 -0.0000
vn 0.0228 0.9997 -0.0000
vn 0.0946 0.9955 -0.0000
vn 0.1970 0.9804 -0.0000
vn 0.3075 0.9515 -0.0000
vn 0.4241 0.9056 -0.0000
vn 0.5431 0.8397 -0.0000
vn 0.6588 0.7523 -0.0000
vn 0.7645 0.6446 -0.0000
vn 0.8536 0.5208 -0.0000
vn 0.9218 0.3876 -0.0000
vn 0.9676 0.2525 -0.0000
vn 0.9925 0.1222 -0.0000
vn 1.0000 0.0063 -0.0000
vn 0.9954 -0.0956 -0.0000
vn 0.9801 -0.1986 -0.0000
vn 0.9505 -0.3106 -0.0000
vn 0.9028 -0.4300 -0.0000
vn 0.8333 -0.5528 -0.0000
vn 0.7405 -0.6721 -0.0000
vn 0.6264 -0.7795 -0.0000
vn 0.4975 -0.8674 -0.0000
vn 0.3629 -0.9318 -0.0000
vn 0.2314 -0.9729 -0.0000
vn 0.1098 -0.9940 -0.0000
vn 0.0260 -0.9997 -0.0000
vn -0.7071 0.7071 -0.0000
vn 0.5420 -0.8404 -0.0000
vn -0.5507 -0.8347 -0.0000
vn 0.8345 -0.5510 -0.0000
vn 0.5510 0.8345 -0.0000
vn -0.5449 0.8385 -0.0000
vn -0.8385 -0.5449 -0.0000
vn 0.8387 0.5446 -0.0000
vn -0.0137 -0.9999 -0.0000
vn -0.8312 0.5560 -0.0000
vn 0.4763 -0.8793 -0.0000
vn 0.4457 -0.8952 -0.0000
vn 0.4117 -0.9113 -0.0000
vn 0.3742 -0.9273 -0.0000
vn 0.3335 -0.9428 -0.0000
vn 0.2897 -0.9571 -0.0000
vn 0.2434 -0.9699 -0.0000
vn 0.1952 -0.9808 -0.0000
vn 0.1460 -0.9893 -0.0000
vn 0.0965 -0.9953 -0.0000
vn 0.0477 -0.9989 -0.0000
vn -0.0180 -0.9998 -0.0000
vn -0.1203 -0.9927 -0.0000
vn -0.2418 -0.9703 -0.0000
vn -0.3623 -0.9320 -0.0000
vn -0.4793 -0.8776 -0.0000
vn -0.5902 -0.8073 -0.0000
vn -0.6922 -0.7217 -0.0000
vn -0.7829 -0.6221 -0.0000
vn -0.8599 -0.5105 -0.0000
vn -0.9212 -0.3892 -0.0000
vn -0.9652 -0.2614 -0.0000
vn -0.9914 -0.1305 -0.0000
vn -1.0000 -0.0015 -0.0000
vn -0.9921 0.1257 -0.0000
vn -0.9670 0.2546 -0.0000
vn -0.9234 0.3838 -0.0000
vn -0.8609 0.5087 -0.0000
vn -0.7808 0.6248 -0.0000
vn -0.6854 0.7282 -0.0000
vn -0.5784 0.8158 -0.0000
vn -0.4637 0.8860 -0.0000
vn -0.3454 0.9385 -0.0000
vn -0.2269 0.9739 -0.0000
vn -0.1113 0.9938 -0.0000
vn -0.0128 0.9999 -0.0000
vn 0.0569 0.9984 -0.0000
vn 0.1116 0.9938 -0.0000
vn 0.1639 0.9865 -0.0000
vn 0.2138 0.9769 -0.0000
vn 0.2616 0.9652 -0.0000
vn 0.3072 0.9516 -0.0000
vn 0.3509 0.9364 -0.0000
vn 0.3927 0.9196 -0.0000
vn 0.4329 0.9014 -0.0000
vn 0.4716 0.8818 -0.0000
vn 0.5088 0.8609 -0.0000
vn -0.4864 0.8738 -0.0000
vn -0.8517 -0.5240 -0.0000
vn -0.4374 -0.8993 -0.0000
vn -0.4081 -0.9129 -0.0000
vn -0.3749 -0.9271 -0.0000
vn -0.3381 -0.9411 -0.0000
vn -0.2984 -0.9544 -0.0000
vn -0.2565 -0.9666 -0.0000
vn -0.2131 -0.9770 -0.0000
vn -0.1690 -0.9856 -0.0000
vn -0.1251 -0.9922 -0.0000
vn -0.0819 -0.9966 -0.0000
vn -0.0401 -0.9992 -0.0000
vn 0.0226 -0.9997 -0.0000
vn 0.1330 -0.9911 -0.0000
vn 0.2704 -0.9628 -0.0000
vn 0.4061 -0.9138 -0.0000
vn 0.5336 -0.8457 -0.0000
vn 0.6474 -0.7621 -0.0000
vn 0.7446 -0.6675 -0.0000
vn 0.8243 -0.5661 -0.0000
vn 0.8876 -0.4607 -0.0000
vn 0.9358 -0.3524 -0.0000
vn 0.9705 -0.2410 -0.0000
vn 0.9923 -0.1241 -0.0000
vn 1.0000 -0.0004 -0.0000
vn 0.9918 0.1279 -0.0000
vn 0.9664 0.2571 -0.0000
vn 0.9232 0.3844 -0.0000
vn 0.8625 0.5061 -0.0000
vn 0.7855 0.6188 -0.0000
vn 0.6942 0.7198 -0.0000
vn 0.5911 0.8066 -0.0000
vn 0.4790 0.8778 -0.0000
vn 0.3610 0.9326 -0.0000
vn 0.2401 0.9708 -0.0000
vn 0.1190 0.9929 -0.0000
vn 0.0192 0.9998 -0.0000
vn -0.0408 0.9992 -0.0000
vn -0.0816 0.9967 -0.0000
vn -0.1217 0.9926 -0.0000
vn -0.1606 0.9870 -0.0000
vn -0.1976 0.9803 -0.0000
vn -0.2325 0.9726 -0.0000
vn -0.2648 0.9643 -0.0000
vn -0.2945 0.9556 -0.0000
vn -0.3214 0.9469 -0.0000
vn -0.3457 0.9384 -0.0000
vn -0.3673 0.9301 -0.0000
vn -0.8299 0.5579 -0.0000
vn -0.5047 -0.8633 -0.0000
vn 0.1430 0.9897 -0.0000
vn 0.1462 0.9893 -0.0000
vn 0.1485 0.9889 -0.0000
vn 0.1502 0.9887 -0.0000
vn 0.1516 0.9884 -0.0000
vn 0.1526 0.9883 -0.0000
vn 0.1535 0.9882 -0.0000
vn 0.1542 0.9880 -0.0000
vn 0.1547 0.9880 -0.0000
vn 0.1552 0.9879 -0.0000
vn 0.1556 0.9878 -0.0000
vn 0.8202 0.5720 -0.0000
vn 0.5697 -0.8219 -0.0000
vn -0.1699 -0.9855 -0.0000
vn -0.1810 -0.9835 -0.0000
vn -0.1863 -0.9825 -0.0000
vn -0.1916 -0.9815 -0.0000
vn -0.1969 -0.9804 -0.0000
vn -0.2020 -0.9794 -0.0000
vn -0.2069 -0.9784 -0.0000
vn -0.2114 -0.9774 -0.0000
vn -0.2156 -0.9765 -0.0000
vn -0.2192 -0.9757 -0.0000
vn -0.2224 -0.9750 -0.0000
vn -0.2250 -0.9744 -0.0000
vn 0.5463 -0.8376 -0.0000
vn 0.7836 0.6213 -0.0000
vn 0.0466 0.9989 -0.0000
vn 0.0534 0.9986 -0.0000
vn 0.0605 0.9982 -0.0000
vn 0.0677 0.9977 -0.0000
vn 0.0750 0.9972 -0.0000
vn 0.0823 0.9966 -0.0000
vn 0.0896 0.9960 -0.0000
vn 0.0968 0.9953 -0.0000
vn 0.1039 0.9946 -0.0000
vn 0.1108 0.9938 -0.0000
vn 0.1175 0.9931 -0.0000
vn 0.1153 0.9933 -0.0000
vn 0.1250 0.9922 -0.0000
vn 0.1320 0.9912 -0.0000
vn 0.1373 0.9905 -0.0000
vn 0.1415 0.9899 -0.0000
vn 0.1450 0.9894 -0.0000
vn 0.1478 0.9890 -0.0000
vn 0.1503 0.9886 -0.0000
vn 0.1524 0.9883 -0.0000
vn 0.1543 0.9880 -0.0000
vn 0.1560 0.9878 -0.0000
vn 0.8208 0.5712 -0.0000
vn 0.9805 -0.1966 -0.0000
vn 0.9787 -0.2053 -0.0000
vn 0.9752 -0.2212 -0.0000
vn 0.9716 -0.2365 -0.0000
vn 0.9680 -0.2510 -0.0000
vn 0.9644 -0.2646 -0.0000
vn 0.9608 -0.2774 -0.0000
vn 0.9573 -0.2891 -0.0000
vn 0.9540 -0.2997 -0.0000
vn 0.9510 -0.3092 -0.0000
vn 0.9482 -0.3175 -0.0000
vn 0.9459 -0.3245 -0.0000
vn 0.8625 0.5060 -0.0000
vn -0.6163 0.7875 -0.0000
vn -0.9969 0.0785 -0.0000
vn -0.9951 0.0992 -0.0000
vn -0.9934 0.1150 -0.0000
vn -0.9919 0.1270 -0.0000
vn -0.9907 0.1361 -0.0000
vn -0.9898 0.1425 -0.0000
vn -0.9892 0.1466 -0.0000
vn -0.9889 0.1487 -0.0000
vn -0.9889 0.1486 -0.0000
vn -0.9892 0.1464 -0.0000
vn -0.9899 0.1419 -0.0000
vn -0.9863 0.1650 -0.0000
vn -0.5710 0.8210 -0.0000
vn 0.1626 0.9867 -0.0000
vn 0.1628 0.9867 -0.0000
vn 0.1632 0.9866 -0.0000
vn 0.1650 0.9863 -0.0000
vn 0.1664 0.9861 -0.0000
vn 0.1683 0.9857 -0.0000
vn 0.1709 0.9853 -0.0000
vn 0.1746 0.9846 -0.0000
vn 0.1798 0.9837 -0.0000
vn 0.1800 0.9837 -0.0000
vn 0.1841 0.9829 -0.0000
vn 0.1975 0.9803 -0.0000
vn 0.2100 0.9777 -0.0000
vn 0.2216 0.9751 -0.0000
vn 0.2324 0.9726 -0.0000
vn 0.2424 0.9702 -0.0000
vn 0.2514 0.9679 -0.0000
vn 0.2596 0.9657 -0.0000
vn 0.2668 0.9637 -0.0000
vn 0.2730 0.9620 -0.0000
vn 0.2781 0.9605 -0.0000
vn -0.5171 0.8559 -0.0000
vn -0.8141 -0.5807 -0.0000
vn -0.1314 -0.9913 -0.0000
vn -0.1312 -0.9914 -0.0000
vn -0.1315 -0.9913 -0.0000
vn -0.1322 -0.9912 -0.0000
vn -0.1333 -0.9911 -0.0000
vn -0.1348 -0.9909 -0.0000
vn -0.1365 -0.9906 -0.0000
vn -0.1386 -0.9903 -0.0000
vn -0.1412 -0.9900 -0.0000
vn -0.1442 -0.9895 -0.0000
vn -0.1478 -0.9890 -0.0000
vn -0.1533 -0.9882 -0.0000
vn -0.8205 -0.5716 -0.0000
vn -0.5668 0.8238 -0.0000
vn 0.1849 0.9827 -0.0000
vn 0.2023 0.9793 -0.0000
vn 0.2040 0.9790 -0.0000
vn 0.2063 0.9785 -0.0000
vn 0.2092 0.9779 -0.0000
vn 0.2127 0.9771 -0.0000
vn 0.2171 0.9762 -0.0000
vn 0.2222 0.9750 -0.0000
vn 0.2283 0.9736 -0.0000
vn 0.2353 0.9719 -0.0000
vn 0.2435 0.9699 -0.0000
vn 0.2528 0.9675 -0.0000
vn -0.5320 0.8468 -0.0000
vn -0.8020 -0.5974 -0.0000
vn -0.1081 -0.9941 -0.0000
vn -0.1190 -0.9929 -0.0000
vn -0.1279 -0.9918 -0.0000
vn -0.1351 -0.9908 -0.0000
vn -0.1410 -0.9900 -0.0000
vn -0.1458 -0.9893 -0.0000
vn -0.1498 -0.9887 -0.0000
vn -0.1530 -0.9882 -0.0000
vn -0.1555 -0.9878 -0.0000
vn -0.1575 -0.9875 -0.0000
vn -0.1590 -0.9873 -0.0000
vn -0.1581 -0.9874 -0.0000
vn -0.8218 -0.5697 -0.0000
vn -0.9762 0.2171 -0.0000
vn -0.9722 0.2343 -0.0000
vn -0.9720 0.2350 -0.0000
vn -0.9716 0.2367 -0.0000
vn -0.9709 0.2394 -0.0000
vn -0.9700 0.2433 -0.0000
vn -0.9687 0.2482 -0.0000
vn -0.9671 0.2543 -0.0000
vn -0.9652 0.2616 -0.0000
vn -0.9628 0.2703 -0.0000
vn -0.9599 0.2804 -0.0000
vn -0.9563 0.2924 -0.0000
vn -0.8570 -0.5153 -0.0000
vn 0.5823 -0.8130 -0.0000
vn 0.9901 -0.1401 -0.0000
vn 0.9907 -0.1364 -0.0000
vn 0.9909 -0.1348 -0.0000
vn 0.9908 -0.1355 -0.0000
vn 0.9904 -0.1386 -0.0000
vn 0.9896 -0.1441 -0.0000
vn 0.9884 -0.1520 -0.0000
vn 0.9867 -0.1625 -0.0000
vn 0.9845 -0.1753 -0.0000
vn 0.9817 -0.1906 -0.0000
vn 0.9781 -0.2080 -0.0000
vn 0.9791 -0.2035 -0.0000
vn 0.5702 -0.8215 -0.0000
vn -0.1659 -0.9861 -0.0000
vn -0.1660 -0.9861 -0.0000
vn -0.1663 -0.9861 -0.0000
vn -0.1667 -0.9860 -0.0000
vn -0.1672 -0.9859 -0.0000
vn -0.1678 -0.9858 -0.0000
vn -0.1687 -0.9857 -0.0000
vn -0.1714 -0.9852 -0.0000
vn -0.1735 -0.9848 -0.0000
vn -0.1765 -0.9843 -0.0000
vn -0.1775 -0.9841 -0.0000
vn -0.1771 -0.9842 -0.0000
vn -0.1783 -0.9840 -0.0000
vn -0.1805 -0.9836 -0.0000
vn -0.1839 -0.9830 -0.0000
vn -0.1886 -0.9821 -0.0000
vn -0.1947 -0.9809 -0.0000
vn -0.2026 -0.9793 -0.0000
vn -0.2124 -0.9772 -0.0000
vn -0.2243 -0.9745 -0.0000
vn -0.2386 -0.9711 -0.0000
vn -0.2555 -0.9668 -0.0000
vn 0.5223 -0.8528 -0.0000
vn 0.7913 0.6114 -0.0000
vn 0.0576 0.9983 -0.0000
vn 0.0692 0.9976 -0.0000
vn 0.0788 0.9969 -0.0000
vn 0.0872 0.9962 -0.0000
vn 0.0947 0.9955 -0.0000
vn 0.1018 0.9948 -0.0000
vn 0.1088 0.9941 -0.0000
vn 0.1159 0.9933 -0.0000
vn 0.1234 0.9924 -0.0000
vn 0.1317 0.9913 -0.0000
vn 0.1411 0.9900 -0.0000
vn 0.1437 0.9896 -0.0000
vn -0.0000 1.0000 -0.0000
vn 0.0025 1.0000 -0.0000
vn 0.0098 1.0000 -0.0000
vn 0.0195 0.9998 -0.0000
vn 0.0290 0.9996 -0.0000
vn 0.0381 0.9993 -0.0000
vn 0.0469 0.9989 -0.0000
vn 0.0553 0.9985 -0.0000
vn 0.0633 0.9980 -0.0000
vn 0.0706 0.9975 -0.0000
vn 0.0772 0.9970 -0.0000
vn 0.0828 0.9966 -0.0000
vn 0.0873 0.9962 -0.0000
vn -0.6748 0.7380 -0.0000
vn -0.6868 -0.7268 -0.0000
vn 0.0607 -0.9982 -0.0000
vn 0.0666 -0.9978 -0.0000
vn 0.0686 -0.9976 -0.0000
vn 0.0677 -0.9977 -0.0000
vn 0.0648 -0.9979 -0.0000
vn 0.0600 -0.9982 -0.0000
vn 0.0537 -0.9986 -0.0000
vn 0.0459 -0.9989 -0.0000
vn 0.0366 -0.9993 -0.0000
vn 0.0259 -0.9997 -0.0000
vn 0.0136 -0.9999 -0.0000
vn 0.0035 -1.0000 -0.0000
vn -0.0000 -1.0000 -0.0000
vn -0.0015 -1.0000 -0.0000
vn -0.0060 -1.0000 -0.0000
vn -0.0119 -0.9999 -0.0000
vn -0.0178 -0.9998 -0.0000
vn -0.0238 -0.9997 -0.0000
vn -0.0300 -0.9996 -0.0000
vn -0.0365 -0.9993 -0.0000
vn -0.0435 -0.9991 -0.0000
vn -0.0512 -0.9987 -0.0000
vn -0.0599 -0.9982 -0.0000
vn -0.0699 -0.9976 -0.0000
vn 0.6751 -0.7377 -0.0000
vn 0.6838 0.7297 -0.0000
vn -0.0632 0.9980 -0.0000
vn -0.0597 0.9982 -0.0000
vn -0.0557 0.9984 -0.0000
vn -0.0514 0.9987 -0.0000
vn -0.0467 0.9989 -0.0000
vn -0.0415 0.9991 -0.0000
vn -0.0360 0.9994 -0.0000
vn -0.0299 0.9996 -0.0000
vn -0.0234 0.9997 -0.0000
vn -0.0162 0.9999 -0.0000
vn -0.0084 1.0000 -0.0000
vn -0.0022 1.0000 -0.0000
vn 0.1043 0.9945 -0.0000
vn 0.1022 0.9948 -0.0000
vn 0.1004 0.9949 -0.0000
vn 0.0987 0.9951 -0.0000
vn 0.0970 0.9953 -0.0000
vn 0.0952 0.9955 -0.0000
vn 0.0934 0.9956 -0.0000
vn 0.0914 0.9958 -0.0000
vn 0.0893 0.9960 -0.0000
vn 0.0869 0.9962 -0.0000
vn 0.0842 0.9964 -0.0000
vn 0.0819 0.9966 -0.0000
vn 0.0796 0.9968 -0.0000
vn 0.0769 0.9970 -0.0000
vn 0.0742 0.9972 -0.0000
vn 0.0715 0.9974 -0.0000
vn 0.0687 0.9976 -0.0000
vn 0.0658 0.9978 -0.0000
vn 0.0628 0.9980 -0.0000
vn 0.0596 0.9982 -0.0000
vn 0.0563 0.9984 -0.0000
vn 0.0528 0.9986 -0.0000
vn 0.0489 0.9988 -0.0000
vn -0.6903 0.7235 -0.0000
vn -0.7078 -0.7064 -0.0000
vn -0.0046 -1.0000 -0.0000
vn -0.0110 -0.9999 -0.0000
vn -0.0196 -0.9998 -0.0000
vn -0.0305 -0.9995 -0.0000
vn -0.0440 -0.9990 -0.0000
vn -0.0603 -0.9982 -0.0000
vn -0.0803 -0.9968 -0.0000
vn -0.1047 -0.9945 -0.0000
vn -0.1350 -0.9908 -0.0000
vn -0.1730 -0.9849 -0.0000
vn -0.2217 -0.9751 -0.0000
vn -0.3096 -0.9509 -0.0000
vn -0.4262 -0.9046 -0.0000
vn -0.5325 -0.8464 -0.0000
vn -0.6250 -0.7806 -0.0000
vn -0.7044 -0.7098 -0.0000
vn -0.7719 -0.6358 -0.0000
vn -0.8290 -0.5593 -0.0000
vn -0.8772 -0.4802 -0.0000
vn -0.9175 -0.3978 -0.0000
vn -0.9505 -0.3106 -0.0000
vn -0.9763 -0.2166 -0.0000
vn -0.9936 -0.1134 -0.0000
vn -0.9999 0.0103 -0.0000
vn -0.9861 0.1659 -0.0000
vn -0.9408 0.3390 -0.0000
vn -0.8627 0.5057 -0.0000
vn -0.7594 0.6507 -0.0000
vn -0.6436 0.7654 -0.0000
vn -0.5277 0.8494 -0.0000
vn -0.4196 0.9077 -0.0000
vn -0.3229 0.9464 -0.0000
vn -0.2378 0.9713 -0.0000
vn -0.1631 0.9866 -0.0000
vn -0.0971 0.9953 -0.0000
vn -0.8341 0.5516 -0.0000
vn -0.5463 -0.8376 -0.0000
vn 0.1197 -0.9928 -0.0000
vn 0.2027 -0.9792 -0.0000
vn 0.2888 -0.9574 -0.0000
vn 0.3797 -0.9251 -0.0000
vn 0.5782 -0.8159 -0.0000
vn 0.6828 -0.7306 -0.0000
vn 0.7844 -0.6203 -0.0000
vn 0.8747 -0.4847 -0.0000
vn 0.9443 -0.3290 -0.0000
vn 0.9865 -0.1636 -0.0000
vn 0.9999 -0.0149 -0.0000
vn 0.9951 0.0992 -0.0000
vn 0.9809 0.1948 -0.0000
vn 0.9586 0.2848 -0.0000
vn 0.9295 0.3688 -0.0000
vn 0.8948 0.4464 -0.0000
vn 0.8553 0.5181 -0.0000
vn 0.8116 0.5843 -0.0000
vn 0.7635 0.6458 -0.0000
vn 0.7109 0.7033 -0.0000
vn 0.6526 0.7577 -0.0000
vn 0.5872 0.8095 -0.0000
vn 0.9405 -0.3398 -0.0000
vn -0.1071 -0.9942 -0.0000
vn -0.1053 -0.9944 -0.0000
vn -0.1054 -0.9944 -0.0000
vn -0.1069 -0.9943 -0.0000
vn -0.1098 -0.9940 -0.0000
vn -0.1140 -0.9935 -0.0000
vn -0.1198 -0.9928 -0.0000
vn -0.1277 -0.9918 -0.0000
vn -0.1384 -0.9904 -0.0000
vn -0.1535 -0.9881 -0.0000
vn -0.1759 -0.9844 -0.0000
vn 0.5961 -0.8029 -0.0000
vn 0.7522 0.6590 -0.0000
vn 0.0314 0.9995 -0.0000
vn 0.0364 0.9993 -0.0000
vn 0.0416 0.9991 -0.0000
vn 0.0468 0.9989 -0.0000
vn 0.0522 0.9986 -0.0000
vn 0.0578 0.9983 -0.0000
vn 0.0637 0.9980 -0.0000
vn 0.0701 0.9975 -0.0000
vn 0.0851 0.9964 -0.0000
vn 0.0942 0.9956 -0.0000
vn 0.1023 0.9948 -0.0000
vn 0.3327 -0.9430 -0.0000
vn 0.8967 -0.4426 -0.0000
vn 0.8914 -0.4531 -0.0000
vn 0.8859 -0.4639 -0.0000
vn 0.8800 -0.4750 -0.0000
vn 0.8736 -0.4866 -0.0000
vn 0.8668 -0.4987 -0.0000
vn 0.8593 -0.5115 -0.0000
vn 0.8511 -0.5251 -0.0000
vn 0.8419 -0.5396 -0.0000
vn 0.8317 -0.5553 -0.0000
vn 0.8201 -0.5723 -0.0000
vn 0.9633 0.2684 -0.0000
vn -0.2779 0.9606 -0.0000
vn -0.8291 0.5592 -0.0000
vn -0.8362 0.5484 -0.0000
vn -0.8424 0.5389 -0.0000
vn -0.8480 0.5300 -0.0000
vn -0.8533 0.5214 -0.0000
vn -0.8587 0.5125 -0.0000
vn -0.8642 0.5032 -0.0000
vn -0.8701 0.4929 -0.0000
vn -0.8766 0.4812 -0.0000
vn -0.8840 0.4675 -0.0000
vn -0.8926 0.4508 -0.0000
vn -0.9438 -0.3304 -0.0000
vn 0.3242 -0.9460 -0.0000
vn 0.8920 -0.4521 -0.0000
vn 0.8857 -0.4643 -0.0000
vn 0.8792 -0.4764 -0.0000
vn 0.8725 -0.4886 -0.0000
vn 0.8656 -0.5008 -0.0000
vn 0.8583 -0.5132 -0.0000
vn 0.8506 -0.5258 -0.0000
vn 0.8425 -0.5387 -0.0000
vn 0.8340 -0.5518 -0.0000
vn 0.8248 -0.5654 -0.0000
vn 0.8150 -0.5794 -0.0000
vn 0.9683 0.2499 -0.0000
vn -0.2522 0.9677 -0.0000
vn -0.8161 0.5779 -0.0000
vn -0.8224 0.5690 -0.0000
vn -0.8279 0.5609 -0.0000
vn -0.8330 0.5533 -0.0000
vn -0.8380 0.5457 -0.0000
vn -0.8430 0.5379 -0.0000
vn -0.8483 0.5295 -0.0000
vn -0.8541 0.5201 -0.0000
vn -0.8605 0.5094 -0.0000
vn -0.8678 0.4969 -0.0000
vn -0.8764 0.4817 -0.0000
vn -0.9508 -0.3097 -0.0000
vn 0.3347 -0.9423 -0.0000
vn 0.8889 -0.4580 -0.0000
vn 0.8839 -0.4677 -0.0000
vn 0.8791 -0.4766 -0.0000
vn 0.8744 -0.4852 -0.0000
vn 0.8697 -0.4936 -0.0000
vn 0.8647 -0.5023 -0.0000
vn 0.8592 -0.5116 -0.0000
vn 0.8532 -0.5216 -0.0000
vn 0.8462 -0.5329 -0.0000
vn 0.8379 -0.5459 -0.0000
vn 0.8277 -0.5612 -0.0000
vn 0.9617 0.2741 -0.0000
vn -0.2774 0.9607 -0.0000
vn -0.8296 0.5584 -0.0000
vn -0.8365 0.5480 -0.0000
vn -0.8423 0.5390 -0.0000
vn -0.8475 0.5308 -0.0000
vn -0.8524 0.5229 -0.0000
vn -0.8571 0.5151 -0.0000
vn -0.8619 0.5070 -0.0000
vn -0.8670 0.4983 -0.0000
vn -0.8725 0.4886 -0.0000
vn -0.8787 0.4774 -0.0000
vn -0.8860 0.4638 -0.0000
vn -0.9429 -0.3329 -0.0000
vn 0.3312 -0.9435 -0.0000
vn 0.8862 -0.4634 -0.0000
vn 0.8819 -0.4715 -0.0000
vn 0.8773 -0.4800 -0.0000
vn 0.8722 -0.4892 -0.0000
vn 0.8665 -0.4992 -0.0000
vn 0.8601 -0.5101 -0.0000
vn 0.8527 -0.5224 -0.0000
vn 0.8440 -0.5363 -0.0000
vn 0.8337 -0.5522 -0.0000
vn 0.8213 -0.5705 -0.0000
vn 0.8059 -0.5921 -0.0000
vn 0.9673 0.2538 -0.0000
vn -0.2741 0.9617 -0.0000
vn -0.8251 0.5650 -0.0000
vn -0.8309 0.5564 -0.0000
vn -0.8360 0.5488 -0.0000
vn -0.8406 0.5417 -0.0000
vn -0.8450 0.5347 -0.0000
vn -0.8495 0.5276 -0.0000
vn -0.8592 0.5117 -0.0000
vn -0.8649 0.5020 -0.0000
vn -0.8715 0.4903 -0.0000
vn -0.8797 0.4755 -0.0000
vn -0.9450 -0.3271 -0.0000
vn -0.9456 -0.3252 -0.0000
vn -0.9454 -0.3258 -0.0000
vn -0.9447 -0.3281 -0.0000
vn -0.9434 -0.3317 -0.0000
vn -0.9416 -0.3367 -0.0000
vn -0.9393 -0.3431 -0.0000
vn -0.9365 -0.3506 -0.0000
vn -0.9332 -0.3594 -0.0000
vn -0.9293 -0.3694 -0.0000
vn -0.9248 -0.3805 -0.0000
vn -0.9196 -0.3928 -0.0000
vn -0.8364 0.5480 -0.0000
vn 0.0017 1.0000 -0.0000
vn 0.0068 1.0000 -0.0000
vn 0.0137 0.9999 -0.0000
vn 0.0207 0.9998 -0.0000
vn 0.0282 0.9996 -0.0000
vn 0.0363 0.9993 -0.0000
vn 0.0453 0.9990 -0.0000
vn 0.0668 0.9978 -0.0000
vn 0.0801 0.9968 -0.0000
vn 0.0958 0.9954 -0.0000
vn 0.1145 0.9934 -0.0000
vn -0.6615 0.7499 -0.0000
vn -0.6854 -0.7282 -0.0000
vn 0.0571 -0.9984 -0.0000
vn 0.0506 -0.9987 -0.0000
vn 0.0448 -0.9990 -0.0000
vn 0.0396 -0.9992 -0.0000
vn 0.0348 -0.9994 -0.0000
vn 0.0303 -0.9995 -0.0000
vn 0.0215 -0.9998 -0.0000
vn 0.0169 -0.9999 -0.0000
vn 0.0120 -0.9999 -0.0000
vn 0.0064 -1.0000 -0.0000
vn 0.0017 -1.0000 -0.0000
vn -0.6759 -0.7370 -0.0000
vn -0.9929 -0.1189 -0.0000
vn -0.9824 -0.1868 -0.0000
vn -0.9658 -0.2594 -0.0000
vn -0.9420 -0.3357 -0.0000
vn -0.9104 -0.4138 -0.0000
vn -0.8709 -0.4915 -0.0000
vn -0.8240 -0.5665 -0.0000
vn -0.7712 -0.6366 -0.0000
vn -0.7142 -0.7000 -0.0000
vn -0.6552 -0.7555 -0.0000
vn -0.5964 -0.8027 -0.0000
vn -0.0020 -1.0000 -0.0000
vn 0.9938 0.1109 -0.0000
vn 0.3801 0.9250 -0.0000
vn 0.4043 0.9146 -0.0000
vn 0.4275 0.9040 -0.0000
vn 0.4499 0.8931 -0.0000
vn 0.4719 0.8816 -0.0000
vn 0.4936 0.8697 -0.0000
vn 0.5154 0.8569 -0.0000
vn 0.5375 0.8433 -0.0000
vn 0.5600 0.8285 -0.0000
vn 0.5834 0.8122 -0.0000
vn 0.6078 0.7941 -0.0000
vn 0.6225 0.7826 -0.0000
vn 0.6480 0.7617 -0.0000
vn 0.6945 0.7195 -0.0000
vn 0.7419 0.6705 -0.0000
vn 0.7886 0.6149 -0.0000
vn 0.8330 0.5533 -0.0000
vn 0.8736 0.4866 -0.0000
vn 0.9094 0.4160 -0.0000
vn 0.9393 0.3432 -0.0000
vn 0.9630 0.2697 -0.0000
vn 0.9804 0.1970 -0.0000
vn 0.9920 0.1265 -0.0000
vn 0.7389 -0.6738 -0.0000
vn -0.5075 -0.8617 -0.0000
vn -0.8672 -0.4980 -0.0000
vn -0.8525 -0.5227 -0.0000
vn -0.8382 -0.5454 -0.0000
vn -0.8238 -0.5669 -0.0000
vn -0.8090 -0.5879 -0.0000
vn -0.7933 -0.6089 -0.0000
vn -0.7762 -0.6305 -0.0000
vn -0.7571 -0.6533 -0.0000
vn -0.7351 -0.6780 -0.0000
vn -0.7089 -0.7053 -0.0000
vn -0.6768 -0.7361 -0.0000
vn -0.0912 -0.9958 -0.0000
vn 0.9980 -0.0625 -0.0000
vn 0.6390 0.7692 -0.0000
vn 0.6821 0.7312 -0.0000
vn 0.7163 0.6978 -0.0000
vn 0.7440 0.6682 -0.0000
vn 0.7668 0.6419 -0.0000
vn 0.7861 0.6182 -0.0000
vn 0.8026 0.5965 -0.0000
vn 0.8173 0.5762 -0.0000
vn 0.8305 0.5569 -0.0000
vn 0.8430 0.5380 -0.0000
vn 0.8551 0.5185 -0.0000
vn 0.8736 0.4867 -0.0000
vn 0.8909 0.4542 -0.0000
vn 0.9009 0.4339 -0.0000
vn 0.9100 0.4146 -0.0000
vn 0.9182 0.3961 -0.0000
vn 0.9256 0.3784 -0.0000
vn 0.9324 0.3614 -0.0000
vn 0.9385 0.3451 -0.0000
vn 0.9442 0.3295 -0.0000
vn 0.9493 0.3144 -0.0000
vn 0.9540 0.2997 -0.0000
vn 0.9584 0.2855 -0.0000
vn 0.9596 0.2813 -0.0000
vn 0.9616 0.2743 -0.0000
vn 0.9669 0.2550 -0.0000
vn 0.9717 0.2362 -0.0000
vn 0.9760 0.2179 -0.0000
vn 0.9798 0.1999 -0.0000
vn 0.9833 0.1821 -0.0000
vn 0.9864 0.1646 -0.0000
vn 0.9915 0.1297 -0.0000
vn 0.9937 0.1122 -0.0000
vn 0.9955 0.0946 -0.0000
vn 0.6018 0.7986 -0.0000
vn -0.8761 0.4821 -0.0000
vn -0.9325 -0.3613 -0.0000
vn -0.9336 -0.3584 -0.0000
vn -0.9346 -0.3556 -0.0000
vn -0.9356 -0.3530 -0.0000
vn -0.9366 -0.3505 -0.0000
vn -0.9375 -0.3479 -0.0000
vn -0.9385 -0.3454 -0.0000
vn -0.9394 -0.3428 -0.0000
vn -0.9404 -0.3401 -0.0000
vn -0.9415 -0.3371 -0.0000
vn -0.9426 -0.3339 -0.0000
vn -0.9444 -0.3288 -0.0000
vn 0.9345 0.3559 -0.0000
vn 0.9399 0.3416 -0.0000
vn 0.9435 0.3315 -0.0000
vn 0.9461 0.3238 -0.0000
vn 0.9482 0.3176 -0.0000
vn 0.9499 0.3124 -0.0000
vn 0.9515 0.3077 -0.0000
vn 0.9529 0.3032 -0.0000
vn 0.9544 0.2986 -0.0000
vn 0.9561 0.2931 -0.0000
vn 0.9583 0.2858 -0.0000
vn 0.9642 0.2650 -0.0000
vn 0.9697 0.2444 -0.0000
vn 0.9719 0.2353 -0.0000
vn 0.9743 0.2251 -0.0000
vn 0.9769 0.2138 -0.0000
vn 0.9795 0.2014 -0.0000
vn 0.9821 0.1882 -0.0000
vn 0.9847 0.1745 -0.0000
vn 0.9870 0.1606 -0.0000
vn 0.9909 0.1347 -0.0000
vn 0.9923 0.1239 -0.0000
vn 0.5868 0.8097 -0.0000
vn -0.8796 0.4757 -0.0000
vn -0.9278 -0.3731 -0.0000
vn -0.9279 -0.3729 -0.0000
vn -0.9288 -0.3707 -0.0000
vn -0.9304 -0.3665 -0.0000
vn -0.9327 -0.3607 -0.0000
vn -0.9354 -0.3535 -0.0000
vn -0.9385 -0.3452 -0.0000
vn -0.9419 -0.3360 -0.0000
vn -0.9453 -0.3263 -0.0000
vn -0.9487 -0.3162 -0.0000
vn -0.9521 -0.3059 -0.0000
vn -0.9542 -0.2992 -0.0000
vn -0.9541 -0.2996 -0.0000
vn -0.9530 -0.3030 -0.0000
vn -0.9521 -0.3058 -0.0000
vn -0.9513 -0.3083 -0.0000
vn -0.9504 -0.3110 -0.0000
vn -0.9494 -0.3139 -0.0000
vn -0.9483 -0.3173 -0.0000
vn -0.9469 -0.3215 -0.0000
vn -0.9451 -0.3268 -0.0000
vn -0.9389 -0.3442 -0.0000
vn -0.7933 0.6089 -0.0000
vn 0.0976 0.9952 -0.0000
vn 0.1003 0.9950 -0.0000
vn 0.1027 0.9947 -0.0000
vn 0.1051 0.9945 -0.0000
vn 0.1076 0.9942 -0.0000
vn 0.1101 0.9939 -0.0000
vn 0.1128 0.9936 -0.0000
vn 0.1194 0.9928 -0.0000
vn 0.1235 0.9923 -0.0000
vn 0.1287 0.9917 -0.0000
vn 0.8857 0.4642 -0.0000
vn 0.8879 -0.4601 -0.0000
vn 0.8834 -0.4687 -0.0000
vn 0.8785 -0.4777 -0.0000
vn 0.8733 -0.4872 -0.0000
vn 0.8676 -0.4973 -0.0000
vn 0.8611 -0.5084 -0.0000
vn 0.8539 -0.5205 -0.0000
vn 0.8455 -0.5340 -0.0000
vn 0.8356 -0.5493 -0.0000
vn 0.8239 -0.5668 -0.0000
vn 0.8095 -0.5872 -0.0000
vn 0.9684 0.2494 -0.0000
vn -0.2747 0.9615 -0.0000
vn -0.8382 0.5454 -0.0000
vn -0.8496 0.5275 -0.0000
vn -0.8584 0.5129 -0.0000
vn -0.8658 0.5004 -0.0000
vn -0.8723 0.4890 -0.0000
vn -0.8783 0.4781 -0.0000
vn -0.8842 0.4671 -0.0000
vn -0.8903 0.4554 -0.0000
vn -0.8970 0.4421 -0.0000
vn -0.9047 0.4260 -0.0000
vn -0.9143 0.4051 -0.0000
vn -0.9320 -0.3625 -0.0000
vn 0.3870 -0.9221 -0.0000
vn 0.9373 -0.3484 -0.0000
vn 0.9342 -0.3567 -0.0000
vn 0.9312 -0.3644 -0.0000
vn 0.9283 -0.3718 -0.0000
vn 0.9254 -0.3789 -0.0000
vn 0.9226 -0.3857 -0.0000
vn 0.9198 -0.3924 -0.0000
vn 0.9170 -0.3990 -0.0000
vn 0.9141 -0.4055 -0.0000
vn 0.9112 -0.4119 -0.0000
vn 0.9083 -0.4184 -0.0000
vn 0.4836 -0.8753 -0.0000
vn -0.1235 -0.9923 -0.0000
vn -0.1195 -0.9928 -0.0000
vn -0.1166 -0.9932 -0.0000
vn -0.1141 -0.9935 -0.0000
vn -0.1120 -0.9937 -0.0000
vn -0.1100 -0.9939 -0.0000
vn -0.1079 -0.9942 -0.0000
vn -0.1058 -0.9944 -0.0000
vn -0.1032 -0.9947 -0.0000
vn -0.1000 -0.9950 -0.0000
vn -0.0956 -0.9954 -0.0000
vn -0.0905 -0.9959 -0.0000
vn -0.1091 -0.9940 -0.0000
vn -0.1292 -0.9916 -0.0000
vn -0.1361 -0.9907 -0.0000
vn -0.1411 -0.9900 -0.0000
vn -0.1444 -0.9895 -0.0000
vn -0.1460 -0.9893 -0.0000
vn 0.5937 -0.8047 -0.0000
vn 0.7523 0.6588 -0.0000
vn -0.0224 0.9997 -0.0000
vn -0.0127 0.9999 -0.0000
vn -0.0041 1.0000 -0.0000
vn 0.0034 1.0000 -0.0000
vn 0.0099 1.0000 -0.0000
vn 0.0156 0.9999 -0.0000
vn 0.0205 0.9998 -0.0000
vn 0.0247 0.9997 -0.0000
vn 0.0309 0.9995 -0.0000
vn 0.0330 0.9995 -0.0000
vn 0.5883 0.8087 -0.0000
vn -0.9200 -0.3918 -0.0000
vn -0.9103 -0.4139 -0.0000
vn -0.9008 -0.4342 -0.0000
vn -0.8912 -0.4535 -0.0000
vn -0.8814 -0.4723 -0.0000
vn -0.8712 -0.4910 -0.0000
vn -0.8602 -0.5099 -0.0000
vn -0.8484 -0.5294 -0.0000
vn -0.8353 -0.5498 -0.0000
vn -0.8207 -0.5714 -0.0000
vn -0.8040 -0.5946 -0.0000
vn -0.9950 0.0995 -0.0000
vn -0.6665 0.7455 -0.0000
vn -0.6800 0.7332 -0.0000
vn -0.6916 0.7223 -0.0000
vn -0.7018 0.7124 -0.0000
vn -0.7110 0.7032 -0.0000
vn -0.7195 0.6945 -0.0000
vn -0.7276 0.6860 -0.0000
vn -0.7355 0.6775 -0.0000
vn -0.7436 0.6687 -0.0000
vn -0.7521 0.6591 -0.0000
vn -0.7615 0.6482 -0.0000
vn -0.9966 -0.0823 -0.0000
vn 0.1031 -0.9947 -0.0000
vn 0.7869 -0.6171 -0.0000
vn 0.7757 -0.6311 -0.0000
vn 0.7653 -0.6437 -0.0000
vn 0.7553 -0.6554 -0.0000
vn 0.7456 -0.6664 -0.0000
vn 0.7358 -0.6772 -0.0000
vn 0.7259 -0.6878 -0.0000
vn 0.7155 -0.6986 -0.0000
vn 0.7046 -0.7096 -0.0000
vn 0.6928 -0.7211 -0.0000
vn 0.6799 -0.7333 -0.0000
vn -0.0351 -0.9994 -0.0000
vn -0.7143 -0.6998 -0.0000
vn -0.6956 -0.7184 -0.0000
vn -0.6758 -0.7371 -0.0000
vn -0.6547 -0.7559 -0.0000
vn -0.6321 -0.7749 -0.0000
vn -0.6077 -0.7941 -0.0000
vn -0.5815 -0.8136 -0.0000
vn -0.5530 -0.8332 -0.0000
vn -0.5221 -0.8529 -0.0000
vn -0.4885 -0.8726 -0.0000
vn -0.4519 -0.8921 -0.0000
vn 0.1794 -0.9838 -0.0000
vn 0.9792 0.2029 -0.0000
vn 0.4124 0.9110 -0.0000
vn 0.4563 0.8898 -0.0000
vn 0.4962 0.8682 -0.0000
vn 0.5324 0.8465 -0.0000
vn 0.5656 0.8247 -0.0000
vn 0.5961 0.8029 -0.0000
vn 0.6244 0.7811 -0.0000
vn 0.6508 0.7593 -0.0000
vn 0.6757 0.7371 -0.0000
vn 0.6995 0.7146 -0.0000
vn 0.7225 0.6914 -0.0000
vn 0.7478 0.6639 -0.0000
vn 0.7722 0.6353 -0.0000
vn 0.7921 0.6104 -0.0000
vn 0.8097 0.5868 -0.0000
vn 0.8259 0.5638 -0.0000
vn 0.8413 0.5406 -0.0000
vn 0.8563 0.5165 -0.0000
vn 0.8713 0.4908 -0.0000
vn 0.8867 0.4624 -0.0000
vn 0.9029 0.4299 -0.0000
vn 0.9201 0.3917 -0.0000
vn 0.9386 0.3451 -0.0000
vn 0.8122 -0.5834 -0.0000
vn -0.0043 -1.0000 -0.0000
vn -0.0157 -0.9999 -0.0000
vn -0.0281 -0.9996 -0.0000
vn -0.0378 -0.9993 -0.0000
vn -0.0456 -0.9990 -0.0000
vn -0.0520 -0.9986 -0.0000
vn -0.0575 -0.9983 -0.0000
vn -0.0623 -0.9981 -0.0000
vn -0.0667 -0.9978 -0.0000
vn -0.0709 -0.9975 -0.0000
vn -0.0754 -0.9972 -0.0000
vn -0.0812 -0.9967 -0.0000
vn 0.6765 -0.7364 -0.0000
vn 0.6623 0.7492 -0.0000
vn -0.1119 0.9937 -0.0000
vn -0.0950 0.9955 -0.0000
vn -0.0843 0.9964 -0.0000
vn -0.0763 0.9971 -0.0000
vn -0.0695 0.9976 -0.0000
vn -0.0631 0.9980 -0.0000
vn -0.0566 0.9984 -0.0000
vn -0.0495 0.9988 -0.0000
vn -0.0412 0.9991 -0.0000
vn -0.0310 0.9995 -0.0000
vn -0.0176 0.9998 -0.0000
vn -0.0050 1.0000 -0.0000
vn 0.0038 1.0000 -0.0000
vn 0.0319 0.9995 -0.0000
vn 0.0491 0.9988 -0.0000
vn 0.0675 0.9977 -0.0000
vn 0.1085 0.9941 -0.0000
vn 0.1318 0.9913 -0.0000
vn 0.1576 0.9875 -0.0000
vn 0.1864 0.9825 -0.0000
vn 0.2189 0.9758 -0.0000
vn 0.2561 0.9667 -0.0000
vn -0.1856 0.9826 -0.0000
vn -0.9892 0.1469 -0.0000
vn -0.8346 -0.5509 -0.0000
vn -0.8447 -0.5352 -0.0000
vn -0.8529 -0.5221 -0.0000
vn -0.8600 -0.5103 -0.0000
vn -0.8667 -0.4989 -0.0000
vn -0.8733 -0.4872 -0.0000
vn -0.8802 -0.4746 -0.0000
vn -0.8879 -0.4601 -0.0000
vn -0.8966 -0.4429 -0.0000
vn -0.9069 -0.4213 -0.0000
vn -0.9188 -0.3947 -0.0000
vn -0.8671 0.4981 -0.0000
vn 0.0047 1.0000 -0.0000
vn 0.0196 0.9998 -0.0000
vn 0.0408 0.9992 -0.0000
vn 0.0639 0.9980 -0.0000
vn 0.0892 0.9960 -0.0000
vn 0.1166 0.9932 -0.0000
vn 0.1465 0.9892 -0.0000
vn 0.1789 0.9839 -0.0000
vn 0.2139 0.9768 -0.0000
vn 0.2517 0.9678 -0.0000
vn 0.2922 0.9563 -0.0000
vn 0.3354 0.9421 -0.0000
vn -0.0895 0.9960 -0.0000
vn -0.9714 0.2375 -0.0000
vn -0.8651 -0.5016 -0.0000
vn -0.8832 -0.4691 -0.0000
vn -0.8965 -0.4430 -0.0000
vn -0.9067 -0.4217 -0.0000
vn -0.9146 -0.4043 -0.0000
vn -0.9208 -0.3901 -0.0000
vn -0.9256 -0.3784 -0.0000
vn -0.9294 -0.3690 -0.0000
vn -0.9323 -0.3616 -0.0000
vn -0.9344 -0.3561 -0.0000
vn -0.9357 -0.3527 -0.0000
vn -0.9474 -0.3202 -0.0000
vn -0.9527 -0.3040 -0.0000
vn -0.9322 -0.3620 -0.0000
vn -0.9213 -0.3889 -0.0000
vn -0.9098 -0.4150 -0.0000
vn -0.8977 -0.4406 -0.0000
vn -0.8848 -0.4660 -0.0000
vn -0.8709 -0.4914 -0.0000
vn -0.8559 -0.5172 -0.0000
vn -0.8395 -0.5434 -0.0000
vn -0.8215 -0.5702 -0.0000
vn -0.9880 0.1543 -0.0000
vn -0.5969 0.8024 -0.0000
vn -0.5998 0.8001 -0.0000
vn -0.6027 0.7979 -0.0000
vn -0.6056 0.7957 -0.0000
vn -0.6085 0.7935 -0.0000
vn -0.6115 0.7913 -0.0000
vn -0.6144 0.7890 -0.0000
vn -0.6174 0.7866 -0.0000
vn -0.6205 0.7842 -0.0000
vn -0.6237 0.7817 -0.0000
vn -0.6271 0.7790 -0.0000
vn -0.9958 0.0915 -0.0000
vn -0.0676 -0.9977 -0.0000
vn 0.6622 -0.7493 -0.0000
vn 0.6562 -0.7546 -0.0000
vn 0.6509 -0.7592 -0.0000
vn 0.6463 -0.7631 -0.0000
vn 0.6422 -0.7665 -0.0000
vn 0.6387 -0.7694 -0.0000
vn 0.6357 -0.7719 -0.0000
vn 0.6332 -0.7740 -0.0000
vn 0.6311 -0.7757 -0.0000
vn 0.6294 -0.7771 -0.0000
vn 0.6280 -0.7782 -0.0000
vn -0.0706 -0.9975 -0.0000
vn -0.7177 -0.6964 -0.0000
vn -0.6902 -0.7236 -0.0000
vn -0.6612 -0.7502 -0.0000
vn -0.6308 -0.7760 -0.0000
vn -0.5990 -0.8008 -0.0000
vn -0.5659 -0.8245 -0.0000
vn -0.5316 -0.8470 -0.0000
vn -0.4964 -0.8681 -0.0000
vn -0.4604 -0.8877 -0.0000
vn -0.4238 -0.9058 -0.0000
vn -0.3866 -0.9222 -0.0000
vn 0.1663 -0.9861 -0.0000
vn 0.9812 0.1932 -0.0000
vn 0.3388 0.9409 -0.0000
vn 0.3824 0.9240 -0.0000
vn 0.4248 0.9053 -0.0000
vn 0.4658 0.8849 -0.0000
vn 0.5051 0.8631 -0.0000
vn 0.5428 0.8399 -0.0000
vn 0.5788 0.8155 -0.0000
vn 0.6130 0.7901 -0.0000
vn 0.6455 0.7638 -0.0000
vn 0.6762 0.7367 -0.0000
vn 0.7054 0.7088 -0.0000
vn 0.9960 -0.0897 -0.0000
vn 0.5819 -0.8133 -0.0000
vn 0.5783 -0.8158 -0.0000
vn 0.5746 -0.8185 -0.0000
vn 0.5708 -0.8211 -0.0000
vn 0.5668 -0.8239 -0.0000
vn 0.5626 -0.8267 -0.0000
vn 0.5582 -0.8297 -0.0000
vn 0.5534 -0.8329 -0.0000
vn 0.5483 -0.8363 -0.0000
vn 0.5428 -0.8399 -0.0000
vn 0.5367 -0.8438 -0.0000
vn 0.9933 -0.1157 -0.0000
vn 0.1334 0.9911 -0.0000
vn -0.5065 0.8622 -0.0000
vn -0.5137 0.8580 -0.0000
vn -0.5204 0.8539 -0.0000
vn -0.5268 0.8500 -0.0000
vn -0.5330 0.8461 -0.0000
vn -0.5390 0.8423 -0.0000
vn -0.5448 0.8386 -0.0000
vn -0.5505 0.8348 -0.0000
vn -0.5562 0.8310 -0.0000
vn -0.5619 0.8272 -0.0000
vn -0.5677 0.8233 -0.0000
vn 0.1691 0.9856 -0.0000
vn 0.8215 0.5702 -0.0000
vn 0.8399 0.5427 -0.0000
vn 0.8566 0.5160 -0.0000
vn 0.8719 0.4897 -0.0000
vn 0.8861 0.4635 -0.0000
vn 0.8995 0.4369 -0.0000
vn 0.9123 0.4095 -0.0000
vn 0.9247 0.3808 -0.0000
vn 0.9367 0.3501 -0.0000
vn 0.9486 0.3165 -0.0000
vn 0.9603 0.2790 -0.0000
vn 0.7934 -0.6087 -0.0000
vn -0.4532 -0.8914 -0.0000
vn -0.7858 -0.6185 -0.0000
vn -0.7699 -0.6381 -0.0000
vn -0.7531 -0.6579 -0.0000
vn -0.7350 -0.6780 -0.0000
vn -0.7158 -0.6983 -0.0000
vn -0.6951 -0.7189 -0.0000
vn -0.6729 -0.7397 -0.0000
vn -0.6491 -0.7607 -0.0000
vn -0.6234 -0.7819 -0.0000
vn -0.5959 -0.8031 -0.0000
vn 0.0197 -0.9998 -0.0000
vn 0.9993 0.0369 -0.0000
vn 0.5769 0.8168 -0.0000
vn 0.6217 0.7832 -0.0000
vn 0.6624 0.7491 -0.0000
vn 0.6991 0.7150 -0.0000
vn 0.7321 0.6812 -0.0000
vn 0.7618 0.6478 -0.0000
vn 0.7884 0.6151 -0.0000
vn 0.8124 0.5832 -0.0000
vn 0.8340 0.5518 -0.0000
vn 0.8536 0.5210 -0.0000
vn 0.8716 0.4902 -0.0000
vn 0.8799 0.4752 -0.0000
vn 0.8844 0.4667 -0.0000
vn 0.8931 0.4499 -0.0000
vn 0.9007 0.4345 -0.0000
vn 0.9078 0.4194 -0.0000
vn 0.9147 0.4041 -0.0000
vn 0.9217 0.3878 -0.0000
vn 0.9290 0.3700 -0.0000
vn 0.9368 0.3499 -0.0000
vn 0.9452 0.3266 -0.0000
vn 0.9542 0.2990 -0.0000
vn 0.9641 0.2654 -0.0000
vn 0.4851 0.8745 -0.0000
vn -0.9407 0.3392 -0.0000
vn -0.8460 -0.5332 -0.0000
vn -0.8534 -0.5212 -0.0000
vn -0.8595 -0.5112 -0.0000
vn -0.8644 -0.5029 -0.0000
vn -0.8683 -0.4960 -0.0000
vn -0.8715 -0.4905 -0.0000
vn -0.8739 -0.4861 -0.0000
vn -0.8756 -0.4830 -0.0000
vn -0.8767 -0.4811 -0.0000
vn -0.8769 -0.4807 -0.0000
vn -0.8761 -0.4822 -0.0000
vn -0.8696 -0.4937 -0.0000
vn 0.9999 -0.0114 -0.0000
vn 0.9998 -0.0221 -0.0000
vn 0.9995 -0.0326 -0.0000
vn 0.9991 -0.0434 -0.0000
vn 0.9985 -0.0548 -0.0000
vn 0.9977 -0.0672 -0.0000
vn 0.9967 -0.0809 -0.0000
vn 0.9954 -0.0963 -0.0000
vn 0.9935 -0.1141 -0.0000
vn 0.9908 -0.1351 -0.0000
vn 0.9871 -0.1602 -0.0000
vn 0.7661 0.6427 -0.0000
vn -0.7402 0.6724 -0.0000
vn -0.9955 -0.0948 -0.0000
vn -0.9957 -0.0926 -0.0000
vn -0.9960 -0.0894 -0.0000
vn -0.9963 -0.0854 -0.0000
vn -0.9968 -0.0805 -0.0000
vn -0.9972 -0.0744 -0.0000
vn -0.9977 -0.0672 -0.0000
vn -0.9983 -0.0584 -0.0000
vn -0.9989 -0.0479 -0.0000
vn -0.9994 -0.0350 -0.0000
vn -0.9998 -0.0192 -0.0000
vn -1.0000 -0.0052 -0.0000
vn -0.8055 0.5926 -0.0000
vn -0.3043 0.9526 -0.0000
vn -0.3168 0.9485 -0.0000
vn -0.3280 0.9447 -0.0000
vn -0.3384 0.9410 -0.0000
vn -0.3485 0.9373 -0.0000
vn -0.3586 0.9335 -0.0000
vn -0.3693 0.9293 -0.0000
vn -0.3808 0.9246 -0.0000
vn -0.3938 0.9192 -0.0000
vn -0.4091 0.9125 -0.0000
vn -0.4278 0.9039 -0.0000
vn -0.9329 0.3601 -0.0000
vn -0.3471 -0.9378 -0.0000
vn 0.4519 -0.8921 -0.0000
vn 0.4313 -0.9022 -0.0000
vn 0.4141 -0.9102 -0.0000
vn 0.3992 -0.9169 -0.0000
vn 0.3859 -0.9225 -0.0000
vn 0.3623 -0.9320 -0.0000
vn 0.3512 -0.9363 -0.0000
vn 0.3400 -0.9404 -0.0000
vn 0.3282 -0.9446 -0.0000
vn 0.3153 -0.9490 -0.0000
vn -0.5893 -0.8080 -0.0000
vn -1.0000 0.0041 -0.0000
vn -1.0000 0.0095 -0.0000
vn -0.9998 0.0177 -0.0000
vn -0.9997 0.0251 -0.0000
vn -0.9995 0.0322 -0.0000
vn -0.9992 0.0392 -0.0000
vn -0.9989 0.0466 -0.0000
vn -0.9985 0.0545 -0.0000
vn -0.9980 0.0634 -0.0000
vn -0.9973 0.0737 -0.0000
vn -0.9963 0.0861 -0.0000
vn -0.9948 0.1014 -0.0000
vn -0.7450 -0.6671 -0.0000
vn 0.9916 0.1297 -0.0000
vn 0.9940 0.1091 -0.0000
vn 0.9958 0.0921 -0.0000
vn 0.9970 0.0776 -0.0000
vn 0.9979 0.0651 -0.0000
vn 0.9985 0.0540 -0.0000
vn 0.9990 0.0439 -0.0000
vn 0.9994 0.0346 -0.0000
vn 0.9997 0.0258 -0.0000
vn 0.9999 0.0173 -0.0000
vn 1.0000 0.0088 -0.0000
vn 1.0000 0.0022 -0.0000
vn 1.0000 -0.0000 -0.0000
vn 1.0000 -0.0030 -0.0000
vn 0.5696 -0.8219 -0.0000
vn 0.1152 0.9933 -0.0000
vn 0.9716 -0.2364 -0.0000
vn 0.9643 -0.2646 -0.0000
vn 0.9510 -0.3093 -0.0000
vn 0.9482 -0.3176 -0.0000
vn -0.6162 0.7876 -0.0000
vn -0.9969 0.0786 -0.0000
vn -0.9919 0.1271 -0.0000
vn -0.9907 0.1360 -0.0000
vn 0.2669 0.9637 -0.0000
vn 0.2731 0.9620 -0.0000
vn -0.1313 -0.9913 -0.0000
vn -0.1347 -0.9909 -0.0000
vn 0.1849 0.9828 -0.0000
vn 0.2170 0.9762 -0.0000
vn -0.5320 0.8467 -0.0000
vn -0.9761 0.2171 -0.0000
vn -0.9720 0.2349 -0.0000
vn -0.9709 0.2395 -0.0000
vn -0.9628 0.2702 -0.0000
vn 0.9896 -0.1440 -0.0000
vn 0.9845 -0.1754 -0.0000
vn 0.9781 -0.2081 -0.0000
vn 0.0871 0.9962 -0.0000
vn -0.0633 0.9980 -0.0000
vn 0.1044 0.9945 -0.0000
vn -0.9935 -0.1134 -0.0000
vn -0.1072 -0.9942 -0.0000
vn -0.8483 0.5294 -0.0000
vn 0.6737 -0.7390 -0.0000
vn -0.0863 -0.9963 -0.0000
vn -0.0753 -0.9972 -0.0000
vn -0.0655 -0.9978 -0.0000
vn -0.0569 -0.9984 -0.0000
vn -0.0491 -0.9988 -0.0000
vn -0.0422 -0.9991 -0.0000
vn -0.0359 -0.9994 -0.0000
vn -0.0303 -0.9995 -0.0000
vn -0.0252 -0.9997 -0.0000
vn -0.0207 -0.9998 -0.0000
vn -0.0166 -0.9999 -0.0000
vn 0.6020 -0.7985 -0.0000
vn 0.7850 0.6195 -0.0000
vn -0.0211 0.9998 -0.0000
vn -0.0062 1.0000 -0.0000
vn 0.0063 1.0000 -0.0000
vn 0.0176 0.9998 -0.0000
vn 0.0283 0.9996 -0.0000
vn 0.0390 0.9992 -0.0000
vn 0.0500 0.9987 -0.0000
vn 0.0619 0.9981 -0.0000
vn 0.0751 0.9972 -0.0000
vn 0.0901 0.9959 -0.0000
vn 0.1078 0.9942 -0.0000
vn 0.1325 0.9912 -0.0000
vn 0.1649 0.9863 -0.0000
vn 0.1762 0.9844 -0.0000
vn 0.1877 0.9822 -0.0000
vn 0.1999 0.9798 -0.0000
vn 0.2134 0.9770 -0.0000
vn 0.2288 0.9735 -0.0000
vn 0.2470 0.9690 -0.0000
vn 0.2697 0.9630 -0.0000
vn 0.2990 0.9542 -0.0000
vn -0.2690 0.9631 -0.0000
vn -0.9475 -0.3198 -0.0000
vn -0.2604 -0.9655 -0.0000
vn -0.2581 -0.9661 -0.0000
vn -0.2563 -0.9666 -0.0000
vn -0.2551 -0.9669 -0.0000
vn -0.2545 -0.9671 -0.0000
vn -0.2546 -0.9670 -0.0000
vn -0.2554 -0.9668 -0.0000
vn -0.2571 -0.9664 -0.0000
vn -0.2596 -0.9657 -0.0000
vn -0.2633 -0.9647 -0.0000
vn -0.2683 -0.9633 -0.0000
vn -0.2579 -0.9662 -0.0000
vn -0.2382 -0.9712 -0.0000
vn -0.2265 -0.9740 -0.0000
vn -0.2165 -0.9763 -0.0000
vn -0.2076 -0.9782 -0.0000
vn -0.1995 -0.9799 -0.0000
vn -0.1921 -0.9814 -0.0000
vn -0.1850 -0.9827 -0.0000
vn -0.1782 -0.9840 -0.0000
vn -0.1716 -0.9852 -0.0000
vn -0.1649 -0.9863 -0.0000
vn -0.1580 -0.9874 -0.0000
vn -0.7598 -0.6502 -0.0000
vn 0.0035 1.0000 -0.0000
vn 0.0128 0.9999 -0.0000
vn 0.0234 0.9997 -0.0000
vn 0.0320 0.9995 -0.0000
vn 0.0394 0.9992 -0.0000
vn 0.0460 0.9989 -0.0000
vn 0.0521 0.9986 -0.0000
vn 0.0580 0.9983 -0.0000
vn 0.0702 0.9975 -0.0000
vn 0.0771 0.9970 -0.0000
vn 0.0852 0.9964 -0.0000
vn -0.6747 0.7381 -0.0000
vn -0.6753 -0.7375 -0.0000
vn 0.0851 -0.9964 -0.0000
vn 0.0797 -0.9968 -0.0000
vn 0.0742 -0.9972 -0.0000
vn 0.0684 -0.9977 -0.0000
vn 0.0624 -0.9981 -0.0000
vn 0.0559 -0.9984 -0.0000
vn 0.0489 -0.9988 -0.0000
vn 0.0411 -0.9992 -0.0000
vn 0.0326 -0.9995 -0.0000
vn 0.0230 -0.9997 -0.0000
vn 0.0122 -0.9999 -0.0000
vn 0.0032 -1.0000 -0.0000
vn -0.6750 -0.7378 -0.0000
vn -0.9926 -0.1215 -0.0000
vn -0.9817 -0.1907 -0.0000
vn -0.9639 -0.2664 -0.0000
vn -0.9378 -0.3471 -0.0000
vn -0.9027 -0.4302 -0.0000
vn -0.8585 -0.5128 -0.0000
vn -0.8062 -0.5917 -0.0000
vn -0.7478 -0.6640 -0.0000
vn -0.6858 -0.7278 -0.0000
vn -0.6229 -0.7823 -0.0000
vn -0.5616 -0.8274 -0.0000
vn 0.0241 -0.9997 -0.0000
vn 0.9975 0.0711 -0.0000
vn 0.4813 0.8765 -0.0000
vn 0.5471 0.8371 -0.0000
vn 0.6161 0.7877 -0.0000
vn 0.6861 0.7275 -0.0000
vn 0.7542 0.6567 -0.0000
vn 0.8171 0.5765 -0.0000
vn 0.8719 0.4896 -0.0000
vn 0.9168 0.3993 -0.0000
vn 0.9510 0.3092 -0.0000
vn 0.9749 0.2225 -0.0000
vn 0.9899 0.1416 -0.0000
vn 0.7426 -0.6698 -0.0000
vn -0.0025 -1.0000 -0.0000
vn -0.0098 -1.0000 -0.0000
vn -0.0188 -0.9998 -0.0000
vn -0.0270 -0.9996 -0.0000
vn -0.0346 -0.9994 -0.0000
vn -0.0417 -0.9991 -0.0000
vn -0.0483 -0.9988 -0.0000
vn -0.0545 -0.9985 -0.0000
vn -0.0604 -0.9982 -0.0000
vn -0.0662 -0.9978 -0.0000
vn -0.0718 -0.9974 -0.0000
vn -0.0774 -0.9970 -0.0000
vn 0.6782 -0.7349 -0.0000
vn 0.6771 0.7359 -0.0000
vn -0.0796 0.9968 -0.0000
vn -0.0731 0.9973 -0.0000
vn -0.0670 0.9978 -0.0000
vn -0.0609 0.9981 -0.0000
vn -0.0549 0.9985 -0.0000
vn -0.0487 0.9988 -0.0000
vn -0.0422 0.9991 -0.0000
vn -0.0352 0.9994 -0.0000
vn -0.0277 0.9996 -0.0000
vn -0.0194 0.9998 -0.0000
vn -0.0102 0.9999 -0.0000
vn -0.0027 1.0000 -0.0000
vn 0.6439 0.7651 -0.0000
vn 0.9859 0.1672 -0.0000
vn 0.9870 0.1607 -0.0000
vn 0.9878 0.1555 -0.0000
vn 0.9886 0.1509 -0.0000
vn 0.9892 0.1463 -0.0000
vn 0.9907 0.1362 -0.0000
vn 0.9916 0.1296 -0.0000
vn 0.9927 0.1208 -0.0000
vn 0.9941 0.1083 -0.0000
vn 0.9962 0.0876 -0.0000
vn 0.7330 -0.6803 -0.0000
vn -0.0028 -1.0000 -0.0000
vn -0.0108 -0.9999 -0.0000
vn -0.0206 -0.9998 -0.0000
vn -0.0292 -0.9996 -0.0000
vn -0.0424 -0.9991 -0.0000
vn -0.0469 -0.9989 -0.0000
vn -0.0498 -0.9988 -0.0000
vn -0.0509 -0.9987 -0.0000
vn -0.0489 -0.9988 -0.0000
vn -0.0452 -0.9990 -0.0000
vn 0.6918 -0.7221 -0.0000
vn 0.6628 0.7488 -0.0000
vn -0.1186 0.9929 -0.0000
vn -0.1127 0.9936 -0.0000
vn -0.1062 0.9943 -0.0000
vn -0.0990 0.9951 -0.0000
vn -0.0910 0.9959 -0.0000
vn -0.0821 0.9966 -0.0000
vn -0.0722 0.9974 -0.0000
vn -0.0611 0.9981 -0.0000
vn -0.0486 0.9988 -0.0000
vn -0.0344 0.9994 -0.0000
vn -0.0182 0.9998 -0.0000
vn -0.0048 1.0000 -0.0000
vn 0.0073 1.0000 -0.0000
vn 0.0274 0.9996 -0.0000
vn 0.0512 0.9987 -0.0000
vn 0.0723 0.9974 -0.0000
vn 0.0921 0.9958 -0.0000
vn 0.1118 0.9937 -0.0000
vn 0.1553 0.9879 -0.0000
vn 0.1820 0.9833 -0.0000
vn 0.2150 0.9766 -0.0000
vn 0.2583 0.9661 -0.0000
vn 0.3197 0.9475 -0.0000
vn -0.0400 0.9992 -0.0000
vn -0.9126 0.4088 -0.0000
vn -0.9614 -0.2750 -0.0000
vn -0.9646 -0.2636 -0.0000
vn -0.9675 -0.2529 -0.0000
vn -0.9701 -0.2425 -0.0000
vn -0.9727 -0.2322 -0.0000
vn -0.9752 -0.2215 -0.0000
vn -0.9776 -0.2103 -0.0000
vn -0.9802 -0.1979 -0.0000
vn -0.9829 -0.1840 -0.0000
vn -0.9858 -0.1677 -0.0000
vn -0.9890 -0.1480 -0.0000
vn -0.9915 -0.1297 -0.0000
vn -0.9920 -0.1260 -0.0000
vn -0.9913 -0.1319 -0.0000
vn -0.9908 -0.1356 -0.0000
vn -0.9904 -0.1383 -0.0000
vn -0.9901 -0.1404 -0.0000
vn -0.9898 -0.1421 -0.0000
vn -0.9896 -0.1436 -0.0000
vn -0.9894 -0.1450 -0.0000
vn -0.9892 -0.1464 -0.0000
vn -0.9890 -0.1479 -0.0000
vn -0.9887 -0.1498 -0.0000
vn -0.7585 0.6516 -0.0000
vn 0.0018 1.0000 -0.0000
vn 0.0184 0.9998 -0.0000
vn 0.0237 0.9997 -0.0000
vn 0.0291 0.9996 -0.0000
vn 0.0348 0.9994 -0.0000
vn 0.0411 0.9992 -0.0000
vn 0.0481 0.9988 -0.0000
vn 0.0564 0.9984 -0.0000
vn 0.0664 0.9978 -0.0000
vn 0.0790 0.9969 -0.0000
vn -0.6760 0.7369 -0.0000
vn -0.6888 -0.7249 -0.0000
vn 0.0417 -0.9991 -0.0000
vn 0.0371 -0.9993 -0.0000
vn 0.0332 -0.9994 -0.0000
vn 0.0298 -0.9996 -0.0000
vn 0.0265 -0.9996 -0.0000
vn 0.0233 -0.9997 -0.0000
vn 0.0200 -0.9998 -0.0000
vn 0.0162 -0.9999 -0.0000
vn 0.0119 -0.9999 -0.0000
vn 0.0066 -1.0000 -0.0000
vn 0.0018 -1.0000 -0.0000
vn -0.0014 -1.0000 -0.0000
vn -0.0057 -1.0000 -0.0000
vn -0.0116 -0.9999 -0.0000
vn -0.0245 -0.9997 -0.0000
vn -0.0311 -0.9995 -0.0000
vn -0.0377 -0.9993 -0.0000
vn -0.0501 -0.9987 -0.0000
vn -0.0556 -0.9985 -0.0000
vn -0.0606 -0.9982 -0.0000
vn -0.0650 -0.9979 -0.0000
vn 0.6830 -0.7304 -0.0000
vn 0.6777 0.7354 -0.0000
vn -0.0797 0.9968 -0.0000
vn -0.0757 0.9971 -0.0000
vn -0.0711 0.9975 -0.0000
vn -0.0659 0.9978 -0.0000
vn -0.0599 0.9982 -0.0000
vn -0.0534 0.9986 -0.0000
vn -0.0462 0.9989 -0.0000
vn -0.0383 0.9993 -0.0000
vn -0.0298 0.9996 -0.0000
vn -0.0205 0.9998 -0.0000
vn -0.0106 0.9999 -0.0000
vn 0.9999 -0.0113 -0.0000
vn 0.9998 -0.0220 -0.0000
vn 0.7662 0.6426 -0.0000
vn -0.9968 -0.0804 -0.0000
vn -1.0000 0.0040 -0.0000
vn 0.7553 -0.6553 -0.0000
vn 1.0000 -0.0029 -0.0000
vn -1.0000 -0.0000 -0.0000
vn -1.0000 -0.0061 -0.0000
vn -0.9996 -0.0267 -0.0000
vn -0.9982 -0.0594 -0.0000
vn -0.9950 -0.0999 -0.0000
vn -0.9888 -0.1493 -0.0000
vn -0.9781 -0.2079 -0.0000
vn -0.9064 -0.4224 -0.0000
vn -0.8700 -0.4931 -0.0000
vn -0.8320 -0.5548 -0.0000
vn -0.7968 -0.6042 -0.0000
vn -0.7617 -0.6479 -0.0000
vn -0.7172 -0.6969 -0.0000
vn -0.6663 -0.7457 -0.0000
vn -0.6174 -0.7867 -0.0000
vn -0.5712 -0.8208 -0.0000
vn -0.5283 -0.8491 -0.0000
vn -0.4888 -0.8724 -0.0000
vn -0.4529 -0.8916 -0.0000
vn -0.4204 -0.9073 -0.0000
vn -0.3913 -0.9202 -0.0000
vn -0.3657 -0.9307 -0.0000
vn -0.3434 -0.9392 -0.0000
vn 0.2356 -0.9719 -0.0000
vn 0.9619 0.2734 -0.0000
vn 0.2752 0.9614 -0.0000
vn 0.3098 0.9508 -0.0000
vn 0.3469 0.9379 -0.0000
vn 0.3863 0.9224 -0.0000
vn 0.4279 0.9038 -0.0000
vn 0.4715 0.8819 -0.0000
vn 0.5167 0.8561 -0.0000
vn 0.5632 0.8263 -0.0000
vn 0.6104 0.7921 -0.0000
vn 0.6575 0.7534 -0.0000
vn 0.7039 0.7103 -0.0000
vn 0.7550 0.6557 -0.0000
vn 0.8058 0.5921 -0.0000
vn 0.8517 0.5240 -0.0000
vn 0.8945 0.4471 -0.0000
vn 0.9305 0.3663 -0.0000
vn 0.9578 0.2874 -0.0000
vn 0.9765 0.2154 -0.0000
vn 0.9881 0.1537 -0.0000
vn 0.9946 0.1034 -0.0000
vn 0.9979 0.0643 -0.0000
vn 0.9994 0.0352 -0.0000
vn 0.9999 0.0146 -0.0000
vn 1.0000 0.0031 -0.0000
vn 1.0000 -0.0024 -0.0000
vn 1.0000 -0.0099 -0.0000
vn 0.9998 -0.0199 -0.0000
vn 0.9995 -0.0301 -0.0000
vn 0.9992 -0.0403 -0.0000
vn 0.9987 -0.0505 -0.0000
vn 0.9982 -0.0607 -0.0000
vn 0.9975 -0.0709 -0.0000
vn 0.9967 -0.0810 -0.0000
vn 0.9959 -0.0909 -0.0000
vn 0.9949 -0.1006 -0.0000
vn 0.9939 -0.1100 -0.0000
vn 0.7465 0.6653 -0.0000
vn -0.7334 0.6798 -0.0000
vn -0.9974 -0.0717 -0.0000
vn -0.9980 -0.0638 -0.0000
vn -0.9984 -0.0561 -0.0000
vn -0.9988 -0.0488 -0.0000
vn -0.9991 -0.0416 -0.0000
vn -0.9994 -0.0348 -0.0000
vn -0.9996 -0.0282 -0.0000
vn -0.9998 -0.0220 -0.0000
vn -0.9999 -0.0161 -0.0000
vn -0.9999 -0.0104 -0.0000
vn -1.0000 -0.0051 -0.0000
vn -1.0000 -0.0012 -0.0000
vn -1.0000 0.0032 -0.0000
vn -0.9999 0.0119 -0.0000
vn -0.9997 0.0224 -0.0000
vn -0.9995 0.0316 -0.0000
vn -0.9992 0.0399 -0.0000
vn -0.9989 0.0476 -0.0000
vn -0.9985 0.0549 -0.0000
vn -0.9981 0.0622 -0.0000
vn -0.9976 0.0698 -0.0000
vn -0.9970 0.0778 -0.0000
vn -0.9962 0.0868 -0.0000
vn -0.9952 0.0975 -0.0000
vn -0.7428 -0.6696 -0.0000
vn 0.7502 -0.6612 -0.0000
vn 0.9928 0.1201 -0.0000
vn 0.9940 0.1097 -0.0000
vn 0.9950 0.1003 -0.0000
vn 0.9958 0.0913 -0.0000
vn 0.9966 0.0823 -0.0000
vn 0.9973 0.0731 -0.0000
vn 0.9980 0.0634 -0.0000
vn 0.9986 0.0530 -0.0000
vn 0.9991 0.0417 -0.0000
vn 0.9996 0.0292 -0.0000
vn 0.9999 0.0153 -0.0000
vn 1.0000 0.0040 -0.0000
vn 1.0000 -0.0042 -0.0000
vn 0.9996 -0.0265 -0.0000
vn 0.9994 -0.0356 -0.0000
vn 0.9991 -0.0431 -0.0000
vn 0.9988 -0.0498 -0.0000
vn 0.9984 -0.0560 -0.0000
vn 0.9981 -0.0620 -0.0000
vn 0.9977 -0.0683 -0.0000
vn 0.9972 -0.0751 -0.0000
vn 0.9966 -0.0830 -0.0000
vn 0.9957 -0.0926 -0.0000
vn 0.7409 0.6716 -0.0000
vn -0.7417 0.6707 -0.0000
vn -0.9954 -0.0962 -0.0000
vn -0.9961 -0.0884 -0.0000
vn -0.9967 -0.0811 -0.0000
vn -0.9973 -0.0739 -0.0000
vn -0.9978 -0.0666 -0.0000
vn -0.9982 -0.0592 -0.0000
vn -0.9987 -0.0515 -0.0000
vn -0.9991 -0.0431 -0.0000
vn -0.9994 -0.0341 -0.0000
vn -0.9997 -0.0240 -0.0000
vn -0.9999 -0.0127 -0.0000
vn -1.0000 -0.0033 -0.0000
vn -0.8454 -0.5341 -0.0000
vn -0.8298 -0.5581 -0.0000
vn -0.8143 -0.5805 -0.0000
vn -0.7982 -0.6024 -0.0000
vn -0.7809 -0.6247 -0.0000
vn -0.7618 -0.6478 -0.0000
vn -0.7405 -0.6721 -0.0000
vn -0.7161 -0.6980 -0.0000
vn -0.6879 -0.7259 -0.0000
vn -0.6154 -0.7882 -0.0000
vn 0.0204 -0.9998 -0.0000
vn 0.9982 0.0593 -0.0000
vn 0.5556 0.8315 -0.0000
vn 0.6025 0.7981 -0.0000
vn 0.6412 0.7674 -0.0000
vn 0.6741 0.7387 -0.0000
vn 0.7027 0.7115 -0.0000
vn 0.7285 0.6851 -0.0000
vn 0.7524 0.6587 -0.0000
vn 0.7756 0.6312 -0.0000
vn 0.7990 0.6013 -0.0000
vn 0.8238 0.5669 -0.0000
vn 0.8515 0.5243 -0.0000
vn 0.8661 -0.4999 -0.0000
vn -0.0022 -1.0000 -0.0000
vn -0.0090 -1.0000 -0.0000
vn -0.0266 -0.9996 -0.0000
vn -0.0354 -0.9994 -0.0000
vn -0.0526 -0.9986 -0.0000
vn -0.0610 -0.9981 -0.0000
vn -0.0694 -0.9976 -0.0000
vn -0.0777 -0.9970 -0.0000
vn -0.0859 -0.9963 -0.0000
vn -0.0940 -0.9956 -0.0000
vn 0.6716 -0.7410 -0.0000
vn 0.6570 0.7539 -0.0000
vn -0.1322 0.9912 -0.0000
vn -0.1229 0.9924 -0.0000
vn -0.1134 0.9935 -0.0000
vn -0.1037 0.9946 -0.0000
vn -0.0936 0.9956 -0.0000
vn -0.0829 0.9966 -0.0000
vn -0.0716 0.9974 -0.0000
vn -0.0596 0.9982 -0.0000
vn -0.0465 0.9989 -0.0000
vn -0.0324 0.9995 -0.0000
vn -0.0169 0.9999 -0.0000
vn -0.0044 1.0000 -0.0000
vn 0.0060 1.0000 -0.0000
vn 0.0215 0.9998 -0.0000
vn 0.0384 0.9993 -0.0000
vn 0.0519 0.9987 -0.0000
vn 0.0636 0.9980 -0.0000
vn 0.0847 0.9964 -0.0000
vn 0.0954 0.9954 -0.0000
vn 0.1073 0.9942 -0.0000
vn 0.1212 0.9926 -0.0000
vn 0.1387 0.9903 -0.0000
vn 0.1627 0.9867 -0.0000
vn -0.2892 0.9573 -0.0000
vn -0.9958 0.0913 -0.0000
vn -0.8064 -0.5914 -0.0000
vn -0.7970 -0.6039 -0.0000
vn -0.7909 -0.6120 -0.0000
vn -0.7874 -0.6164 -0.0000
vn -0.7863 -0.6179 -0.0000
vn -0.7872 -0.6167 -0.0000
vn -0.7902 -0.6128 -0.0000
vn -0.7954 -0.6061 -0.0000
vn -0.8029 -0.5961 -0.0000
vn -0.8131 -0.5821 -0.0000
vn -0.8267 -0.5626 -0.0000
vn -0.8440 -0.5364 -0.0000
vn 0.9841 0.1775 -0.0000
vn 0.3309 0.9437 -0.0000
vn 0.3545 0.9351 -0.0000
vn 0.3770 0.9262 -0.0000
vn 0.3987 0.9171 -0.0000
vn 0.4202 0.9074 -0.0000
vn 0.4415 0.8973 -0.0000
vn 0.4630 0.8863 -0.0000
vn 0.4850 0.8745 -0.0000
vn 0.5076 0.8616 -0.0000
vn 0.5311 0.8473 -0.0000
vn 0.5557 0.8314 -0.0000
vn 0.5652 0.8249 -0.0000
vn 0.6074 0.7944 -0.0000
vn 0.6941 0.7199 -0.0000
vn 0.7744 0.6326 -0.0000
vn 0.8436 0.5370 -0.0000
vn 0.8986 0.4387 -0.0000
vn 0.9391 0.3438 -0.0000
vn 0.9664 0.2570 -0.0000
vn 0.9834 0.1813 -0.0000
vn 0.9930 0.1182 -0.0000
vn 0.9977 0.0676 -0.0000
vn 0.9996 0.0290 -0.0000
vn 1.0000 0.0045 -0.0000
vn 1.0000 -0.0075 -0.0000
vn 0.9999 -0.0155 -0.0000
vn 0.9997 -0.0242 -0.0000
vn 0.9994 -0.0334 -0.0000
vn 0.9986 -0.0532 -0.0000
vn 0.9980 -0.0635 -0.0000
vn 0.9973 -0.0739 -0.0000
vn 0.9964 -0.0843 -0.0000
vn 0.9955 -0.0946 -0.0000
vn 0.9945 -0.1047 -0.0000
vn 0.7449 0.6672 -0.0000
vn -0.7104 0.7038 -0.0000
vn -0.9997 -0.0234 -0.0000
vn -0.9983 -0.0591 -0.0000
vn -0.9938 -0.1111 -0.0000
vn -0.9835 -0.1807 -0.0000
vn -0.9634 -0.2682 -0.0000
vn -0.9286 -0.3710 -0.0000
vn -0.8757 -0.4828 -0.0000
vn -0.8041 -0.5945 -0.0000
vn -0.7179 -0.6961 -0.0000
vn -0.6247 -0.7809 -0.0000
vn 0.0862 -0.9963 -0.0000
vn 1.0000 -0.0043 -0.0000
vn 0.9999 -0.0168 -0.0000
vn 0.9995 -0.0329 -0.0000
vn 0.9988 -0.0480 -0.0000
vn 0.9981 -0.0621 -0.0000
vn 0.9972 -0.0754 -0.0000
vn 0.9962 -0.0876 -0.0000
vn 0.9951 -0.0989 -0.0000
vn 0.9941 -0.1089 -0.0000
vn 0.9931 -0.1174 -0.0000
vn 0.9923 -0.1239 -0.0000
vn 0.9919 -0.1267 -0.0000
vn 0.7506 0.6607 -0.0000
vn -0.7479 0.6638 -0.0000
vn -0.9934 -0.1144 -0.0000
vn -0.9944 -0.1054 -0.0000
vn -0.9953 -0.0965 -0.0000
vn -0.9962 -0.0874 -0.0000
vn -0.9969 -0.0780 -0.0000
vn -0.9977 -0.0683 -0.0000
vn -0.9983 -0.0582 -0.0000
vn -0.9989 -0.0476 -0.0000
vn -0.9993 -0.0365 -0.0000
vn -0.9997 -0.0249 -0.0000
vn -1.0000 -0.0032 -0.0000
vn -0.5300 0.8480 -0.0000
vn 0.4589 0.8885 -0.0000
vn 0.4980 0.8672 -0.0000
vn 0.5337 0.8457 -0.0000
vn 0.5670 0.8237 -0.0000
vn 0.5991 0.8007 -0.0000
vn 0.6306 0.7761 -0.0000
vn 0.6619 0.7496 -0.0000
vn 0.6936 0.7204 -0.0000
vn 0.7258 0.6879 -0.0000
vn 0.7588 0.6514 -0.0000
vn 0.7925 0.6098 -0.0000
vn -0.0116 0.9999 -0.0000
vn -0.9996 -0.0287 -0.0000
vn -0.7723 -0.6353 -0.0000
vn -0.7396 -0.6730 -0.0000
vn -0.7083 -0.7059 -0.0000
vn -0.6783 -0.7348 -0.0000
vn -0.6492 -0.7606 -0.0000
vn -0.6209 -0.7839 -0.0000
vn -0.5929 -0.8053 -0.0000
vn -0.5649 -0.8252 -0.0000
vn -0.5363 -0.8440 -0.0000
vn -0.5066 -0.8622 -0.0000
vn -0.4750 -0.8800 -0.0000
vn -0.4777 -0.8786 -0.0000
vn -0.5028 -0.8644 -0.0000
vn -0.5155 -0.8569 -0.0000
vn -0.5282 -0.8491 -0.0000
vn -0.5411 -0.8410 -0.0000
vn -0.5541 -0.8324 -0.0000
vn -0.5673 -0.8235 -0.0000
vn -0.5806 -0.8142 -0.0000
vn -0.5941 -0.8044 -0.0000
vn -0.6079 -0.7940 -0.0000
vn -0.6218 -0.7832 -0.0000
vn -0.6361 -0.7716 -0.0000
vn -0.0030 -1.0000 -0.0000
vn 0.9481 -0.3180 -0.0000
vn 0.9765 0.2156 -0.0000
vn 0.9817 0.1903 -0.0000
vn 0.9860 0.1668 -0.0000
vn 0.9894 0.1450 -0.0000
vn 0.9922 0.1244 -0.0000
vn 0.9945 0.1048 -0.0000
vn 0.9963 0.0861 -0.0000
vn 0.9977 0.0681 -0.0000
vn 0.9987 0.0506 -0.0000
vn 0.9994 0.0335 -0.0000
vn 0.9999 0.0167 -0.0000
vn 1.0000 0.0042 -0.0000
vn 0.9743 0.2254 -0.0000
vn 0.9859 0.1675 -0.0000
vn 0.9920 0.1259 -0.0000
vn 0.9955 0.0948 -0.0000
vn 0.9975 0.0708 -0.0000
vn 0.9986 0.0520 -0.0000
vn 0.9993 0.0371 -0.0000
vn 0.9997 0.0251 -0.0000
vn 0.9999 0.0157 -0.0000
vn 1.0000 0.0084 -0.0000
vn 1.0000 0.0033 -0.0000
vn 1.0000 -0.0035 -0.0000
vn 0.9999 -0.0169 -0.0000
vn 0.9994 -0.0343 -0.0000
vn 0.9987 -0.0519 -0.0000
vn 0.9976 -0.0697 -0.0000
vn 0.9962 -0.0873 -0.0000
vn 0.9945 -0.1046 -0.0000
vn 0.9926 -0.1213 -0.0000
vn 0.9906 -0.1371 -0.0000
vn 0.9884 -0.1518 -0.0000
vn 0.9863 -0.1652 -0.0000
vn 0.9842 -0.1769 -0.0000
vn 0.7689 0.6394 -0.0000
vn -0.7387 0.6740 -0.0000
vn -0.9954 -0.0959 -0.0000
vn -0.9948 -0.1019 -0.0000
vn -0.9947 -0.1026 -0.0000
vn -0.9950 -0.1000 -0.0000
vn -0.9955 -0.0949 -0.0000
vn -0.9962 -0.0875 -0.0000
vn -0.9969 -0.0782 -0.0000
vn -0.9978 -0.0669 -0.0000
vn -0.9986 -0.0536 -0.0000
vn -0.9993 -0.0382 -0.0000
vn -0.9998 -0.0202 -0.0000
vn -1.0000 -0.0069 -0.0000
vn -1.0000 -0.0065 -0.0000
vn -0.9999 -0.0136 -0.0000
vn -0.9998 -0.0216 -0.0000
vn -0.9995 -0.0310 -0.0000
vn -0.9991 -0.0420 -0.0000
vn -0.9985 -0.0552 -0.0000
vn -0.9975 -0.0712 -0.0000
vn -0.9958 -0.0912 -0.0000
vn -0.9932 -0.1167 -0.0000
vn -0.9886 -0.1506 -0.0000
vn -0.9803 -0.1974 -0.0000
vn -0.9656 -0.2600 -0.0000
vn -0.9475 -0.3197 -0.0000
vn -0.9299 -0.3679 -0.0000
vn -0.9101 -0.4145 -0.0000
vn -0.8882 -0.4595 -0.0000
vn -0.8642 -0.5031 -0.0000
vn -0.8382 -0.5453 -0.0000
vn -0.8101 -0.5863 -0.0000
vn -0.7798 -0.6260 -0.0000
vn -0.7473 -0.6645 -0.0000
vn -0.7123 -0.7019 -0.0000
vn -0.6748 -0.7380 -0.0000
vn -0.0632 -0.9980 -0.0000
vn 0.9995 -0.0312 -0.0000
vn 0.6288 0.7776 -0.0000
vn 0.6733 0.7394 -0.0000
vn 0.7145 0.6996 -0.0000
vn 0.7526 0.6584 -0.0000
vn 0.7877 0.6161 -0.0000
vn 0.8197 0.5728 -0.0000
vn 0.8489 0.5285 -0.0000
vn 0.8753 0.4835 -0.0000
vn 0.8991 0.4377 -0.0000
vn 0.9203 0.3911 -0.0000
vn 0.9391 0.3437 -0.0000
vn 0.9572 0.2896 -0.0000
vt 0.558140 0.000000
vt 0.569767 0.000000
vt 0.563953 0.000000
vt 0.575581 0.000000
vt 0.552326 0.000000
vt 0.581395 0.000000
vt 0.546512 0.000000
vt 0.587209 0.000000
vt 0.540698 0.000000
vt 0.593023 0.000000
vt 0.534884 0.000000
vt 0.598837 0.000000
vt 0.529070 0.000000
vt 0.604651 0.000000
vt 0.523256 0.000000
vt 0.610465 0.000000
vt 0.517442 0.000000
vt 0.616279 0.000000
vt 0.511628 0.000000
vt 0.622093 0.000000
vt 0.505814 0.000000
vt 0.627907 0.000000
vt 0.500000 0.000000
vt 0.633721 0.000000
vt 0.494186 0.000000
vt 0.639535 0.000000
vt 0.488372 0.000000
vt 0.645349 0.000000
vt 0.651163 0.000000
vt 0.482558 0.000000
vt 0.656977 0.000000
vt 0.476744 0.000000
vt 0.662791 0.000000
vt 0.470930 0.000000
vt 0.668605 0.000000
vt 0.465116 0.000000
vt 0.674419 0.000000
vt 0.459302 0.000000
vt 0.680233 0.000000
vt 0.453488 0.000000
vt 0.773256 0.000000
vt 0.784884 0.000000
vt 0.779070 0.000000
vt 0.767442 0.000000
vt 0.686047 0.000000
vt 0.447674 0.000000
vt 0.761628 0.000000
vt 0.790698 0.000000
vt 0.755814 0.000000
vt 0.691860 0.000000
vt 0.796512 0.000000
vt 0.750000 0.000000
vt 0.441860 0.000000
vt 0.802326 0.000000
vt 0.744186 0.000000
vt 0.738372 0.000000
vt 0.697674 0.000000
vt 0.808140 0.000000
vt 0.436047 0.000000
vt 0.732558 0.000000
vt 0.813953 0.000000
vt 0.726744 0.000000
vt 0.703488 0.000000
vt 0.819767 0.000000
vt 0.720930 0.000000
vt 0.430233 0.000000
vt 0.715116 0.000000
vt 0.825581 0.000000
vt 0.709302 0.000000
vt 1.000000 0.000000
vt 0.831395 0.000000
vt 0.994186 0.000000
vt 0.988372 0.000000
vt 0.837209 0.000000
vt 0.982558 0.000000
vt 0.976744 0.000000
vt 0.970930 0.000000
vt 0.965116 0.000000
vt 0.843023 0.000000
vt 0.959302 0.000000
vt 0.953488 0.000000
vt 0.947674 0.000000
vt 0.941860 0.000000
vt 0.848837 0.000000
vt 0.936047 0.000000
vt 0.930233 0.000000
vt 0.924419 0.000000
vt 0.918605 0.000000
vt 0.912791 0.000000
vt 0.906977 0.000000
vt 0.901163 0.000000
vt 0.895349 0.000000
vt 0.889535 0.000000
vt 0.883721 0.000000
vt 0.877907 0.000000
vt 0.872093 0.000000
vt 0.866279 0.000000
vt 0.860465 0.000000
vt 0.854651 0.000000
vt 0.127907 0.000000
vt 0.139535 0.000000
vt 0.133721 0.000000
vt 0.145349 0.000000
vt 0.151163 0.000000
vt 0.122093 0.000000
vt 0.156977 0.000000
vt 0.116279 0.000000
vt 0.162791 0.000000
vt 0.110465 0.000000
vt 0.168605 0.000000
vt 0.104651 0.000000
vt 0.174419 0.000000
vt 0.098837 0.000000
vt 0.180233 0.000000
vt 0.093023 0.000000
vt 0.186047 0.000000
vt 0.087209 0.000000
vt 0.191860 0.000000
vt 0.081395 0.000000
vt 0.197674 0.000000
vt 0.075581 0.000000
vt 0.203488 0.000000
vt 0.069767 0.000000
vt 0.209302 0.000000
vt 0.063953 0.000000
vt 0.215116 0.000000
vt 0.058140 0.000000
vt 0.220930 0.000000
vt 0.052326 0.000000
vt 0.046512 0.000000
vt 0.226744 0.000000
vt 0.040698 0.000000
vt 0.232558 0.000000
vt 0.034884 0.000000
vt 0.238372 0.000000
vt 0.029070 0.000000
vt 0.244186 0.000000
vt 0.023256 0.000000
vt 0.250000 0.000000
vt 0.017442 0.000000
vt 0.255814 0.000000
vt 0.011628 0.000000
vt 0.261628 0.000000
vt 0.005814 0.000000
vt 0.267442 0.000000
vt 0.000000 0.000000
vt 0.273256 0.000000
vt 0.424419 0.000000
vt 0.279070 0.000000
vt 0.418605 0.000000
vt 0.284884 0.000000
vt 0.412791 0.000000
vt 0.406977 0.000000
vt 0.290698 0.000000
vt 0.401163 0.000000
vt 0.296512 0.000000
vt 0.395349 0.000000
vt 0.302326 0.000000
vt 0.389535 0.000000
vt 0.308140 0.000000
vt 0.383721 0.000000
vt 0.313953 0.000000
vt 0.377907 0.000000
vt 0.319767 0.000000
vt 0.372093 0.000000
vt 0.366279 0.000000
vt 0.325581 0.000000
vt 0.360465 0.000000
vt 0.331395 0.000000
vt 0.354651 0.000000
vt 0.337209 0.000000
vt 0.348837 0.000000
vt 0.343023 0.000000
vt 0.324324 0.000000
vt 0.337838 0.000000
vt 0.331081 0.000000
vt 0.344595 0.000000
vt 0.351351 0.000000
vt 0.567568 0.000000
vt 0.581081 0.000000
vt 0.574324 0.000000
vt 0.358108 0.000000
vt 0.560811 0.000000
vt 0.554054 0.000000
vt 0.364865 0.000000
vt 0.547297 0.000000
vt 0.371622 0.000000
vt 0.540541 0.000000
vt 0.378378 0.000000
vt 0.533784 0.000000
vt 0.527027 0.000000
vt 0.385135 0.000000
vt 0.520270 0.000000
vt 0.391892 0.000000
vt 0.513514 0.000000
vt 0.398649 0.000000
vt 0.506757 0.000000
vt 0.405405 0.000000
vt 0.412162 0.000000
vt 0.493243 0.000000
vt 0.418919 0.000000
vt 0.425676 0.000000
vt 0.432432 0.000000
vt 0.439189 0.000000
vt 0.445946 0.000000
vt 0.452703 0.000000
vt 0.459459 0.000000
vt 0.466216 0.000000
vt 0.472973 0.000000
vt 0.479730 0.000000
vt 0.486486 0.000000
vt 0.317568 0.000000
vt 0.310811 0.000000
vt 0.304054 0.000000
vt 0.297297 0.000000
vt 0.290541 0.000000
vt 0.283784 0.000000
vt 0.277027 0.000000
vt 0.587838 0.000000
vt 0.594595 0.000000
vt 0.270270 0.000000
vt 0.601351 0.000000
vt 0.608108 0.000000
vt 0.263514 0.000000
vt 0.614865 0.000000
vt 0.621622 0.000000
vt 0.256757 0.000000
vt 0.628378 0.000000
vt 0.635135 0.000000
vt 0.641892 0.000000
vt 0.648649 0.000000
vt 0.243243 0.000000
vt 0.655405 0.000000
vt 0.236486 0.000000
vt 0.229730 0.000000
vt 0.222973 0.000000
vt 0.216216 0.000000
vt 0.202703 0.000000
vt 0.195946 0.000000
vt 0.189189 0.000000
vt 0.175676 0.000000
vt 0.168919 0.000000
vt 0.162162 0.000000
vt 0.662162 0.000000
vt 0.209459 0.000000
vt 0.182432 0.000000
vt 0.155405 0.000000
vt 0.148649 0.000000
vt 0.006757 0.000000
vt 0.141892 0.000000
vt 0.013514 0.000000
vt 0.135135 0.000000
vt 0.020270 0.000000
vt 0.128378 0.000000
vt 0.027027 0.000000
vt 0.121622 0.000000
vt 0.905405 0.000000
vt 0.918919 0.000000
vt 0.912162 0.000000
vt 0.925676 0.000000
vt 0.898649 0.000000
vt 0.891892 0.000000
vt 0.033784 0.000000
vt 0.114865 0.000000
vt 0.885135 0.000000
vt 0.878378 0.000000
vt 0.871622 0.000000
vt 0.864865 0.000000
vt 0.040541 0.000000
vt 0.108108 0.000000
vt 0.858108 0.000000
vt 0.851351 0.000000
vt 0.844595 0.000000
vt 0.101351 0.000000
vt 0.837838 0.000000
vt 0.047297 0.000000
vt 0.932432 0.000000
vt 0.831081 0.000000
vt 0.824324 0.000000
vt 0.094595 0.000000
vt 0.054054 0.000000
vt 0.087838 0.000000
vt 0.081081 0.000000
vt 0.060811 0.000000
vt 0.817568 0.000000
vt 0.074324 0.000000
vt 0.939189 0.000000
vt 0.067568 0.000000
vt 0.810811 0.000000
vt 0.945946 0.000000
vt 0.804054 0.000000
vt 0.797297 0.000000
vt 0.952703 0.000000
vt 0.790541 0.000000
vt 0.959459 0.000000
vt 0.783784 0.000000
vt 0.777027 0.000000
vt 0.966216 0.000000
vt 0.770270 0.000000
vt 0.972973 0.000000
vt 0.763514 0.000000
vt 0.756757 0.000000
vt 0.979730 0.000000
vt 0.986486 0.000000
vt 0.743243 0.000000
vt 0.736486 0.000000
vt 0.729730 0.000000
vt 0.722973 0.000000
vt 0.716216 0.000000
vt 0.709459 0.000000
vt 0.702703 0.000000
vt 0.695946 0.000000
vt 0.689189 0.000000
vt 0.993243 0.000000
vt 0.682432 0.000000
vt 0.675676 0.000000
vt 0.668919 0.000000
vt 0.918129 0.000000
vt 0.929825 0.000000
vt 0.923977 0.000000
vt 0.935673 0.000000
vt 0.912281 0.000000
vt 0.941520 0.000000
vt 0.906433 0.000000
vt 0.947368 0.000000
vt 0.900585 0.000000
vt 0.953216 0.000000
vt 0.894737 0.000000
vt 0.959064 0.000000
vt 0.888889 0.000000
vt 0.964912 0.000000
vt 0.883041 0.000000
vt 0.970760 0.000000
vt 0.877193 0.000000
vt 0.976608 0.000000
vt 0.871345 0.000000
vt 0.982456 0.000000
vt 0.865497 0.000000
vt 0.988304 0.000000
vt 0.859649 0.000000
vt 0.994152 0.000000
vt 0.853801 0.000000
vt 0.847953 0.000000
vt 0.432749 0.000000
vt 0.842105 0.000000
vt 0.438596 0.000000
vt 0.836257 0.000000
vt 0.444444 0.000000
vt 0.830409 0.000000
vt 0.450292 0.000000
vt 0.824561 0.000000
vt 0.456140 0.000000
vt 0.818713 0.000000
vt 0.461988 0.000000
vt 0.812865 0.000000
vt 0.467836 0.000000
vt 0.807018 0.000000
vt 0.473684 0.000000
vt 0.801170 0.000000
vt 0.479532 0.000000
vt 0.795322 0.000000
vt 0.485380 0.000000
vt 0.789474 0.000000
vt 0.491228 0.000000
vt 0.783626 0.000000
vt 0.497076 0.000000
vt 0.777778 0.000000
vt 0.502924 0.000000
vt 0.771930 0.000000
vt 0.508772 0.000000
vt 0.766082 0.000000
vt 0.514620 0.000000
vt 0.760234 0.000000
vt 0.520468 0.000000
vt 0.754386 0.000000
vt 0.748538 0.000000
vt 0.526316 0.000000
vt 0.742690 0.000000
vt 0.532164 0.000000
vt 0.736842 0.000000
vt 0.538012 0.000000
vt 0.730994 0.000000
vt 0.725146 0.000000
vt 0.543860 0.000000
vt 0.719298 0.000000
vt 0.549708 0.000000
vt 0.713450 0.000000
vt 0.555556 0.000000
vt 0.707602 0.000000
vt 0.561404 0.000000
vt 0.701754 0.000000
vt 0.695906 0.000000
vt 0.567251 0.000000
vt 0.690058 0.000000
vt 0.573099 0.000000
vt 0.684211 0.000000
vt 0.678363 0.000000
vt 0.578947 0.000000
vt 0.672515 0.000000
vt 0.584795 0.000000
vt 0.666667 0.000000
vt 0.660819 0.000000
vt 0.590643 0.000000
vt 0.654971 0.000000
vt 0.649123 0.000000
vt 0.596491 0.000000
vt 0.643275 0.000000
vt 0.637427 0.000000
vt 0.602339 0.000000
vt 0.608187 0.000000
vt 0.614035 0.000000
vt 0.619883 0.000000
vt 0.625731 0.000000
vt 0.631579 0.000000
vt 0.345029 0.000000
vt 0.356725 0.000000
vt 0.350877 0.000000
vt 0.362573 0.000000
vt 0.368421 0.000000
vt 0.339181 0.000000
vt 0.374269 0.000000
vt 0.333333 0.000000
vt 0.380117 0.000000
vt 0.327485 0.000000
vt 0.385965 0.000000
vt 0.321637 0.000000
vt 0.391813 0.000000
vt 0.315789 0.000000
vt 0.397661 0.000000
vt 0.309942 0.000000
vt 0.403509 0.000000
vt 0.304094 0.000000
vt 0.409357 0.000000
vt 0.298246 0.000000
vt 0.415205 0.000000
vt 0.292398 0.000000
vt 0.421053 0.000000
vt 0.286550 0.000000
vt 0.426901 0.000000
vt 0.280702 0.000000
vt 0.274854 0.000000
vt 0.269006 0.000000
vt 0.005848 0.000000
vt 0.263158 0.000000
vt 0.011696 0.000000
vt 0.257310 0.000000
vt 0.017544 0.000000
vt 0.251462 0.000000
vt 0.023392 0.000000
vt 0.245614 0.000000
vt 0.029240 0.000000
vt 0.239766 0.000000
vt 0.035088 0.000000
vt 0.233918 0.000000
vt 0.040936 0.000000
vt 0.228070 0.000000
vt 0.046784 0.000000
vt 0.222222 0.000000
vt 0.052632 0.000000
vt 0.216374 0.000000
vt 0.058480 0.000000
vt 0.210526 0.000000
vt 0.064327 0.000000
vt 0.204678 0.000000
vt 0.070175 0.000000
vt 0.076023 0.000000
vt 0.198830 0.000000
vt 0.081871 0.000000
vt 0.192982 0.000000
vt 0.087719 0.000000
vt 0.187135 0.000000
vt 0.093567 0.000000
vt 0.181287 0.000000
vt 0.099415 0.000000
vt 0.175439 0.000000
vt 0.105263 0.000000
vt 0.169591 0.000000
vt 0.111111 0.000000
vt 0.163743 0.000000
vt 0.116959 0.000000
vt 0.157895 0.000000
vt 0.122807 0.000000
vt 0.152047 0.000000
vt 0.128655 0.000000
vt 0.146199 0.000000
vt 0.134503 0.000000
vt 0.140351 0.000000
vt 0.113636 0.000000
vt 0.136364 0.000000
vt 0.125000 0.000000
vt 0.147727 0.000000
vt 0.159091 0.000000
vt 0.102273 0.000000
vt 0.170455 0.000000
vt 0.090909 0.000000
vt 0.181818 0.000000
vt 0.079545 0.000000
vt 0.193182 0.000000
vt 0.068182 0.000000
vt 0.204545 0.000000
vt 0.056818 0.000000
vt 0.215909 0.000000
vt 0.045455 0.000000
vt 0.227273 0.000000
vt 0.034091 0.000000
vt 0.238636 0.000000
vt 0.022727 0.000000
vt 0.011364 0.000000
vt 0.261364 0.000000
vt 0.272727 0.000000
vt 0.988636 0.000000
vt 0.284091 0.000000
vt 0.977273 0.000000
vt 0.965909 0.000000
vt 0.954545 0.000000
vt 0.295455 0.000000
vt 0.306818 0.000000
vt 0.943182 0.000000
vt 0.318182 0.000000
vt 0.329545 0.000000
vt 0.340909 0.000000
vt 0.352273 0.000000
vt 0.931818 0.000000
vt 0.568182 0.000000
vt 0.363636 0.000000
vt 0.579545 0.000000
vt 0.556818 0.000000
vt 0.375000 0.000000
vt 0.545455 0.000000
vt 0.386364 0.000000
vt 0.534091 0.000000
vt 0.522727 0.000000
vt 0.397727 0.000000
vt 0.511364 0.000000
vt 0.409091 0.000000
vt 0.920455 0.000000
vt 0.420455 0.000000
vt 0.488636 0.000000
vt 0.477273 0.000000
vt 0.465909 0.000000
vt 0.454545 0.000000
vt 0.443182 0.000000
vt 0.431818 0.000000
vt 0.909091 0.000000
vt 0.897727 0.000000
vt 0.886364 0.000000
vt 0.875000 0.000000
vt 0.863636 0.000000
vt 0.852273 0.000000
vt 0.590909 0.000000
vt 0.602273 0.000000
vt 0.840909 0.000000
vt 0.613636 0.000000
vt 0.829545 0.000000
vt 0.625000 0.000000
vt 0.818182 0.000000
vt 0.636364 0.000000
vt 0.806818 0.000000
vt 0.647727 0.000000
vt 0.795455 0.000000
vt 0.659091 0.000000
vt 0.784091 0.000000
vt 0.670455 0.000000
vt 0.772727 0.000000
vt 0.681818 0.000000
vt 0.761364 0.000000
vt 0.693182 0.000000
vt 0.704545 0.000000
vt 0.738636 0.000000
vt 0.715909 0.000000
vt 0.727273 0.000000
vt 0.821918 0.000000
vt 0.849315 0.000000
vt 0.835616 0.000000
vt 0.301370 0.000000
vt 0.328767 0.000000
vt 0.315068 0.000000
vt 0.287671 0.000000
vt 0.863014 0.000000
vt 0.273973 0.000000
vt 0.876712 0.000000
vt 0.260274 0.000000
vt 0.890411 0.000000
vt 0.246575 0.000000
vt 0.904110 0.000000
vt 0.232877 0.000000
vt 0.917808 0.000000
vt 0.219178 0.000000
vt 0.931507 0.000000
vt 0.205479 0.000000
vt 0.945205 0.000000
vt 0.191781 0.000000
vt 0.958904 0.000000
vt 0.178082 0.000000
vt 0.972603 0.000000
vt 0.164384 0.000000
vt 0.986301 0.000000
vt 0.150685 0.000000
vt 0.013699 0.000000
vt 0.027397 0.000000
vt 0.041096 0.000000
vt 0.054795 0.000000
vt 0.068493 0.000000
vt 0.082192 0.000000
vt 0.095890 0.000000
vt 0.109589 0.000000
vt 0.123288 0.000000
vt 0.136986 0.000000
vt 0.808219 0.000000
vt 0.794521 0.000000
vt 0.780822 0.000000
vt 0.767123 0.000000
vt 0.753425 0.000000
vt 0.739726 0.000000
vt 0.726027 0.000000
vt 0.712329 0.000000
vt 0.698630 0.000000
vt 0.684932 0.000000
vt 0.671233 0.000000
vt 0.657534 0.000000
vt 0.643836 0.000000
vt 0.630137 0.000000
vt 0.616438 0.000000
vt 0.575342 0.000000
vt 0.547945 0.000000
vt 0.506849 0.000000
vt 0.493151 0.000000
vt 0.479452 0.000000
vt 0.465753 0.000000
vt 0.452055 0.000000
vt 0.438356 0.000000
vt 0.424658 0.000000
vt 0.410959 0.000000
vt 0.397260 0.000000
vt 0.602740 0.000000
vt 0.589041 0.000000
vt 0.561644 0.000000
vt 0.534247 0.000000
vt 0.520548 0.000000
vt 0.383562 0.000000
vt 0.369863 0.000000
vt 0.356164 0.000000
vt 0.342466 0.000000
vt 0.447205 0.000000
vt 0.459627 0.000000
vt 0.453416 0.000000
vt 0.440994 0.000000
vt 0.223602 0.000000
vt 0.236025 0.000000
vt 0.229814 0.000000
vt 0.242236 0.000000
vt 0.434783 0.000000
vt 0.248447 0.000000
vt 0.428571 0.000000
vt 0.254658 0.000000
vt 0.422360 0.000000
vt 0.260870 0.000000
vt 0.416149 0.000000
vt 0.267081 0.000000
vt 0.409938 0.000000
vt 0.273292 0.000000
vt 0.403727 0.000000
vt 0.279503 0.000000
vt 0.397516 0.000000
vt 0.285714 0.000000
vt 0.391304 0.000000
vt 0.291925 0.000000
vt 0.385093 0.000000
vt 0.298137 0.000000
vt 0.378882 0.000000
vt 0.304348 0.000000
vt 0.310559 0.000000
vt 0.316770 0.000000
vt 0.322981 0.000000
vt 0.329193 0.000000
vt 0.335404 0.000000
vt 0.341615 0.000000
vt 0.347826 0.000000
vt 0.354037 0.000000
vt 0.360248 0.000000
vt 0.366460 0.000000
vt 0.372671 0.000000
vt 0.465839 0.000000
vt 0.472050 0.000000
vt 0.478261 0.000000
vt 0.484472 0.000000
vt 0.490683 0.000000
vt 0.496894 0.000000
vt 0.503106 0.000000
vt 0.509317 0.000000
vt 0.515528 0.000000
vt 0.521739 0.000000
vt 0.527950 0.000000
vt 0.534162 0.000000
vt 0.186335 0.000000
vt 0.180124 0.000000
vt 0.173913 0.000000
vt 0.167702 0.000000
vt 0.161491 0.000000
vt 0.155280 0.000000
vt 0.540373 0.000000
vt 0.149068 0.000000
vt 0.142857 0.000000
vt 0.136646 0.000000
vt 0.130435 0.000000
vt 0.124224 0.000000
vt 0.118012 0.000000
vt 0.111801 0.000000
vt 0.105590 0.000000
vt 0.099379 0.000000
vt 0.093168 0.000000
vt 0.086957 0.000000
vt 0.074534 0.000000
vt 0.546584 0.000000
vt 0.080745 0.000000
vt 0.068323 0.000000
vt 0.192547 0.000000
vt 0.198758 0.000000
vt 0.204969 0.000000
vt 0.211180 0.000000
vt 0.217391 0.000000
vt 0.062112 0.000000
vt 0.552795 0.000000
vt 0.055901 0.000000
vt 0.559006 0.000000
vt 0.049689 0.000000
vt 0.565217 0.000000
vt 0.043478 0.000000
vt 0.571429 0.000000
vt 0.037267 0.000000
vt 0.577640 0.000000
vt 0.031056 0.000000
vt 0.583851 0.000000
vt 0.024845 0.000000
vt 0.590062 0.000000
vt 0.018634 0.000000
vt 0.596273 0.000000
vt 0.012422 0.000000
vt 0.602484 0.000000
vt 0.006211 0.000000
vt 0.608696 0.000000
vt 0.919255 0.000000
vt 0.931677 0.000000
vt 0.925466 0.000000
vt 0.937888 0.000000
vt 0.944099 0.000000
vt 0.683230 0.000000
vt 0.695652 0.000000
vt 0.689441 0.000000
vt 0.950311 0.000000
vt 0.677019 0.000000
vt 0.670807 0.000000
vt 0.956522 0.000000
vt 0.664596 0.000000
vt 0.962733 0.000000
vt 0.658385 0.000000
vt 0.968944 0.000000
vt 0.652174 0.000000
vt 0.975155 0.000000
vt 0.645963 0.000000
vt 0.981366 0.000000
vt 0.639752 0.000000
vt 0.987578 0.000000
vt 0.633540 0.000000
vt 0.627329 0.000000
vt 0.993789 0.000000
vt 0.621118 0.000000
vt 0.614907 0.000000
vt 0.913043 0.000000
vt 0.906832 0.000000
vt 0.900621 0.000000
vt 0.894410 0.000000
vt 0.888199 0.000000
vt 0.881988 0.000000
vt 0.875776 0.000000
vt 0.869565 0.000000
vt 0.863354 0.000000
vt 0.857143 0.000000
vt 0.850932 0.000000
vt 0.844720 0.000000
vt 0.838509 0.000000
vt 0.832298 0.000000
vt 0.826087 0.000000
vt 0.819876 0.000000
vt 0.807453 0.000000
vt 0.801242 0.000000
vt 0.782609 0.000000
vt 0.770186 0.000000
vt 0.763975 0.000000
vt 0.757764 0.000000
vt 0.751553 0.000000
vt 0.745342 0.000000
vt 0.739130 0.000000
vt 0.732919 0.000000
vt 0.726708 0.000000
vt 0.720497 0.000000
vt 0.714286 0.000000
vt 0.708075 0.000000
vt 0.701863 0.000000
vt 0.813665 0.000000
vt 0.795031 0.000000
vt 0.788820 0.000000
vt 0.776398 0.000000
vt 0.260563 0.000000
vt 0.274648 0.000000
vt 0.267606 0.000000
vt 0.253521 0.000000
vt 0.246479 0.000000
vt 0.239437 0.000000
vt 0.232394 0.000000
vt 0.225352 0.000000
vt 0.218310 0.000000
vt 0.211268 0.000000
vt 0.204225 0.000000
vt 0.197183 0.000000
vt 0.190141 0.000000
vt 0.183099 0.000000
vt 0.176056 0.000000
vt 0.169014 0.000000
vt 0.161972 0.000000
vt 0.154930 0.000000
vt 0.147887 0.000000
vt 0.281690 0.000000
vt 0.288732 0.000000
vt 0.140845 0.000000
vt 0.133803 0.000000
vt 0.295775 0.000000
vt 0.126761 0.000000
vt 0.091549 0.000000
vt 0.105634 0.000000
vt 0.098592 0.000000
vt 0.302817 0.000000
vt 0.119718 0.000000
vt 0.112676 0.000000
vt 0.309859 0.000000
vt 0.316901 0.000000
vt 0.323944 0.000000
vt 0.330986 0.000000
vt 0.338028 0.000000
vt 0.345070 0.000000
vt 0.352113 0.000000
vt 0.359155 0.000000
vt 0.366197 0.000000
vt 0.373239 0.000000
vt 0.380282 0.000000
vt 0.387324 0.000000
vt 0.394366 0.000000
vt 0.401408 0.000000
vt 0.408451 0.000000
vt 0.415493 0.000000
vt 0.422535 0.000000
vt 0.429577 0.000000
vt 0.436620 0.000000
vt 0.443662 0.000000
vt 0.007042 0.000000
vt 0.450704 0.000000
vt 0.014085 0.000000
vt 0.021127 0.000000
vt 0.028169 0.000000
vt 0.035211 0.000000
vt 0.042254 0.000000
vt 0.049296 0.000000
vt 0.056338 0.000000
vt 0.063380 0.000000
vt 0.070423 0.000000
vt 0.077465 0.000000
vt 0.084507 0.000000
vt 0.908451 0.000000
vt 0.922535 0.000000
vt 0.915493 0.000000
vt 0.535211 0.000000
vt 0.549296 0.000000
vt 0.542253 0.000000
vt 0.929577 0.000000
vt 0.528169 0.000000
vt 0.936620 0.000000
vt 0.521127 0.000000
vt 0.943662 0.000000
vt 0.514085 0.000000
vt 0.950704 0.000000
vt 0.507042 0.000000
vt 0.957747 0.000000
vt 0.964789 0.000000
vt 0.492958 0.000000
vt 0.971831 0.000000
vt 0.485915 0.000000
vt 0.978873 0.000000
vt 0.478873 0.000000
vt 0.985915 0.000000
vt 0.471831 0.000000
vt 0.992958 0.000000
vt 0.464789 0.000000
vt 0.457746 0.000000
vt 0.901408 0.000000
vt 0.894366 0.000000
vt 0.887324 0.000000
vt 0.880282 0.000000
vt 0.873239 0.000000
vt 0.866197 0.000000
vt 0.859155 0.000000
vt 0.852113 0.000000
vt 0.845070 0.000000
vt 0.838028 0.000000
vt 0.830986 0.000000
vt 0.823944 0.000000
vt 0.816901 0.000000
vt 0.640845 0.000000
vt 0.633803 0.000000
vt 0.626761 0.000000
vt 0.619718 0.000000
vt 0.612676 0.000000
vt 0.605634 0.000000
vt 0.598592 0.000000
vt 0.591549 0.000000
vt 0.584507 0.000000
vt 0.577465 0.000000
vt 0.570423 0.000000
vt 0.563380 0.000000
vt 0.556338 0.000000
vt 0.809859 0.000000
vt 0.647887 0.000000
vt 0.802817 0.000000
vt 0.654930 0.000000
vt 0.795775 0.000000
vt 0.661972 0.000000
vt 0.788732 0.000000
vt 0.669014 0.000000
vt 0.781690 0.000000
vt 0.676056 0.000000
vt 0.774648 0.000000
vt 0.683099 0.000000
vt 0.767606 0.000000
vt 0.690141 0.000000
vt 0.760563 0.000000
vt 0.697183 0.000000
vt 0.753521 0.000000
vt 0.746479 0.000000
vt 0.704225 0.000000
vt 0.739437 0.000000
vt 0.711268 0.000000
vt 0.732394 0.000000
vt 0.725352 0.000000
vt 0.718310 0.000000
vt 0.135802 0.000000
vt 0.148148 0.000000
vt 0.141975 0.000000
vt 0.129630 0.000000
vt 0.123457 0.000000
vt 0.117284 0.000000
vt 0.104938 0.000000
vt 0.098765 0.000000
vt 0.092593 0.000000
vt 0.086420 0.000000
vt 0.080247 0.000000
vt 0.074074 0.000000
vt 0.067901 0.000000
vt 0.061728 0.000000
vt 0.055556 0.000000
vt 0.049383 0.000000
vt 0.043210 0.000000
vt 0.037037 0.000000
vt 0.030864 0.000000
vt 0.024691 0.000000
vt 0.018519 0.000000
vt 0.012346 0.000000
vt 0.006173 0.000000
vt 0.679012 0.000000
vt 0.672840 0.000000
vt 0.660494 0.000000
vt 0.654321 0.000000
vt 0.648148 0.000000
vt 0.641975 0.000000
vt 0.635802 0.000000
vt 0.629630 0.000000
vt 0.623457 0.000000
vt 0.617284 0.000000
vt 0.611111 0.000000
vt 0.604938 0.000000
vt 0.598765 0.000000
vt 0.592593 0.000000
vt 0.586420 0.000000
vt 0.580247 0.000000
vt 0.574074 0.000000
vt 0.567901 0.000000
vt 0.561728 0.000000
vt 0.549383 0.000000
vt 0.524691 0.000000
vt 0.179012 0.000000
vt 0.172840 0.000000
vt 0.166667 0.000000
vt 0.160494 0.000000
vt 0.154321 0.000000
vt 0.185185 0.000000
vt 0.191358 0.000000
vt 0.197531 0.000000
vt 0.203704 0.000000
vt 0.209877 0.000000
vt 0.216049 0.000000
vt 0.543210 0.000000
vt 0.530864 0.000000
vt 0.518519 0.000000
vt 0.537037 0.000000
vt 0.228395 0.000000
vt 0.512346 0.000000
vt 0.234568 0.000000
vt 0.506173 0.000000
vt 0.240741 0.000000
vt 0.246914 0.000000
vt 0.919753 0.000000
vt 0.932099 0.000000
vt 0.925926 0.000000
vt 0.493827 0.000000
vt 0.938272 0.000000
vt 0.253086 0.000000
vt 0.944444 0.000000
vt 0.913580 0.000000
vt 0.950617 0.000000
vt 0.907407 0.000000
vt 0.487654 0.000000
vt 0.259259 0.000000
vt 0.956790 0.000000
vt 0.759259 0.000000
vt 0.771605 0.000000
vt 0.765432 0.000000
vt 0.901235 0.000000
vt 0.962963 0.000000
vt 0.895062 0.000000
vt 0.783951 0.000000
vt 0.481481 0.000000
vt 0.753086 0.000000
vt 0.969136 0.000000
vt 0.265432 0.000000
vt 0.790123 0.000000
vt 0.746914 0.000000
vt 0.975309 0.000000
vt 0.882716 0.000000
vt 0.796296 0.000000
vt 0.740741 0.000000
vt 0.981481 0.000000
vt 0.876543 0.000000
vt 0.475309 0.000000
vt 0.802469 0.000000
vt 0.271605 0.000000
vt 0.734568 0.000000
vt 0.870370 0.000000
vt 0.987654 0.000000
vt 0.808642 0.000000
vt 0.728395 0.000000
vt 0.864198 0.000000
vt 0.993827 0.000000
vt 0.722222 0.000000
vt 0.814815 0.000000
vt 0.469136 0.000000
vt 0.858025 0.000000
vt 0.277778 0.000000
vt 0.716049 0.000000
vt 0.820988 0.000000
vt 0.851852 0.000000
vt 0.845679 0.000000
vt 0.709877 0.000000
vt 0.827160 0.000000
vt 0.703704 0.000000
vt 0.833333 0.000000
vt 0.462963 0.000000
vt 0.283951 0.000000
vt 0.697531 0.000000
vt 0.839506 0.000000
vt 0.691358 0.000000
vt 0.685185 0.000000
vt 0.290123 0.000000
vt 0.456790 0.000000
vt 0.296296 0.000000
vt 0.450617 0.000000
vt 0.302469 0.000000
vt 0.308642 0.000000
vt 0.438272 0.000000
vt 0.314815 0.000000
vt 0.432099 0.000000
vt 0.320988 0.000000
vt 0.327161 0.000000
vt 0.425926 0.000000
vt 0.419753 0.000000
vt 0.339506 0.000000
vt 0.345679 0.000000
vt 0.413580 0.000000
vt 0.351852 0.000000
vt 0.358025 0.000000
vt 0.364198 0.000000
vt 0.370370 0.000000
vt 0.407407 0.000000
vt 0.376543 0.000000
vt 0.401235 0.000000
vt 0.395062 0.000000
vt 0.388889 0.000000
vt 0.382716 0.000000
vt 0.314010 0.000000
vt 0.309179 0.000000
vt 0.318841 0.000000
vt 0.323671 0.000000
vt 0.328502 0.000000
vt 0.299517 0.000000
vt 0.294686 0.000000
vt 0.289855 0.000000
vt 0.338164 0.000000
vt 0.285024 0.000000
vt 0.342995 0.000000
vt 0.280193 0.000000
vt 0.275362 0.000000
vt 0.352657 0.000000
vt 0.270531 0.000000
vt 0.357488 0.000000
vt 0.265700 0.000000
vt 0.362319 0.000000
vt 0.367150 0.000000
vt 0.256039 0.000000
vt 0.371981 0.000000
vt 0.251208 0.000000
vt 0.246377 0.000000
vt 0.241546 0.000000
vt 0.483092 0.000000
vt 0.492754 0.000000
vt 0.487923 0.000000
vt 0.473430 0.000000
vt 0.468599 0.000000
vt 0.463768 0.000000
vt 0.458937 0.000000
vt 0.454106 0.000000
vt 0.449275 0.000000
vt 0.439614 0.000000
vt 0.429952 0.000000
vt 0.425121 0.000000
vt 0.420290 0.000000
vt 0.415459 0.000000
vt 0.410628 0.000000
vt 0.405797 0.000000
vt 0.400966 0.000000
vt 0.396135 0.000000
vt 0.386473 0.000000
vt 0.381643 0.000000
vt 0.376812 0.000000
vt 0.236715 0.000000
vt 0.231884 0.000000
vt 0.227053 0.000000
vt 0.497585 0.000000
vt 0.502415 0.000000
vt 0.507246 0.000000
vt 0.212560 0.000000
vt 0.512077 0.000000
vt 0.516908 0.000000
vt 0.207729 0.000000
vt 0.526570 0.000000
vt 0.531401 0.000000
vt 0.536232 0.000000
vt 0.202899 0.000000
vt 0.541063 0.000000
vt 0.545894 0.000000
vt 0.550725 0.000000
vt 0.198068 0.000000
vt 0.193237 0.000000
vt 0.188406 0.000000
vt 0.183575 0.000000
vt 0.178744 0.000000
vt 0.169082 0.000000
vt 0.164251 0.000000
vt 0.159420 0.000000
vt 0.154589 0.000000
vt 0.149758 0.000000
vt 0.144928 0.000000
vt 0.140097 0.000000
vt 0.135266 0.000000
vt 0.125604 0.000000
vt 0.120773 0.000000
vt 0.115942 0.000000
vt 0.106280 0.000000
vt 0.101449 0.000000
vt 0.096618 0.000000
vt 0.091787 0.000000
vt 0.082126 0.000000
vt 0.077295 0.000000
vt 0.072464 0.000000
vt 0.067633 0.000000
vt 0.062802 0.000000
vt 0.057971 0.000000
vt 0.560386 0.000000
vt 0.053140 0.000000
vt 0.618357 0.000000
vt 0.628019 0.000000
vt 0.623188 0.000000
vt 0.613527 0.000000
vt 0.603865 0.000000
vt 0.599034 0.000000
vt 0.594203 0.000000
vt 0.589372 0.000000
vt 0.584541 0.000000
vt 0.579710 0.000000
vt 0.574879 0.000000
vt 0.570048 0.000000
vt 0.048309 0.000000
vt 0.038647 0.000000
vt 0.632850 0.000000
vt 0.637681 0.000000
vt 0.642512 0.000000
vt 0.647343 0.000000
vt 0.657005 0.000000
vt 0.033816 0.000000
vt 0.661836 0.000000
vt 0.671498 0.000000
vt 0.028986 0.000000
vt 0.676328 0.000000
vt 0.681159 0.000000
vt 0.685990 0.000000
vt 0.024155 0.000000
vt 0.690821 0.000000
vt 0.019324 0.000000
vt 0.014493 0.000000
vt 0.009662 0.000000
vt 0.004831 0.000000
vt 0.995169 0.000000
vt 0.990338 0.000000
vt 0.985507 0.000000
vt 0.980676 0.000000
vt 0.975845 0.000000
vt 0.971014 0.000000
vt 0.966184 0.000000
vt 0.961353 0.000000
vt 0.951691 0.000000
vt 0.946860 0.000000
vt 0.942029 0.000000
vt 0.937198 0.000000
vt 0.932367 0.000000
vt 0.927536 0.000000
vt 0.922705 0.000000
vt 0.917874 0.000000
vt 0.908213 0.000000
vt 0.903382 0.000000
vt 0.898551 0.000000
vt 0.893720 0.000000
vt 0.874396 0.000000
vt 0.864734 0.000000
vt 0.859903 0.000000
vt 0.855072 0.000000
vt 0.850242 0.000000
vt 0.845411 0.000000
vt 0.840580 0.000000
vt 0.835749 0.000000
vt 0.830918 0.000000
vt 0.821256 0.000000
vt 0.816425 0.000000
vt 0.884058 0.000000
vt 0.879227 0.000000
vt 0.700483 0.000000
vt 0.705314 0.000000
vt 0.811594 0.000000
vt 0.710145 0.000000
vt 0.806763 0.000000
vt 0.714976 0.000000
vt 0.801932 0.000000
vt 0.719807 0.000000
vt 0.797101 0.000000
vt 0.724638 0.000000
vt 0.792271 0.000000
vt 0.729469 0.000000
vt 0.787440 0.000000
vt 0.734300 0.000000
vt 0.743961 0.000000
vt 0.772947 0.000000
vt 0.748792 0.000000
vt 0.768116 0.000000
vt 0.753623 0.000000
vt 0.758454 0.000000
vt 0.763285 0.000000
vt 0.926136 0.000000
vt 0.914773 0.000000
vt 0.903409 0.000000
vt 0.937500 0.000000
vt 0.892045 0.000000
vt 0.948864 0.000000
vt 0.880682 0.000000
vt 0.960227 0.000000
vt 0.869318 0.000000
vt 0.971591 0.000000
vt 0.857955 0.000000
vt 0.982955 0.000000
vt 0.994318 0.000000
vt 0.846591 0.000000
vt 0.073864 0.000000
vt 0.062500 0.000000
vt 0.051136 0.000000
vt 0.039773 0.000000
vt 0.028409 0.000000
vt 0.017045 0.000000
vt 0.005682 0.000000
vt 0.835227 0.000000
vt 0.085227 0.000000
vt 0.096591 0.000000
vt 0.107955 0.000000
vt 0.119318 0.000000
vt 0.130682 0.000000
vt 0.710227 0.000000
vt 0.721591 0.000000
vt 0.823864 0.000000
vt 0.142045 0.000000
vt 0.153409 0.000000
vt 0.698864 0.000000
vt 0.732955 0.000000
vt 0.164773 0.000000
vt 0.812500 0.000000
vt 0.687500 0.000000
vt 0.744318 0.000000
vt 0.176136 0.000000
vt 0.676136 0.000000
vt 0.801136 0.000000
vt 0.755682 0.000000
vt 0.573864 0.000000
vt 0.585227 0.000000
vt 0.664773 0.000000
vt 0.187500 0.000000
vt 0.596591 0.000000
vt 0.767045 0.000000
vt 0.789773 0.000000
vt 0.607955 0.000000
vt 0.562500 0.000000
vt 0.653409 0.000000
vt 0.619318 0.000000
vt 0.551136 0.000000
vt 0.198864 0.000000
vt 0.778409 0.000000
vt 0.539773 0.000000
vt 0.630682 0.000000
vt 0.642045 0.000000
vt 0.528409 0.000000
vt 0.210227 0.000000
vt 0.517045 0.000000
vt 0.505682 0.000000
vt 0.221591 0.000000
vt 0.232955 0.000000
vt 0.494318 0.000000
vt 0.244318 0.000000
vt 0.255682 0.000000
vt 0.357955 0.000000
vt 0.267045 0.000000
vt 0.482955 0.000000
vt 0.346591 0.000000
vt 0.278409 0.000000
vt 0.335227 0.000000
vt 0.323864 0.000000
vt 0.312500 0.000000
vt 0.301136 0.000000
vt 0.289773 0.000000
vt 0.369318 0.000000
vt 0.471591 0.000000
vt 0.380682 0.000000
vt 0.460227 0.000000
vt 0.392045 0.000000
vt 0.448864 0.000000
vt 0.403409 0.000000
vt 0.437500 0.000000
vt 0.426136 0.000000
vt 0.414773 0.000000
vt 0.904762 0.000000
vt 0.918367 0.000000
vt 0.911565 0.000000
vt 0.897959 0.000000
vt 0.659864 0.000000
vt 0.673469 0.000000
vt 0.891156 0.000000
vt 0.680272 0.000000
vt 0.687075 0.000000
vt 0.884354 0.000000
vt 0.693878 0.000000
vt 0.877551 0.000000
vt 0.700680 0.000000
vt 0.707483 0.000000
vt 0.870748 0.000000
vt 0.863946 0.000000
vt 0.721088 0.000000
vt 0.727891 0.000000
vt 0.850340 0.000000
vt 0.734694 0.000000
vt 0.843537 0.000000
vt 0.741497 0.000000
vt 0.836735 0.000000
vt 0.748299 0.000000
vt 0.829932 0.000000
vt 0.755102 0.000000
vt 0.761905 0.000000
vt 0.768707 0.000000
vt 0.775510 0.000000
vt 0.782313 0.000000
vt 0.789116 0.000000
vt 0.795918 0.000000
vt 0.802721 0.000000
vt 0.809524 0.000000
vt 0.816327 0.000000
vt 0.823129 0.000000
vt 0.653061 0.000000
vt 0.925170 0.000000
vt 0.931973 0.000000
vt 0.646259 0.000000
vt 0.938776 0.000000
vt 0.639456 0.000000
vt 0.945578 0.000000
vt 0.632653 0.000000
vt 0.625850 0.000000
vt 0.952381 0.000000
vt 0.619048 0.000000
vt 0.959184 0.000000
vt 0.612245 0.000000
vt 0.605442 0.000000
vt 0.965986 0.000000
vt 0.598639 0.000000
vt 0.972789 0.000000
vt 0.591837 0.000000
vt 0.979592 0.000000
vt 0.986395 0.000000
vt 0.585034 0.000000
vt 0.993197 0.000000
vt 0.578231 0.000000
vt 0.564626 0.000000
vt 0.557823 0.000000
vt 0.551020 0.000000
vt 0.544218 0.000000
vt 0.537415 0.000000
vt 0.530612 0.000000
vt 0.523810 0.000000
vt 0.517007 0.000000
vt 0.510204 0.000000
vt 0.503401 0.000000
vt 0.496599 0.000000
vt 0.489796 0.000000
vt 0.006803 0.000000
vt 0.482993 0.000000
vt 0.013605 0.000000
vt 0.476190 0.000000
vt 0.020408 0.000000
vt 0.469388 0.000000
vt 0.027211 0.000000
vt 0.462585 0.000000
vt 0.034014 0.000000
vt 0.455782 0.000000
vt 0.040816 0.000000
vt 0.448980 0.000000
vt 0.047619 0.000000
vt 0.442177 0.000000
vt 0.435374 0.000000
vt 0.054422 0.000000
vt 0.061224 0.000000
vt 0.421769 0.000000
vt 0.068027 0.000000
vt 0.414966 0.000000
vt 0.074830 0.000000
vt 0.408163 0.000000
vt 0.081633 0.000000
vt 0.401361 0.000000
vt 0.088435 0.000000
vt 0.394558 0.000000
vt 0.244898 0.000000
vt 0.095238 0.000000
vt 0.251701 0.000000
vt 0.238095 0.000000
vt 0.102041 0.000000
vt 0.387755 0.000000
vt 0.231293 0.000000
vt 0.258503 0.000000
vt 0.108844 0.000000
vt 0.380952 0.000000
vt 0.224490 0.000000
vt 0.265306 0.000000
vt 0.115646 0.000000
vt 0.374150 0.000000
vt 0.217687 0.000000
vt 0.272109 0.000000
vt 0.122449 0.000000
vt 0.367347 0.000000
vt 0.210884 0.000000
vt 0.278912 0.000000
vt 0.129252 0.000000
vt 0.360544 0.000000
vt 0.204082 0.000000
vt 0.136054 0.000000
vt 0.353741 0.000000
vt 0.197279 0.000000
vt 0.292517 0.000000
vt 0.346939 0.000000
vt 0.190476 0.000000
vt 0.299320 0.000000
vt 0.340136 0.000000
vt 0.149660 0.000000
vt 0.183673 0.000000
vt 0.306122 0.000000
vt 0.156463 0.000000
vt 0.326531 0.000000
vt 0.176871 0.000000
vt 0.312925 0.000000
vt 0.170068 0.000000
vt 0.163265 0.000000
vt 0.319728 0.000000
vt 0.161765 0.000000
vt 0.176471 0.000000
vt 0.169118 0.000000
vt 0.154412 0.000000
vt 0.147059 0.000000
vt 0.139706 0.000000
vt 0.183824 0.000000
vt 0.132353 0.000000
vt 0.191176 0.000000
vt 0.198529 0.000000
vt 0.205882 0.000000
vt 0.117647 0.000000
vt 0.213235 0.000000
vt 0.110294 0.000000
vt 0.220588 0.000000
vt 0.102941 0.000000
vt 0.227941 0.000000
vt 0.095588 0.000000
vt 0.235294 0.000000
vt 0.088235 0.000000
vt 0.242647 0.000000
vt 0.080882 0.000000
vt 0.257353 0.000000
vt 0.073529 0.000000
vt 0.264706 0.000000
vt 0.272059 0.000000
vt 0.066176 0.000000
vt 0.279412 0.000000
vt 0.058824 0.000000
vt 0.286765 0.000000
vt 0.051471 0.000000
vt 0.294118 0.000000
vt 0.044118 0.000000
vt 0.301471 0.000000
vt 0.036765 0.000000
vt 0.308824 0.000000
vt 0.529412 0.000000
vt 0.544118 0.000000
vt 0.536765 0.000000
vt 0.029412 0.000000
vt 0.316176 0.000000
vt 0.551471 0.000000
vt 0.522059 0.000000
vt 0.514706 0.000000
vt 0.558824 0.000000
vt 0.022059 0.000000
vt 0.507353 0.000000
vt 0.323529 0.000000
vt 0.492647 0.000000
vt 0.566176 0.000000
vt 0.485294 0.000000
vt 0.014706 0.000000
vt 0.330882 0.000000
vt 0.477941 0.000000
vt 0.573529 0.000000
vt 0.470588 0.000000
vt 0.463235 0.000000
vt 0.338235 0.000000
vt 0.580882 0.000000
vt 0.007353 0.000000
vt 0.455882 0.000000
vt 0.448529 0.000000
vt 0.588235 0.000000
vt 0.345588 0.000000
vt 0.441176 0.000000
vt 0.433824 0.000000
vt 0.595588 0.000000
vt 0.426471 0.000000
vt 0.419118 0.000000
vt 0.411765 0.000000
vt 0.352941 0.000000
vt 0.404412 0.000000
vt 0.397059 0.000000
vt 0.389706 0.000000
vt 0.382353 0.000000
vt 0.367647 0.000000
vt 0.602941 0.000000
vt 0.360294 0.000000
vt 0.992647 0.000000
vt 0.985294 0.000000
vt 0.977941 0.000000
vt 0.970588 0.000000
vt 0.963235 0.000000
vt 0.955882 0.000000
vt 0.897059 0.000000
vt 0.911765 0.000000
vt 0.904412 0.000000
vt 0.948529 0.000000
vt 0.919118 0.000000
vt 0.941176 0.000000
vt 0.926471 0.000000
vt 0.933824 0.000000
vt 0.860294 0.000000
vt 0.852941 0.000000
vt 0.845588 0.000000
vt 0.838235 0.000000
vt 0.830882 0.000000
vt 0.823529 0.000000
vt 0.720588 0.000000
vt 0.727941 0.000000
vt 0.713235 0.000000
vt 0.610294 0.000000
vt 0.735294 0.000000
vt 0.742647 0.000000
vt 0.705882 0.000000
vt 0.757353 0.000000
vt 0.698529 0.000000
vt 0.816176 0.000000
vt 0.764706 0.000000
vt 0.617647 0.000000
vt 0.691176 0.000000
vt 0.772059 0.000000
vt 0.779412 0.000000
vt 0.683824 0.000000
vt 0.786765 0.000000
vt 0.794118 0.000000
vt 0.676471 0.000000
vt 0.801471 0.000000
vt 0.808824 0.000000
vt 0.669118 0.000000
vt 0.867647 0.000000
vt 0.882353 0.000000
vt 0.889706 0.000000
vt 0.661765 0.000000
vt 0.654412 0.000000
vt 0.647059 0.000000
vt 0.639706 0.000000
vt 0.632353 0.000000
vt 0.200000 0.000000
vt 0.205263 0.000000
vt 0.215789 0.000000
vt 0.221053 0.000000
vt 0.194737 0.000000
vt 0.226316 0.000000
vt 0.189474 0.000000
vt 0.063158 0.000000
vt 0.073684 0.000000
vt 0.068421 0.000000
vt 0.184211 0.000000
vt 0.231579 0.000000
vt 0.078947 0.000000
vt 0.178947 0.000000
vt 0.236842 0.000000
vt 0.926316 0.000000
vt 0.936842 0.000000
vt 0.931579 0.000000
vt 0.084211 0.000000
vt 0.057895 0.000000
vt 0.921053 0.000000
vt 0.173684 0.000000
vt 0.242105 0.000000
vt 0.089474 0.000000
vt 0.915789 0.000000
vt 0.942105 0.000000
vt 0.168421 0.000000
vt 0.910526 0.000000
vt 0.247368 0.000000
vt 0.094737 0.000000
vt 0.047368 0.000000
vt 0.905263 0.000000
vt 0.952632 0.000000
vt 0.163158 0.000000
vt 0.900000 0.000000
vt 0.252632 0.000000
vt 0.100000 0.000000
vt 0.957895 0.000000
vt 0.042105 0.000000
vt 0.963158 0.000000
vt 0.257895 0.000000
vt 0.889474 0.000000
vt 0.036842 0.000000
vt 0.968421 0.000000
vt 0.884211 0.000000
vt 0.973684 0.000000
vt 0.152632 0.000000
vt 0.878947 0.000000
vt 0.031579 0.000000
vt 0.978947 0.000000
vt 0.110526 0.000000
vt 0.873684 0.000000
vt 0.984211 0.000000
vt 0.147368 0.000000
vt 0.268421 0.000000
vt 0.989474 0.000000
vt 0.026316 0.000000
vt 0.868421 0.000000
vt 0.115789 0.000000
vt 0.142105 0.000000
vt 0.136842 0.000000
vt 0.994737 0.000000
vt 0.863158 0.000000
vt 0.021053 0.000000
vt 0.121053 0.000000
vt 0.273684 0.000000
vt 0.857895 0.000000
vt 0.278947 0.000000
vt 0.126316 0.000000
vt 0.015789 0.000000
vt 0.852632 0.000000
vt 0.284211 0.000000
vt 0.131579 0.000000
vt 0.010526 0.000000
vt 0.847368 0.000000
vt 0.289474 0.000000
vt 0.005263 0.000000
vt 0.294737 0.000000
vt 0.300000 0.000000
vt 0.836842 0.000000
vt 0.305263 0.000000
vt 0.310526 0.000000
vt 0.831579 0.000000
vt 0.826316 0.000000
vt 0.321053 0.000000
vt 0.821053 0.000000
vt 0.326316 0.000000
vt 0.331579 0.000000
vt 0.815789 0.000000
vt 0.394737 0.000000
vt 0.405263 0.000000
vt 0.400000 0.000000
vt 0.389474 0.000000
vt 0.384211 0.000000
vt 0.378947 0.000000
vt 0.373684 0.000000
vt 0.363158 0.000000
vt 0.357895 0.000000
vt 0.352632 0.000000
vt 0.347368 0.000000
vt 0.342105 0.000000
vt 0.336842 0.000000
vt 0.810526 0.000000
vt 0.805263 0.000000
vt 0.800000 0.000000
vt 0.415789 0.000000
vt 0.410526 0.000000
vt 0.794737 0.000000
vt 0.442105 0.000000
vt 0.436842 0.000000
vt 0.431579 0.000000
vt 0.426316 0.000000
vt 0.673684 0.000000
vt 0.668421 0.000000
vt 0.468421 0.000000
vt 0.463158 0.000000
vt 0.457895 0.000000
vt 0.452632 0.000000
vt 0.447368 0.000000
vt 0.678947 0.000000
vt 0.663158 0.000000
vt 0.478947 0.000000
vt 0.784211 0.000000
vt 0.778947 0.000000
vt 0.689474 0.000000
vt 0.773684 0.000000
vt 0.694737 0.000000
vt 0.657895 0.000000
vt 0.768421 0.000000
vt 0.484211 0.000000
vt 0.700000 0.000000
vt 0.763158 0.000000
vt 0.705263 0.000000
vt 0.757895 0.000000
vt 0.652632 0.000000
vt 0.710526 0.000000
vt 0.752632 0.000000
vt 0.489474 0.000000
vt 0.715789 0.000000
vt 0.747368 0.000000
vt 0.742105 0.000000
vt 0.721053 0.000000
vt 0.647368 0.000000
vt 0.726316 0.000000
vt 0.731579 0.000000
vt 0.494737 0.000000
vt 0.642105 0.000000
vt 0.636842 0.000000
vt 0.505263 0.000000
vt 0.626316 0.000000
vt 0.510526 0.000000
vt 0.621053 0.000000
vt 0.515789 0.000000
vt 0.615789 0.000000
vt 0.610526 0.000000
vt 0.521053 0.000000
vt 0.605263 0.000000
vt 0.600000 0.000000
vt 0.594737 0.000000
vt 0.589474 0.000000
vt 0.584211 0.000000
vt 0.573684 0.000000
vt 0.568421 0.000000
vt 0.563158 0.000000
vt 0.557895 0.000000
vt 0.552632 0.000000
vt 0.547368 0.000000
vt 0.542105 0.000000
vt 0.531579 0.000000
vt 0.536842 0.000000
vt 0.855670 0.000000
vt 0.876289 0.000000
vt 0.865979 0.000000
vt 0.886598 0.000000
vt 0.896907 0.000000
vt 0.845361 0.000000
vt 0.907216 0.000000
vt 0.917526 0.000000
vt 0.927835 0.000000
vt 0.835052 0.000000
vt 0.938144 0.000000
vt 0.948454 0.000000
vt 0.958763 0.000000
vt 0.824742 0.000000
vt 0.969072 0.000000
vt 0.979381 0.000000
vt 0.989691 0.000000
vt 0.814433 0.000000
vt 0.092784 0.000000
vt 0.082474 0.000000
vt 0.072165 0.000000
vt 0.061856 0.000000
vt 0.051546 0.000000
vt 0.041237 0.000000
vt 0.030928 0.000000
vt 0.020619 0.000000
vt 0.010309 0.000000
vt 0.804124 0.000000
vt 0.113402 0.000000
vt 0.103093 0.000000
vt 0.123711 0.000000
vt 0.134021 0.000000
vt 0.144330 0.000000
vt 0.793814 0.000000
vt 0.154639 0.000000
vt 0.164948 0.000000
vt 0.783505 0.000000
vt 0.175258 0.000000
vt 0.185567 0.000000
vt 0.773196 0.000000
vt 0.195876 0.000000
vt 0.762887 0.000000
vt 0.206186 0.000000
vt 0.216495 0.000000
vt 0.752577 0.000000
vt 0.226804 0.000000
vt 0.742268 0.000000
vt 0.237113 0.000000
vt 0.247423 0.000000
vt 0.731959 0.000000
vt 0.257732 0.000000
vt 0.721649 0.000000
vt 0.268041 0.000000
vt 0.711340 0.000000
vt 0.278351 0.000000
vt 0.701031 0.000000
vt 0.288660 0.000000
vt 0.690722 0.000000
vt 0.298969 0.000000
vt 0.474227 0.000000
vt 0.494845 0.000000
vt 0.484536 0.000000
vt 0.309278 0.000000
vt 0.463918 0.000000
vt 0.680412 0.000000
vt 0.453608 0.000000
vt 0.319588 0.000000
vt 0.443299 0.000000
vt 0.432990 0.000000
vt 0.329897 0.000000
vt 0.422680 0.000000
vt 0.670103 0.000000
vt 0.412371 0.000000
vt 0.340206 0.000000
vt 0.402062 0.000000
vt 0.391753 0.000000
vt 0.350515 0.000000
vt 0.381443 0.000000
vt 0.371134 0.000000
vt 0.360825 0.000000
vt 0.659794 0.000000
vt 0.505155 0.000000
vt 0.649485 0.000000
vt 0.515464 0.000000
vt 0.525773 0.000000
vt 0.536082 0.000000
vt 0.639175 0.000000
vt 0.546392 0.000000
vt 0.556701 0.000000
vt 0.567010 0.000000
vt 0.628866 0.000000
vt 0.577320 0.000000
vt 0.587629 0.000000
vt 0.597938 0.000000
vt 0.618557 0.000000
vt 0.608247 0.000000
vt 0.472727 0.000000
vt 0.981818 0.000000
vt 0.490909 0.000000
vt 0.509091 0.000000
vt 0.018182 0.000000
vt 0.036364 0.000000
vt 0.054545 0.000000
vt 0.072727 0.000000
vt 0.109091 0.000000
vt 0.963636 0.000000
vt 0.127273 0.000000
vt 0.945455 0.000000
vt 0.927273 0.000000
vt 0.145455 0.000000
vt 0.890909 0.000000
vt 0.872727 0.000000
vt 0.854545 0.000000
vt 0.163636 0.000000
vt 0.836364 0.000000
vt 0.781818 0.000000
vt 0.763636 0.000000
vt 0.745455 0.000000
vt 0.218182 0.000000
vt 0.709091 0.000000
vt 0.236364 0.000000
vt 0.690909 0.000000
vt 0.672727 0.000000
vt 0.254545 0.000000
vt 0.654545 0.000000
vt 0.618182 0.000000
vt 0.581818 0.000000
vt 0.563636 0.000000
vt 0.290909 0.000000
vt 0.527273 0.000000
vt 0.436364 0.000000
vt 0.309091 0.000000
vt 0.327273 0.000000
vt 0.345455 0.000000
vt 0.381818 0.000000
vt 0.418182 0.000000
vt 0.884298 0.000000
vt 0.900826 0.000000
vt 0.892562 0.000000
vt 0.917355 0.000000
vt 0.876033 0.000000
vt 0.925620 0.000000
vt 0.933884 0.000000
vt 0.867769 0.000000
vt 0.942149 0.000000
vt 0.950413 0.000000
vt 0.859504 0.000000
vt 0.958678 0.000000
vt 0.966942 0.000000
vt 0.851240 0.000000
vt 0.975207 0.000000
vt 0.983471 0.000000
vt 0.842975 0.000000
vt 0.991736 0.000000
vt 0.057851 0.000000
vt 0.049587 0.000000
vt 0.041322 0.000000
vt 0.033058 0.000000
vt 0.024793 0.000000
vt 0.016529 0.000000
vt 0.008264 0.000000
vt 0.834711 0.000000
vt 0.074380 0.000000
vt 0.066116 0.000000
vt 0.826446 0.000000
vt 0.082645 0.000000
vt 0.099174 0.000000
vt 0.107438 0.000000
vt 0.115702 0.000000
vt 0.123967 0.000000
vt 0.132231 0.000000
vt 0.140496 0.000000
vt 0.809917 0.000000
vt 0.148760 0.000000
vt 0.157025 0.000000
vt 0.165289 0.000000
vt 0.801653 0.000000
vt 0.173554 0.000000
vt 0.793388 0.000000
vt 0.190083 0.000000
vt 0.198347 0.000000
vt 0.785124 0.000000
vt 0.206612 0.000000
vt 0.214876 0.000000
vt 0.776860 0.000000
vt 0.223140 0.000000
vt 0.768595 0.000000
vt 0.231405 0.000000
vt 0.239669 0.000000
vt 0.760331 0.000000
vt 0.247934 0.000000
vt 0.752066 0.000000
vt 0.256198 0.000000
vt 0.743802 0.000000
vt 0.264463 0.000000
vt 0.735537 0.000000
vt 0.719008 0.000000
vt 0.280992 0.000000
vt 0.710744 0.000000
vt 0.702479 0.000000
vt 0.289256 0.000000
vt 0.694215 0.000000
vt 0.487603 0.000000
vt 0.504132 0.000000
vt 0.495868 0.000000
vt 0.297521 0.000000
vt 0.685950 0.000000
vt 0.512397 0.000000
vt 0.677686 0.000000
vt 0.305785 0.000000
vt 0.520661 0.000000
vt 0.669421 0.000000
vt 0.661157 0.000000
vt 0.528926 0.000000
vt 0.652893 0.000000
vt 0.314050 0.000000
vt 0.537190 0.000000
vt 0.644628 0.000000
vt 0.553719 0.000000
vt 0.322314 0.000000
vt 0.628099 0.000000
vt 0.561983 0.000000
vt 0.619835 0.000000
vt 0.570248 0.000000
vt 0.611570 0.000000
vt 0.578512 0.000000
vt 0.603306 0.000000
vt 0.586777 0.000000
vt 0.330579 0.000000
vt 0.595041 0.000000
vt 0.338843 0.000000
vt 0.479339 0.000000
vt 0.471074 0.000000
vt 0.347107 0.000000
vt 0.462810 0.000000
vt 0.355372 0.000000
vt 0.446281 0.000000
vt 0.438017 0.000000
vt 0.429752 0.000000
vt 0.371901 0.000000
vt 0.421488 0.000000
vt 0.413223 0.000000
vt 0.380165 0.000000
vt 0.404959 0.000000
vt 0.396694 0.000000
vt 0.388430 0.000000
vt 0.000000 1.000000
vt 0.008197 1.000000
vt 0.008197 0.000000
vt 0.016393 1.000000
vt 0.016393 0.000000
vt 0.024590 1.000000
vt 0.024590 0.000000
vt 0.032787 1.000000
vt 0.032787 0.000000
vt 0.040984 1.000000
vt 0.040984 0.000000
vt 0.049180 1.000000
vt 0.049180 0.000000
vt 0.057377 1.000000
vt 0.057377 0.000000
vt 0.065574 1.000000
vt 0.065574 0.000000
vt 0.073770 1.000000
vt 0.073770 0.000000
vt 0.081967 1.000000
vt 0.081967 0.000000
vt 0.090164 1.000000
vt 0.090164 0.000000
vt 0.098361 1.000000
vt 0.098361 0.000000
vt 0.106557 1.000000
vt 0.106557 0.000000
vt 0.114754 1.000000
vt 0.114754 0.000000
vt 0.122951 1.000000
vt 0.122951 0.000000
vt 0.131148 1.000000
vt 0.131148 0.000000
vt 0.139344 1.000000
vt 0.139344 0.000000
vt 0.147541 1.000000
vt 0.147541 0.000000
vt 0.155738 1.000000
vt 0.155738 0.000000
vt 0.163934 1.000000
vt 0.163934 0.000000
vt 0.172131 1.000000
vt 0.172131 0.000000
vt 0.180328 1.000000
vt 0.180328 0.000000
vt 0.188525 1.000000
vt 0.188525 0.000000
vt 0.196721 1.000000
vt 0.196721 0.000000
vt 0.204918 1.000000
vt 0.204918 0.000000
vt 0.213115 1.000000
vt 0.213115 0.000000
vt 0.221311 1.000000
vt 0.221311 0.000000
vt 0.229508 1.000000
vt 0.229508 0.000000
vt 0.237705 1.000000
vt 0.237705 0.000000
vt 0.245902 1.000000
vt 0.245902 0.000000
vt 0.254098 1.000000
vt 0.254098 0.000000
vt 0.262295 1.000000
vt 0.262295 0.000000
vt 0.270492 1.000000
vt 0.270492 0.000000
vt 0.278689 1.000000
vt 0.278689 0.000000
vt 0.286885 1.000000
vt 0.286885 0.000000
vt 0.295082 1.000000
vt 0.295082 0.000000
vt 0.303279 1.000000
vt 0.303279 0.000000
vt 0.311475 1.000000
vt 0.311475 0.000000
vt 0.319672 1.000000
vt 0.319672 0.000000
vt 0.327869 1.000000
vt 0.327869 0.000000
vt 0.336066 1.000000
vt 0.336066 0.000000
vt 0.344262 1.000000
vt 0.344262 0.000000
vt 0.352459 1.000000
vt 0.352459 0.000000
vt 0.360656 1.000000
vt 0.360656 0.000000
vt 0.368852 1.000000
vt 0.368852 0.000000
vt 0.377049 1.000000
vt 0.377049 0.000000
vt 0.385246 1.000000
vt 0.385246 0.000000
vt 0.393443 1.000000
vt 0.393443 0.000000
vt 0.401639 1.000000
vt 0.401639 0.000000
vt 0.409836 1.000000
vt 0.409836 0.000000
vt 0.418033 1.000000
vt 0.418033 0.000000
vt 0.426230 1.000000
vt 0.426230 0.000000
vt 0.434426 1.000000
vt 0.434426 0.000000
vt 0.442623 1.000000
vt 0.442623 0.000000
vt 0.450820 1.000000
vt 0.450820 0.000000
vt 0.459016 1.000000
vt 0.459016 0.000000
vt 0.467213 1.000000
vt 0.467213 0.000000
vt 0.475410 1.000000
vt 0.475410 0.000000
vt 0.483607 1.000000
vt 0.483607 0.000000
vt 0.491803 1.000000
vt 0.491803 0.000000
vt 0.500000 1.000000
vt 0.508197 1.000000
vt 0.508197 0.000000
vt 0.516393 1.000000
vt 0.516393 0.000000
vt 0.524590 1.000000
vt 0.524590 0.000000
vt 0.532787 1.000000
vt 0.532787 0.000000
vt 0.540984 1.000000
vt 0.540984 0.000000
vt 0.549180 1.000000
vt 0.549180 0.000000
vt 0.557377 1.000000
vt 0.557377 0.000000
vt 0.565574 1.000000
vt 0.565574 0.000000
vt 0.573770 1.000000
vt 0.573770 0.000000
vt 0.581967 1.000000
vt 0.581967 0.000000
vt 0.590164 1.000000
vt 0.590164 0.000000
vt 0.598361 1.000000
vt 0.598361 0.000000
vt 0.606557 1.000000
vt 0.606557 0.000000
vt 0.614754 1.000000
vt 0.614754 0.000000
vt 0.622951 1.000000
vt 0.622951 0.000000
vt 0.631148 1.000000
vt 0.631148 0.000000
vt 0.639344 1.000000
vt 0.639344 0.000000
vt 0.647541 1.000000
vt 0.647541 0.000000
vt 0.655738 1.000000
vt 0.655738 0.000000
vt 0.663934 1.000000
vt 0.663934 0.000000
vt 0.672131 1.000000
vt 0.672131 0.000000
vt 0.680328 1.000000
vt 0.680328 0.000000
vt 0.688525 1.000000
vt 0.688525 0.000000
vt 0.696721 1.000000
vt 0.696721 0.000000
vt 0.704918 1.000000
vt 0.704918 0.000000
vt 0.713115 1.000000
vt 0.713115 0.000000
vt 0.721311 1.000000
vt 0.721311 0.000000
vt 0.729508 1.000000
vt 0.729508 0.000000
vt 0.737705 1.000000
vt 0.737705 0.000000
vt 0.745902 1.000000
vt 0.745902 0.000000
vt 0.754098 1.000000
vt 0.754098 0.000000
vt 0.762295 1.000000
vt 0.762295 0.000000
vt 0.770492 1.000000
vt 0.770492 0.000000
vt 0.778689 1.000000
vt 0.778689 0.000000
vt 0.786885 1.000000
vt 0.786885 0.000000
vt 0.795082 1.000000
vt 0.795082 0.000000
vt 0.803279 1.000000
vt 0.803279 0.000000
vt 0.811475 1.000000
vt 0.811475 0.000000
vt 0.819672 1.000000
vt 0.819672 0.000000
vt 0.827869 1.000000
vt 0.827869 0.000000
vt 0.836066 1.000000
vt 0.836066 0.000000
vt 0.844262 1.000000
vt 0.844262 0.000000
vt 0.852459 1.000000
vt 0.852459 0.000000
vt 0.860656 1.000000
vt 0.860656 0.000000
vt 0.868852 1.000000
vt 0.868852 0.000000
vt 0.877049 1.000000
vt 0.877049 0.000000
vt 0.885246 1.000000
vt 0.885246 0.000000
vt 0.893443 1.000000
vt 0.893443 0.000000
vt 0.901639 1.000000
vt 0.901639 0.000000
vt 0.909836 1.000000
vt 0.909836 0.000000
vt 0.918033 1.000000
vt 0.918033 0.000000
vt 0.926230 1.000000
vt 0.926230 0.000000
vt 0.934426 1.000000
vt 0.934426 0.000000
vt 0.942623 1.000000
vt 0.942623 0.000000
vt 0.950820 1.000000
vt 0.950820 0.000000
vt 0.959016 1.000000
vt 0.959016 0.000000
vt 0.967213 1.000000
vt 0.967213 0.000000
vt 0.975410 1.000000
vt 0.975410 0.000000
vt 0.983607 1.000000
vt 0.983607 0.000000
vt 0.991803 1.000000
vt 0.991803 0.000000
vt 1.000000 1.000000
vt 0.034483 1.000000
vt 0.034483 0.000000
vt 0.068966 1.000000
vt 0.068966 0.000000
vt 0.103448 1.000000
vt 0.103448 0.000000
vt 0.137931 1.000000
vt 0.137931 0.000000
vt 0.172414 1.000000
vt 0.172414 0.000000
vt 0.206897 1.000000
vt 0.206897 0.000000
vt 0.241379 1.000000
vt 0.241379 0.000000
vt 0.275862 1.000000
vt 0.275862 0.000000
vt 0.310345 1.000000
vt 0.310345 0.000000
vt 0.344828 1.000000
vt 0.344828 0.000000
vt 0.379310 1.000000
vt 0.379310 0.000000
vt 0.413793 1.000000
vt 0.413793 0.000000
vt 0.448276 1.000000
vt 0.448276 0.000000
vt 0.482759 1.000000
vt 0.482759 0.000000
vt 0.517241 1.000000
vt 0.517241 0.000000
vt 0.551724 1.000000
vt 0.551724 0.000000
vt 0.586207 1.000000
vt 0.586207 0.000000
vt 0.620690 1.000000
vt 0.620690 0.000000
vt 0.655172 1.000000
vt 0.655172 0.000000
vt 0.689655 1.000000
vt 0.689655 0.000000
vt 0.724138 1.000000
vt 0.724138 0.000000
vt 0.758621 1.000000
vt 0.758621 0.000000
vt 0.793103 1.000000
vt 0.793103 0.000000
vt 0.827586 1.000000
vt 0.827586 0.000000
vt 0.862069 1.000000
vt 0.862069 0.000000
vt 0.896552 1.000000
vt 0.896552 0.000000
vt 0.931035 1.000000
vt 0.931035 0.000000
vt 0.965517 1.000000
vt 0.965517 0.000000
vt 0.037037 1.000000
vt 0.074074 1.000000
vt 0.111111 1.000000
vt 0.148148 1.000000
vt 0.185185 1.000000
vt 0.222222 1.000000
vt 0.259259 1.000000
vt 0.296296 1.000000
vt 0.333333 1.000000
vt 0.370370 1.000000
vt 0.407407 1.000000
vt 0.444444 1.000000
vt 0.481481 1.000000
vt 0.518519 1.000000
vt 0.555556 1.000000
vt 0.592593 1.000000
vt 0.629630 1.000000
vt 0.666667 1.000000
vt 0.703704 1.000000
vt 0.740741 1.000000
vt 0.777778 1.000000
vt 0.814815 1.000000
vt 0.851852 1.000000
vt 0.888889 1.000000
vt 0.925926 1.000000
vt 0.962963 1.000000
vt 0.125000 1.000000
vt 0.250000 1.000000
vt 0.375000 1.000000
vt 0.625000 1.000000
vt 0.750000 1.000000
vt 0.875000 1.000000
vt 0.010204 1.000000
vt 0.010204 0.000000
vt 0.020408 1.000000
vt 0.030612 1.000000
vt 0.030612 0.000000
vt 0.040816 1.000000
vt 0.051020 1.000000
vt 0.051020 0.000000
vt 0.061224 1.000000
vt 0.071429 1.000000
vt 0.071429 0.000000
vt 0.081633 1.000000
vt 0.091837 1.000000
vt 0.091837 0.000000
vt 0.102041 1.000000
vt 0.112245 1.000000
vt 0.112245 0.000000
vt 0.122449 1.000000
vt 0.132653 1.000000
vt 0.132653 0.000000
vt 0.142857 1.000000
vt 0.153061 1.000000
vt 0.153061 0.000000
vt 0.163265 1.000000
vt 0.173469 1.000000
vt 0.173469 0.000000
vt 0.183673 1.000000
vt 0.193878 1.000000
vt 0.193878 0.000000
vt 0.204082 1.000000
vt 0.214286 1.000000
vt 0.214286 0.000000
vt 0.224490 1.000000
vt 0.234694 1.000000
vt 0.234694 0.000000
vt 0.244898 1.000000
vt 0.255102 1.000000
vt 0.255102 0.000000
vt 0.265306 1.000000
vt 0.275510 1.000000
vt 0.275510 0.000000
vt 0.285714 1.000000
vt 0.295918 1.000000
vt 0.295918 0.000000
vt 0.306122 1.000000
vt 0.316327 1.000000
vt 0.316327 0.000000
vt 0.326531 1.000000
vt 0.336735 1.000000
vt 0.336735 0.000000
vt 0.346939 1.000000
vt 0.357143 1.000000
vt 0.357143 0.000000
vt 0.367347 1.000000
vt 0.377551 1.000000
vt 0.377551 0.000000
vt 0.387755 1.000000
vt 0.397959 1.000000
vt 0.397959 0.000000
vt 0.408163 1.000000
vt 0.418367 1.000000
vt 0.418367 0.000000
vt 0.428571 1.000000
vt 0.438776 1.000000
vt 0.438776 0.000000
vt 0.448980 1.000000
vt 0.459184 1.000000
vt 0.459184 0.000000
vt 0.469388 1.000000
vt 0.479592 1.000000
vt 0.479592 0.000000
vt 0.489796 1.000000
vt 0.510204 1.000000
vt 0.520408 1.000000
vt 0.520408 0.000000
vt 0.530612 1.000000
vt 0.540816 1.000000
vt 0.540816 0.000000
vt 0.551020 1.000000
vt 0.561224 1.000000
vt 0.561224 0.000000
vt 0.571429 1.000000
vt 0.581633 1.000000
vt 0.581633 0.000000
vt 0.591837 1.000000
vt 0.602041 1.000000
vt 0.602041 0.000000
vt 0.612245 1.000000
vt 0.622449 1.000000
vt 0.622449 0.000000
vt 0.632653 1.000000
vt 0.642857 1.000000
vt 0.642857 0.000000
vt 0.653061 1.000000
vt 0.663265 1.000000
vt 0.663265 0.000000
vt 0.673469 1.000000
vt 0.683673 1.000000
vt 0.683673 0.000000
vt 0.693878 1.000000
vt 0.704082 1.000000
vt 0.704082 0.000000
vt 0.714286 1.000000
vt 0.724490 1.000000
vt 0.724490 0.000000
vt 0.734694 1.000000
vt 0.744898 1.000000
vt 0.744898 0.000000
vt 0.755102 1.000000
vt 0.765306 1.000000
vt 0.765306 0.000000
vt 0.775510 1.000000
vt 0.785714 1.000000
vt 0.785714 0.000000
vt 0.795918 1.000000
vt 0.806122 1.000000
vt 0.806122 0.000000
vt 0.816327 1.000000
vt 0.826531 1.000000
vt 0.826531 0.000000
vt 0.836735 1.000000
vt 0.846939 1.000000
vt 0.846939 0.000000
vt 0.857143 1.000000
vt 0.867347 1.000000
vt 0.867347 0.000000
vt 0.877551 1.000000
vt 0.887755 1.000000
vt 0.887755 0.000000
vt 0.897959 1.000000
vt 0.908163 1.000000
vt 0.908163 0.000000
vt 0.918367 1.000000
vt 0.928571 1.000000
vt 0.928571 0.000000
vt 0.938776 1.000000
vt 0.948980 1.000000
vt 0.948980 0.000000
vt 0.959184 1.000000
vt 0.969388 1.000000
vt 0.969388 0.000000
vt 0.979592 1.000000
vt 0.989796 1.000000
vt 0.989796 0.000000
vt 0.083333 1.000000
vt 0.083333 0.000000
vt 0.166667 1.000000
vt 0.416667 1.000000
vt 0.416667 0.000000
vt 0.583333 1.000000
vt 0.583333 0.000000
vt 0.833333 1.000000
vt 0.916667 1.000000
vt 0.916667 0.000000
vt 0.004808 1.000000
vt 0.004808 0.000000
vt 0.009615 1.000000
vt 0.009615 0.000000
vt 0.014423 1.000000
vt 0.014423 0.000000
vt 0.019231 1.000000
vt 0.019231 0.000000
vt 0.024038 1.000000
vt 0.024038 0.000000
vt 0.028846 1.000000
vt 0.028846 0.000000
vt 0.033654 1.000000
vt 0.033654 0.000000
vt 0.038462 1.000000
vt 0.038462 0.000000
vt 0.043269 1.000000
vt 0.043269 0.000000
vt 0.048077 1.000000
vt 0.048077 0.000000
vt 0.052885 1.000000
vt 0.052885 0.000000
vt 0.057692 1.000000
vt 0.057692 0.000000
vt 0.062500 1.000000
vt 0.067308 1.000000
vt 0.067308 0.000000
vt 0.072115 1.000000
vt 0.072115 0.000000
vt 0.076923 1.000000
vt 0.076923 0.000000
vt 0.081731 1.000000
vt 0.081731 0.000000
vt 0.086538 1.000000
vt 0.086538 0.000000
vt 0.091346 1.000000
vt 0.091346 0.000000
vt 0.096154 1.000000
vt 0.096154 0.000000
vt 0.100962 1.000000
vt 0.100962 0.000000
vt 0.105769 1.000000
vt 0.105769 0.000000
vt 0.110577 1.000000
vt 0.110577 0.000000
vt 0.115385 1.000000
vt 0.115385 0.000000
vt 0.120192 1.000000
vt 0.120192 0.000000
vt 0.129808 1.000000
vt 0.129808 0.000000
vt 0.134615 1.000000
vt 0.134615 0.000000
vt 0.139423 1.000000
vt 0.139423 0.000000
vt 0.144231 1.000000
vt 0.144231 0.000000
vt 0.149038 1.000000
vt 0.149038 0.000000
vt 0.153846 1.000000
vt 0.153846 0.000000
vt 0.158654 1.000000
vt 0.158654 0.000000
vt 0.163462 1.000000
vt 0.163462 0.000000
vt 0.168269 1.000000
vt 0.168269 0.000000
vt 0.173077 1.000000
vt 0.173077 0.000000
vt 0.177885 1.000000
vt 0.177885 0.000000
vt 0.182692 1.000000
vt 0.182692 0.000000
vt 0.187500 1.000000
vt 0.192308 1.000000
vt 0.192308 0.000000
vt 0.197115 1.000000
vt 0.197115 0.000000
vt 0.201923 1.000000
vt 0.201923 0.000000
vt 0.206731 1.000000
vt 0.206731 0.000000
vt 0.211538 1.000000
vt 0.211538 0.000000
vt 0.216346 1.000000
vt 0.216346 0.000000
vt 0.221154 1.000000
vt 0.221154 0.000000
vt 0.225962 1.000000
vt 0.225962 0.000000
vt 0.230769 1.000000
vt 0.230769 0.000000
vt 0.235577 1.000000
vt 0.235577 0.000000
vt 0.240385 1.000000
vt 0.240385 0.000000
vt 0.245192 1.000000
vt 0.245192 0.000000
vt 0.254808 1.000000
vt 0.254808 0.000000
vt 0.259615 1.000000
vt 0.259615 0.000000
vt 0.264423 1.000000
vt 0.264423 0.000000
vt 0.269231 1.000000
vt 0.269231 0.000000
vt 0.274038 1.000000
vt 0.274038 0.000000
vt 0.278846 1.000000
vt 0.278846 0.000000
vt 0.283654 1.000000
vt 0.283654 0.000000
vt 0.288462 1.000000
vt 0.288462 0.000000
vt 0.293269 1.000000
vt 0.293269 0.000000
vt 0.298077 1.000000
vt 0.298077 0.000000
vt 0.302885 1.000000
vt 0.302885 0.000000
vt 0.307692 1.000000
vt 0.307692 0.000000
vt 0.312500 1.000000
vt 0.317308 1.000000
vt 0.317308 0.000000
vt 0.322115 1.000000
vt 0.322115 0.000000
vt 0.326923 1.000000
vt 0.326923 0.000000
vt 0.331731 1.000000
vt 0.331731 0.000000
vt 0.336538 1.000000
vt 0.336538 0.000000
vt 0.341346 1.000000
vt 0.341346 0.000000
vt 0.346154 1.000000
vt 0.346154 0.000000
vt 0.350962 1.000000
vt 0.350962 0.000000
vt 0.355769 1.000000
vt 0.355769 0.000000
vt 0.360577 1.000000
vt 0.360577 0.000000
vt 0.365385 1.000000
vt 0.365385 0.000000
vt 0.370192 1.000000
vt 0.370192 0.000000
vt 0.379808 1.000000
vt 0.379808 0.000000
vt 0.384615 1.000000
vt 0.384615 0.000000
vt 0.389423 1.000000
vt 0.389423 0.000000
vt 0.394231 1.000000
vt 0.394231 0.000000
vt 0.399038 1.000000
vt 0.399038 0.000000
vt 0.403846 1.000000
vt 0.403846 0.000000
vt 0.408654 1.000000
vt 0.408654 0.000000
vt 0.413462 1.000000
vt 0.413462 0.000000
vt 0.418269 1.000000
vt 0.418269 0.000000
vt 0.423077 1.000000
vt 0.423077 0.000000
vt 0.427885 1.000000
vt 0.427885 0.000000
vt 0.432692 1.000000
vt 0.432692 0.000000
vt 0.437500 1.000000
vt 0.442308 1.000000
vt 0.442308 0.000000
vt 0.447115 1.000000
vt 0.447115 0.000000
vt 0.451923 1.000000
vt 0.451923 0.000000
vt 0.456731 1.000000
vt 0.456731 0.000000
vt 0.461538 1.000000
vt 0.461538 0.000000
vt 0.466346 1.000000
vt 0.466346 0.000000
vt 0.471154 1.000000
vt 0.471154 0.000000
vt 0.475962 1.000000
vt 0.475962 0.000000
vt 0.480769 1.000000
vt 0.480769 0.000000
vt 0.485577 1.000000
vt 0.485577 0.000000
vt 0.490385 1.000000
vt 0.490385 0.000000
vt 0.495192 1.000000
vt 0.495192 0.000000
vt 0.504808 1.000000
vt 0.504808 0.000000
vt 0.509615 1.000000
vt 0.509615 0.000000
vt 0.514423 1.000000
vt 0.514423 0.000000
vt 0.519231 1.000000
vt 0.519231 0.000000
vt 0.524038 1.000000
vt 0.524038 0.000000
vt 0.528846 1.000000
vt 0.528846 0.000000
vt 0.533654 1.000000
vt 0.533654 0.000000
vt 0.538462 1.000000
vt 0.538462 0.000000
vt 0.543269 1.000000
vt 0.543269 0.000000
vt 0.548077 1.000000
vt 0.548077 0.000000
vt 0.552885 1.000000
vt 0.552885 0.000000
vt 0.557692 1.000000
vt 0.557692 0.000000
vt 0.562500 1.000000
vt 0.567308 1.000000
vt 0.567308 0.000000
vt 0.572115 1.000000
vt 0.572115 0.000000
vt 0.576923 1.000000
vt 0.576923 0.000000
vt 0.581731 1.000000
vt 0.581731 0.000000
vt 0.586538 1.000000
vt 0.586538 0.000000
vt 0.591346 1.000000
vt 0.591346 0.000000
vt 0.596154 1.000000
vt 0.596154 0.000000
vt 0.600962 1.000000
vt 0.600962 0.000000
vt 0.605769 1.000000
vt 0.605769 0.000000
vt 0.610577 1.000000
vt 0.610577 0.000000
vt 0.615385 1.000000
vt 0.615385 0.000000
vt 0.620192 1.000000
vt 0.620192 0.000000
vt 0.629808 1.000000
vt 0.629808 0.000000
vt 0.634615 1.000000
vt 0.634615 0.000000
vt 0.639423 1.000000
vt 0.639423 0.000000
vt 0.644231 1.000000
vt 0.644231 0.000000
vt 0.649038 1.000000
vt 0.649038 0.000000
vt 0.653846 1.000000
vt 0.653846 0.000000
vt 0.658654 1.000000
vt 0.658654 0.000000
vt 0.663462 1.000000
vt 0.663462 0.000000
vt 0.668269 1.000000
vt 0.668269 0.000000
vt 0.673077 1.000000
vt 0.673077 0.000000
vt 0.677885 1.000000
vt 0.677885 0.000000
vt 0.682692 1.000000
vt 0.682692 0.000000
vt 0.687500 1.000000
vt 0.692308 1.000000
vt 0.692308 0.000000
vt 0.697115 1.000000
vt 0.697115 0.000000
vt 0.701923 1.000000
vt 0.701923 0.000000
vt 0.706731 1.000000
vt 0.706731 0.000000
vt 0.711538 1.000000
vt 0.711538 0.000000
vt 0.716346 1.000000
vt 0.716346 0.000000
vt 0.721154 1.000000
vt 0.721154 0.000000
vt 0.725962 1.000000
vt 0.725962 0.000000
vt 0.730769 1.000000
vt 0.730769 0.000000
vt 0.735577 1.000000
vt 0.735577 0.000000
vt 0.740385 1.000000
vt 0.740385 0.000000
vt 0.745192 1.000000
vt 0.745192 0.000000
vt 0.754808 1.000000
vt 0.754808 0.000000
vt 0.759615 1.000000
vt 0.759615 0.000000
vt 0.764423 1.000000
vt 0.764423 0.000000
vt 0.769231 1.000000
vt 0.769231 0.000000
vt 0.774038 1.000000
vt 0.774038 0.000000
vt 0.778846 1.000000
vt 0.778846 0.000000
vt 0.783654 1.000000
vt 0.783654 0.000000
vt 0.788462 1.000000
vt 0.788462 0.000000
vt 0.793269 1.000000
vt 0.793269 0.000000
vt 0.798077 1.000000
vt 0.798077 0.000000
vt 0.802885 1.000000
vt 0.802885 0.000000
vt 0.807692 1.000000
vt 0.807692 0.000000
vt 0.812500 1.000000
vt 0.817308 1.000000
vt 0.817308 0.000000
vt 0.822115 1.000000
vt 0.822115 0.000000
vt 0.826923 1.000000
vt 0.826923 0.000000
vt 0.831731 1.000000
vt 0.831731 0.000000
vt 0.836538 1.000000
vt 0.836538 0.000000
vt 0.841346 1.000000
vt 0.841346 0.000000
vt 0.846154 1.000000
vt 0.846154 0.000000
vt 0.850962 1.000000
vt 0.850962 0.000000
vt 0.855769 1.000000
vt 0.855769 0.000000
vt 0.860577 1.000000
vt 0.860577 0.000000
vt 0.865385 1.000000
vt 0.865385 0.000000
vt 0.870192 1.000000
vt 0.870192 0.000000
vt 0.879808 1.000000
vt 0.879808 0.000000
vt 0.884615 1.000000
vt 0.884615 0.000000
vt 0.889423 1.000000
vt 0.889423 0.000000
vt 0.894231 1.000000
vt 0.894231 0.000000
vt 0.899038 1.000000
vt 0.899038 0.000000
vt 0.903846 1.000000
vt 0.903846 0.000000
vt 0.908654 1.000000
vt 0.908654 0.000000
vt 0.913462 1.000000
vt 0.913462 0.000000
vt 0.918269 1.000000
vt 0.918269 0.000000
vt 0.923077 1.000000
vt 0.923077 0.000000
vt 0.927885 1.000000
vt 0.927885 0.000000
vt 0.932692 1.000000
vt 0.932692 0.000000
vt 0.937500 1.000000
vt 0.942308 1.000000
vt 0.942308 0.000000
vt 0.947115 1.000000
vt 0.947115 0.000000
vt 0.951923 1.000000
vt 0.951923 0.000000
vt 0.956731 1.000000
vt 0.956731 0.000000
vt 0.961538 1.000000
vt 0.961538 0.000000
vt 0.966346 1.000000
vt 0.966346 0.000000
vt 0.971154 1.000000
vt 0.971154 0.000000
vt 0.975962 1.000000
vt 0.975962 0.000000
vt 0.980769 1.000000
vt 0.980769 0.000000
vt 0.985577 1.000000
vt 0.985577 0.000000
vt 0.990385 1.000000
vt 0.990385 0.000000
vt 0.995192 1.000000
vt 0.995192 0.000000
vt 0.013514 1.000000
vt 0.027027 1.000000
vt 0.040541 1.000000
vt 0.054054 1.000000
vt 0.067568 1.000000
vt 0.081081 1.000000
vt 0.094595 1.000000
vt 0.108108 1.000000
vt 0.121622 1.000000
vt 0.135135 1.000000
vt 0.148649 1.000000
vt 0.162162 1.000000
vt 0.175676 1.000000
vt 0.189189 1.000000
vt 0.202703 1.000000
vt 0.216216 1.000000
vt 0.229730 1.000000
vt 0.243243 1.000000
vt 0.256757 1.000000
vt 0.270270 1.000000
vt 0.283784 1.000000
vt 0.297297 1.000000
vt 0.310811 1.000000
vt 0.324324 1.000000
vt 0.337838 1.000000
vt 0.351351 1.000000
vt 0.364865 1.000000
vt 0.378378 1.000000
vt 0.391892 1.000000
vt 0.405405 1.000000
vt 0.418919 1.000000
vt 0.432432 1.000000
vt 0.445946 1.000000
vt 0.459459 1.000000
vt 0.472973 1.000000
vt 0.486486 1.000000
vt 0.513514 1.000000
vt 0.527027 1.000000
vt 0.540541 1.000000
vt 0.554054 1.000000
vt 0.567568 1.000000
vt 0.581081 1.000000
vt 0.594595 1.000000
vt 0.608108 1.000000
vt 0.621622 1.000000
vt 0.635135 1.000000
vt 0.648649 1.000000
vt 0.662162 1.000000
vt 0.675676 1.000000
vt 0.689189 1.000000
vt 0.702703 1.000000
vt 0.716216 1.000000
vt 0.729730 1.000000
vt 0.743243 1.000000
vt 0.756757 1.000000
vt 0.770270 1.000000
vt 0.783784 1.000000
vt 0.797297 1.000000
vt 0.810811 1.000000
vt 0.824324 1.000000
vt 0.837838 1.000000
vt 0.851351 1.000000
vt 0.864865 1.000000
vt 0.878378 1.000000
vt 0.891892 1.000000
vt 0.905405 1.000000
vt 0.918919 1.000000
vt 0.932432 1.000000
vt 0.945946 1.000000
vt 0.959459 1.000000
vt 0.972973 1.000000
vt 0.986486 1.000000
vt 0.009009 1.000000
vt 0.009009 0.000000
vt 0.018018 1.000000
vt 0.018018 0.000000
vt 0.036036 1.000000
vt 0.036036 0.000000
vt 0.045045 1.000000
vt 0.045045 0.000000
vt 0.063063 1.000000
vt 0.063063 0.000000
vt 0.072072 1.000000
vt 0.072072 0.000000
vt 0.090090 1.000000
vt 0.090090 0.000000
vt 0.099099 1.000000
vt 0.099099 0.000000
vt 0.117117 1.000000
vt 0.117117 0.000000
vt 0.126126 1.000000
vt 0.126126 0.000000
vt 0.144144 1.000000
vt 0.144144 0.000000
vt 0.153153 1.000000
vt 0.153153 0.000000
vt 0.171171 1.000000
vt 0.171171 0.000000
vt 0.180180 1.000000
vt 0.180180 0.000000
vt 0.198198 1.000000
vt 0.198198 0.000000
vt 0.207207 1.000000
vt 0.207207 0.000000
vt 0.225225 1.000000
vt 0.225225 0.000000
vt 0.234234 1.000000
vt 0.234234 0.000000
vt 0.252252 1.000000
vt 0.252252 0.000000
vt 0.261261 1.000000
vt 0.261261 0.000000
vt 0.279279 1.000000
vt 0.279279 0.000000
vt 0.288288 1.000000
vt 0.288288 0.000000
vt 0.306306 1.000000
vt 0.306306 0.000000
vt 0.315315 1.000000
vt 0.315315 0.000000
vt 0.342342 1.000000
vt 0.342342 0.000000
vt 0.360360 1.000000
vt 0.360360 0.000000
vt 0.369369 1.000000
vt 0.369369 0.000000
vt 0.387387 1.000000
vt 0.387387 0.000000
vt 0.396396 1.000000
vt 0.396396 0.000000
vt 0.414414 1.000000
vt 0.414414 0.000000
vt 0.423423 1.000000
vt 0.423423 0.000000
vt 0.441441 1.000000
vt 0.441441 0.000000
vt 0.450450 1.000000
vt 0.450450 0.000000
vt 0.468468 1.000000
vt 0.468468 0.000000
vt 0.477477 1.000000
vt 0.477477 0.000000
vt 0.495495 1.000000
vt 0.495495 0.000000
vt 0.504505 1.000000
vt 0.504505 0.000000
vt 0.522523 1.000000
vt 0.522523 0.000000
vt 0.531532 1.000000
vt 0.531532 0.000000
vt 0.549550 1.000000
vt 0.549550 0.000000
vt 0.558559 1.000000
vt 0.558559 0.000000
vt 0.576577 1.000000
vt 0.576577 0.000000
vt 0.585586 1.000000
vt 0.585586 0.000000
vt 0.603604 1.000000
vt 0.603604 0.000000
vt 0.612613 1.000000
vt 0.612613 0.000000
vt 0.630631 1.000000
vt 0.630631 0.000000
vt 0.639640 1.000000
vt 0.639640 0.000000
vt 0.657658 1.000000
vt 0.657658 0.000000
vt 0.684685 1.000000
vt 0.684685 0.000000
vt 0.693694 1.000000
vt 0.693694 0.000000
vt 0.711712 1.000000
vt 0.711712 0.000000
vt 0.720721 1.000000
vt 0.720721 0.000000
vt 0.738739 1.000000
vt 0.738739 0.000000
vt 0.747748 1.000000
vt 0.747748 0.000000
vt 0.765766 1.000000
vt 0.765766 0.000000
vt 0.774775 1.000000
vt 0.774775 0.000000
vt 0.792793 1.000000
vt 0.792793 0.000000
vt 0.801802 1.000000
vt 0.801802 0.000000
vt 0.819820 1.000000
vt 0.819820 0.000000
vt 0.828829 1.000000
vt 0.828829 0.000000
vt 0.846847 1.000000
vt 0.846847 0.000000
vt 0.855856 1.000000
vt 0.855856 0.000000
vt 0.873874 1.000000
vt 0.873874 0.000000
vt 0.882883 1.000000
vt 0.882883 0.000000
vt 0.900901 1.000000
vt 0.900901 0.000000
vt 0.909910 1.000000
vt 0.909910 0.000000
vt 0.927928 1.000000
vt 0.927928 0.000000
vt 0.936937 1.000000
vt 0.936937 0.000000
vt 0.954955 1.000000
vt 0.954955 0.000000
vt 0.963964 1.000000
vt 0.963964 0.000000
vt 0.981982 1.000000
vt 0.981982 0.000000
vt 0.990991 1.000000
vt 0.990991 0.000000
vt 0.007194 1.000000
vt 0.007194 0.000000
vt 0.014388 1.000000
vt 0.014388 0.000000
vt 0.021583 1.000000
vt 0.021583 0.000000
vt 0.028777 1.000000
vt 0.028777 0.000000
vt 0.035971 1.000000
vt 0.035971 0.000000
vt 0.043165 1.000000
vt 0.043165 0.000000
vt 0.050360 1.000000
vt 0.050360 0.000000
vt 0.057554 1.000000
vt 0.057554 0.000000
vt 0.064748 1.000000
vt 0.064748 0.000000
vt 0.071942 1.000000
vt 0.071942 0.000000
vt 0.079137 1.000000
vt 0.079137 0.000000
vt 0.086331 1.000000
vt 0.086331 0.000000
vt 0.093525 1.000000
vt 0.093525 0.000000
vt 0.100719 1.000000
vt 0.100719 0.000000
vt 0.107914 1.000000
vt 0.107914 0.000000
vt 0.115108 1.000000
vt 0.115108 0.000000
vt 0.122302 1.000000
vt 0.122302 0.000000
vt 0.129496 1.000000
vt 0.129496 0.000000
vt 0.136691 1.000000
vt 0.136691 0.000000
vt 0.143885 1.000000
vt 0.143885 0.000000
vt 0.151079 1.000000
vt 0.151079 0.000000
vt 0.158273 1.000000
vt 0.158273 0.000000
vt 0.165468 1.000000
vt 0.165468 0.000000
vt 0.172662 1.000000
vt 0.172662 0.000000
vt 0.179856 1.000000
vt 0.179856 0.000000
vt 0.187050 1.000000
vt 0.187050 0.000000
vt 0.194245 1.000000
vt 0.194245 0.000000
vt 0.201439 1.000000
vt 0.201439 0.000000
vt 0.208633 1.000000
vt 0.208633 0.000000
vt 0.215827 1.000000
vt 0.215827 0.000000
vt 0.223022 1.000000
vt 0.223022 0.000000
vt 0.230216 1.000000
vt 0.230216 0.000000
vt 0.237410 1.000000
vt 0.237410 0.000000
vt 0.244604 1.000000
vt 0.244604 0.000000
vt 0.251799 1.000000
vt 0.251799 0.000000
vt 0.258993 1.000000
vt 0.258993 0.000000
vt 0.266187 1.000000
vt 0.266187 0.000000
vt 0.273381 1.000000
vt 0.273381 0.000000
vt 0.280576 1.000000
vt 0.280576 0.000000
vt 0.287770 1.000000
vt 0.287770 0.000000
vt 0.294964 1.000000
vt 0.294964 0.000000
vt 0.302158 1.000000
vt 0.302158 0.000000
vt 0.309353 1.000000
vt 0.309353 0.000000
vt 0.316547 1.000000
vt 0.316547 0.000000
vt 0.323741 1.000000
vt 0.323741 0.000000
vt 0.330935 1.000000
vt 0.330935 0.000000
vt 0.338129 1.000000
vt 0.338129 0.000000
vt 0.345324 1.000000
vt 0.345324 0.000000
vt 0.352518 1.000000
vt 0.352518 0.000000
vt 0.359712 1.000000
vt 0.359712 0.000000
vt 0.366906 1.000000
vt 0.366906 0.000000
vt 0.374101 1.000000
vt 0.374101 0.000000
vt 0.381295 1.000000
vt 0.381295 0.000000
vt 0.388489 1.000000
vt 0.388489 0.000000
vt 0.395683 1.000000
vt 0.395683 0.000000
vt 0.402878 1.000000
vt 0.402878 0.000000
vt 0.410072 1.000000
vt 0.410072 0.000000
vt 0.417266 1.000000
vt 0.417266 0.000000
vt 0.424460 1.000000
vt 0.424460 0.000000
vt 0.431655 1.000000
vt 0.431655 0.000000
vt 0.438849 1.000000
vt 0.438849 0.000000
vt 0.446043 1.000000
vt 0.446043 0.000000
vt 0.453237 1.000000
vt 0.453237 0.000000
vt 0.460432 1.000000
vt 0.460432 0.000000
vt 0.467626 1.000000
vt 0.467626 0.000000
vt 0.474820 1.000000
vt 0.474820 0.000000
vt 0.482014 1.000000
vt 0.482014 0.000000
vt 0.489209 1.000000
vt 0.489209 0.000000
vt 0.496403 1.000000
vt 0.496403 0.000000
vt 0.503597 1.000000
vt 0.503597 0.000000
vt 0.510791 1.000000
vt 0.510791 0.000000
vt 0.517986 1.000000
vt 0.517986 0.000000
vt 0.525180 1.000000
vt 0.525180 0.000000
vt 0.532374 1.000000
vt 0.532374 0.000000
vt 0.539568 1.000000
vt 0.539568 0.000000
vt 0.546763 1.000000
vt 0.546763 0.000000
vt 0.553957 1.000000
vt 0.553957 0.000000
vt 0.561151 1.000000
vt 0.561151 0.000000
vt 0.568345 1.000000
vt 0.568345 0.000000
vt 0.575540 1.000000
vt 0.575540 0.000000
vt 0.582734 1.000000
vt 0.582734 0.000000
vt 0.589928 1.000000
vt 0.589928 0.000000
vt 0.597122 1.000000
vt 0.597122 0.000000
vt 0.604317 1.000000
vt 0.604317 0.000000
vt 0.611511 1.000000
vt 0.611511 0.000000
vt 0.618705 1.000000
vt 0.618705 0.000000
vt 0.625899 1.000000
vt 0.625899 0.000000
vt 0.633094 1.000000
vt 0.633094 0.000000
vt 0.640288 1.000000
vt 0.640288 0.000000
vt 0.647482 1.000000
vt 0.647482 0.000000
vt 0.654676 1.000000
vt 0.654676 0.000000
vt 0.661870 1.000000
vt 0.661870 0.000000
vt 0.669065 1.000000
vt 0.669065 0.000000
vt 0.676259 1.000000
vt 0.676259 0.000000
vt 0.683453 1.000000
vt 0.683453 0.000000
vt 0.690647 1.000000
vt 0.690647 0.000000
vt 0.697842 1.000000
vt 0.697842 0.000000
vt 0.705036 1.000000
vt 0.705036 0.000000
vt 0.712230 1.000000
vt 0.712230 0.000000
vt 0.719424 1.000000
vt 0.719424 0.000000
vt 0.726619 1.000000
vt 0.726619 0.000000
vt 0.733813 1.000000
vt 0.733813 0.000000
vt 0.741007 1.000000
vt 0.741007 0.000000
vt 0.748201 1.000000
vt 0.748201 0.000000
vt 0.755396 1.000000
vt 0.755396 0.000000
vt 0.762590 1.000000
vt 0.762590 0.000000
vt 0.769784 1.000000
vt 0.769784 0.000000
vt 0.776978 1.000000
vt 0.776978 0.000000
vt 0.784173 1.000000
vt 0.784173 0.000000
vt 0.791367 1.000000
vt 0.791367 0.000000
vt 0.798561 1.000000
vt 0.798561 0.000000
vt 0.805755 1.000000
vt 0.805755 0.000000
vt 0.812950 1.000000
vt 0.812950 0.000000
vt 0.820144 1.000000
vt 0.820144 0.000000
vt 0.827338 1.000000
vt 0.827338 0.000000
vt 0.834532 1.000000
vt 0.834532 0.000000
vt 0.841727 1.000000
vt 0.841727 0.000000
vt 0.848921 1.000000
vt 0.848921 0.000000
vt 0.856115 1.000000
vt 0.856115 0.000000
vt 0.863309 1.000000
vt 0.863309 0.000000
vt 0.870504 1.000000
vt 0.870504 0.000000
vt 0.877698 1.000000
vt 0.877698 0.000000
vt 0.884892 1.000000
vt 0.884892 0.000000
vt 0.892086 1.000000
vt 0.892086 0.000000
vt 0.899281 1.000000
vt 0.899281 0.000000
vt 0.906475 1.000000
vt 0.906475 0.000000
vt 0.913669 1.000000
vt 0.913669 0.000000
vt 0.920863 1.000000
vt 0.920863 0.000000
vt 0.928058 1.000000
vt 0.928058 0.000000
vt 0.935252 1.000000
vt 0.935252 0.000000
vt 0.942446 1.000000
vt 0.942446 0.000000
vt 0.949640 1.000000
vt 0.949640 0.000000
vt 0.956835 1.000000
vt 0.956835 0.000000
vt 0.964029 1.000000
vt 0.964029 0.000000
vt 0.971223 1.000000
vt 0.971223 0.000000
vt 0.978417 1.000000
vt 0.978417 0.000000
vt 0.985611 1.000000
vt 0.985611 0.000000
vt 0.992806 1.000000
vt 0.992806 0.000000
vt 0.007299 1.000000
vt 0.007299 0.000000
vt 0.014599 1.000000
vt 0.014599 0.000000
vt 0.021898 1.000000
vt 0.021898 0.000000
vt 0.029197 1.000000
vt 0.029197 0.000000
vt 0.036496 1.000000
vt 0.036496 0.000000
vt 0.043796 1.000000
vt 0.043796 0.000000
vt 0.051095 1.000000
vt 0.051095 0.000000
vt 0.058394 1.000000
vt 0.058394 0.000000
vt 0.065693 1.000000
vt 0.065693 0.000000
vt 0.072993 1.000000
vt 0.072993 0.000000
vt 0.080292 1.000000
vt 0.080292 0.000000
vt 0.087591 1.000000
vt 0.087591 0.000000
vt 0.094891 1.000000
vt 0.094891 0.000000
vt 0.102190 1.000000
vt 0.102190 0.000000
vt 0.109489 1.000000
vt 0.109489 0.000000
vt 0.116788 1.000000
vt 0.116788 0.000000
vt 0.124088 1.000000
vt 0.124088 0.000000
vt 0.131387 1.000000
vt 0.131387 0.000000
vt 0.138686 1.000000
vt 0.138686 0.000000
vt 0.145985 1.000000
vt 0.145985 0.000000
vt 0.153285 1.000000
vt 0.153285 0.000000
vt 0.160584 1.000000
vt 0.160584 0.000000
vt 0.167883 1.000000
vt 0.167883 0.000000
vt 0.175182 1.000000
vt 0.175182 0.000000
vt 0.182482 1.000000
vt 0.182482 0.000000
vt 0.189781 1.000000
vt 0.189781 0.000000
vt 0.197080 1.000000
vt 0.197080 0.000000
vt 0.204380 1.000000
vt 0.204380 0.000000
vt 0.211679 1.000000
vt 0.211679 0.000000
vt 0.218978 1.000000
vt 0.218978 0.000000
vt 0.226277 1.000000
vt 0.226277 0.000000
vt 0.233577 1.000000
vt 0.233577 0.000000
vt 0.240876 1.000000
vt 0.240876 0.000000
vt 0.248175 1.000000
vt 0.248175 0.000000
vt 0.255474 1.000000
vt 0.255474 0.000000
vt 0.262774 1.000000
vt 0.262774 0.000000
vt 0.270073 1.000000
vt 0.270073 0.000000
vt 0.277372 1.000000
vt 0.277372 0.000000
vt 0.284672 1.000000
vt 0.284672 0.000000
vt 0.291971 1.000000
vt 0.291971 0.000000
vt 0.299270 1.000000
vt 0.299270 0.000000
vt 0.306569 1.000000
vt 0.306569 0.000000
vt 0.313869 1.000000
vt 0.313869 0.000000
vt 0.321168 1.000000
vt 0.321168 0.000000
vt 0.328467 1.000000
vt 0.328467 0.000000
vt 0.335766 1.000000
vt 0.335766 0.000000
vt 0.343066 1.000000
vt 0.343066 0.000000
vt 0.350365 1.000000
vt 0.350365 0.000000
vt 0.357664 1.000000
vt 0.357664 0.000000
vt 0.364964 1.000000
vt 0.364964 0.000000
vt 0.372263 1.000000
vt 0.372263 0.000000
vt 0.379562 1.000000
vt 0.379562 0.000000
vt 0.386861 1.000000
vt 0.386861 0.000000
vt 0.394161 1.000000
vt 0.394161 0.000000
vt 0.401460 1.000000
vt 0.401460 0.000000
vt 0.408759 1.000000
vt 0.408759 0.000000
vt 0.416058 1.000000
vt 0.416058 0.000000
vt 0.423358 1.000000
vt 0.423358 0.000000
vt 0.430657 1.000000
vt 0.430657 0.000000
vt 0.437956 1.000000
vt 0.437956 0.000000
vt 0.445255 1.000000
vt 0.445255 0.000000
vt 0.452555 1.000000
vt 0.452555 0.000000
vt 0.459854 1.000000
vt 0.459854 0.000000
vt 0.467153 1.000000
vt 0.467153 0.000000
vt 0.474453 1.000000
vt 0.474453 0.000000
vt 0.481752 1.000000
vt 0.481752 0.000000
vt 0.489051 1.000000
vt 0.489051 0.000000
vt 0.496350 1.000000
vt 0.496350 0.000000
vt 0.503650 1.000000
vt 0.503650 0.000000
vt 0.510949 1.000000
vt 0.510949 0.000000
vt 0.518248 1.000000
vt 0.518248 0.000000
vt 0.525547 1.000000
vt 0.525547 0.000000
vt 0.532847 1.000000
vt 0.532847 0.000000
vt 0.540146 1.000000
vt 0.540146 0.000000
vt 0.547445 1.000000
vt 0.547445 0.000000
vt 0.554745 1.000000
vt 0.554745 0.000000
vt 0.562044 1.000000
vt 0.562044 0.000000
vt 0.569343 1.000000
vt 0.569343 0.000000
vt 0.576642 1.000000
vt 0.576642 0.000000
vt 0.583942 1.000000
vt 0.583942 0.000000
vt 0.591241 1.000000
vt 0.591241 0.000000
vt 0.598540 1.000000
vt 0.598540 0.000000
vt 0.605839 1.000000
vt 0.605839 0.000000
vt 0.613139 1.000000
vt 0.613139 0.000000
vt 0.620438 1.000000
vt 0.620438 0.000000
vt 0.627737 1.000000
vt 0.627737 0.000000
vt 0.635036 1.000000
vt 0.635036 0.000000
vt 0.642336 1.000000
vt 0.642336 0.000000
vt 0.649635 1.000000
vt 0.649635 0.000000
vt 0.656934 1.000000
vt 0.656934 0.000000
vt 0.664234 1.000000
vt 0.664234 0.000000
vt 0.671533 1.000000
vt 0.671533 0.000000
vt 0.678832 1.000000
vt 0.678832 0.000000
vt 0.686131 1.000000
vt 0.686131 0.000000
vt 0.693431 1.000000
vt 0.693431 0.000000
vt 0.700730 1.000000
vt 0.700730 0.000000
vt 0.708029 1.000000
vt 0.708029 0.000000
vt 0.715328 1.000000
vt 0.715328 0.000000
vt 0.722628 1.000000
vt 0.722628 0.000000
vt 0.729927 1.000000
vt 0.729927 0.000000
vt 0.737226 1.000000
vt 0.737226 0.000000
vt 0.744526 1.000000
vt 0.744526 0.000000
vt 0.751825 1.000000
vt 0.751825 0.000000
vt 0.759124 1.000000
vt 0.759124 0.000000
vt 0.766423 1.000000
vt 0.766423 0.000000
vt 0.773723 1.000000
vt 0.773723 0.000000
vt 0.781022 1.000000
vt 0.781022 0.000000
vt 0.788321 1.000000
vt 0.788321 0.000000
vt 0.795620 1.000000
vt 0.795620 0.000000
vt 0.802920 1.000000
vt 0.802920 0.000000
vt 0.810219 1.000000
vt 0.810219 0.000000
vt 0.817518 1.000000
vt 0.817518 0.000000
vt 0.824818 1.000000
vt 0.824818 0.000000
vt 0.832117 1.000000
vt 0.832117 0.000000
vt 0.839416 1.000000
vt 0.839416 0.000000
vt 0.846715 1.000000
vt 0.846715 0.000000
vt 0.854015 1.000000
vt 0.854015 0.000000
vt 0.861314 1.000000
vt 0.861314 0.000000
vt 0.868613 1.000000
vt 0.868613 0.000000
vt 0.875912 1.000000
vt 0.875912 0.000000
vt 0.883212 1.000000
vt 0.883212 0.000000
vt 0.890511 1.000000
vt 0.890511 0.000000
vt 0.897810 1.000000
vt 0.897810 0.000000
vt 0.905109 1.000000
vt 0.905109 0.000000
vt 0.912409 1.000000
vt 0.912409 0.000000
vt 0.919708 1.000000
vt 0.919708 0.000000
vt 0.927007 1.000000
vt 0.927007 0.000000
vt 0.934307 1.000000
vt 0.934307 0.000000
vt 0.941606 1.000000
vt 0.941606 0.000000
vt 0.948905 1.000000
vt 0.948905 0.000000
vt 0.956204 1.000000
vt 0.956204 0.000000
vt 0.963504 1.000000
vt 0.963504 0.000000
vt 0.970803 1.000000
vt 0.970803 0.000000
vt 0.978102 1.000000
vt 0.978102 0.000000
vt 0.985401 1.000000
vt 0.985401 0.000000
vt 0.992701 1.000000
vt 0.992701 0.000000
vt 0.006757 1.000000
vt 0.020270 1.000000
vt 0.033784 1.000000
vt 0.047297 1.000000
vt 0.060811 1.000000
vt 0.074324 1.000000
vt 0.087838 1.000000
vt 0.101351 1.000000
vt 0.114865 1.000000
vt 0.128378 1.000000
vt 0.141892 1.000000
vt 0.155405 1.000000
vt 0.168919 1.000000
vt 0.182432 1.000000
vt 0.195946 1.000000
vt 0.209459 1.000000
vt 0.222973 1.000000
vt 0.236486 1.000000
vt 0.263514 1.000000
vt 0.277027 1.000000
vt 0.290541 1.000000
vt 0.304054 1.000000
vt 0.317568 1.000000
vt 0.331081 1.000000
vt 0.344595 1.000000
vt 0.358108 1.000000
vt 0.371622 1.000000
vt 0.385135 1.000000
vt 0.398649 1.000000
vt 0.412162 1.000000
vt 0.425676 1.000000
vt 0.439189 1.000000
vt 0.452703 1.000000
vt 0.466216 1.000000
vt 0.479730 1.000000
vt 0.493243 1.000000
vt 0.506757 1.000000
vt 0.520270 1.000000
vt 0.533784 1.000000
vt 0.547297 1.000000
vt 0.560811 1.000000
vt 0.574324 1.000000
vt 0.587838 1.000000
vt 0.601351 1.000000
vt 0.614865 1.000000
vt 0.628378 1.000000
vt 0.641892 1.000000
vt 0.655405 1.000000
vt 0.668919 1.000000
vt 0.682432 1.000000
vt 0.695946 1.000000
vt 0.709459 1.000000
vt 0.722973 1.000000
vt 0.736486 1.000000
vt 0.763514 1.000000
vt 0.777027 1.000000
vt 0.790541 1.000000
vt 0.804054 1.000000
vt 0.817568 1.000000
vt 0.831081 1.000000
vt 0.844595 1.000000
vt 0.858108 1.000000
vt 0.871622 1.000000
vt 0.885135 1.000000
vt 0.898649 1.000000
vt 0.912162 1.000000
vt 0.925676 1.000000
vt 0.939189 1.000000
vt 0.952703 1.000000
vt 0.966216 1.000000
vt 0.979730 1.000000
vt 0.993243 1.000000
vt 0.005650 1.000000
vt 0.005650 0.000000
vt 0.011299 1.000000
vt 0.011299 0.000000
vt 0.016949 1.000000
vt 0.016949 0.000000
vt 0.022599 1.000000
vt 0.022599 0.000000
vt 0.028249 1.000000
vt 0.028249 0.000000
vt 0.033898 1.000000
vt 0.033898 0.000000
vt 0.039548 1.000000
vt 0.039548 0.000000
vt 0.045198 1.000000
vt 0.045198 0.000000
vt 0.050847 1.000000
vt 0.050847 0.000000
vt 0.056497 1.000000
vt 0.056497 0.000000
vt 0.062147 1.000000
vt 0.062147 0.000000
vt 0.067797 1.000000
vt 0.067797 0.000000
vt 0.073446 1.000000
vt 0.073446 0.000000
vt 0.079096 1.000000
vt 0.079096 0.000000
vt 0.084746 1.000000
vt 0.084746 0.000000
vt 0.090395 1.000000
vt 0.090395 0.000000
vt 0.096045 1.000000
vt 0.096045 0.000000
vt 0.101695 1.000000
vt 0.101695 0.000000
vt 0.107345 1.000000
vt 0.107345 0.000000
vt 0.112994 1.000000
vt 0.112994 0.000000
vt 0.118644 1.000000
vt 0.118644 0.000000
vt 0.124294 1.000000
vt 0.124294 0.000000
vt 0.129944 1.000000
vt 0.129944 0.000000
vt 0.135593 1.000000
vt 0.135593 0.000000
vt 0.141243 1.000000
vt 0.141243 0.000000
vt 0.146893 1.000000
vt 0.146893 0.000000
vt 0.152542 1.000000
vt 0.152542 0.000000
vt 0.158192 1.000000
vt 0.158192 0.000000
vt 0.163842 1.000000
vt 0.163842 0.000000
vt 0.169492 1.000000
vt 0.169492 0.000000
vt 0.175141 1.000000
vt 0.175141 0.000000
vt 0.180791 1.000000
vt 0.180791 0.000000
vt 0.186441 1.000000
vt 0.186441 0.000000
vt 0.192090 1.000000
vt 0.192090 0.000000
vt 0.197740 1.000000
vt 0.197740 0.000000
vt 0.203390 1.000000
vt 0.203390 0.000000
vt 0.209040 1.000000
vt 0.209040 0.000000
vt 0.214689 1.000000
vt 0.214689 0.000000
vt 0.220339 1.000000
vt 0.220339 0.000000
vt 0.225989 1.000000
vt 0.225989 0.000000
vt 0.231638 1.000000
vt 0.231638 0.000000
vt 0.237288 1.000000
vt 0.237288 0.000000
vt 0.242938 1.000000
vt 0.242938 0.000000
vt 0.248588 1.000000
vt 0.248588 0.000000
vt 0.254237 1.000000
vt 0.254237 0.000000
vt 0.259887 1.000000
vt 0.259887 0.000000
vt 0.265537 1.000000
vt 0.265537 0.000000
vt 0.271186 1.000000
vt 0.271186 0.000000
vt 0.276836 1.000000
vt 0.276836 0.000000
vt 0.282486 1.000000
vt 0.282486 0.000000
vt 0.288136 1.000000
vt 0.288136 0.000000
vt 0.293785 1.000000
vt 0.293785 0.000000
vt 0.299435 1.000000
vt 0.299435 0.000000
vt 0.305085 1.000000
vt 0.305085 0.000000
vt 0.310734 1.000000
vt 0.310734 0.000000
vt 0.316384 1.000000
vt 0.316384 0.000000
vt 0.322034 1.000000
vt 0.322034 0.000000
vt 0.327684 1.000000
vt 0.327684 0.000000
vt 0.338983 1.000000
vt 0.338983 0.000000
vt 0.344633 1.000000
vt 0.344633 0.000000
vt 0.350282 1.000000
vt 0.350282 0.000000
vt 0.355932 1.000000
vt 0.355932 0.000000
vt 0.361582 1.000000
vt 0.361582 0.000000
vt 0.367232 1.000000
vt 0.367232 0.000000
vt 0.372881 1.000000
vt 0.372881 0.000000
vt 0.378531 1.000000
vt 0.378531 0.000000
vt 0.384181 1.000000
vt 0.384181 0.000000
vt 0.389830 1.000000
vt 0.389830 0.000000
vt 0.395480 1.000000
vt 0.395480 0.000000
vt 0.401130 1.000000
vt 0.401130 0.000000
vt 0.406780 1.000000
vt 0.406780 0.000000
vt 0.412429 1.000000
vt 0.412429 0.000000
vt 0.418079 1.000000
vt 0.418079 0.000000
vt 0.423729 1.000000
vt 0.423729 0.000000
vt 0.429379 1.000000
vt 0.429379 0.000000
vt 0.435028 1.000000
vt 0.435028 0.000000
vt 0.440678 1.000000
vt 0.440678 0.000000
vt 0.446328 1.000000
vt 0.446328 0.000000
vt 0.451977 1.000000
vt 0.451977 0.000000
vt 0.457627 1.000000
vt 0.457627 0.000000
vt 0.463277 1.000000
vt 0.463277 0.000000
vt 0.468927 1.000000
vt 0.468927 0.000000
vt 0.474576 1.000000
vt 0.474576 0.000000
vt 0.480226 1.000000
vt 0.480226 0.000000
vt 0.485876 1.000000
vt 0.485876 0.000000
vt 0.491525 1.000000
vt 0.491525 0.000000
vt 0.497175 1.000000
vt 0.497175 0.000000
vt 0.502825 1.000000
vt 0.502825 0.000000
vt 0.508475 1.000000
vt 0.508475 0.000000
vt 0.514124 1.000000
vt 0.514124 0.000000
vt 0.519774 1.000000
vt 0.519774 0.000000
vt 0.525424 1.000000
vt 0.525424 0.000000
vt 0.531073 1.000000
vt 0.531073 0.000000
vt 0.536723 1.000000
vt 0.536723 0.000000
vt 0.542373 1.000000
vt 0.542373 0.000000
vt 0.548023 1.000000
vt 0.548023 0.000000
vt 0.553672 1.000000
vt 0.553672 0.000000
vt 0.559322 1.000000
vt 0.559322 0.000000
vt 0.564972 1.000000
vt 0.564972 0.000000
vt 0.570621 1.000000
vt 0.570621 0.000000
vt 0.576271 1.000000
vt 0.576271 0.000000
vt 0.581921 1.000000
vt 0.581921 0.000000
vt 0.587571 1.000000
vt 0.587571 0.000000
vt 0.593220 1.000000
vt 0.593220 0.000000
vt 0.598870 1.000000
vt 0.598870 0.000000
vt 0.604520 1.000000
vt 0.604520 0.000000
vt 0.610169 1.000000
vt 0.610169 0.000000
vt 0.615819 1.000000
vt 0.615819 0.000000
vt 0.621469 1.000000
vt 0.621469 0.000000
vt 0.627119 1.000000
vt 0.627119 0.000000
vt 0.632768 1.000000
vt 0.632768 0.000000
vt 0.638418 1.000000
vt 0.638418 0.000000
vt 0.644068 1.000000
vt 0.644068 0.000000
vt 0.649718 1.000000
vt 0.649718 0.000000
vt 0.655367 1.000000
vt 0.655367 0.000000
vt 0.661017 1.000000
vt 0.661017 0.000000
vt 0.672316 1.000000
vt 0.672316 0.000000
vt 0.677966 1.000000
vt 0.677966 0.000000
vt 0.683616 1.000000
vt 0.683616 0.000000
vt 0.689266 1.000000
vt 0.689266 0.000000
vt 0.694915 1.000000
vt 0.694915 0.000000
vt 0.700565 1.000000
vt 0.700565 0.000000
vt 0.706215 1.000000
vt 0.706215 0.000000
vt 0.711864 1.000000
vt 0.711864 0.000000
vt 0.717514 1.000000
vt 0.717514 0.000000
vt 0.723164 1.000000
vt 0.723164 0.000000
vt 0.728814 1.000000
vt 0.728814 0.000000
vt 0.734463 1.000000
vt 0.734463 0.000000
vt 0.740113 1.000000
vt 0.740113 0.000000
vt 0.745763 1.000000
vt 0.745763 0.000000
vt 0.751412 1.000000
vt 0.751412 0.000000
vt 0.757062 1.000000
vt 0.757062 0.000000
vt 0.762712 1.000000
vt 0.762712 0.000000
vt 0.768362 1.000000
vt 0.768362 0.000000
vt 0.774011 1.000000
vt 0.774011 0.000000
vt 0.779661 1.000000
vt 0.779661 0.000000
vt 0.785311 1.000000
vt 0.785311 0.000000
vt 0.790960 1.000000
vt 0.790960 0.000000
vt 0.796610 1.000000
vt 0.796610 0.000000
vt 0.802260 1.000000
vt 0.802260 0.000000
vt 0.807910 1.000000
vt 0.807910 0.000000
vt 0.813559 1.000000
vt 0.813559 0.000000
vt 0.819209 1.000000
vt 0.819209 0.000000
vt 0.824859 1.000000
vt 0.824859 0.000000
vt 0.830508 1.000000
vt 0.830508 0.000000
vt 0.836158 1.000000
vt 0.836158 0.000000
vt 0.841808 1.000000
vt 0.841808 0.000000
vt 0.847458 1.000000
vt 0.847458 0.000000
vt 0.853107 1.000000
vt 0.853107 0.000000
vt 0.858757 1.000000
vt 0.858757 0.000000
vt 0.864407 1.000000
vt 0.864407 0.000000
vt 0.870057 1.000000
vt 0.870057 0.000000
vt 0.875706 1.000000
vt 0.875706 0.000000
vt 0.881356 1.000000
vt 0.881356 0.000000
vt 0.887006 1.000000
vt 0.887006 0.000000
vt 0.892655 1.000000
vt 0.892655 0.000000
vt 0.898305 1.000000
vt 0.898305 0.000000
vt 0.903955 1.000000
vt 0.903955 0.000000
vt 0.909605 1.000000
vt 0.909605 0.000000
vt 0.915254 1.000000
vt 0.915254 0.000000
vt 0.920904 1.000000
vt 0.920904 0.000000
vt 0.926554 1.000000
vt 0.926554 0.000000
vt 0.932203 1.000000
vt 0.932203 0.000000
vt 0.937853 1.000000
vt 0.937853 0.000000
vt 0.943503 1.000000
vt 0.943503 0.000000
vt 0.949153 1.000000
vt 0.949153 0.000000
vt 0.954802 1.000000
vt 0.954802 0.000000
vt 0.960452 1.000000
vt 0.960452 0.000000
vt 0.966102 1.000000
vt 0.966102 0.000000
vt 0.971751 1.000000
vt 0.971751 0.000000
vt 0.977401 1.000000
vt 0.977401 0.000000
vt 0.983051 1.000000
vt 0.983051 0.000000
vt 0.988701 1.000000
vt 0.988701 0.000000
vt 0.994350 1.000000
vt 0.994350 0.000000
vt 0.011236 1.000000
vt 0.011236 0.000000
vt 0.022472 1.000000
vt 0.022472 0.000000
vt 0.033708 1.000000
vt 0.033708 0.000000
vt 0.044944 1.000000
vt 0.044944 0.000000
vt 0.056180 1.000000
vt 0.056180 0.000000
vt 0.067416 1.000000
vt 0.067416 0.000000
vt 0.078652 1.000000
vt 0.078652 0.000000
vt 0.089888 1.000000
vt 0.089888 0.000000
vt 0.101124 1.000000
vt 0.101124 0.000000
vt 0.112360 1.000000
vt 0.112360 0.000000
vt 0.123596 1.000000
vt 0.123596 0.000000
vt 0.134831 1.000000
vt 0.134831 0.000000
vt 0.146067 1.000000
vt 0.146067 0.000000
vt 0.157303 1.000000
vt 0.157303 0.000000
vt 0.168539 1.000000
vt 0.168539 0.000000
vt 0.179775 1.000000
vt 0.179775 0.000000
vt 0.191011 1.000000
vt 0.191011 0.000000
vt 0.202247 1.000000
vt 0.202247 0.000000
vt 0.213483 1.000000
vt 0.213483 0.000000
vt 0.224719 1.000000
vt 0.224719 0.000000
vt 0.235955 1.000000
vt 0.235955 0.000000
vt 0.247191 1.000000
vt 0.247191 0.000000
vt 0.258427 1.000000
vt 0.258427 0.000000
vt 0.269663 1.000000
vt 0.269663 0.000000
vt 0.280899 1.000000
vt 0.280899 0.000000
vt 0.292135 1.000000
vt 0.292135 0.000000
vt 0.303371 1.000000
vt 0.303371 0.000000
vt 0.314607 1.000000
vt 0.314607 0.000000
vt 0.325843 1.000000
vt 0.325843 0.000000
vt 0.337079 1.000000
vt 0.337079 0.000000
vt 0.348315 1.000000
vt 0.348315 0.000000
vt 0.359551 1.000000
vt 0.359551 0.000000
vt 0.370787 1.000000
vt 0.370787 0.000000
vt 0.382022 1.000000
vt 0.382022 0.000000
vt 0.393258 1.000000
vt 0.393258 0.000000
vt 0.404494 1.000000
vt 0.404494 0.000000
vt 0.415730 1.000000
vt 0.415730 0.000000
vt 0.426966 1.000000
vt 0.426966 0.000000
vt 0.438202 1.000000
vt 0.438202 0.000000
vt 0.449438 1.000000
vt 0.449438 0.000000
vt 0.460674 1.000000
vt 0.460674 0.000000
vt 0.471910 1.000000
vt 0.471910 0.000000
vt 0.483146 1.000000
vt 0.483146 0.000000
vt 0.494382 1.000000
vt 0.494382 0.000000
vt 0.505618 1.000000
vt 0.505618 0.000000
vt 0.516854 1.000000
vt 0.516854 0.000000
vt 0.528090 1.000000
vt 0.528090 0.000000
vt 0.539326 1.000000
vt 0.539326 0.000000
vt 0.550562 1.000000
vt 0.550562 0.000000
vt 0.561798 1.000000
vt 0.561798 0.000000
vt 0.573034 1.000000
vt 0.573034 0.000000
vt 0.584270 1.000000
vt 0.584270 0.000000
vt 0.595506 1.000000
vt 0.595506 0.000000
vt 0.606742 1.000000
vt 0.606742 0.000000
vt 0.617977 1.000000
vt 0.617977 0.000000
vt 0.629214 1.000000
vt 0.629214 0.000000
vt 0.640449 1.000000
vt 0.640449 0.000000
vt 0.651685 1.000000
vt 0.651685 0.000000
vt 0.662921 1.000000
vt 0.662921 0.000000
vt 0.674157 1.000000
vt 0.674157 0.000000
vt 0.685393 1.000000
vt 0.685393 0.000000
vt 0.696629 1.000000
vt 0.696629 0.000000
vt 0.707865 1.000000
vt 0.707865 0.000000
vt 0.719101 1.000000
vt 0.719101 0.000000
vt 0.730337 1.000000
vt 0.730337 0.000000
vt 0.741573 1.000000
vt 0.741573 0.000000
vt 0.752809 1.000000
vt 0.752809 0.000000
vt 0.764045 1.000000
vt 0.764045 0.000000
vt 0.775281 1.000000
vt 0.775281 0.000000
vt 0.786517 1.000000
vt 0.786517 0.000000
vt 0.797753 1.000000
vt 0.797753 0.000000
vt 0.808989 1.000000
vt 0.808989 0.000000
vt 0.820225 1.000000
vt 0.820225 0.000000
vt 0.831461 1.000000
vt 0.831461 0.000000
vt 0.842697 1.000000
vt 0.842697 0.000000
vt 0.853933 1.000000
vt 0.853933 0.000000
vt 0.865169 1.000000
vt 0.865169 0.000000
vt 0.876405 1.000000
vt 0.876405 0.000000
vt 0.887640 1.000000
vt 0.887640 0.000000
vt 0.898876 1.000000
vt 0.898876 0.000000
vt 0.910112 1.000000
vt 0.910112 0.000000
vt 0.921348 1.000000
vt 0.921348 0.000000
vt 0.932584 1.000000
vt 0.932584 0.000000
vt 0.943820 1.000000
vt 0.943820 0.000000
vt 0.955056 1.000000
vt 0.955056 0.000000
vt 0.966292 1.000000
vt 0.966292 0.000000
vt 0.977528 1.000000
vt 0.977528 0.000000
vt 0.988764 1.000000
vt 0.988764 0.000000
vt 0.006993 1.000000
vt 0.006993 0.000000
vt 0.013986 1.000000
vt 0.013986 0.000000
vt 0.020979 1.000000
vt 0.020979 0.000000
vt 0.027972 1.000000
vt 0.027972 0.000000
vt 0.034965 1.000000
vt 0.034965 0.000000
vt 0.041958 1.000000
vt 0.041958 0.000000
vt 0.048951 1.000000
vt 0.048951 0.000000
vt 0.055944 1.000000
vt 0.055944 0.000000
vt 0.062937 1.000000
vt 0.062937 0.000000
vt 0.069930 1.000000
vt 0.069930 0.000000
vt 0.083916 1.000000
vt 0.083916 0.000000
vt 0.090909 1.000000
vt 0.097902 1.000000
vt 0.097902 0.000000
vt 0.104895 1.000000
vt 0.104895 0.000000
vt 0.111888 1.000000
vt 0.111888 0.000000
vt 0.118881 1.000000
vt 0.118881 0.000000
vt 0.125874 1.000000
vt 0.125874 0.000000
vt 0.132867 1.000000
vt 0.132867 0.000000
vt 0.139860 1.000000
vt 0.139860 0.000000
vt 0.146853 1.000000
vt 0.146853 0.000000
vt 0.160839 1.000000
vt 0.160839 0.000000
vt 0.167832 1.000000
vt 0.167832 0.000000
vt 0.174825 1.000000
vt 0.174825 0.000000
vt 0.181818 1.000000
vt 0.188811 1.000000
vt 0.188811 0.000000
vt 0.195804 1.000000
vt 0.195804 0.000000
vt 0.202797 1.000000
vt 0.202797 0.000000
vt 0.209790 1.000000
vt 0.209790 0.000000
vt 0.216783 1.000000
vt 0.216783 0.000000
vt 0.223776 1.000000
vt 0.223776 0.000000
vt 0.237762 1.000000
vt 0.237762 0.000000
vt 0.244755 1.000000
vt 0.244755 0.000000
vt 0.251748 1.000000
vt 0.251748 0.000000
vt 0.258741 1.000000
vt 0.258741 0.000000
vt 0.265734 1.000000
vt 0.265734 0.000000
vt 0.272727 1.000000
vt 0.279720 1.000000
vt 0.279720 0.000000
vt 0.286713 1.000000
vt 0.286713 0.000000
vt 0.293706 1.000000
vt 0.293706 0.000000
vt 0.300699 1.000000
vt 0.300699 0.000000
vt 0.314685 1.000000
vt 0.314685 0.000000
vt 0.321678 1.000000
vt 0.321678 0.000000
vt 0.328671 1.000000
vt 0.328671 0.000000
vt 0.335664 1.000000
vt 0.335664 0.000000
vt 0.342657 1.000000
vt 0.342657 0.000000
vt 0.349650 1.000000
vt 0.349650 0.000000
vt 0.356643 1.000000
vt 0.356643 0.000000
vt 0.363636 1.000000
vt 0.370629 1.000000
vt 0.370629 0.000000
vt 0.377622 1.000000
vt 0.377622 0.000000
vt 0.391608 1.000000
vt 0.391608 0.000000
vt 0.398601 1.000000
vt 0.398601 0.000000
vt 0.405594 1.000000
vt 0.405594 0.000000
vt 0.412587 1.000000
vt 0.412587 0.000000
vt 0.419580 1.000000
vt 0.419580 0.000000
vt 0.426573 1.000000
vt 0.426573 0.000000
vt 0.433566 1.000000
vt 0.433566 0.000000
vt 0.440559 1.000000
vt 0.440559 0.000000
vt 0.447552 1.000000
vt 0.447552 0.000000
vt 0.454545 1.000000
vt 0.468531 1.000000
vt 0.468531 0.000000
vt 0.475524 1.000000
vt 0.475524 0.000000
vt 0.482517 1.000000
vt 0.482517 0.000000
vt 0.489510 1.000000
vt 0.489510 0.000000
vt 0.496504 1.000000
vt 0.496504 0.000000
vt 0.503497 1.000000
vt 0.503497 0.000000
vt 0.510490 1.000000
vt 0.510490 0.000000
vt 0.517483 1.000000
vt 0.517483 0.000000
vt 0.524476 1.000000
vt 0.524476 0.000000
vt 0.531469 1.000000
vt 0.531469 0.000000
vt 0.545455 1.000000
vt 0.552448 1.000000
vt 0.552448 0.000000
vt 0.559441 1.000000
vt 0.559441 0.000000
vt 0.566434 1.000000
vt 0.566434 0.000000
vt 0.573427 1.000000
vt 0.573427 0.000000
vt 0.580420 1.000000
vt 0.580420 0.000000
vt 0.587413 1.000000
vt 0.587413 0.000000
vt 0.594406 1.000000
vt 0.594406 0.000000
vt 0.601399 1.000000
vt 0.601399 0.000000
vt 0.608392 1.000000
vt 0.608392 0.000000
vt 0.622378 1.000000
vt 0.622378 0.000000
vt 0.629371 1.000000
vt 0.629371 0.000000
vt 0.636364 1.000000
vt 0.643357 1.000000
vt 0.643357 0.000000
vt 0.650350 1.000000
vt 0.650350 0.000000
vt 0.657343 1.000000
vt 0.657343 0.000000
vt 0.664336 1.000000
vt 0.664336 0.000000
vt 0.671329 1.000000
vt 0.671329 0.000000
vt 0.678322 1.000000
vt 0.678322 0.000000
vt 0.685315 1.000000
vt 0.685315 0.000000
vt 0.699301 1.000000
vt 0.699301 0.000000
vt 0.706294 1.000000
vt 0.706294 0.000000
vt 0.713287 1.000000
vt 0.713287 0.000000
vt 0.720280 1.000000
vt 0.720280 0.000000
vt 0.727273 1.000000
vt 0.734266 1.000000
vt 0.734266 0.000000
vt 0.741259 1.000000
vt 0.741259 0.000000
vt 0.748252 1.000000
vt 0.748252 0.000000
vt 0.755245 1.000000
vt 0.755245 0.000000
vt 0.762238 1.000000
vt 0.762238 0.000000
vt 0.776224 1.000000
vt 0.776224 0.000000
vt 0.783217 1.000000
vt 0.783217 0.000000
vt 0.790210 1.000000
vt 0.790210 0.000000
vt 0.797203 1.000000
vt 0.797203 0.000000
vt 0.804196 1.000000
vt 0.804196 0.000000
vt 0.811189 1.000000
vt 0.811189 0.000000
vt 0.818182 1.000000
vt 0.825175 1.000000
vt 0.825175 0.000000
vt 0.832168 1.000000
vt 0.832168 0.000000
vt 0.839161 1.000000
vt 0.839161 0.000000
vt 0.853147 1.000000
vt 0.853147 0.000000
vt 0.860140 1.000000
vt 0.860140 0.000000
vt 0.867133 1.000000
vt 0.867133 0.000000
vt 0.874126 1.000000
vt 0.874126 0.000000
vt 0.881119 1.000000
vt 0.881119 0.000000
vt 0.888112 1.000000
vt 0.888112 0.000000
vt 0.895105 1.000000
vt 0.895105 0.000000
vt 0.902098 1.000000
vt 0.902098 0.000000
vt 0.909091 1.000000
vt 0.916084 1.000000
vt 0.916084 0.000000
vt 0.930070 1.000000
vt 0.930070 0.000000
vt 0.937063 1.000000
vt 0.937063 0.000000
vt 0.944056 1.000000
vt 0.944056 0.000000
vt 0.951049 1.000000
vt 0.951049 0.000000
vt 0.958042 1.000000
vt 0.958042 0.000000
vt 0.965035 1.000000
vt 0.965035 0.000000
vt 0.972028 1.000000
vt 0.972028 0.000000
vt 0.979021 1.000000
vt 0.979021 0.000000
vt 0.986014 1.000000
vt 0.986014 0.000000
vt 0.993007 1.000000
vt 0.993007 0.000000
vt 0.006173 1.000000
vt 0.012346 1.000000
vt 0.018519 1.000000
vt 0.024691 1.000000
vt 0.030864 1.000000
vt 0.043210 1.000000
vt 0.049383 1.000000
vt 0.055556 1.000000
vt 0.061728 1.000000
vt 0.067901 1.000000
vt 0.080247 1.000000
vt 0.086420 1.000000
vt 0.092593 1.000000
vt 0.098765 1.000000
vt 0.104938 1.000000
vt 0.117284 1.000000
vt 0.123457 1.000000
vt 0.129630 1.000000
vt 0.135802 1.000000
vt 0.141975 1.000000
vt 0.154321 1.000000
vt 0.160494 1.000000
vt 0.172840 1.000000
vt 0.179012 1.000000
vt 0.191358 1.000000
vt 0.197531 1.000000
vt 0.203704 1.000000
vt 0.209877 1.000000
vt 0.216049 1.000000
vt 0.228395 1.000000
vt 0.234568 1.000000
vt 0.240741 1.000000
vt 0.246914 1.000000
vt 0.253086 1.000000
vt 0.265432 1.000000
vt 0.271605 1.000000
vt 0.277778 1.000000
vt 0.283951 1.000000
vt 0.290123 1.000000
vt 0.302469 1.000000
vt 0.308642 1.000000
vt 0.314815 1.000000
vt 0.320988 1.000000
vt 0.327161 1.000000
vt 0.339506 1.000000
vt 0.345679 1.000000
vt 0.351852 1.000000
vt 0.358025 1.000000
vt 0.364198 1.000000
vt 0.376543 1.000000
vt 0.382716 1.000000
vt 0.388889 1.000000
vt 0.395062 1.000000
vt 0.401235 1.000000
vt 0.413580 1.000000
vt 0.419753 1.000000
vt 0.425926 1.000000
vt 0.432099 1.000000
vt 0.438272 1.000000
vt 0.450617 1.000000
vt 0.456790 1.000000
vt 0.462963 1.000000
vt 0.469136 1.000000
vt 0.475309 1.000000
vt 0.487654 1.000000
vt 0.493827 1.000000
vt 0.506173 1.000000
vt 0.512346 1.000000
vt 0.524691 1.000000
vt 0.530864 1.000000
vt 0.537037 1.000000
vt 0.543210 1.000000
vt 0.549383 1.000000
vt 0.561728 1.000000
vt 0.567901 1.000000
vt 0.574074 1.000000
vt 0.580247 1.000000
vt 0.586420 1.000000
vt 0.598765 1.000000
vt 0.604938 1.000000
vt 0.611111 1.000000
vt 0.617284 1.000000
vt 0.623457 1.000000
vt 0.635802 1.000000
vt 0.641975 1.000000
vt 0.648148 1.000000
vt 0.654321 1.000000
vt 0.660494 1.000000
vt 0.672840 1.000000
vt 0.679012 1.000000
vt 0.685185 1.000000
vt 0.691358 1.000000
vt 0.697531 1.000000
vt 0.709877 1.000000
vt 0.716049 1.000000
vt 0.722222 1.000000
vt 0.728395 1.000000
vt 0.734568 1.000000
vt 0.746914 1.000000
vt 0.753086 1.000000
vt 0.759259 1.000000
vt 0.765432 1.000000
vt 0.771605 1.000000
vt 0.783951 1.000000
vt 0.790123 1.000000
vt 0.796296 1.000000
vt 0.802469 1.000000
vt 0.808642 1.000000
vt 0.820988 1.000000
vt 0.827160 1.000000
vt 0.839506 1.000000
vt 0.845679 1.000000
vt 0.858025 1.000000
vt 0.864198 1.000000
vt 0.870370 1.000000
vt 0.876543 1.000000
vt 0.882716 1.000000
vt 0.895062 1.000000
vt 0.901235 1.000000
vt 0.907407 1.000000
vt 0.913580 1.000000
vt 0.919753 1.000000
vt 0.932099 1.000000
vt 0.938272 1.000000
vt 0.944444 1.000000
vt 0.950617 1.000000
vt 0.956790 1.000000
vt 0.969136 1.000000
vt 0.975309 1.000000
vt 0.981481 1.000000
vt 0.987654 1.000000
vt 0.993827 1.000000
vt 0.010101 1.000000
vt 0.010101 0.000000
vt 0.020202 1.000000
vt 0.020202 0.000000
vt 0.030303 1.000000
vt 0.030303 0.000000
vt 0.040404 1.000000
vt 0.040404 0.000000
vt 0.050505 1.000000
vt 0.050505 0.000000
vt 0.060606 1.000000
vt 0.060606 0.000000
vt 0.070707 1.000000
vt 0.070707 0.000000
vt 0.080808 1.000000
vt 0.080808 0.000000
vt 0.101010 1.000000
vt 0.101010 0.000000
vt 0.121212 1.000000
vt 0.121212 0.000000
vt 0.131313 1.000000
vt 0.131313 0.000000
vt 0.141414 1.000000
vt 0.141414 0.000000
vt 0.151515 1.000000
vt 0.151515 0.000000
vt 0.161616 1.000000
vt 0.161616 0.000000
vt 0.171717 1.000000
vt 0.171717 0.000000
vt 0.191919 1.000000
vt 0.191919 0.000000
vt 0.202020 1.000000
vt 0.202020 0.000000
vt 0.212121 1.000000
vt 0.212121 0.000000
vt 0.232323 1.000000
vt 0.232323 0.000000
vt 0.242424 1.000000
vt 0.242424 0.000000
vt 0.252525 1.000000
vt 0.252525 0.000000
vt 0.262626 1.000000
vt 0.262626 0.000000
vt 0.282828 1.000000
vt 0.282828 0.000000
vt 0.292929 1.000000
vt 0.292929 0.000000
vt 0.303030 1.000000
vt 0.303030 0.000000
vt 0.313131 1.000000
vt 0.313131 0.000000
vt 0.323232 1.000000
vt 0.323232 0.000000
vt 0.343434 1.000000
vt 0.343434 0.000000
vt 0.353535 1.000000
vt 0.353535 0.000000
vt 0.373737 1.000000
vt 0.373737 0.000000
vt 0.383838 1.000000
vt 0.383838 0.000000
vt 0.393939 1.000000
vt 0.393939 0.000000
vt 0.404040 1.000000
vt 0.404040 0.000000
vt 0.414141 1.000000
vt 0.414141 0.000000
vt 0.424242 1.000000
vt 0.424242 0.000000
vt 0.434343 1.000000
vt 0.434343 0.000000
vt 0.464646 1.000000
vt 0.464646 0.000000
vt 0.474747 1.000000
vt 0.474747 0.000000
vt 0.484848 1.000000
vt 0.484848 0.000000
vt 0.494949 1.000000
vt 0.494949 0.000000
vt 0.505050 1.000000
vt 0.505050 0.000000
vt 0.515152 1.000000
vt 0.515152 0.000000
vt 0.525253 1.000000
vt 0.525253 0.000000
vt 0.535354 1.000000
vt 0.535354 0.000000
vt 0.565657 1.000000
vt 0.565657 0.000000
vt 0.575758 1.000000
vt 0.575758 0.000000
vt 0.585859 1.000000
vt 0.585859 0.000000
vt 0.595960 1.000000
vt 0.595960 0.000000
vt 0.606061 1.000000
vt 0.606061 0.000000
vt 0.616162 1.000000
vt 0.616162 0.000000
vt 0.626263 1.000000
vt 0.626263 0.000000
vt 0.646465 1.000000
vt 0.646465 0.000000
vt 0.656566 1.000000
vt 0.656566 0.000000
vt 0.676768 1.000000
vt 0.676768 0.000000
vt 0.686869 1.000000
vt 0.686869 0.000000
vt 0.696970 1.000000
vt 0.696970 0.000000
vt 0.707071 1.000000
vt 0.707071 0.000000
vt 0.717172 1.000000
vt 0.717172 0.000000
vt 0.737374 1.000000
vt 0.737374 0.000000
vt 0.747475 1.000000
vt 0.747475 0.000000
vt 0.757576 1.000000
vt 0.757576 0.000000
vt 0.767677 1.000000
vt 0.767677 0.000000
vt 0.787879 1.000000
vt 0.787879 0.000000
vt 0.797980 1.000000
vt 0.797980 0.000000
vt 0.808081 1.000000
vt 0.808081 0.000000
vt 0.828283 1.000000
vt 0.828283 0.000000
vt 0.838384 1.000000
vt 0.838384 0.000000
vt 0.848485 1.000000
vt 0.848485 0.000000
vt 0.858586 1.000000
vt 0.858586 0.000000
vt 0.868687 1.000000
vt 0.868687 0.000000
vt 0.878788 1.000000
vt 0.878788 0.000000
vt 0.898990 1.000000
vt 0.898990 0.000000
vt 0.919192 1.000000
vt 0.919192 0.000000
vt 0.929293 1.000000
vt 0.929293 0.000000
vt 0.939394 1.000000
vt 0.939394 0.000000
vt 0.949495 1.000000
vt 0.949495 0.000000
vt 0.959596 1.000000
vt 0.959596 0.000000
vt 0.969697 1.000000
vt 0.969697 0.000000
vt 0.979798 1.000000
vt 0.979798 0.000000
vt 0.989899 1.000000
vt 0.989899 0.000000
vt 0.020000 1.000000
vt 0.020000 0.000000
vt 0.040000 1.000000
vt 0.040000 0.000000
vt 0.060000 1.000000
vt 0.060000 0.000000
vt 0.080000 1.000000
vt 0.080000 0.000000
vt 0.100000 1.000000
vt 0.120000 1.000000
vt 0.120000 0.000000
vt 0.140000 1.000000
vt 0.140000 0.000000
vt 0.160000 1.000000
vt 0.160000 0.000000
vt 0.180000 1.000000
vt 0.180000 0.000000
vt 0.200000 1.000000
vt 0.220000 1.000000
vt 0.220000 0.000000
vt 0.240000 1.000000
vt 0.240000 0.000000
vt 0.260000 1.000000
vt 0.260000 0.000000
vt 0.280000 1.000000
vt 0.280000 0.000000
vt 0.300000 1.000000
vt 0.320000 1.000000
vt 0.320000 0.000000
vt 0.340000 1.000000
vt 0.340000 0.000000
vt 0.360000 1.000000
vt 0.360000 0.000000
vt 0.380000 1.000000
vt 0.380000 0.000000
vt 0.400000 1.000000
vt 0.420000 1.000000
vt 0.420000 0.000000
vt 0.440000 1.000000
vt 0.440000 0.000000
vt 0.460000 1.000000
vt 0.460000 0.000000
vt 0.480000 1.000000
vt 0.480000 0.000000
vt 0.520000 1.000000
vt 0.520000 0.000000
vt 0.540000 1.000000
vt 0.540000 0.000000
vt 0.560000 1.000000
vt 0.560000 0.000000
vt 0.580000 1.000000
vt 0.580000 0.000000
vt 0.600000 1.000000
vt 0.620000 1.000000
vt 0.620000 0.000000
vt 0.640000 1.000000
vt 0.640000 0.000000
vt 0.660000 1.000000
vt 0.660000 0.000000
vt 0.680000 1.000000
vt 0.680000 0.000000
vt 0.700000 1.000000
vt 0.720000 1.000000
vt 0.720000 0.000000
vt 0.740000 1.000000
vt 0.740000 0.000000
vt 0.760000 1.000000
vt 0.760000 0.000000
vt 0.780000 1.000000
vt 0.780000 0.000000
vt 0.800000 1.000000
vt 0.820000 1.000000
vt 0.820000 0.000000
vt 0.840000 1.000000
vt 0.840000 0.000000
vt 0.860000 1.000000
vt 0.860000 0.000000
vt 0.880000 1.000000
vt 0.880000 0.000000
vt 0.900000 1.000000
vt 0.920000 1.000000
vt 0.920000 0.000000
vt 0.940000 1.000000
vt 0.940000 0.000000
vt 0.960000 1.000000
vt 0.960000 0.000000
vt 0.980000 1.000000
vt 0.980000 0.000000
s 0
f 97/1/1 99/2/1 98/3/1
f 97/1/1 100/4/1 99/2/1
f 96/5/1 100/4/1 97/1/1
f 96/5/1 101/6/1 100/4/1
f 95/7/1 101/6/1 96/5/1
f 95/7/1 102/8/1 101/6/1
f 94/9/1 102/8/1 95/7/1
f 94/9/1 103/10/1 102/8/1
f 93/11/1 103/10/1 94/9/1
f 93/11/1 104/12/1 103/10/1
f 92/13/1 104/12/1 93/11/1
f 92/13/1 105/14/1 104/12/1
f 91/15/1 105/14/1 92/13/1
f 91/15/1 106/16/1 105/14/1
f 90/17/1 106/16/1 91/15/1
f 90/17/1 107/18/1 106/16/1
f 89/19/1 107/18/1 90/17/1
f 89/19/1 108/20/1 107/18/1
f 88/21/1 108/20/1 89/19/1
f 88/21/1 109/22/1 108/20/1
f 87/23/1 109/22/1 88/21/1
f 87/23/1 110/24/1 109/22/1
f 86/25/1 110/24/1 87/23/1
f 86/25/1 111/26/1 110/24/1
f 85/27/1 111/26/1 86/25/1
f 85/27/1 112/28/1 111/26/1
f 85/27/1 113/29/1 112/28/1
f 84/30/1 113/29/1 85/27/1
f 84/30/1 114/31/1 113/29/1
f 83/32/1 114/31/1 84/30/1
f 83/32/1 115/33/1 114/31/1
f 82/34/1 115/33/1 83/32/1
f 82/34/1 116/35/1 115/33/1
f 81/36/1 116/35/1 82/34/1
f 81/36/1 117/37/1 116/35/1
f 80/38/1 117/37/1 81/36/1
f 80/38/1 118/39/1 117/37/1
f 79/40/1 118/39/1 80/38/1
f 134/41/1 136/42/1 135/43/1
f 133/44/1 136/42/1 134/41/1
f 79/40/1 119/45/1 118/39/1
f 78/46/1 119/45/1 79/40/1
f 132/47/1 136/42/1 133/44/1
f 132/47/1 137/48/1 136/42/1
f 131/49/1 137/48/1 132/47/1
f 78/46/1 120/50/1 119/45/1
f 131/49/1 138/51/1 137/48/1
f 130/52/1 138/51/1 131/49/1
f 77/53/1 120/50/1 78/46/1
f 130/52/1 139/54/1 138/51/1
f 129/55/1 139/54/1 130/52/1
f 128/56/1 139/54/1 129/55/1
f 77/53/1 121/57/1 120/50/1
f 128/56/1 140/58/1 139/54/1
f 76/59/1 121/57/1 77/53/1
f 127/60/1 140/58/1 128/56/1
f 127/60/1 141/61/1 140/58/1
f 126/62/1 141/61/1 127/60/1
f 76/59/1 122/63/1 121/57/1
f 126/62/1 142/64/1 141/61/1
f 125/65/1 142/64/1 126/62/1
f 75/66/1 122/63/1 76/59/1
f 124/67/1 142/64/1 125/65/1
f 124/67/1 143/68/1 142/64/1
f 75/66/1 123/69/1 122/63/1
f 123/69/1 143/68/1 124/67/1
f 75/66/1 143/68/1 123/69/1
f 173/70/1 143/68/1 75/66/1
f 173/70/1 144/71/1 143/68/1
f 172/72/1 144/71/1 173/70/1
f 171/73/1 144/71/1 172/72/1
f 171/73/1 145/74/1 144/71/1
f 170/75/1 145/74/1 171/73/1
f 169/76/1 145/74/1 170/75/1
f 168/77/1 145/74/1 169/76/1
f 167/78/1 145/74/1 168/77/1
f 167/78/1 146/79/1 145/74/1
f 166/80/1 146/79/1 167/78/1
f 165/81/1 146/79/1 166/80/1
f 164/82/1 146/79/1 165/81/1
f 163/83/1 146/79/1 164/82/1
f 163/83/1 147/84/1 146/79/1
f 162/85/1 147/84/1 163/83/1
f 161/86/1 147/84/1 162/85/1
f 160/87/1 159/88/1 161/86/1
f 159/88/1 158/89/1 161/86/1
f 158/89/1 157/90/1 161/86/1
f 157/90/1 156/91/1 161/86/1
f 156/91/1 155/92/1 161/86/1
f 155/92/1 154/93/1 161/86/1
f 154/93/1 153/94/1 161/86/1
f 153/94/1 152/95/1 161/86/1
f 152/95/1 151/96/1 161/86/1
f 151/96/1 150/97/1 161/86/1
f 150/97/1 149/98/1 161/86/1
f 149/98/1 148/99/1 161/86/1
f 148/99/1 147/84/1 161/86/1
f 23/100/1 25/101/1 24/102/1
f 23/100/1 26/103/1 25/101/1
f 23/100/1 27/104/1 26/103/1
f 22/105/1 27/104/1 23/100/1
f 22/105/1 28/106/1 27/104/1
f 21/107/1 28/106/1 22/105/1
f 21/107/1 29/108/1 28/106/1
f 20/109/1 29/108/1 21/107/1
f 20/109/1 30/110/1 29/108/1
f 19/111/1 30/110/1 20/109/1
f 19/111/1 31/112/1 30/110/1
f 18/113/1 31/112/1 19/111/1
f 18/113/1 32/114/1 31/112/1
f 17/115/1 32/114/1 18/113/1
f 17/115/1 33/116/1 32/114/1
f 16/117/1 33/116/1 17/115/1
f 16/117/1 34/118/1 33/116/1
f 15/119/1 34/118/1 16/117/1
f 15/119/1 35/120/1 34/118/1
f 14/121/1 35/120/1 15/119/1
f 14/121/1 36/122/1 35/120/1
f 13/123/1 36/122/1 14/121/1
f 13/123/1 37/124/1 36/122/1
f 12/125/1 37/124/1 13/123/1
f 12/125/1 38/126/1 37/124/1
f 11/127/1 38/126/1 12/125/1
f 11/127/1 39/128/1 38/126/1
f 10/129/1 39/128/1 11/127/1
f 9/130/1 39/128/1 10/129/1
f 9/130/1 40/131/1 39/128/1
f 8/132/1 40/131/1 9/130/1
f 8/132/1 41/133/1 40/131/1
f 7/134/1 41/133/1 8/132/1
f 7/134/1 42/135/1 41/133/1
f 6/136/1 42/135/1 7/134/1
f 6/136/1 43/137/1 42/135/1
f 5/138/1 43/137/1 6/136/1
f 5/138/1 44/139/1 43/137/1
f 4/140/1 44/139/1 5/138/1
f 4/140/1 45/141/1 44/139/1
f 3/142/1 45/141/1 4/140/1
f 3/142/1 46/143/1 45/141/1
f 2/144/1 46/143/1 3/142/1
f 2/144/1 47/145/1 46/143/1
f 1/146/1 47/145/1 2/144/1
f 1/146/1 48/147/1 47/145/1
f 74/148/1 48/147/1 1/146/1
f 74/148/1 49/149/1 48/147/1
f 73/150/1 49/149/1 74/148/1
f 73/150/1 50/151/1 49/149/1
f 72/152/1 50/151/1 73/150/1
f 71/153/1 50/151/1 72/152/1
f 71/153/1 51/154/1 50/151/1
f 70/155/1 51/154/1 71/153/1
f 70/155/1 52/156/1 51/154/1
f 69/157/1 52/156/1 70/155/1
f 69/157/1 53/158/1 52/156/1
f 68/159/1 53/158/1 69/157/1
f 68/159/1 54/160/1 53/158/1
f 67/161/1 54/160/1 68/159/1
f 67/161/1 55/162/1 54/160/1
f 66/163/1 55/162/1 67/161/1
f 66/163/1 56/164/1 55/162/1
f 65/165/1 56/164/1 66/163/1
f 64/166/1 56/164/1 65/165/1
f 64/166/1 57/167/1 56/164/1
f 63/168/1 57/167/1 64/166/1
f 63/168/1 58/169/1 57/167/1
f 62/170/1 58/169/1 63/168/1
f 62/170/1 59/171/1 58/169/1
f 61/172/1 59/171/1 62/170/1
f 61/172/1 60/173/1 59/171/1
f 222/174/1 224/175/1 223/176/1
f 222/174/1 225/177/1 224/175/1
f 222/174/1 226/178/1 225/177/1
f 258/179/1 260/180/1 259/181/1
f 222/174/1 227/182/1 226/178/1
f 257/183/1 260/180/1 258/179/1
f 256/184/1 260/180/1 257/183/1
f 222/174/1 228/185/1 227/182/1
f 255/186/1 260/180/1 256/184/1
f 222/174/1 229/187/1 228/185/1
f 254/188/1 260/180/1 255/186/1
f 222/174/1 230/189/1 229/187/1
f 253/190/1 260/180/1 254/188/1
f 252/191/1 260/180/1 253/190/1
f 222/174/1 231/192/1 230/189/1
f 251/193/1 260/180/1 252/191/1
f 222/174/1 232/194/1 231/192/1
f 250/195/1 260/180/1 251/193/1
f 222/174/1 233/196/1 232/194/1
f 249/197/1 260/180/1 250/195/1
f 222/174/1 234/198/1 233/196/1
f 248/23/1 260/180/1 249/197/1
f 222/174/1 235/199/1 234/198/1
f 247/200/1 260/180/1 248/23/1
f 222/174/1 236/201/1 235/199/1
f 222/174/1 237/202/1 236/201/1
f 222/174/1 238/203/1 237/202/1
f 222/174/1 239/204/1 238/203/1
f 222/174/1 240/205/1 239/204/1
f 222/174/1 241/206/1 240/205/1
f 222/174/1 242/207/1 241/206/1
f 222/174/1 243/208/1 242/207/1
f 222/174/1 244/209/1 243/208/1
f 222/174/1 245/210/1 244/209/1
f 222/174/1 246/211/1 245/210/1
f 222/174/1 247/200/1 246/211/1
f 222/174/1 221/212/1 247/200/1
f 221/212/1 220/213/1 247/200/1
f 220/213/1 219/214/1 247/200/1
f 219/214/1 218/215/1 247/200/1
f 218/215/1 217/216/1 247/200/1
f 217/216/1 216/217/1 247/200/1
f 216/217/1 260/180/1 247/200/1
f 216/217/1 215/218/1 260/180/1
f 215/218/1 261/219/1 260/180/1
f 215/218/1 262/220/1 261/219/1
f 215/218/2 214/221/2 262/220/2
f 214/221/1 263/222/1 262/220/1
f 214/221/1 264/223/1 263/222/1
f 214/221/1 213/224/1 264/223/1
f 213/224/1 265/225/1 264/223/1
f 213/224/1 266/226/1 265/225/1
f 213/224/1 212/227/1 266/226/1
f 212/227/1 267/228/1 266/226/1
f 212/227/1 268/229/1 267/228/1
f 212/227/1 211/139/1 268/229/1
f 211/139/1 269/230/1 268/229/1
f 211/139/1 270/231/1 269/230/1
f 211/139/1 210/232/1 270/231/1
f 210/232/1 271/233/1 270/231/1
f 210/232/1 209/234/1 271/233/1
f 209/234/1 208/235/1 271/233/1
f 208/235/1 207/236/1 271/233/1
f 207/236/1 206/237/1 271/233/1
f 206/237/1 204/238/1 271/233/1
f 204/238/1 203/239/1 271/233/1
f 203/239/1 202/240/1 271/233/1
f 202/240/1 200/241/1 271/233/1
f 200/241/1 199/242/1 271/233/1
f 199/242/1 198/243/1 271/233/1
f 198/243/1 272/244/1 271/233/1
f 205/245/1 204/238/1 206/237/1
f 201/246/1 200/241/1 202/240/1
f 197/247/1 272/244/1 198/243/1
f 197/247/1 174/146/1 272/244/1
f 196/248/1 174/146/1 197/247/1
f 196/248/1 175/249/1 174/146/1
f 195/250/1 175/249/1 196/248/1
f 195/250/1 176/251/1 175/249/1
f 194/252/1 176/251/1 195/250/1
f 194/252/1 177/253/1 176/251/1
f 193/254/1 177/253/1 194/252/1
f 193/254/1 178/255/1 177/253/1
f 192/256/1 178/255/1 193/254/1
f 308/257/1 310/258/1 309/259/1
f 308/257/1 311/260/1 310/258/1
f 307/261/1 311/260/1 308/257/1
f 306/262/1 311/260/1 307/261/1
f 192/256/1 179/263/1 178/255/1
f 191/264/1 179/263/1 192/256/1
f 305/265/1 311/260/1 306/262/1
f 304/266/1 311/260/1 305/265/1
f 303/267/1 311/260/1 304/266/1
f 302/268/1 311/260/1 303/267/1
f 191/264/1 180/269/1 179/263/1
f 190/270/1 180/269/1 191/264/1
f 301/271/1 311/260/1 302/268/1
f 300/272/1 311/260/1 301/271/1
f 299/273/1 311/260/1 300/272/1
f 189/274/1 180/269/1 190/270/1
f 298/275/1 311/260/1 299/273/1
f 189/274/1 181/276/1 180/269/1
f 298/275/1 312/277/1 311/260/1
f 297/278/1 312/277/1 298/275/1
f 296/279/1 312/277/1 297/278/1
f 188/280/1 181/276/1 189/274/1
f 188/280/1 182/281/1 181/276/1
f 187/282/1 182/281/1 188/280/1
f 186/283/1 182/281/1 187/282/1
f 186/283/1 183/284/1 182/281/1
f 295/285/1 312/277/1 296/279/1
f 185/286/1 183/284/1 186/283/1
f 295/285/1 313/287/1 312/277/1
f 185/286/1 184/288/1 183/284/1
f 294/289/1 313/287/1 295/285/1
f 294/289/1 314/290/1 313/287/1
f 293/291/1 314/290/1 294/289/1
f 292/292/1 314/290/1 293/291/1
f 292/292/1 315/293/1 314/290/1
f 291/294/1 315/293/1 292/292/1
f 291/294/1 316/295/1 315/293/1
f 290/296/1 316/295/1 291/294/1
f 289/297/1 316/295/1 290/296/1
f 289/297/1 317/298/1 316/295/1
f 288/299/1 317/298/1 289/297/1
f 288/299/1 318/300/1 317/298/1
f 287/301/1 318/300/1 288/299/1
f 286/302/1 318/300/1 287/301/1
f 286/302/1 319/303/1 318/300/1
f 285/52/1 319/303/1 286/302/1
f 285/52/1 320/304/1 319/303/1
f 284/305/1 320/304/1 285/52/1
f 283/306/1 320/304/1 284/305/1
f 282/307/1 320/304/1 283/306/1
f 281/308/1 320/304/1 282/307/1
f 280/309/1 320/304/1 281/308/1
f 279/310/1 320/304/1 280/309/1
f 278/311/1 320/304/1 279/310/1
f 277/312/1 320/304/1 278/311/1
f 276/313/1 320/304/1 277/312/1
f 276/313/1 321/314/1 320/304/1
f 275/315/1 321/314/1 276/313/1
f 274/316/1 321/314/1 275/315/1
f 273/317/1 321/314/1 274/316/1
f 322/70/1 321/314/1 273/317/1
f 480/318/1 482/319/1 481/320/1
f 480/318/1 483/321/1 482/319/1
f 479/322/1 483/321/1 480/318/1
f 479/322/1 484/323/1 483/321/1
f 478/324/1 484/323/1 479/322/1
f 478/324/1 485/325/1 484/323/1
f 477/326/1 485/325/1 478/324/1
f 477/326/1 486/327/1 485/325/1
f 476/328/1 486/327/1 477/326/1
f 476/328/1 487/329/1 486/327/1
f 475/330/1 487/329/1 476/328/1
f 475/330/1 488/331/1 487/329/1
f 474/332/1 488/331/1 475/330/1
f 474/332/1 489/333/1 488/331/1
f 473/334/1 489/333/1 474/332/1
f 473/334/1 490/335/1 489/333/1
f 472/336/1 490/335/1 473/334/1
f 472/336/1 491/337/1 490/335/1
f 471/338/1 491/337/1 472/336/1
f 471/338/1 492/339/1 491/337/1
f 470/340/1 492/339/1 471/338/1
f 470/340/1 493/341/1 492/339/1
f 469/342/1 493/341/1 470/340/1
f 469/342/1 494/70/1 493/341/1
f 468/343/1 494/70/1 469/342/1
f 468/343/1 397/344/1 494/70/1
f 467/345/1 397/344/1 468/343/1
f 467/345/1 398/346/1 397/344/1
f 466/347/1 398/346/1 467/345/1
f 466/347/1 399/348/1 398/346/1
f 465/349/1 399/348/1 466/347/1
f 465/349/1 400/350/1 399/348/1
f 464/351/1 400/350/1 465/349/1
f 464/351/1 401/352/1 400/350/1
f 463/353/1 401/352/1 464/351/1
f 463/353/1 402/354/1 401/352/1
f 462/355/1 402/354/1 463/353/1
f 462/355/1 403/356/1 402/354/1
f 461/357/1 403/356/1 462/355/1
f 461/357/1 404/358/1 403/356/1
f 460/359/1 404/358/1 461/357/1
f 460/359/1 405/360/1 404/358/1
f 459/361/1 405/360/1 460/359/1
f 459/361/1 406/362/1 405/360/1
f 458/363/1 406/362/1 459/361/1
f 458/363/1 407/364/1 406/362/1
f 457/365/1 407/364/1 458/363/1
f 457/365/1 408/366/1 407/364/1
f 456/367/1 408/366/1 457/365/1
f 456/367/1 409/368/1 408/366/1
f 455/369/1 409/368/1 456/367/1
f 455/369/1 410/370/1 409/368/1
f 454/371/1 410/370/1 455/369/1
f 454/371/1 411/372/1 410/370/1
f 453/373/1 411/372/1 454/371/1
f 453/373/1 412/374/1 411/372/1
f 452/375/1 412/374/1 453/373/1
f 451/376/1 412/374/1 452/375/1
f 451/376/1 413/377/1 412/374/1
f 450/378/1 413/377/1 451/376/1
f 450/378/1 414/379/1 413/377/1
f 449/380/1 414/379/1 450/378/1
f 449/380/1 415/381/1 414/379/1
f 448/382/1 415/381/1 449/380/1
f 447/383/1 415/381/1 448/382/1
f 447/383/1 416/384/1 415/381/1
f 446/385/1 416/384/1 447/383/1
f 446/385/1 417/386/1 416/384/1
f 445/387/1 417/386/1 446/385/1
f 445/387/1 418/388/1 417/386/1
f 444/389/1 418/388/1 445/387/1
f 444/389/1 419/390/1 418/388/1
f 443/391/1 419/390/1 444/389/1
f 442/392/1 419/390/1 443/391/1
f 442/392/1 420/393/1 419/390/1
f 441/394/1 420/393/1 442/392/1
f 441/394/1 421/395/1 420/393/1
f 440/396/1 421/395/1 441/394/1
f 439/397/1 421/395/1 440/396/1
f 439/397/1 422/398/1 421/395/1
f 438/399/1 422/398/1 439/397/1
f 438/399/1 423/400/1 422/398/1
f 437/401/1 423/400/1 438/399/1
f 436/402/1 423/400/1 437/401/1
f 436/402/1 424/403/1 423/400/1
f 435/404/1 424/403/1 436/402/1
f 434/405/1 424/403/1 435/404/1
f 434/405/1 425/406/1 424/403/1
f 433/407/1 425/406/1 434/405/1
f 432/408/1 425/406/1 433/407/1
f 432/408/1 426/409/1 425/406/1
f 432/408/1 427/410/1 426/409/1
f 432/408/1 428/411/1 427/410/1
f 432/408/1 429/412/1 428/411/1
f 432/408/1 430/413/1 429/412/1
f 432/408/1 431/414/1 430/413/1
f 382/415/1 384/416/1 383/417/1
f 382/415/1 385/418/1 384/416/1
f 382/415/1 386/419/1 385/418/1
f 381/420/1 386/419/1 382/415/1
f 381/420/1 387/421/1 386/419/1
f 380/422/1 387/421/1 381/420/1
f 380/422/1 388/423/1 387/421/1
f 379/424/1 388/423/1 380/422/1
f 379/424/1 389/425/1 388/423/1
f 378/426/1 389/425/1 379/424/1
f 378/426/1 390/427/1 389/425/1
f 377/428/1 390/427/1 378/426/1
f 377/428/1 391/429/1 390/427/1
f 376/430/1 391/429/1 377/428/1
f 376/430/1 392/431/1 391/429/1
f 375/432/1 392/431/1 376/430/1
f 375/432/1 393/433/1 392/431/1
f 374/434/1 393/433/1 375/432/1
f 374/434/1 394/435/1 393/433/1
f 373/436/1 394/435/1 374/434/1
f 373/436/1 395/437/1 394/435/1
f 372/438/1 395/437/1 373/436/1
f 372/438/1 396/439/1 395/437/1
f 371/440/1 396/439/1 372/438/1
f 370/441/1 396/439/1 371/440/1
f 370/441/1 323/146/1 396/439/1
f 369/442/1 323/146/1 370/441/1
f 369/442/1 324/443/1 323/146/1
f 368/444/1 324/443/1 369/442/1
f 368/444/1 325/445/1 324/443/1
f 367/446/1 325/445/1 368/444/1
f 367/446/1 326/447/1 325/445/1
f 366/448/1 326/447/1 367/446/1
f 366/448/1 327/449/1 326/447/1
f 365/450/1 327/449/1 366/448/1
f 365/450/1 328/451/1 327/449/1
f 364/452/1 328/451/1 365/450/1
f 364/452/1 329/453/1 328/451/1
f 363/454/1 329/453/1 364/452/1
f 363/454/1 330/455/1 329/453/1
f 362/456/1 330/455/1 363/454/1
f 362/456/1 331/457/1 330/455/1
f 361/458/1 331/457/1 362/456/1
f 361/458/1 332/459/1 331/457/1
f 360/460/1 332/459/1 361/458/1
f 360/460/1 333/461/1 332/459/1
f 359/462/1 333/461/1 360/460/1
f 359/462/1 334/463/1 333/461/1
f 358/464/1 334/463/1 359/462/1
f 358/464/1 335/465/1 334/463/1
f 358/464/1 336/466/1 335/465/1
f 357/467/1 336/466/1 358/464/1
f 357/467/1 337/468/1 336/466/1
f 356/469/1 337/468/1 357/467/1
f 356/469/1 338/470/1 337/468/1
f 355/471/1 338/470/1 356/469/1
f 355/471/1 339/472/1 338/470/1
f 354/473/1 339/472/1 355/471/1
f 354/473/1 340/474/1 339/472/1
f 353/475/1 340/474/1 354/473/1
f 353/475/1 341/476/1 340/474/1
f 352/477/1 341/476/1 353/475/1
f 352/477/1 342/478/1 341/476/1
f 351/479/1 342/478/1 352/477/1
f 351/479/1 343/480/1 342/478/1
f 350/481/1 343/480/1 351/479/1
f 350/481/1 344/482/1 343/480/1
f 349/483/1 344/482/1 350/481/1
f 349/483/1 345/484/1 344/482/1
f 348/485/1 345/484/1 349/483/1
f 348/485/1 346/486/1 345/484/1
f 347/487/1 346/486/1 348/485/1
f 505/488/1 507/489/1 506/490/1
f 505/488/1 508/491/1 507/489/1
f 505/488/1 509/492/1 508/491/1
f 504/493/1 509/492/1 505/488/1
f 504/493/1 510/494/1 509/492/1
f 503/495/1 510/494/1 504/493/1
f 503/495/1 511/496/1 510/494/1
f 502/497/1 511/496/1 503/495/1
f 502/497/1 512/498/1 511/496/1
f 501/499/1 512/498/1 502/497/1
f 501/499/1 513/500/1 512/498/1
f 500/501/1 513/500/1 501/499/1
f 500/501/1 514/502/1 513/500/1
f 499/503/1 514/502/1 500/501/1
f 499/503/1 515/504/1 514/502/1
f 498/505/1 515/504/1 499/503/1
f 498/505/1 516/506/1 515/504/1
f 497/507/1 516/506/1 498/505/1
f 497/507/1 517/139/1 516/506/1
f 496/508/1 517/139/1 497/507/1
f 496/508/1 518/509/1 517/139/1
f 495/146/1 518/509/1 496/508/1
f 495/146/1 519/510/1 518/509/1
f 583/70/1 519/510/1 495/146/1
f 582/511/1 519/510/1 583/70/1
f 582/511/1 520/512/1 519/510/1
f 581/513/1 520/512/1 582/511/1
f 580/514/1 520/512/1 581/513/1
f 579/515/1 520/512/1 580/514/1
f 579/515/1 521/516/1 520/512/1
f 579/515/1 522/517/1 521/516/1
f 578/518/1 522/517/1 579/515/1
f 578/518/1 523/519/1 522/517/1
f 578/518/1 524/520/1 523/519/1
f 578/518/1 525/521/1 524/520/1
f 578/518/1 526/522/1 525/521/1
f 577/523/1 545/524/1 578/518/1
f 545/524/1 526/522/1 578/518/1
f 545/524/1 527/525/1 526/522/1
f 577/523/1 546/526/1 545/524/1
f 544/527/1 527/525/1 545/524/1
f 544/527/1 528/528/1 527/525/1
f 543/529/1 528/528/1 544/527/1
f 543/529/1 529/530/1 528/528/1
f 542/531/1 529/530/1 543/529/1
f 541/532/1 529/530/1 542/531/1
f 541/532/1 530/533/1 529/530/1
f 540/534/1 530/533/1 541/532/1
f 540/534/1 531/535/1 530/533/1
f 576/536/1 546/526/1 577/523/1
f 539/23/1 531/535/1 540/534/1
f 539/23/1 532/537/1 531/535/1
f 538/538/1 532/537/1 539/23/1
f 538/538/1 537/539/1 532/537/1
f 537/539/1 536/540/1 532/537/1
f 536/540/1 535/541/1 532/537/1
f 535/541/1 534/542/1 532/537/1
f 534/542/1 533/543/1 532/537/1
f 575/544/1 546/526/1 576/536/1
f 574/545/1 546/526/1 575/544/1
f 573/546/1 546/526/1 574/545/1
f 572/547/1 546/526/1 573/546/1
f 571/548/1 546/526/1 572/547/1
f 570/549/1 546/526/1 571/548/1
f 570/549/1 547/550/1 546/526/1
f 570/549/1 548/551/1 547/550/1
f 569/552/1 548/551/1 570/549/1
f 569/552/1 549/553/1 548/551/1
f 568/554/1 549/553/1 569/552/1
f 568/554/1 550/555/1 549/553/1
f 567/556/1 550/555/1 568/554/1
f 567/556/1 551/557/1 550/555/1
f 566/558/1 551/557/1 567/556/1
f 566/558/1 552/559/1 551/557/1
f 565/560/1 552/559/1 566/558/1
f 565/560/1 553/561/1 552/559/1
f 564/562/1 553/561/1 565/560/1
f 564/562/1 554/563/1 553/561/1
f 563/564/1 554/563/1 564/562/1
f 563/564/1 555/565/1 554/563/1
f 562/566/1 555/565/1 563/564/1
f 562/566/1 556/567/1 555/565/1
f 561/52/1 556/567/1 562/566/1
f 561/52/1 557/568/1 556/567/1
f 560/569/1 557/568/1 561/52/1
f 560/569/1 558/570/1 557/568/1
f 559/571/1 558/570/1 560/569/1
f 644/572/1 646/573/1 645/574/1
f 606/575/1 608/576/1 607/577/1
f 605/578/1 608/576/1 606/575/1
f 644/572/1 647/579/1 646/573/1
f 604/580/1 608/576/1 605/578/1
f 644/572/1 648/581/1 647/579/1
f 603/582/1 608/576/1 604/580/1
f 644/572/1 649/583/1 648/581/1
f 602/584/1 608/576/1 603/582/1
f 644/572/1 650/585/1 649/583/1
f 601/586/1 608/576/1 602/584/1
f 644/572/1 651/587/1 650/585/1
f 600/588/1 608/576/1 601/586/1
f 644/572/1 652/589/1 651/587/1
f 599/590/1 608/576/1 600/588/1
f 644/572/1 653/591/1 652/589/1
f 598/592/1 608/576/1 599/590/1
f 644/572/1 654/593/1 653/591/1
f 597/594/1 608/576/1 598/592/1
f 644/572/1 655/595/1 654/593/1
f 596/596/1 608/576/1 597/594/1
f 644/572/1 656/597/1 655/595/1
f 595/598/1 608/576/1 596/596/1
f 644/572/1 657/70/1 656/597/1
f 644/572/1 584/146/1 657/70/1
f 644/572/1 585/599/1 584/146/1
f 644/572/1 586/600/1 585/599/1
f 644/572/1 587/601/1 586/600/1
f 644/572/1 588/602/1 587/601/1
f 644/572/1 589/603/1 588/602/1
f 644/572/1 590/604/1 589/603/1
f 644/572/1 591/605/1 590/604/1
f 644/572/1 592/606/1 591/605/1
f 644/572/1 593/607/1 592/606/1
f 644/572/1 594/608/1 593/607/1
f 644/572/1 595/598/1 594/608/1
f 644/572/1 643/609/1 595/598/1
f 643/609/1 642/610/1 595/598/1
f 642/610/1 641/611/1 595/598/1
f 641/611/1 640/612/1 595/598/1
f 640/612/1 639/613/1 595/598/1
f 639/613/1 638/614/1 595/598/1
f 638/614/1 637/615/1 595/598/1
f 637/615/1 636/616/1 595/598/1
f 636/616/1 635/617/1 595/598/1
f 635/617/1 634/618/1 595/598/1
f 634/618/1 633/619/1 595/598/1
f 633/619/1 632/620/1 595/598/1
f 632/620/1 631/621/1 595/598/1
f 631/621/1 630/622/1 595/598/1
f 630/622/1 629/623/1 595/598/1
f 629/623/1 626/624/1 595/598/1
f 626/624/1 624/625/1 595/598/1
f 624/625/1 621/626/1 595/598/1
f 621/626/1 620/627/1 595/598/1
f 620/627/1 619/628/1 595/598/1
f 619/628/1 618/629/1 595/598/1
f 618/629/1 617/630/1 595/598/1
f 617/630/1 616/631/1 595/598/1
f 616/631/1 615/632/1 595/598/1
f 615/632/1 614/633/1 595/598/1
f 614/633/1 613/634/1 595/598/1
f 613/634/1 608/576/1 595/598/1
f 628/635/1 626/624/1 629/623/1
f 627/636/1 626/624/1 628/635/1
f 625/637/1 624/625/1 626/624/1
f 623/638/1 621/626/1 624/625/1
f 622/639/1 621/626/1 623/638/1
f 612/640/3 608/576/3 613/634/3
f 611/641/2 608/576/2 612/640/2
f 610/642/1 608/576/1 611/641/1
f 609/643/1 608/576/1 610/642/1
f 730/644/1 732/645/1 731/646/1
f 729/647/1 732/645/1 730/644/1
f 694/648/1 696/649/1 695/650/1
f 694/648/1 697/651/1 696/649/1
f 728/652/1 732/645/1 729/647/1
f 694/648/1 698/653/1 697/651/1
f 727/654/1 732/645/1 728/652/1
f 694/648/1 699/655/1 698/653/1
f 726/656/1 732/645/1 727/654/1
f 694/648/1 700/657/1 699/655/1
f 725/658/1 732/645/1 726/656/1
f 694/648/1 701/659/1 700/657/1
f 724/660/1 732/645/1 725/658/1
f 694/648/1 702/661/1 701/659/1
f 723/662/1 732/645/1 724/660/1
f 694/648/1 703/663/1 702/661/1
f 722/664/1 732/645/1 723/662/1
f 694/648/1 704/665/1 703/663/1
f 721/666/1 732/645/1 722/664/1
f 694/648/1 705/667/1 704/665/1
f 720/668/1 732/645/1 721/666/1
f 694/648/1 706/669/1 705/667/1
f 719/670/1 732/645/1 720/668/1
f 694/648/1 707/671/1 706/669/1
f 694/648/1 708/672/1 707/671/1
f 694/648/1 709/673/1 708/672/1
f 694/648/1 710/674/1 709/673/1
f 694/648/1 711/675/1 710/674/1
f 694/648/1 712/676/1 711/675/1
f 694/648/1 713/677/1 712/676/1
f 694/648/1 714/678/1 713/677/1
f 694/648/1 715/679/1 714/678/1
f 694/648/1 716/680/1 715/679/1
f 694/648/1 717/681/1 716/680/1
f 694/648/1 718/682/1 717/681/1
f 694/648/1 719/670/1 718/682/1
f 694/648/1 732/645/1 719/670/1
f 694/648/1 733/683/1 732/645/1
f 694/648/1 734/684/1 733/683/1
f 694/648/1 735/685/1 734/684/1
f 694/648/1 736/686/1 735/685/1
f 694/648/1 737/687/1 736/686/1
f 694/648/1 738/688/1 737/687/1
f 694/648/1 739/689/1 738/688/1
f 694/648/1 740/690/1 739/689/1
f 694/648/1 741/691/1 740/690/1
f 694/648/1 742/692/1 741/691/1
f 694/648/1 743/693/1 742/692/1
f 694/648/1 744/694/1 743/693/1
f 694/648/1 688/695/1 744/694/1
f 688/695/1 687/696/1 744/694/1
f 687/696/1 686/697/1 744/694/1
f 686/697/1 685/698/1 744/694/1
f 685/698/1 684/699/1 744/694/1
f 684/699/1 683/700/1 744/694/1
f 683/700/1 745/701/1 744/694/1
f 683/700/1 682/702/1 745/701/1
f 682/702/1 681/703/1 745/701/1
f 681/703/1 680/704/1 745/701/1
f 680/704/1 679/705/1 745/701/1
f 679/705/1 678/706/1 745/701/1
f 678/706/1 677/707/1 745/701/1
f 677/707/1 676/708/1 745/701/1
f 676/708/1 675/709/1 745/701/1
f 675/709/1 674/710/1 745/701/1
f 674/710/1 673/711/1 745/701/1
f 673/711/1 672/712/1 745/701/1
f 672/712/1 670/713/1 745/701/1
f 670/713/1 746/714/1 745/701/1
f 671/715/4 670/713/4 672/712/4
f 669/716/1 746/714/1 670/713/1
f 694/648/5 689/717/5 688/695/5
f 694/648/1 690/718/1 689/717/1
f 694/648/1 691/719/1 690/718/1
f 694/648/1 692/720/1 691/719/1
f 694/648/1 693/721/1 692/720/1
f 668/722/1 746/714/1 669/716/1
f 668/722/1 747/723/1 746/714/1
f 667/724/1 747/723/1 668/722/1
f 667/724/1 748/725/1 747/723/1
f 666/726/1 748/725/1 667/724/1
f 666/726/1 749/727/1 748/725/1
f 665/728/1 749/727/1 666/726/1
f 665/728/1 750/729/1 749/727/1
f 664/730/1 750/729/1 665/728/1
f 664/730/1 751/731/1 750/729/1
f 663/732/1 751/731/1 664/730/1
f 663/732/1 752/733/1 751/731/1
f 662/734/1 752/733/1 663/732/1
f 662/734/1 753/735/1 752/733/1
f 661/736/1 753/735/1 662/734/1
f 661/736/1 754/737/1 753/735/1
f 660/738/1 754/737/1 661/736/1
f 660/738/1 755/739/1 754/737/1
f 659/740/1 755/739/1 660/738/1
f 659/740/1 756/741/1 755/739/1
f 658/146/1 756/741/1 659/740/1
f 806/742/1 808/743/1 807/744/1
f 806/742/1 809/745/1 808/743/1
f 806/742/1 810/746/1 809/745/1
f 768/747/1 770/748/1 769/749/1
f 806/742/1 811/750/1 810/746/1
f 767/751/1 770/748/1 768/747/1
f 766/752/1 770/748/1 767/751/1
f 806/742/1 812/753/1 811/750/1
f 765/754/1 770/748/1 766/752/1
f 806/742/1 813/755/1 812/753/1
f 764/756/1 770/748/1 765/754/1
f 806/742/1 814/757/1 813/755/1
f 763/758/1 770/748/1 764/756/1
f 806/742/1 815/759/1 814/757/1
f 762/760/1 770/748/1 763/758/1
f 806/742/1 816/761/1 815/759/1
f 761/762/1 770/748/1 762/760/1
f 806/742/1 817/763/1 816/761/1
f 760/764/1 770/748/1 761/762/1
f 759/765/1 770/748/1 760/764/1
f 806/742/1 818/766/1 817/763/1
f 758/767/1 770/748/1 759/765/1
f 806/742/1 819/70/1 818/766/1
f 757/768/1 770/748/1 758/767/1
f 806/742/1 658/146/1 819/70/1
f 806/742/1 756/741/1 658/146/1
f 806/742/1 757/768/1 756/741/1
f 806/742/1 805/769/1 757/768/1
f 805/769/1 804/770/1 757/768/1
f 804/770/1 803/771/1 757/768/1
f 803/771/1 802/772/1 757/768/1
f 802/772/1 801/773/1 757/768/1
f 801/773/1 800/774/1 757/768/1
f 800/774/1 799/775/1 757/768/1
f 799/775/1 798/776/1 757/768/1
f 798/776/1 797/777/1 757/768/1
f 797/777/1 796/778/1 757/768/1
f 796/778/1 795/779/1 757/768/1
f 795/779/1 794/780/1 757/768/1
f 794/780/1 793/781/1 757/768/1
f 793/781/1 792/782/1 757/768/1
f 792/782/1 791/783/1 757/768/1
f 791/783/1 790/784/1 757/768/1
f 790/784/1 788/785/1 757/768/1
f 788/785/1 787/786/1 757/768/1
f 787/786/1 784/787/1 757/768/1
f 784/787/1 782/788/1 757/768/1
f 782/788/1 781/789/1 757/768/1
f 781/789/1 780/790/1 757/768/1
f 780/790/1 779/791/1 757/768/1
f 779/791/1 778/792/1 757/768/1
f 778/792/1 777/793/1 757/768/1
f 777/793/1 776/794/1 757/768/1
f 776/794/1 775/795/1 757/768/1
f 775/795/1 774/796/1 757/768/1
f 774/796/1 773/797/1 757/768/1
f 773/797/1 772/798/1 757/768/1
f 772/798/1 771/799/1 757/768/1
f 771/799/1 770/748/1 757/768/1
f 789/800/1 788/785/1 790/784/1
f 786/801/1 784/787/1 787/786/1
f 785/802/1 784/787/1 786/801/1
f 783/803/1 782/788/1 784/787/1
f 857/804/1 859/805/1 858/806/1
f 856/807/1 859/805/1 857/804/1
f 855/808/1 859/805/1 856/807/1
f 854/809/1 859/805/1 855/808/1
f 853/810/1 859/805/1 854/809/1
f 852/811/1 859/805/1 853/810/1
f 851/812/1 859/805/1 852/811/1
f 850/813/1 859/805/1 851/812/1
f 849/814/1 859/805/1 850/813/1
f 848/815/1 859/805/1 849/814/1
f 847/816/1 859/805/1 848/815/1
f 846/817/1 859/805/1 847/816/1
f 845/818/1 859/805/1 846/817/1
f 844/819/1 859/805/1 845/818/1
f 843/820/1 859/805/1 844/819/1
f 842/821/1 859/805/1 843/820/1
f 841/822/1 859/805/1 842/821/1
f 841/822/1 860/823/1 859/805/1
f 841/822/1 861/824/1 860/823/1
f 840/825/1 861/824/1 841/822/1
f 839/826/1 861/824/1 840/825/1
f 839/826/1 862/827/1 861/824/1
f 838/828/1 862/827/1 839/826/1
f 833/829/1 835/830/1 834/831/1
f 838/828/1 863/832/1 862/827/1
f 837/833/1 863/832/1 838/828/1
f 833/829/1 836/834/1 835/830/1
f 836/834/1 863/832/1 837/833/1
f 833/829/1 863/832/1 836/834/1
f 833/829/1 864/835/1 863/832/1
f 833/829/1 865/836/1 864/835/1
f 833/829/1 866/837/1 865/836/1
f 833/829/1 867/838/1 866/837/1
f 833/829/1 868/839/1 867/838/1
f 833/829/1 869/840/1 868/839/1
f 833/829/1 870/841/1 869/840/1
f 833/829/1 871/842/1 870/841/1
f 833/829/1 872/843/1 871/842/1
f 833/829/1 873/844/1 872/843/1
f 833/829/1 874/845/1 873/844/1
f 833/829/1 875/846/1 874/845/1
f 833/829/1 876/847/1 875/846/1
f 833/829/1 877/848/1 876/847/1
f 833/829/1 878/849/1 877/848/1
f 833/829/1 879/850/1 878/849/1
f 833/829/1 880/851/1 879/850/1
f 833/829/1 881/852/1 880/851/1
f 833/829/1 882/853/1 881/852/1
f 833/829/1 883/854/1 882/853/1
f 833/829/1 821/855/1 883/854/1
f 821/855/1 884/856/1 883/854/1
f 833/829/1 822/857/1 821/855/1
f 820/146/1 884/856/1 821/855/1
f 833/829/1 823/858/1 822/857/1
f 833/829/1 824/859/1 823/858/1
f 833/829/1 825/860/1 824/859/1
f 833/829/1 826/861/1 825/860/1
f 833/829/1 827/862/1 826/861/1
f 833/829/1 828/863/1 827/862/1
f 833/829/1 829/864/1 828/863/1
f 833/829/1 830/865/1 829/864/1
f 833/829/1 831/866/1 830/865/1
f 833/829/1 832/867/1 831/866/1
f 949/868/1 951/869/1 950/870/1
f 896/871/1 898/872/1 897/873/1
f 949/868/1 952/874/1 951/869/1
f 895/875/1 898/872/1 896/871/1
f 949/868/1 953/876/1 952/874/1
f 894/877/1 898/872/1 895/875/1
f 949/868/1 954/878/1 953/876/1
f 893/879/1 898/872/1 894/877/1
f 949/868/1 955/880/1 954/878/1
f 892/881/1 898/872/1 893/879/1
f 949/868/1 956/882/1 955/880/1
f 891/23/1 898/872/1 892/881/1
f 949/868/1 957/883/1 956/882/1
f 890/884/1 898/872/1 891/23/1
f 949/868/1 958/885/1 957/883/1
f 889/886/1 898/872/1 890/884/1
f 949/868/1 959/887/1 958/885/1
f 888/888/1 898/872/1 889/886/1
f 949/868/1 960/889/1 959/887/1
f 887/890/1 898/872/1 888/888/1
f 949/868/1 961/891/1 960/889/1
f 886/892/1 898/872/1 887/890/1
f 949/868/1 962/70/1 961/891/1
f 885/893/1 898/872/1 886/892/1
f 949/868/1 820/146/1 962/70/1
f 949/868/1 884/856/1 820/146/1
f 949/868/1 885/893/1 884/856/1
f 949/868/1 948/894/1 885/893/1
f 948/894/1 947/895/1 885/893/1
f 947/895/1 946/896/1 885/893/1
f 946/896/1 945/897/1 885/893/1
f 945/897/1 944/898/1 885/893/1
f 944/898/1 943/899/1 885/893/1
f 943/899/1 942/900/1 885/893/1
f 942/900/1 941/901/1 885/893/1
f 941/901/1 940/902/1 885/893/1
f 940/902/1 939/903/1 885/893/1
f 939/903/1 938/904/1 885/893/1
f 938/904/1 937/905/1 885/893/1
f 937/905/1 936/906/1 885/893/1
f 936/906/1 911/907/1 885/893/1
f 911/907/1 910/908/1 885/893/1
f 910/908/1 909/909/1 885/893/1
f 909/909/1 908/910/1 885/893/1
f 908/910/1 907/911/1 885/893/1
f 907/911/1 906/912/1 885/893/1
f 906/912/1 905/913/1 885/893/1
f 905/913/1 904/914/1 885/893/1
f 904/914/1 903/915/1 885/893/1
f 903/915/1 902/916/1 885/893/1
f 902/916/1 901/917/1 885/893/1
f 901/917/1 900/918/1 885/893/1
f 900/918/1 899/919/1 885/893/1
f 899/919/1 898/872/1 885/893/1
f 935/920/1 911/907/1 936/906/1
f 935/920/1 912/921/1 911/907/1
f 934/922/1 912/921/1 935/920/1
f 934/922/1 913/923/1 912/921/1
f 933/924/1 913/923/1 934/922/1
f 933/924/1 914/925/1 913/923/1
f 932/926/1 914/925/1 933/924/1
f 932/926/1 915/927/1 914/925/1
f 931/928/1 915/927/1 932/926/1
f 931/928/1 916/929/1 915/927/1
f 930/930/1 916/929/1 931/928/1
f 930/930/1 917/931/1 916/929/1
f 929/932/1 917/931/1 930/930/1
f 929/932/1 918/933/1 917/931/1
f 928/934/1 918/933/1 929/932/1
f 928/934/1 919/935/1 918/933/1
f 927/936/1 919/935/1 928/934/1
f 926/937/1 919/935/1 927/936/1
f 926/937/1 920/938/1 919/935/1
f 925/939/1 920/938/1 926/937/1
f 925/939/1 921/940/1 920/938/1
f 924/941/1 921/940/1 925/939/1
f 923/942/1 921/940/1 924/941/1
f 923/942/1 922/943/1 921/940/1
f 985/944/1 987/945/1 986/946/1
f 984/947/1 987/945/1 985/944/1
f 983/948/1 987/945/1 984/947/1
f 982/949/1 987/945/1 983/948/1
f 981/478/1 987/945/1 982/949/1
f 980/950/1 987/945/1 981/478/1
f 979/951/1 987/945/1 980/950/1
f 978/952/1 987/945/1 979/951/1
f 977/953/1 987/945/1 978/952/1
f 976/954/1 987/945/1 977/953/1
f 975/955/1 987/945/1 976/954/1
f 974/956/1 987/945/1 975/955/1
f 973/957/1 987/945/1 974/956/1
f 972/958/1 987/945/1 973/957/1
f 971/959/1 987/945/1 972/958/1
f 970/960/1 987/945/1 971/959/1
f 969/961/1 987/945/1 970/960/1
f 968/962/1 987/945/1 969/961/1
f 967/963/1 987/945/1 968/962/1
f 966/964/1 987/945/1 967/963/1
f 965/965/1 987/945/1 966/964/1
f 964/966/1 987/945/1 965/965/1
f 963/146/1 987/945/1 964/966/1
f 1073/967/1 987/945/1 963/146/1
f 1072/968/1 987/945/1 1073/967/1
f 1071/401/1 987/945/1 1072/968/1
f 1070/969/1 987/945/1 1071/401/1
f 1069/970/1 987/945/1 1070/969/1
f 1068/971/1 987/945/1 1069/970/1
f 1067/972/1 987/945/1 1068/971/1
f 1066/973/1 987/945/1 1067/972/1
f 1065/974/1 987/945/1 1066/973/1
f 1064/975/1 987/945/1 1065/974/1
f 1063/976/1 987/945/1 1064/975/1
f 1062/977/1 987/945/1 1063/976/1
f 1061/978/1 987/945/1 1062/977/1
f 1060/979/1 1059/980/1 1061/978/1
f 1059/980/1 1058/981/1 1061/978/1
f 1058/981/1 1057/982/1 1061/978/1
f 1057/982/1 1056/983/1 1061/978/1
f 1056/983/1 1055/984/1 1061/978/1
f 1055/984/1 1054/985/1 1061/978/1
f 1054/985/1 1053/388/1 1061/978/1
f 1053/388/1 1052/986/1 1061/978/1
f 1052/986/1 1048/987/1 1061/978/1
f 1048/987/1 992/988/1 1061/978/1
f 992/988/1 991/989/1 1061/978/1
f 991/989/1 990/990/1 1061/978/1
f 990/990/1 989/991/1 1061/978/1
f 989/991/1 988/992/1 1061/978/1
f 988/992/1 987/945/1 1061/978/1
f 1048/987/1 993/993/1 992/988/1
f 1048/987/1 994/994/1 993/993/1
f 1048/987/1 995/995/1 994/994/1
f 1048/987/1 996/996/1 995/995/1
f 1048/987/1 997/997/1 996/996/1
f 1048/987/1 998/998/1 997/997/1
f 1052/986/6 1051/999/6 1048/987/6
f 1051/999/1 1049/1000/1 1048/987/1
f 1047/1001/1 998/998/1 1048/987/1
f 1047/1001/1 999/458/1 998/998/1
f 1051/999/7 1050/1002/7 1049/1000/7
f 1047/1001/1 1000/1003/1 999/458/1
f 1046/1004/1 1000/1003/1 1047/1001/1
f 1046/1004/1 1001/1005/1 1000/1003/1
f 1045/1006/1 1001/1005/1 1046/1004/1
f 1045/1006/1 1002/1007/1 1001/1005/1
f 1044/23/1 1002/1007/1 1045/1006/1
f 1044/23/1 1003/1008/1 1002/1007/1
f 1112/1009/1 1114/1010/1 1113/1011/1
f 1043/1012/1 1003/1008/1 1044/23/1
f 1112/1009/1 1115/1013/1 1114/1010/1
f 1043/1012/1 1004/1014/1 1003/1008/1
f 1112/1009/1 1116/1015/1 1115/1013/1
f 1111/1016/1 1116/1015/1 1112/1009/1
f 1111/1016/1 1117/1017/1 1116/1015/1
f 1110/1018/1 1117/1017/1 1111/1016/1
f 1042/1019/1 1004/1014/1 1043/1012/1
f 1042/1019/1 1005/1020/1 1004/1014/1
f 1110/1018/1 1118/1021/1 1117/1017/1
f 1086/1022/1 1088/1023/1 1087/1024/1
f 1109/1025/1 1118/1021/1 1110/1018/1
f 1086/1022/1 1089/367/1 1088/1023/1
f 1109/1025/1 1119/1026/1 1118/1021/1
f 1108/1027/1 1119/1026/1 1109/1025/1
f 1086/1022/1 1090/1028/1 1089/367/1
f 1041/1029/1 1005/1020/1 1042/1019/1
f 1085/1030/1 1090/1028/1 1086/1022/1
f 1108/1027/1 1120/1031/1 1119/1026/1
f 1041/1029/1 1006/1032/1 1005/1020/1
f 1107/330/1 1120/1031/1 1108/1027/1
f 1085/1030/1 1091/1033/1 1090/1028/1
f 1084/1034/1 1091/1033/1 1085/1030/1
f 1107/330/1 1121/1035/1 1120/1031/1
f 1106/1036/1 1121/1035/1 1107/330/1
f 1084/1034/1 1092/1037/1 1091/1033/1
f 1083/1038/1 1092/1037/1 1084/1034/1
f 1106/1036/1 1122/1039/1 1121/1035/1
f 1105/1040/1 1122/1039/1 1106/1036/1
f 1040/1041/1 1006/1032/1 1041/1029/1
f 1083/1038/1 1093/1042/1 1092/1037/1
f 1040/1041/1 1007/1043/1 1006/1032/1
f 1082/1044/1 1093/1042/1 1083/1038/1
f 1104/1045/1 1122/1039/1 1105/1040/1
f 1104/1045/1 1123/1046/1 1122/1039/1
f 1082/1044/1 1094/1047/1 1093/1042/1
f 1081/1048/1 1094/1047/1 1082/1044/1
f 1103/1049/1 1123/1046/1 1104/1045/1
f 1103/1049/1 1124/1050/1 1123/1046/1
f 1080/1051/1 1094/1047/1 1081/1048/1
f 1080/1051/1 1095/1052/1 1094/1047/1
f 1039/1053/1 1007/1043/1 1040/1041/1
f 1102/1054/1 1124/1050/1 1103/1049/1
f 1102/1054/1 1125/70/1 1124/1050/1
f 1039/1053/1 1008/1055/1 1007/1043/1
f 1079/1056/1 1095/1052/1 1080/1051/1
f 1079/1056/1 1096/1057/1 1095/1052/1
f 1102/1054/1 1101/1058/1 1125/70/1
f 1101/1058/1 1100/1059/1 1125/70/1
f 1078/1060/1 1096/1057/1 1079/1056/1
f 1078/1060/1 1097/1061/1 1096/1057/1
f 1077/1062/1 1097/1061/1 1078/1060/1
f 1077/1062/1 1098/1063/1 1097/1061/1
f 1038/1064/1 1008/1055/1 1039/1053/1
f 1038/1064/1 1009/1065/1 1008/1055/1
f 1076/1066/1 1098/1063/1 1077/1062/1
f 1076/1066/1 1099/1067/1 1098/1063/1
f 1075/1068/1 1099/1067/1 1076/1066/1
f 1075/1068/1 1074/1069/1 1099/1067/1
f 1038/1064/1 1010/1070/1 1009/1065/1
f 1037/1071/1 1010/1070/1 1038/1064/1
f 1037/1071/1 1011/1072/1 1010/1070/1
f 1036/1073/1 1011/1072/1 1037/1071/1
f 1036/1073/1 1012/1074/1 1011/1072/1
f 1035/348/1 1012/1074/1 1036/1073/1
f 1035/348/1 1013/1075/1 1012/1074/1
f 1034/1076/1 1013/1075/1 1035/348/1
f 1034/1076/1 1014/1077/1 1013/1075/1
f 1033/1078/1 1014/1077/1 1034/1076/1
f 1033/1078/1 1015/1079/1 1014/1077/1
f 1033/1078/1 1016/1080/1 1015/1079/1
f 1032/1081/1 1016/1080/1 1033/1078/1
f 1032/1081/1 1017/422/1 1016/1080/1
f 1031/1082/1 1017/422/1 1032/1081/1
f 1031/1082/1 1018/1083/1 1017/422/1
f 1031/1082/1 1019/1084/1 1018/1083/1
f 1030/1085/1 1019/1084/1 1031/1082/1
f 1030/1085/1 1020/1086/1 1019/1084/1
f 1030/1085/1 1021/1087/1 1020/1086/1
f 1030/1085/1 1022/1088/1 1021/1087/1
f 1030/1085/1 1023/1089/1 1022/1088/1
f 1029/1090/1 1023/1089/1 1030/1085/1
f 1029/1090/1 1024/1091/1 1023/1089/1
f 1028/1092/1 1024/1091/1 1029/1090/1
f 1027/1093/1 1024/1091/1 1028/1092/1
f 1026/1094/1 1024/1091/1 1027/1093/1
f 1025/1095/1 1024/1091/1 1026/1094/1
f 1186/572/1 1188/573/1 1187/574/1
f 1148/575/1 1150/576/1 1149/577/1
f 1147/578/1 1150/576/1 1148/575/1
f 1186/572/1 1189/579/1 1188/573/1
f 1146/580/1 1150/576/1 1147/578/1
f 1186/572/1 1190/581/1 1189/579/1
f 1145/582/1 1150/576/1 1146/580/1
f 1186/572/1 1191/583/1 1190/581/1
f 1144/584/1 1150/576/1 1145/582/1
f 1186/572/1 1192/585/1 1191/583/1
f 1143/586/1 1150/576/1 1144/584/1
f 1186/572/1 1193/587/1 1192/585/1
f 1142/588/1 1150/576/1 1143/586/1
f 1186/572/1 1194/589/1 1193/587/1
f 1141/590/1 1150/576/1 1142/588/1
f 1186/572/1 1195/591/1 1194/589/1
f 1140/592/1 1150/576/1 1141/590/1
f 1186/572/1 1196/593/1 1195/591/1
f 1139/594/1 1150/576/1 1140/592/1
f 1186/572/1 1197/595/1 1196/593/1
f 1138/596/1 1150/576/1 1139/594/1
f 1186/572/1 1198/597/1 1197/595/1
f 1137/598/1 1150/576/1 1138/596/1
f 1186/572/1 1199/70/1 1198/597/1
f 1186/572/1 1126/146/1 1199/70/1
f 1186/572/1 1127/599/1 1126/146/1
f 1186/572/1 1128/600/1 1127/599/1
f 1186/572/1 1129/601/1 1128/600/1
f 1186/572/1 1130/602/1 1129/601/1
f 1186/572/1 1131/603/1 1130/602/1
f 1186/572/1 1132/604/1 1131/603/1
f 1186/572/1 1133/605/1 1132/604/1
f 1186/572/1 1134/606/1 1133/605/1
f 1186/572/1 1135/607/1 1134/606/1
f 1186/572/1 1136/608/1 1135/607/1
f 1186/572/1 1137/598/1 1136/608/1
f 1186/572/1 1185/609/1 1137/598/1
f 1185/609/1 1184/610/1 1137/598/1
f 1184/610/1 1183/611/1 1137/598/1
f 1183/611/1 1182/612/1 1137/598/1
f 1182/612/1 1181/613/1 1137/598/1
f 1181/613/1 1180/614/1 1137/598/1
f 1180/614/1 1179/615/1 1137/598/1
f 1179/615/1 1178/616/1 1137/598/1
f 1178/616/1 1177/617/1 1137/598/1
f 1177/617/1 1176/618/1 1137/598/1
f 1176/618/1 1175/619/1 1137/598/1
f 1175/619/1 1174/620/1 1137/598/1
f 1174/620/1 1173/621/1 1137/598/1
f 1173/621/1 1172/622/1 1137/598/1
f 1172/622/1 1171/623/1 1137/598/1
f 1171/623/1 1169/636/1 1137/598/1
f 1169/636/1 1166/625/1 1137/598/1
f 1166/625/1 1163/626/1 1137/598/1
f 1163/626/1 1162/627/1 1137/598/1
f 1162/627/1 1161/628/1 1137/598/1
f 1161/628/1 1160/629/1 1137/598/1
f 1160/629/1 1159/630/1 1137/598/1
f 1159/630/1 1158/631/1 1137/598/1
f 1158/631/1 1157/632/1 1137/598/1
f 1157/632/1 1156/633/1 1137/598/1
f 1156/633/1 1155/634/1 1137/598/1
f 1155/634/1 1150/576/1 1137/598/1
f 1170/635/1 1169/636/1 1171/623/1
f 1168/624/1 1166/625/1 1169/636/1
f 1167/637/1 1166/625/1 1168/624/1
f 1165/638/1 1163/626/1 1166/625/1
f 1164/639/1 1163/626/1 1165/638/1
f 1154/640/3 1150/576/3 1155/634/3
f 1153/641/2 1150/576/2 1154/640/2
f 1152/642/1 1150/576/1 1153/641/1
f 1151/643/1 1150/576/1 1152/642/1
f 1263/671/1 1265/1096/1 1264/1097/1
f 1263/671/1 1266/1098/1 1265/1096/1
f 1263/671/1 1267/1099/1 1266/1098/1
f 1263/671/1 1268/1100/1 1267/1099/1
f 1262/1101/1 1268/1100/1 1263/671/1
f 1261/1102/1 1268/1100/1 1262/1101/1
f 1261/1102/1 1269/422/1 1268/1100/1
f 1260/1103/1 1269/422/1 1261/1102/1
f 1260/1103/1 1270/1104/1 1269/422/1
f 1259/1105/1 1270/1104/1 1260/1103/1
f 1259/1105/1 1271/1106/1 1270/1104/1
f 1258/1107/1 1271/1106/1 1259/1105/1
f 1258/1107/1 1272/678/1 1271/1106/1
f 1257/1108/1 1272/678/1 1258/1107/1
f 1257/1108/1 1273/1109/1 1272/678/1
f 1256/1110/1 1273/1109/1 1257/1108/1
f 1256/1110/1 1274/1111/1 1273/1109/1
f 1255/1112/1 1274/1111/1 1256/1110/1
f 1255/1112/1 1275/1113/1 1274/1111/1
f 1254/657/1 1275/1113/1 1255/1112/1
f 1254/657/1 1276/1114/1 1275/1113/1
f 1253/1115/1 1276/1114/1 1254/657/1
f 1253/1115/1 1277/1116/1 1276/1114/1
f 1252/1117/1 1277/1116/1 1253/1115/1
f 1251/1118/1 1277/1116/1 1252/1117/1
f 1250/1119/1 1277/1116/1 1251/1118/1
f 1300/1120/1 1302/1121/1 1301/1122/1
f 1299/685/1 1302/1121/1 1300/1120/1
f 1298/1123/1 1302/1121/1 1299/685/1
f 1297/1124/1 1302/1121/1 1298/1123/1
f 1296/1125/1 1302/1121/1 1297/1124/1
f 1295/1126/1 1302/1121/1 1296/1125/1
f 1294/1127/1 1302/1121/1 1295/1126/1
f 1293/1128/1 1302/1121/1 1294/1127/1
f 1292/348/1 1302/1121/1 1293/1128/1
f 1291/1129/1 1302/1121/1 1292/348/1
f 1290/652/1 1302/1121/1 1291/1129/1
f 1289/1130/1 1302/1121/1 1290/652/1
f 1288/1131/1 1302/1121/1 1289/1130/1
f 1287/1132/1 1302/1121/1 1288/1131/1
f 1286/1133/1 1302/1121/1 1287/1132/1
f 1285/1134/1 1302/1121/1 1286/1133/1
f 1284/1135/1 1302/1121/1 1285/1134/1
f 1283/1136/1 1302/1121/1 1284/1135/1
f 1282/1137/1 1302/1121/1 1283/1136/1
f 1281/666/1 1302/1121/1 1282/1137/1
f 1280/1138/1 1302/1121/1 1281/666/1
f 1279/1139/1 1302/1121/1 1280/1138/1
f 1278/1140/1 1302/1121/1 1279/1139/1
f 1277/1116/1 1302/1121/1 1278/1140/1
f 1250/1119/1 1302/1121/1 1277/1116/1
f 1249/1141/1 1302/1121/1 1250/1119/1
f 1248/1142/1 1302/1121/1 1249/1141/1
f 1247/1143/1 1302/1121/1 1248/1142/1
f 1246/458/1 1302/1121/1 1247/1143/1
f 1245/721/1 1302/1121/1 1246/458/1
f 1245/721/1 1303/1144/1 1302/1121/1
f 1245/721/1 1304/1145/1 1303/1144/1
f 1245/721/1 1305/1146/1 1304/1145/1
f 1244/1147/1 1305/1146/1 1245/721/1
f 1244/1147/1 1306/1148/1 1305/1146/1
f 1244/1147/1 1307/1149/1 1306/1148/1
f 1244/1147/1 1308/692/1 1307/1149/1
f 1243/1150/1 1308/692/1 1244/1147/1
f 1243/1150/1 1309/1151/1 1308/692/1
f 1243/1150/1 1310/1152/1 1309/1151/1
f 1243/1150/1 1311/1153/1 1310/1152/1
f 1242/1154/1 1311/1153/1 1243/1150/1
f 1242/1154/1 1312/1155/1 1311/1153/1
f 1242/1154/1 1313/1156/1 1312/1155/1
f 1242/1154/1 1314/1157/1 1313/1156/1
f 1241/1158/1 1314/1157/1 1242/1154/1
f 1241/1158/1 1315/388/1 1314/1157/1
f 1240/1159/1 1315/388/1 1241/1158/1
f 1239/1160/1 1315/388/1 1240/1159/1
f 1238/1161/1 1315/388/1 1239/1160/1
f 1237/1162/1 1315/388/1 1238/1161/1
f 1236/697/1 1315/388/1 1237/1162/1
f 1235/1163/1 1315/388/1 1236/697/1
f 1234/1164/1 1315/388/1 1235/1163/1
f 1233/1165/1 1315/388/1 1234/1164/1
f 1232/1166/1 1315/388/1 1233/1165/1
f 1231/1167/1 1315/388/1 1232/1166/1
f 1230/1168/1 1315/388/1 1231/1167/1
f 1229/1169/1 1315/388/1 1230/1168/1
f 1228/1170/1 1315/388/1 1229/1169/1
f 1227/705/1 1315/388/1 1228/1170/1
f 1226/1171/1 1315/388/1 1227/705/1
f 1225/1172/1 1224/1173/1 1226/1171/1
f 1224/1173/1 1223/478/1 1226/1171/1
f 1223/478/1 1222/1174/1 1226/1171/1
f 1222/1174/1 1221/1175/1 1226/1171/1
f 1221/1175/1 1220/1176/1 1226/1171/1
f 1220/1176/1 1219/1177/1 1226/1171/1
f 1219/1177/1 1218/712/1 1226/1171/1
f 1218/712/1 1217/1178/1 1226/1171/1
f 1217/1178/1 1216/1179/1 1226/1171/1
f 1216/1179/1 1215/1180/1 1226/1171/1
f 1215/1180/1 1214/1181/1 1226/1171/1
f 1214/1181/1 1213/1182/1 1226/1171/1
f 1213/1182/1 1315/388/1 1226/1171/1
f 1213/1182/1 1212/1183/1 1315/388/1
f 1212/1183/1 1316/1184/1 1315/388/1
f 1211/1185/1 1316/1184/1 1212/1183/1
f 1328/1186/1 1330/1187/1 1329/1188/1
f 1327/1189/1 1330/1187/1 1328/1186/1
f 1326/741/1 1330/1187/1 1327/1189/1
f 1325/1190/1 1330/1187/1 1326/741/1
f 1324/1191/1 1330/1187/1 1325/1190/1
f 1323/1192/1 1330/1187/1 1324/1191/1
f 1322/1193/1 1330/1187/1 1323/1192/1
f 1321/1194/1 1330/1187/1 1322/1193/1
f 1320/1195/1 1330/1187/1 1321/1194/1
f 1319/1196/1 1330/1187/1 1320/1195/1
f 1318/1197/1 1330/1187/1 1319/1196/1
f 1317/727/1 1330/1187/1 1318/1197/1
f 1316/1184/1 1330/1187/1 1317/727/1
f 1211/1185/1 1330/1187/1 1316/1184/1
f 1210/1198/1 1330/1187/1 1211/1185/1
f 1209/728/1 1330/1187/1 1210/1198/1
f 1208/1199/1 1330/1187/1 1209/728/1
f 1208/1199/1 1331/1200/1 1330/1187/1
f 1208/1199/1 1332/1201/1 1331/1200/1
f 1208/1199/1 1333/1202/1 1332/1201/1
f 1208/1199/1 1334/1203/1 1333/1202/1
f 1208/1199/1 1335/758/1 1334/1203/1
f 1208/1199/1 1336/1204/1 1335/758/1
f 1207/1205/1 1336/1204/1 1208/1199/1
f 1207/1205/1 1337/1206/1 1336/1204/1
f 1207/1205/1 1338/401/1 1337/1206/1
f 1207/1205/1 1339/1207/1 1338/401/1
f 1206/1208/1 1339/1207/1 1207/1205/1
f 1206/1208/1 1340/1209/1 1339/1207/1
f 1206/1208/1 1341/1210/1 1340/1209/1
f 1206/1208/1 1342/1211/1 1341/1210/1
f 1205/1212/1 1342/1211/1 1206/1208/1
f 1205/1212/1 1343/1213/1 1342/1211/1
f 1204/1214/1 1343/1213/1 1205/1212/1
f 1203/1215/1 1343/1213/1 1204/1214/1
f 1202/1216/1 1343/1213/1 1203/1215/1
f 1201/1217/1 1343/1213/1 1202/1216/1
f 1200/146/1 1343/1213/1 1201/1217/1
f 1407/70/1 1343/1213/1 1200/146/1
f 1406/1218/1 1343/1213/1 1407/70/1
f 1405/1219/1 1343/1213/1 1406/1218/1
f 1404/1220/1 1343/1213/1 1405/1219/1
f 1403/1221/1 1343/1213/1 1404/1220/1
f 1402/1222/1 1343/1213/1 1403/1221/1
f 1401/1223/1 1343/1213/1 1402/1222/1
f 1400/1224/1 1343/1213/1 1401/1223/1
f 1399/1225/1 1343/1213/1 1400/1224/1
f 1398/753/1 1343/1213/1 1399/1225/1
f 1397/1226/1 1343/1213/1 1398/753/1
f 1396/1227/1 1343/1213/1 1397/1226/1
f 1395/1228/1 1343/1213/1 1396/1227/1
f 1394/1229/1 1393/1230/1 1395/1228/1
f 1393/1230/1 1392/1231/1 1395/1228/1
f 1392/1231/1 1391/1232/1 1395/1228/1
f 1391/1232/1 1390/1233/1 1395/1228/1
f 1390/1233/1 1389/769/1 1395/1228/1
f 1389/769/1 1388/1234/1 1395/1228/1
f 1388/1234/1 1387/1235/1 1395/1228/1
f 1387/1235/1 1386/1236/1 1395/1228/1
f 1386/1236/1 1385/1237/1 1395/1228/1
f 1385/1237/1 1384/330/1 1395/1228/1
f 1384/330/1 1381/1238/1 1395/1228/1
f 1381/1238/1 1380/776/1 1395/1228/1
f 1380/776/1 1379/1239/1 1395/1228/1
f 1379/1239/1 1378/1240/1 1395/1228/1
f 1378/1240/1 1377/1241/1 1395/1228/1
f 1377/1241/1 1376/1242/1 1395/1228/1
f 1376/1242/1 1375/1243/1 1395/1228/1
f 1375/1243/1 1374/1244/1 1395/1228/1
f 1374/1244/1 1373/1245/1 1395/1228/1
f 1373/1245/1 1372/1246/1 1395/1228/1
f 1372/1246/1 1371/783/1 1395/1228/1
f 1371/783/1 1370/1247/1 1395/1228/1
f 1370/1247/1 1343/1213/1 1395/1228/1
f 1370/1247/1 1344/748/1 1343/1213/1
f 1369/1248/1 1344/748/1 1370/1247/1
f 1384/330/8 1383/1249/8 1381/1238/8
f 1383/1249/1 1382/1250/1 1381/1238/1
f 1369/1248/1 1345/1251/1 1344/748/1
f 1369/1248/1 1346/1252/1 1345/1251/1
f 1368/1253/1 1346/1252/1 1369/1248/1
f 1368/1253/1 1347/1254/1 1346/1252/1
f 1367/1255/1 1347/1254/1 1368/1253/1
f 1367/1255/1 1348/1256/1 1347/1254/1
f 1366/1257/1 1348/1256/1 1367/1255/1
f 1366/1257/1 1349/1258/1 1348/1256/1
f 1365/1259/1 1349/1258/1 1366/1257/1
f 1365/1259/1 1350/1260/1 1349/1258/1
f 1364/1261/1 1350/1260/1 1365/1259/1
f 1364/1261/1 1351/1262/1 1350/1260/1
f 1363/1263/1 1351/1262/1 1364/1261/1
f 1363/1263/1 1352/1264/1 1351/1262/1
f 1362/787/1 1352/1264/1 1363/1263/1
f 1362/787/1 1353/793/1 1352/1264/1
f 1361/367/1 1353/793/1 1362/787/1
f 1361/367/1 1354/1265/1 1353/793/1
f 1360/1266/1 1354/1265/1 1361/367/1
f 1360/1266/1 1355/1267/1 1354/1265/1
f 1359/1268/1 1355/1267/1 1360/1266/1
f 1359/1268/1 1356/1269/1 1355/1267/1
f 1359/1268/1 1357/1270/1 1356/1269/1
f 1358/1271/1 1357/1270/1 1359/1268/1
f 1416/571/1 1408/146/1 1417/556/1
f 1408/146/1 1418/544/1 1417/556/1
f 1408/146/1 1419/70/1 1418/544/1
f 1416/571/1 1409/495/1 1408/146/1
f 1416/571/1 1412/525/1 1409/495/1
f 1412/525/1 1410/496/1 1409/495/1
f 1412/525/1 1411/510/1 1410/496/1
f 1416/571/1 1413/541/1 1412/525/1
f 1416/571/1 1414/529/1 1413/541/1
f 1416/571/1 1415/557/1 1414/529/1
f 1430/488/1 1432/489/1 1431/490/1
f 1430/488/1 1433/491/1 1432/489/1
f 1430/488/1 1434/492/1 1433/491/1
f 1429/493/1 1434/492/1 1430/488/1
f 1429/493/1 1435/494/1 1434/492/1
f 1428/495/1 1435/494/1 1429/493/1
f 1428/495/1 1436/496/1 1435/494/1
f 1427/497/1 1436/496/1 1428/495/1
f 1427/497/1 1437/498/1 1436/496/1
f 1426/499/1 1437/498/1 1427/497/1
f 1426/499/1 1438/500/1 1437/498/1
f 1425/501/1 1438/500/1 1426/499/1
f 1425/501/1 1439/502/1 1438/500/1
f 1424/503/1 1439/502/1 1425/501/1
f 1424/503/1 1440/504/1 1439/502/1
f 1423/505/1 1440/504/1 1424/503/1
f 1423/505/1 1441/506/1 1440/504/1
f 1422/507/1 1441/506/1 1423/505/1
f 1422/507/1 1442/139/1 1441/506/1
f 1421/508/1 1442/139/1 1422/507/1
f 1421/508/1 1443/509/1 1442/139/1
f 1420/146/1 1443/509/1 1421/508/1
f 1420/146/1 1444/510/1 1443/509/1
f 1508/70/1 1444/510/1 1420/146/1
f 1507/511/1 1444/510/1 1508/70/1
f 1507/511/1 1445/512/1 1444/510/1
f 1506/513/1 1445/512/1 1507/511/1
f 1505/514/1 1445/512/1 1506/513/1
f 1504/515/1 1445/512/1 1505/514/1
f 1504/515/1 1446/516/1 1445/512/1
f 1504/515/1 1447/517/1 1446/516/1
f 1503/518/1 1447/517/1 1504/515/1
f 1503/518/1 1448/519/1 1447/517/1
f 1503/518/1 1449/520/1 1448/519/1
f 1503/518/1 1450/521/1 1449/520/1
f 1503/518/1 1451/522/1 1450/521/1
f 1502/523/1 1470/524/1 1503/518/1
f 1470/524/1 1451/522/1 1503/518/1
f 1470/524/1 1452/525/1 1451/522/1
f 1502/523/1 1471/526/1 1470/524/1
f 1469/527/1 1452/525/1 1470/524/1
f 1469/527/1 1453/528/1 1452/525/1
f 1468/529/1 1453/528/1 1469/527/1
f 1468/529/1 1454/530/1 1453/528/1
f 1467/531/1 1454/530/1 1468/529/1
f 1466/532/1 1454/530/1 1467/531/1
f 1466/532/1 1455/533/1 1454/530/1
f 1465/534/1 1455/533/1 1466/532/1
f 1465/534/1 1456/535/1 1455/533/1
f 1501/536/1 1471/526/1 1502/523/1
f 1464/23/1 1456/535/1 1465/534/1
f 1464/23/1 1457/537/1 1456/535/1
f 1463/538/1 1457/537/1 1464/23/1
f 1463/538/1 1462/539/1 1457/537/1
f 1462/539/1 1461/540/1 1457/537/1
f 1461/540/1 1460/541/1 1457/537/1
f 1460/541/1 1459/542/1 1457/537/1
f 1459/542/1 1458/543/1 1457/537/1
f 1500/544/1 1471/526/1 1501/536/1
f 1499/545/1 1471/526/1 1500/544/1
f 1498/546/1 1471/526/1 1499/545/1
f 1497/547/1 1471/526/1 1498/546/1
f 1496/548/1 1471/526/1 1497/547/1
f 1495/549/1 1471/526/1 1496/548/1
f 1495/549/1 1472/550/1 1471/526/1
f 1495/549/1 1473/551/1 1472/550/1
f 1494/552/1 1473/551/1 1495/549/1
f 1494/552/1 1474/553/1 1473/551/1
f 1493/554/1 1474/553/1 1494/552/1
f 1493/554/1 1475/555/1 1474/553/1
f 1492/556/1 1475/555/1 1493/554/1
f 1492/556/1 1476/557/1 1475/555/1
f 1491/558/1 1476/557/1 1492/556/1
f 1491/558/1 1477/559/1 1476/557/1
f 1490/560/1 1477/559/1 1491/558/1
f 1490/560/1 1478/561/1 1477/559/1
f 1489/562/1 1478/561/1 1490/560/1
f 1489/562/1 1479/563/1 1478/561/1
f 1488/564/1 1479/563/1 1489/562/1
f 1488/564/1 1480/565/1 1479/563/1
f 1487/566/1 1480/565/1 1488/564/1
f 1487/566/1 1481/567/1 1480/565/1
f 1486/52/1 1481/567/1 1487/566/1
f 1486/52/1 1482/568/1 1481/567/1
f 1485/569/1 1482/568/1 1486/52/1
f 1485/569/1 1483/570/1 1482/568/1
f 1484/571/1 1483/570/1 1485/569/1
f 1569/572/1 1571/573/1 1570/574/1
f 1531/575/1 1533/576/1 1532/577/1
f 1569/572/1 1572/579/1 1571/573/1
f 1530/578/1 1533/576/1 1531/575/1
f 1569/572/1 1573/581/1 1572/579/1
f 1529/580/1 1533/576/1 1530/578/1
f 1569/572/1 1574/583/1 1573/581/1
f 1528/582/1 1533/576/1 1529/580/1
f 1569/572/1 1575/585/1 1574/583/1
f 1527/584/1 1533/576/1 1528/582/1
f 1569/572/1 1576/587/1 1575/585/1
f 1526/586/1 1533/576/1 1527/584/1
f 1569/572/1 1577/589/1 1576/587/1
f 1525/588/1 1533/576/1 1526/586/1
f 1569/572/1 1578/591/1 1577/589/1
f 1524/590/1 1533/576/1 1525/588/1
f 1569/572/1 1579/593/1 1578/591/1
f 1523/592/1 1533/576/1 1524/590/1
f 1569/572/1 1580/595/1 1579/593/1
f 1522/594/1 1533/576/1 1523/592/1
f 1569/572/1 1581/597/1 1580/595/1
f 1521/596/1 1533/576/1 1522/594/1
f 1569/572/1 1582/70/1 1581/597/1
f 1520/598/1 1533/576/1 1521/596/1
f 1569/572/1 1509/146/1 1582/70/1
f 1569/572/1 1510/599/1 1509/146/1
f 1569/572/1 1511/600/1 1510/599/1
f 1569/572/1 1512/601/1 1511/600/1
f 1569/572/1 1513/602/1 1512/601/1
f 1569/572/1 1514/603/1 1513/602/1
f 1569/572/1 1515/604/1 1514/603/1
f 1569/572/1 1516/605/1 1515/604/1
f 1569/572/1 1517/606/1 1516/605/1
f 1569/572/1 1518/607/1 1517/606/1
f 1569/572/1 1519/608/1 1518/607/1
f 1569/572/1 1520/598/1 1519/608/1
f 1569/572/1 1568/609/1 1520/598/1
f 1568/609/1 1567/610/1 1520/598/1
f 1567/610/1 1566/611/1 1520/598/1
f 1566/611/1 1565/612/1 1520/598/1
f 1565/612/1 1564/613/1 1520/598/1
f 1564/613/1 1563/614/1 1520/598/1
f 1563/614/1 1562/615/1 1520/598/1
f 1562/615/1 1561/616/1 1520/598/1
f 1561/616/1 1560/617/1 1520/598/1
f 1560/617/1 1559/618/1 1520/598/1
f 1559/618/1 1558/619/1 1520/598/1
f 1558/619/1 1557/620/1 1520/598/1
f 1557/620/1 1556/621/1 1520/598/1
f 1556/621/1 1555/622/1 1520/598/1
f 1555/622/1 1554/623/1 1520/598/1
f 1554/623/1 1552/636/1 1520/598/1
f 1552/636/1 1549/625/1 1520/598/1
f 1549/625/1 1546/626/1 1520/598/1
f 1546/626/1 1545/627/1 1520/598/1
f 1545/627/1 1544/628/1 1520/598/1
f 1544/628/1 1543/629/1 1520/598/1
f 1543/629/1 1542/630/1 1520/598/1
f 1542/630/1 1541/631/1 1520/598/1
f 1541/631/1 1540/632/1 1520/598/1
f 1540/632/1 1539/633/1 1520/598/1
f 1539/633/1 1538/634/1 1520/598/1
f 1538/634/1 1533/576/1 1520/598/1
f 1553/635/4 1552/636/4 1554/623/4
f 1551/624/1 1549/625/1 1552/636/1
f 1550/637/1 1549/625/1 1551/624/1
f 1548/638/1 1546/626/1 1549/625/1
f 1547/639/1 1546/626/1 1548/638/1
f 1537/640/1 1533/576/1 1538/634/1
f 1536/641/1 1533/576/1 1537/640/1
f 1535/642/1 1533/576/1 1536/641/1
f 1534/643/1 1533/576/1 1535/642/1
f 1745/536/1 1747/523/1 1746/1272/1
f 1744/1273/1 1747/523/1 1745/536/1
f 1743/544/1 1747/523/1 1744/1273/1
f 1742/1274/1 1747/523/1 1743/544/1
f 1741/545/1 1747/523/1 1742/1274/1
f 1741/545/1 1748/1275/1 1747/523/1
f 1740/1276/1 1748/1275/1 1741/545/1
f 1740/1276/1 1749/518/1 1748/1275/1
f 1739/546/1 1749/518/1 1740/1276/1
f 1739/546/1 1750/1277/1 1749/518/1
f 1738/1278/1 1750/1277/1 1739/546/1
f 1738/1278/1 1751/515/1 1750/1277/1
f 1737/547/1 1751/515/1 1738/1278/1
f 1737/547/1 1752/1279/1 1751/515/1
f 1736/1280/1 1752/1279/1 1737/547/1
f 1736/1280/1 1753/514/1 1752/1279/1
f 1735/548/1 1753/514/1 1736/1280/1
f 1735/548/1 1754/1281/1 1753/514/1
f 1734/1282/1 1754/1281/1 1735/548/1
f 1734/1282/1 1755/513/1 1754/1281/1
f 1733/549/1 1755/513/1 1734/1282/1
f 1733/549/1 1756/1283/1 1755/513/1
f 1733/549/1 1757/511/1 1756/1283/1
f 1733/549/1 1758/1284/1 1757/511/1
f 1733/549/1 1759/70/1 1758/1284/1
f 1732/1285/1 1759/70/1 1733/549/1
f 1732/1285/1 1583/146/1 1759/70/1
f 1731/552/1 1583/146/1 1732/1285/1
f 1595/499/1 1597/497/1 1596/1286/1
f 1594/1287/1 1597/497/1 1595/499/1
f 1593/501/1 1597/497/1 1594/1287/1
f 1592/1288/1 1597/497/1 1593/501/1
f 1591/503/1 1597/497/1 1592/1288/1
f 1590/1289/1 1597/497/1 1591/503/1
f 1589/505/1 1597/497/1 1590/1289/1
f 1588/1290/1 1597/497/1 1589/505/1
f 1587/507/1 1597/497/1 1588/1290/1
f 1586/1291/1 1597/497/1 1587/507/1
f 1585/508/1 1597/497/1 1586/1291/1
f 1584/1292/1 1597/497/1 1585/508/1
f 1731/552/1 1584/1292/1 1583/146/1
f 1731/552/1 1597/497/1 1584/1292/1
f 1730/1293/1 1597/497/1 1731/552/1
f 1730/1293/1 1598/1294/1 1597/497/1
f 1730/1293/1 1599/495/1 1598/1294/1
f 1730/1293/1 1600/1295/1 1599/495/1
f 1730/1293/1 1601/493/1 1600/1295/1
f 1729/554/1 1601/493/1 1730/1293/1
f 1729/554/1 1602/1296/1 1601/493/1
f 1729/554/1 1603/488/1 1602/1296/1
f 1729/554/1 1604/1297/1 1603/488/1
f 1729/554/1 1709/570/1 1604/1297/1
f 1709/570/1 1605/490/1 1604/1297/1
f 1709/570/1 1606/1298/1 1605/490/1
f 1709/570/1 1708/1299/1 1606/1298/1
f 1708/1299/1 1607/489/1 1606/1298/1
f 1729/554/1 1710/1300/1 1709/570/1
f 1707/568/1 1607/489/1 1708/1299/1
f 1728/1301/1 1710/1300/1 1729/554/1
f 1707/568/1 1608/1302/1 1607/489/1
f 1707/568/1 1609/491/1 1608/1302/1
f 1707/568/1 1610/1303/1 1609/491/1
f 1706/1304/1 1610/1303/1 1707/568/1
f 1728/1301/1 1711/571/1 1710/1300/1
f 1727/556/1 1711/571/1 1728/1301/1
f 1706/1304/1 1611/492/1 1610/1303/1
f 1705/567/1 1611/492/1 1706/1304/1
f 1727/556/1 1712/1305/1 1711/571/1
f 1705/567/1 1612/1306/1 1611/492/1
f 1726/1307/1 1712/1305/1 1727/556/1
f 1704/1308/1 1612/1306/1 1705/567/1
f 1726/1307/1 1713/569/1 1712/1305/1
f 1704/1308/1 1613/494/1 1612/1306/1
f 1703/565/1 1613/494/1 1704/1308/1
f 1726/1307/1 1714/1309/1 1713/569/1
f 1725/558/1 1714/1309/1 1726/1307/1
f 1703/565/1 1614/1310/1 1613/494/1
f 1702/1311/1 1614/1310/1 1703/565/1
f 1725/558/1 1715/52/1 1714/1309/1
f 1724/1312/1 1715/52/1 1725/558/1
f 1701/563/1 1614/1310/1 1702/1311/1
f 1724/1312/1 1716/1313/1 1715/52/1
f 1701/563/1 1615/496/1 1614/1310/1
f 1683/524/1 1685/526/1 1684/1314/1
f 1683/524/1 1686/1315/1 1685/526/1
f 1723/560/1 1716/1313/1 1724/1312/1
f 1723/560/1 1717/566/1 1716/1313/1
f 1700/1316/1 1615/496/1 1701/563/1
f 1683/524/1 1687/550/1 1686/1315/1
f 1700/1316/1 1616/1317/1 1615/496/1
f 1683/524/1 1688/1318/1 1687/550/1
f 1723/560/1 1718/1319/1 1717/566/1
f 1683/524/1 1689/551/1 1688/1318/1
f 1699/561/1 1616/1317/1 1700/1316/1
f 1722/1320/1 1718/1319/1 1723/560/1
f 1699/561/1 1617/498/1 1616/1317/1
f 1683/524/1 1690/1321/1 1689/551/1
f 1682/1322/1 1690/1321/1 1683/524/1
f 1722/1320/1 1719/564/1 1718/1319/1
f 1682/1322/1 1691/553/1 1690/1321/1
f 1681/527/1 1691/553/1 1682/1322/1
f 1698/1323/1 1617/498/1 1699/561/1
f 1721/562/1 1719/564/1 1722/1320/1
f 1681/527/1 1692/1324/1 1691/553/1
f 1680/1325/1 1692/1324/1 1681/527/1
f 1698/1323/1 1618/1326/1 1617/498/1
f 1721/562/1 1720/1327/1 1719/564/1
f 1680/1325/1 1693/555/1 1692/1324/1
f 1679/529/1 1693/555/1 1680/1325/1
f 1697/559/1 1618/1326/1 1698/1323/1
f 1678/1328/1 1693/555/1 1679/529/1
f 1678/1328/1 1694/1329/1 1693/555/1
f 1697/559/1 1619/500/1 1618/1326/1
f 1677/531/1 1694/1329/1 1678/1328/1
f 1677/531/1 1695/557/1 1694/1329/1
f 1696/1330/1 1619/500/1 1697/559/1
f 1676/1331/1 1695/557/1 1677/531/1
f 1676/1331/1 1696/1330/1 1695/557/1
f 1696/1330/1 1620/1332/1 1619/500/1
f 1675/532/1 1696/1330/1 1676/1331/1
f 1675/532/1 1620/1332/1 1696/1330/1
f 1674/1333/1 1620/1332/1 1675/532/1
f 1674/1333/1 1621/502/1 1620/1332/1
f 1673/534/1 1621/502/1 1674/1333/1
f 1672/1334/1 1621/502/1 1673/534/1
f 1672/1334/1 1622/1335/1 1621/502/1
f 1671/23/1 1622/1335/1 1672/1334/1
f 1671/23/1 1623/504/1 1622/1335/1
f 1671/23/1 1624/1336/1 1623/504/1
f 1670/1337/1 1624/1336/1 1671/23/1
f 1670/1337/1 1625/506/1 1624/1336/1
f 1670/1337/1 1626/1338/1 1625/506/1
f 1670/1337/1 1627/139/1 1626/1338/1
f 1669/538/1 1627/139/1 1670/1337/1
f 1669/538/1 1628/1339/1 1627/139/1
f 1669/538/1 1629/509/1 1628/1339/1
f 1669/538/1 1646/1340/1 1629/509/1
f 1646/1340/1 1630/1341/1 1629/509/1
f 1668/1342/1 1646/1340/1 1669/538/1
f 1668/1342/1 1647/525/1 1646/1340/1
f 1645/522/1 1630/1341/1 1646/1340/1
f 1645/522/1 1631/510/1 1630/1341/1
f 1644/1343/1 1631/510/1 1645/522/1
f 1644/1343/1 1632/1344/1 1631/510/1
f 1644/1343/1 1633/512/1 1632/1344/1
f 1643/521/1 1633/512/1 1644/1343/1
f 1643/521/1 1642/1345/1 1633/512/1
f 1642/1345/1 1641/520/1 1633/512/1
f 1641/520/1 1640/1346/1 1633/512/1
f 1640/1346/1 1639/519/1 1633/512/1
f 1639/519/1 1638/1347/1 1633/512/1
f 1638/1347/1 1637/517/1 1633/512/1
f 1637/517/1 1636/1348/1 1633/512/1
f 1636/1348/1 1635/516/1 1633/512/1
f 1635/516/1 1634/1349/1 1633/512/1
f 1667/539/1 1647/525/1 1668/1342/1
f 1667/539/1 1648/1350/1 1647/525/1
f 1666/1351/1 1648/1350/1 1667/539/1
f 1666/1351/1 1649/528/1 1648/1350/1
f 1665/540/1 1649/528/1 1666/1351/1
f 1665/540/1 1650/1352/1 1649/528/1
f 1664/1353/1 1650/1352/1 1665/540/1
f 1664/1353/1 1651/530/1 1650/1352/1
f 1663/541/1 1651/530/1 1664/1353/1
f 1663/541/1 1652/1354/1 1651/530/1
f 1662/1355/1 1652/1354/1 1663/541/1
f 1662/1355/1 1653/533/1 1652/1354/1
f 1661/542/1 1653/533/1 1662/1355/1
f 1661/542/1 1654/1356/1 1653/533/1
f 1660/1357/1 1654/1356/1 1661/542/1
f 1659/543/1 1654/1356/1 1660/1357/1
f 1659/543/1 1655/535/1 1654/1356/1
f 1658/1358/1 1655/535/1 1659/543/1
f 1658/1358/1 1656/1359/1 1655/535/1
f 1658/1358/1 1657/537/1 1656/1359/1
f 1893/1360/1 1895/1361/1 1894/1362/1
f 1892/1363/1 1895/1361/1 1893/1360/1
f 1857/1364/1 1859/1365/1 1858/401/1
f 1891/1366/1 1895/1361/1 1892/1363/1
f 1857/1364/1 1860/1367/1 1859/1365/1
f 1857/1364/1 1861/1368/1 1860/1367/1
f 1890/1369/1 1895/1361/1 1891/1366/1
f 1857/1364/1 1862/1370/1 1861/1368/1
f 1889/1371/1 1895/1361/1 1890/1369/1
f 1857/1364/1 1863/1372/1 1862/1370/1
f 1857/1364/1 1864/1373/1 1863/1372/1
f 1888/1374/1 1895/1361/1 1889/1371/1
f 1857/1364/1 1865/797/1 1864/1373/1
f 1887/1375/1 1895/1361/1 1888/1374/1
f 1857/1364/1 1866/1376/1 1865/797/1
f 1886/778/1 1895/1361/1 1887/1375/1
f 1857/1364/1 1867/1377/1 1866/1376/1
f 1885/1378/1 1895/1361/1 1886/778/1
f 1857/1364/1 1868/1379/1 1867/1377/1
f 1884/1380/1 1895/1361/1 1885/1378/1
f 1857/1364/1 1869/1381/1 1868/1379/1
f 1883/1382/1 1895/1361/1 1884/1380/1
f 1857/1364/1 1870/1383/1 1869/1381/1
f 1882/1384/1 1895/1361/1 1883/1382/1
f 1857/1364/1 1871/1385/1 1870/1383/1
f 1857/1364/1 1872/1386/1 1871/1385/1
f 1857/1364/1 1873/1387/1 1872/1386/1
f 1857/1364/1 1874/1388/1 1873/1387/1
f 1857/1364/1 1875/1389/1 1874/1388/1
f 1857/1364/1 1876/1390/1 1875/1389/1
f 1857/1364/1 1877/1391/1 1876/1390/1
f 1857/1364/1 1878/1392/1 1877/1391/1
f 1857/1364/1 1879/1393/1 1878/1392/1
f 1857/1364/1 1880/1394/1 1879/1393/1
f 1857/1364/1 1881/1395/1 1880/1394/1
f 1857/1364/1 1882/1384/1 1881/1395/1
f 1857/1364/1 1895/1361/1 1882/1384/1
f 1857/1364/9 1856/1396/9 1895/1361/9
f 1856/1396/1 1896/1397/1 1895/1361/1
f 1856/1396/1 1897/1398/1 1896/1397/1
f 1856/1396/9 1855/1399/9 1897/1398/9
f 1855/1399/1 1898/1400/1 1897/1398/1
f 1855/1399/1 1854/1401/1 1898/1400/1
f 1854/1401/1 1899/1402/1 1898/1400/1
f 1854/1401/1 1853/1403/1 1899/1402/1
f 1853/1403/1 1852/1404/1 1899/1402/1
f 1852/1404/1 1900/1405/1 1899/1402/1
f 1852/1404/1 1851/1406/1 1900/1405/1
f 1851/1406/1 1901/1407/1 1900/1405/1
f 1851/1406/1 1850/1408/1 1901/1407/1
f 1850/1408/1 1849/1409/1 1901/1407/1
f 1849/1409/1 1902/1410/1 1901/1407/1
f 1849/1409/1 1848/1411/1 1902/1410/1
f 1848/1411/1 1903/1412/1 1902/1410/1
f 1848/1411/1 1847/1413/1 1903/1412/1
f 1847/1413/1 1904/1414/1 1903/1412/1
f 1847/1413/1 1905/1415/1 1904/1414/1
f 1847/1413/1 1846/1416/1 1905/1415/1
f 1846/1416/1 1906/1417/1 1905/1415/1
f 1846/1416/1 1907/70/1 1906/1417/1
f 1846/1416/1 1845/1418/1 1907/70/1
f 1845/1418/1 1843/1419/1 1907/70/1
f 1843/1419/1 1842/1420/1 1907/70/1
f 1842/1420/1 1841/1421/1 1907/70/1
f 1841/1421/1 1840/1422/1 1907/70/1
f 1840/1422/1 1839/1423/1 1907/70/1
f 1839/1423/1 1838/1424/1 1907/70/1
f 1838/1424/1 1837/1425/1 1907/70/1
f 1837/1425/1 1836/1426/1 1907/70/1
f 1836/1426/1 1835/1427/1 1907/70/1
f 1835/1427/1 1834/1428/1 1907/70/1
f 1834/1428/1 1833/1429/1 1907/70/1
f 1833/1429/1 1760/146/1 1907/70/1
f 1844/729/1 1843/1419/1 1845/1418/1
f 1832/1430/1 1760/146/1 1833/1429/1
f 1832/1430/1 1761/1431/1 1760/146/1
f 1831/1432/1 1761/1431/1 1832/1430/1
f 1831/1432/1 1762/1433/1 1761/1431/1
f 1830/1434/1 1762/1433/1 1831/1432/1
f 1830/1434/1 1763/1435/1 1762/1433/1
f 1829/1436/1 1763/1435/1 1830/1434/1
f 1829/1436/1 1764/1437/1 1763/1435/1
f 1828/1438/1 1764/1437/1 1829/1436/1
f 1828/1438/1 1765/1439/1 1764/1437/1
f 1827/1440/1 1765/1439/1 1828/1438/1
f 1827/1440/1 1766/1441/1 1765/1439/1
f 1826/1442/1 1766/1441/1 1827/1440/1
f 1826/1442/1 1767/1443/1 1766/1441/1
f 1825/1444/1 1767/1443/1 1826/1442/1
f 1824/1445/1 1767/1443/1 1825/1444/1
f 1824/1445/1 1768/1446/1 1767/1443/1
f 1823/654/1 1768/1446/1 1824/1445/1
f 1823/654/1 1769/1447/1 1768/1446/1
f 1822/1448/1 1769/1447/1 1823/654/1
f 1822/1448/1 1770/1449/1 1769/1447/1
f 1821/1450/1 1770/1449/1 1822/1448/1
f 1821/1450/1 1771/1451/1 1770/1449/1
f 1820/1452/1 1771/1451/1 1821/1450/1
f 1820/1452/1 1772/1453/1 1771/1451/1
f 1819/1454/1 1772/1453/1 1820/1452/1
f 1819/1454/1 1773/1455/1 1772/1453/1
f 1818/1456/1 1773/1455/1 1819/1454/1
f 1818/1456/1 1796/1457/1 1773/1455/1
f 1796/1457/1 1774/1458/1 1773/1455/1
f 1818/1456/1 1797/1459/1 1796/1457/1
f 1795/1460/1 1774/1458/1 1796/1457/1
f 1795/1460/1 1775/1461/1 1774/1458/1
f 1817/1462/1 1797/1459/1 1818/1456/1
f 1794/1463/1 1775/1461/1 1795/1460/1
f 1817/1462/1 1798/1464/1 1797/1459/1
f 1794/1463/1 1776/1465/1 1775/1461/1
f 1816/1466/1 1798/1464/1 1817/1462/1
f 1793/1467/1 1776/1465/1 1794/1463/1
f 1816/1466/1 1799/1468/1 1798/1464/1
f 1793/1467/1 1777/1469/1 1776/1465/1
f 1815/1470/1 1799/1468/1 1816/1466/1
f 1792/1471/1 1777/1469/1 1793/1467/1
f 1815/1470/1 1800/1472/1 1799/1468/1
f 1792/1471/1 1778/1473/1 1777/1469/1
f 1814/1474/1 1800/1472/1 1815/1470/1
f 1791/1475/1 1778/1473/1 1792/1471/1
f 1814/1474/1 1801/1476/1 1800/1472/1
f 1791/1475/1 1779/1477/1 1778/1473/1
f 1813/1478/1 1801/1476/1 1814/1474/1
f 1790/1479/1 1779/1477/1 1791/1475/1
f 1813/1478/1 1802/665/1 1801/1476/1
f 1790/1479/1 1780/1480/1 1779/1477/1
f 1812/1481/1 1802/665/1 1813/1478/1
f 1789/1482/1 1780/1480/1 1790/1479/1
f 1812/1481/1 1803/1483/1 1802/665/1
f 1811/1484/1 1803/1483/1 1812/1481/1
f 1789/1482/1 1781/703/1 1780/1480/1
f 1788/1485/1 1781/703/1 1789/1482/1
f 1811/1484/1 1804/1486/1 1803/1483/1
f 1810/1487/1 1804/1486/1 1811/1484/1
f 1788/1485/1 1782/1488/1 1781/703/1
f 1787/1489/1 1782/1488/1 1788/1485/1
f 1809/422/1 1804/1486/1 1810/1487/1
f 1809/422/1 1805/1490/1 1804/1486/1
f 1787/1489/1 1783/1491/1 1782/1488/1
f 1808/1492/1 1805/1490/1 1809/422/1
f 1786/1493/1 1783/1491/1 1787/1489/1
f 1808/1492/1 1806/1494/1 1805/1490/1
f 1786/1493/1 1785/1495/1 1783/1491/1
f 1785/1495/1 1784/1496/1 1783/1491/1
f 1808/1492/1 1807/1497/1 1806/1494/1
f 1930/1498/1 1932/1499/1 1931/1500/1
f 1929/1501/1 1932/1499/1 1930/1498/1
f 1928/1502/1 1932/1499/1 1929/1501/1
f 1927/1503/1 1932/1499/1 1928/1502/1
f 1927/1503/1 1933/1504/1 1932/1499/1
f 1926/1505/1 1933/1504/1 1927/1503/1
f 1926/1505/1 1934/1506/1 1933/1504/1
f 1926/1505/1 1935/1507/1 1934/1506/1
f 1925/490/1 1935/1507/1 1926/1505/1
f 1925/490/1 1936/1508/1 1935/1507/1
f 1924/1509/1 1936/1508/1 1925/490/1
f 1924/1509/1 1937/1510/1 1936/1508/1
f 1923/1511/1 1937/1510/1 1924/1509/1
f 1923/1511/1 1938/1512/1 1937/1510/1
f 1922/1513/1 1938/1512/1 1923/1511/1
f 1922/1513/1 1939/1514/1 1938/1512/1
f 1921/1515/1 1939/1514/1 1922/1513/1
f 1921/1515/1 1940/1516/1 1939/1514/1
f 1920/1517/1 1940/1516/1 1921/1515/1
f 1920/1517/1 1941/1518/1 1940/1516/1
f 1920/1517/1 1942/139/1 1941/1518/1
f 1919/1519/1 1942/139/1 1920/1517/1
f 1919/1519/1 1943/1520/1 1942/139/1
f 1918/1521/1 1943/1520/1 1919/1519/1
f 1918/1521/1 1944/1522/1 1943/1520/1
f 1918/1521/1 1945/1523/1 1944/1522/1
f 1917/1524/1 1945/1523/1 1918/1521/1
f 1917/1524/1 1946/1525/1 1945/1523/1
f 1916/1526/1 1946/1525/1 1917/1524/1
f 1916/1526/1 1947/1527/1 1946/1525/1
f 1915/1528/1 1947/1527/1 1916/1526/1
f 1915/1528/1 1948/1529/1 1947/1527/1
f 1914/1530/1 1948/1529/1 1915/1528/1
f 1914/1530/1 1949/1531/1 1948/1529/1
f 1913/1532/1 1949/1531/1 1914/1530/1
f 1913/1532/1 1950/1533/1 1949/1531/1
f 1980/1534/1 1982/1535/1 1981/1536/1
f 1912/1537/1 1950/1533/1 1913/1532/1
f 1912/1537/1 1951/1538/1 1950/1533/1
f 1980/1534/1 1983/1539/1 1982/1535/1
f 1979/1540/1 1983/1539/1 1980/1534/1
f 1978/1541/1 1983/1539/1 1979/1540/1
f 1978/1541/1 1984/1542/1 1983/1539/1
f 1911/1543/1 1951/1538/1 1912/1537/1
f 1977/1544/1 1984/1542/1 1978/1541/1
f 1911/1543/1 1952/1545/1 1951/1538/1
f 1976/23/1 1984/1542/1 1977/1544/1
f 1975/1546/1 1984/1542/1 1976/23/1
f 1975/1546/1 1985/1547/1 1984/1542/1
f 1974/1548/1 1985/1547/1 1975/1546/1
f 1910/1549/1 1952/1545/1 1911/1543/1
f 1910/1549/1 1953/1550/1 1952/1545/1
f 1973/1551/1 1985/1547/1 1974/1548/1
f 1973/1551/1 1986/1552/1 1985/1547/1
f 1972/1553/1 1986/1552/1 1973/1551/1
f 1971/1554/1 1986/1552/1 1972/1553/1
f 1910/1549/1 1954/1555/1 1953/1550/1
f 1971/1554/1 1987/1556/1 1986/1552/1
f 1909/1557/1 1954/1555/1 1910/1549/1
f 1970/1558/1 1987/1556/1 1971/1554/1
f 1969/1559/1 1987/1556/1 1970/1558/1
f 1969/1559/1 1988/1560/1 1987/1556/1
f 1909/1557/1 1955/1561/1 1954/1555/1
f 1908/146/1 1955/1561/1 1909/1557/1
f 1968/1562/1 1988/1560/1 1969/1559/1
f 1967/1563/1 1988/1560/1 1968/1562/1
f 1967/1563/1 1989/1564/1 1988/1560/1
f 1966/1565/1 1989/1564/1 1967/1563/1
f 1965/1566/1 1989/1564/1 1966/1565/1
f 1964/1567/1 1989/1564/1 1965/1566/1
f 1908/146/1 1956/1568/1 1955/1561/1
f 1963/1569/1 1989/1564/1 1964/1567/1
f 2044/70/1 1956/1568/1 1908/146/1
f 1962/1570/1 1989/1564/1 1963/1569/1
f 1961/1571/1 1989/1564/1 1962/1570/1
f 1960/1572/1 1989/1564/1 1961/1571/1
f 1959/528/1 1989/1564/1 1960/1572/1
f 1958/1573/1 1989/1564/1 1959/528/1
f 1958/1573/1 1990/1574/1 1989/1564/1
f 1957/1575/1 1990/1574/1 1958/1573/1
f 1956/1568/1 1990/1574/1 1957/1575/1
f 2044/70/1 1990/1574/1 1956/1568/1
f 2043/1576/1 1990/1574/1 2044/70/1
f 2042/1577/1 1990/1574/1 2043/1576/1
f 2041/1578/1 1990/1574/1 2042/1577/1
f 2040/1579/1 1990/1574/1 2041/1578/1
f 2039/1580/1 1990/1574/1 2040/1579/1
f 2038/1581/1 1990/1574/1 2039/1580/1
f 2030/1582/1 2032/1583/1 2031/1584/1
f 2037/1585/1 1990/1574/1 2038/1581/1
f 2030/1582/1 2033/1586/1 2032/1583/1
f 2036/1587/1 1990/1574/1 2037/1585/1
f 2030/1582/1 2034/1588/1 2033/1586/1
f 2035/1589/1 1990/1574/1 2036/1587/1
f 2030/1582/1 2035/1589/1 2034/1588/1
f 2030/1582/1 2025/1590/1 2035/1589/1
f 2025/1590/1 2024/1591/1 2035/1589/1
f 2024/1591/1 2023/1592/1 2035/1589/1
f 2023/1592/1 2022/1593/1 2035/1589/1
f 2022/1593/1 2021/1594/1 2035/1589/1
f 2021/1594/1 2020/1595/1 2035/1589/1
f 2020/1595/1 2006/1596/1 2035/1589/1
f 2006/1596/1 1990/1574/1 2035/1589/1
f 2020/1595/1 2007/1597/1 2006/1596/1
f 2005/1598/1 1990/1574/1 2006/1596/1
f 2005/1598/1 1991/1599/1 1990/1574/1
f 2020/1595/1 2008/1600/1 2007/1597/1
f 2020/1595/1 2009/1601/1 2008/1600/1
f 2004/1602/1 1991/1599/1 2005/1598/1
f 2020/1595/1 2010/52/1 2009/1601/1
f 2020/1595/1 2011/1603/1 2010/52/1
f 2003/1604/1 1991/1599/1 2004/1602/1
f 2020/1595/1 2019/1605/1 2011/1603/1
f 2019/1605/1 2012/1606/1 2011/1603/1
f 2003/1604/1 1992/1607/1 1991/1599/1
f 2002/1608/1 1992/1607/1 2003/1604/1
f 2019/1605/1 2013/1609/1 2012/1606/1
f 2019/1605/1 2014/1610/1 2013/1609/1
f 2001/1611/1 1992/1607/1 2002/1608/1
f 2019/1605/1 2015/1612/1 2014/1610/1
f 2019/1605/1 2016/1613/1 2015/1612/1
f 2000/1614/1 1992/1607/1 2001/1611/1
f 2019/1605/1 2017/1615/1 2016/1613/1
f 2000/1614/1 1993/555/1 1992/1607/1
f 2019/1605/2 2018/1616/2 2017/1615/2
f 1999/1617/1 1993/555/1 2000/1614/1
f 2030/1582/2 2026/1618/2 2025/1590/2
f 2030/1582/1 2027/547/1 2026/1618/1
f 2030/1582/2 2028/1619/2 2027/547/2
f 2030/1582/2 2029/1620/2 2028/1619/2
f 1998/1621/1 1993/555/1 1999/1617/1
f 1997/1622/1 1993/555/1 1998/1621/1
f 1997/1622/1 1996/1623/1 1993/555/1
f 1996/1623/1 1995/1624/1 1993/555/1
f 1995/1624/1 1994/1625/1 1993/555/1
f 2105/572/1 2107/573/1 2106/574/1
f 2067/575/1 2069/576/1 2068/577/1
f 2105/572/1 2108/579/1 2107/573/1
f 2066/578/1 2069/576/1 2067/575/1
f 2105/572/1 2109/581/1 2108/579/1
f 2065/580/1 2069/576/1 2066/578/1
f 2105/572/1 2110/583/1 2109/581/1
f 2064/582/1 2069/576/1 2065/580/1
f 2105/572/1 2111/585/1 2110/583/1
f 2063/584/1 2069/576/1 2064/582/1
f 2105/572/1 2112/587/1 2111/585/1
f 2062/586/1 2069/576/1 2063/584/1
f 2105/572/1 2113/589/1 2112/587/1
f 2061/588/1 2069/576/1 2062/586/1
f 2105/572/1 2114/591/1 2113/589/1
f 2060/590/1 2069/576/1 2061/588/1
f 2105/572/1 2115/593/1 2114/591/1
f 2059/592/1 2069/576/1 2060/590/1
f 2105/572/1 2116/595/1 2115/593/1
f 2058/594/1 2069/576/1 2059/592/1
f 2105/572/1 2117/597/1 2116/595/1
f 2057/596/1 2069/576/1 2058/594/1
f 2105/572/1 2118/70/1 2117/597/1
f 2056/598/1 2069/576/1 2057/596/1
f 2105/572/1 2045/146/1 2118/70/1
f 2105/572/1 2046/599/1 2045/146/1
f 2105/572/1 2047/600/1 2046/599/1
f 2105/572/1 2048/601/1 2047/600/1
f 2105/572/1 2049/602/1 2048/601/1
f 2105/572/1 2050/603/1 2049/602/1
f 2105/572/1 2051/604/1 2050/603/1
f 2105/572/1 2052/605/1 2051/604/1
f 2105/572/1 2053/606/1 2052/605/1
f 2105/572/1 2054/607/1 2053/606/1
f 2105/572/1 2055/608/1 2054/607/1
f 2105/572/1 2056/598/1 2055/608/1
f 2105/572/1 2104/609/1 2056/598/1
f 2104/609/1 2103/610/1 2056/598/1
f 2103/610/1 2102/611/1 2056/598/1
f 2102/611/1 2101/612/1 2056/598/1
f 2101/612/1 2100/613/1 2056/598/1
f 2100/613/1 2099/614/1 2056/598/1
f 2099/614/1 2098/615/1 2056/598/1
f 2098/615/1 2097/616/1 2056/598/1
f 2097/616/1 2096/617/1 2056/598/1
f 2096/617/1 2095/618/1 2056/598/1
f 2095/618/1 2094/619/1 2056/598/1
f 2094/619/1 2093/620/1 2056/598/1
f 2093/620/1 2092/621/1 2056/598/1
f 2092/621/1 2091/622/1 2056/598/1
f 2091/622/1 2090/623/1 2056/598/1
f 2090/623/1 2087/624/1 2056/598/1
f 2087/624/1 2085/625/1 2056/598/1
f 2085/625/1 2082/626/1 2056/598/1
f 2082/626/1 2081/627/1 2056/598/1
f 2081/627/1 2080/628/1 2056/598/1
f 2080/628/1 2079/629/1 2056/598/1
f 2079/629/1 2078/630/1 2056/598/1
f 2078/630/1 2077/631/1 2056/598/1
f 2077/631/1 2076/632/1 2056/598/1
f 2076/632/1 2075/633/1 2056/598/1
f 2075/633/1 2074/634/1 2056/598/1
f 2074/634/1 2069/576/1 2056/598/1
f 2089/635/1 2087/624/1 2090/623/1
f 2088/636/1 2087/624/1 2089/635/1
f 2086/637/1 2085/625/1 2087/624/1
f 2084/638/1 2082/626/1 2085/625/1
f 2083/639/1 2082/626/1 2084/638/1
f 2073/640/1 2069/576/1 2074/634/1
f 2072/641/1 2069/576/1 2073/640/1
f 2071/642/1 2069/576/1 2072/641/1
f 2070/643/1 2069/576/1 2071/642/1
f 2157/1626/1 2159/462/1 2158/1627/1
f 2157/1626/1 2160/1628/1 2159/462/1
f 2157/1626/1 2161/1629/1 2160/1628/1
f 2156/1630/1 2161/1629/1 2157/1626/1
f 2156/1630/1 2162/1631/1 2161/1629/1
f 2155/1632/1 2162/1631/1 2156/1630/1
f 2131/1633/1 2133/1634/1 2132/1635/1
f 2154/1636/1 2162/1631/1 2155/1632/1
f 2154/1636/1 2163/1637/1 2162/1631/1
f 2131/1633/1 2134/1638/1 2133/1634/1
f 2153/1639/1 2163/1637/1 2154/1636/1
f 2153/1639/1 2164/1640/1 2163/1637/1
f 2295/1641/1 2297/1642/1 2296/1643/1
f 2131/1633/1 2135/1644/1 2134/1638/1
f 2130/1645/1 2135/1644/1 2131/1633/1
f 2294/1646/1 2297/1642/1 2295/1641/1
f 2152/1647/1 2164/1640/1 2153/1639/1
f 2152/1647/1 2165/1648/1 2164/1640/1
f 2130/1645/1 2136/1649/1 2135/1644/1
f 2293/1650/1 2297/1642/1 2294/1646/1
f 2129/459/1 2136/1649/1 2130/1645/1
f 2293/1650/1 2298/1651/1 2297/1642/1
f 2151/1652/1 2165/1648/1 2152/1647/1
f 2292/1653/1 2298/1651/1 2293/1650/1
f 2151/1652/1 2166/1654/1 2165/1648/1
f 2129/459/1 2137/1655/1 2136/1649/1
f 2292/1653/1 2299/325/1 2298/1651/1
f 2128/1656/1 2137/1655/1 2129/459/1
f 2291/1657/1 2299/325/1 2292/1653/1
f 2291/1657/1 2300/1658/1 2299/325/1
f 2150/1659/1 2166/1654/1 2151/1652/1
f 2290/1660/1 2300/1658/1 2291/1657/1
f 2150/1659/1 2167/1661/1 2166/1654/1
f 2128/1656/1 2138/1662/1 2137/1655/1
f 2290/1660/1 2301/1663/1 2300/1658/1
f 2127/1664/1 2138/1662/1 2128/1656/1
f 2289/328/1 2301/1663/1 2290/1660/1
f 2289/328/1 2302/1665/1 2301/1663/1
f 2149/481/1 2167/1661/1 2150/1659/1
f 2149/481/1 2168/1666/1 2167/1661/1
f 2288/1667/1 2302/1665/1 2289/328/1
f 2126/1668/1 2138/1662/1 2127/1664/1
f 2126/1668/1 2139/476/1 2138/1662/1
f 2288/1667/1 2303/1669/1 2302/1665/1
f 2287/1670/1 2303/1669/1 2288/1667/1
f 2287/1670/1 2304/1671/1 2303/1669/1
f 2148/1672/1 2168/1666/1 2149/481/1
f 2148/1672/1 2169/444/1 2168/1666/1
f 2286/1673/1 2304/1671/1 2287/1670/1
f 2125/1674/1 2139/476/1 2126/1668/1
f 2286/1673/1 2305/1675/1 2304/1671/1
f 2125/1674/1 2140/1676/1 2139/476/1
f 2285/1677/1 2305/1675/1 2286/1673/1
f 2285/1677/1 2306/1678/1 2305/1675/1
f 2147/1679/1 2169/444/1 2148/1672/1
f 2147/1679/1 2170/1680/1 2169/444/1
f 2285/1677/1 2307/1681/1 2306/1678/1
f 2124/1682/1 2140/1676/1 2125/1674/1
f 2284/1683/1 2307/1681/1 2285/1677/1
f 2124/1682/1 2141/1684/1 2140/1676/1
f 2147/1679/1 2146/1685/1 2170/1680/1
f 2146/1685/1 2145/1686/1 2170/1680/1
f 2284/1683/1 2308/1687/1 2307/1681/1
f 2283/1688/1 2308/1687/1 2284/1683/1
f 2283/1688/1 2309/70/1 2308/1687/1
f 2123/1689/1 2141/1684/1 2124/1682/1
f 2123/1689/1 2142/1690/1 2141/1684/1
f 2283/1688/1 2171/1691/1 2309/70/1
f 2282/1692/1 2171/1691/1 2283/1688/1
f 2282/1692/1 2172/1693/1 2171/1691/1
f 2123/1689/1 2143/1694/1 2142/1690/1
f 2122/1695/1 2143/1694/1 2123/1689/1
f 2281/1696/1 2172/1693/1 2282/1692/1
f 2281/1696/1 2173/1697/1 2172/1693/1
f 2122/1695/1 2144/1698/1 2143/1694/1
f 2121/1699/1 2144/1698/1 2122/1695/1
f 2280/1700/1 2173/1697/1 2281/1696/1
f 2280/1700/1 2174/1701/1 2173/1697/1
f 2121/1699/1 2120/1702/1 2144/1698/1
f 2120/1702/1 2119/146/1 2144/1698/1
f 2280/1700/1 2175/1703/1 2174/1701/1
f 2279/345/1 2175/1703/1 2280/1700/1
f 2279/345/1 2176/1704/1 2175/1703/1
f 2278/1705/1 2176/1704/1 2279/345/1
f 2278/1705/1 2177/1706/1 2176/1704/1
f 2278/1705/1 2178/1707/1 2177/1706/1
f 2277/1708/1 2178/1707/1 2278/1705/1
f 2277/1708/1 2179/428/1 2178/1707/1
f 2276/1709/1 2179/428/1 2277/1708/1
f 2276/1709/1 2180/1710/1 2179/428/1
f 2275/1711/1 2180/1710/1 2276/1709/1
f 2275/1711/1 2181/1712/1 2180/1710/1
f 2275/1711/1 2182/1713/1 2181/1712/1
f 2274/1714/1 2182/1713/1 2275/1711/1
f 2194/1715/1 2196/1716/1 2195/1717/1
f 2193/1718/1 2196/1716/1 2194/1715/1
f 2192/1719/1 2196/1716/1 2193/1718/1
f 2191/1720/1 2196/1716/1 2192/1719/1
f 2190/1721/1 2196/1716/1 2191/1720/1
f 2189/419/1 2196/1716/1 2190/1721/1
f 2188/1722/1 2196/1716/1 2189/419/1
f 2187/1723/1 2196/1716/1 2188/1722/1
f 2186/1724/1 2196/1716/1 2187/1723/1
f 2185/1725/1 2196/1716/1 2186/1724/1
f 2184/1726/1 2196/1716/1 2185/1725/1
f 2183/1727/1 2196/1716/1 2184/1726/1
f 2274/1714/1 2183/1727/1 2182/1713/1
f 2274/1714/1 2196/1716/1 2183/1727/1
f 2273/1728/1 2196/1716/1 2274/1714/1
f 2272/1729/1 2196/1716/1 2273/1728/1
f 2271/1730/1 2198/1731/1 2272/1729/1
f 2198/1731/1 2197/1732/1 2272/1729/1
f 2197/1732/1 2196/1716/1 2272/1729/1
f 2270/1733/1 2203/1734/1 2271/1730/1
f 2203/1734/1 2202/1735/1 2271/1730/1
f 2202/1735/1 2201/1736/1 2271/1730/1
f 2201/1736/1 2200/1737/1 2271/1730/1
f 2200/1737/1 2199/437/1 2271/1730/1
f 2199/437/1 2198/1731/1 2271/1730/1
f 2269/363/1 2247/1738/1 2270/1733/1
f 2247/1738/1 2246/1739/1 2270/1733/1
f 2246/1739/1 2209/358/1 2270/1733/1
f 2209/358/1 2208/1740/1 2270/1733/1
f 2208/1740/1 2207/1741/1 2270/1733/1
f 2207/1741/1 2206/1742/1 2270/1733/1
f 2206/1742/1 2205/1743/1 2270/1733/1
f 2205/1743/1 2204/1744/1 2270/1733/1
f 2204/1744/1 2203/1734/1 2270/1733/1
f 2269/363/1 2248/1745/1 2247/1738/1
f 2245/1746/1 2209/358/1 2246/1739/1
f 2245/1746/1 2210/1747/1 2209/358/1
f 2268/1748/1 2248/1745/1 2269/363/1
f 2268/1748/1 2249/396/1 2248/1745/1
f 2267/1749/1 2249/396/1 2268/1748/1
f 2267/1749/1 2250/1750/1 2249/396/1
f 2266/1751/1 2250/1750/1 2267/1749/1
f 2266/1751/1 2251/1752/1 2250/1750/1
f 2244/1753/1 2210/1747/1 2245/1746/1
f 2265/1754/1 2251/1752/1 2266/1751/1
f 2244/1753/1 2211/1755/1 2210/1747/1
f 2265/1754/1 2252/1756/1 2251/1752/1
f 2264/1757/1 2252/1756/1 2265/1754/1
f 2264/1757/1 2253/1758/1 2252/1756/1
f 2263/1759/1 2253/1758/1 2264/1757/1
f 2243/1760/1 2211/1755/1 2244/1753/1
f 2263/1759/1 2254/1761/1 2253/1758/1
f 2262/1762/1 2254/1761/1 2263/1759/1
f 2243/1760/1 2212/1763/1 2211/1755/1
f 2262/1762/1 2255/1764/1 2254/1761/1
f 2261/1765/1 2255/1764/1 2262/1762/1
f 2260/1766/1 2255/1764/1 2261/1765/1
f 2260/1766/1 2256/1767/1 2255/1764/1
f 2259/380/1 2256/1767/1 2260/1766/1
f 2242/1768/1 2212/1763/1 2243/1760/1
f 2259/380/1 2257/1769/1 2256/1767/1
f 2259/380/1 2258/1770/1 2257/1769/1
f 2242/1768/1 2213/1771/1 2212/1763/1
f 2241/1772/1 2213/1771/1 2242/1768/1
f 2241/1772/1 2214/23/1 2213/1771/1
f 2240/1773/1 2214/23/1 2241/1772/1
f 2239/414/1 2214/23/1 2240/1773/1
f 2239/414/1 2215/1774/1 2214/23/1
f 2238/1775/1 2215/1774/1 2239/414/1
f 2238/1775/1 2216/1776/1 2215/1774/1
f 2237/1777/1 2216/1776/1 2238/1775/1
f 2237/1777/1 2217/1778/1 2216/1776/1
f 2236/1779/1 2217/1778/1 2237/1777/1
f 2235/1780/1 2217/1778/1 2236/1779/1
f 2235/1780/1 2218/1781/1 2217/1778/1
f 2234/1782/1 2218/1781/1 2235/1780/1
f 2233/1783/1 2218/1781/1 2234/1782/1
f 2232/1784/1 2218/1781/1 2233/1783/1
f 2231/1785/1 2218/1781/1 2232/1784/1
f 2231/1785/1 2219/377/1 2218/1781/1
f 2230/1786/1 2219/377/1 2231/1785/1
f 2229/398/1 2219/377/1 2230/1786/1
f 2228/1787/1 2219/377/1 2229/398/1
f 2227/1788/1 2219/377/1 2228/1787/1
f 2226/1789/1 2219/377/1 2227/1788/1
f 2225/1790/1 2219/377/1 2226/1789/1
f 2224/1791/1 2219/377/1 2225/1790/1
f 2223/1792/1 2219/377/1 2224/1791/1
f 2222/1793/1 2219/377/1 2223/1792/1
f 2222/1793/1 2220/1794/1 2219/377/1
f 2221/1795/1 2220/1794/1 2222/1793/1
f 2332/944/1 2334/945/1 2333/946/1
f 2331/947/1 2334/945/1 2332/944/1
f 2330/948/1 2334/945/1 2331/947/1
f 2329/949/1 2334/945/1 2330/948/1
f 2328/478/1 2334/945/1 2329/949/1
f 2327/950/1 2334/945/1 2328/478/1
f 2326/951/1 2334/945/1 2327/950/1
f 2325/952/1 2334/945/1 2326/951/1
f 2324/953/1 2334/945/1 2325/952/1
f 2323/954/1 2334/945/1 2324/953/1
f 2322/955/1 2334/945/1 2323/954/1
f 2321/956/1 2334/945/1 2322/955/1
f 2320/957/1 2334/945/1 2321/956/1
f 2319/958/1 2334/945/1 2320/957/1
f 2318/959/1 2334/945/1 2319/958/1
f 2317/960/1 2334/945/1 2318/959/1
f 2316/961/1 2334/945/1 2317/960/1
f 2315/962/1 2334/945/1 2316/961/1
f 2314/963/1 2334/945/1 2315/962/1
f 2313/964/1 2334/945/1 2314/963/1
f 2312/965/1 2334/945/1 2313/964/1
f 2311/966/1 2334/945/1 2312/965/1
f 2310/146/1 2334/945/1 2311/966/1
f 2420/967/1 2334/945/1 2310/146/1
f 2419/968/1 2334/945/1 2420/967/1
f 2418/401/1 2334/945/1 2419/968/1
f 2417/969/1 2334/945/1 2418/401/1
f 2416/970/1 2334/945/1 2417/969/1
f 2415/971/1 2334/945/1 2416/970/1
f 2414/972/1 2334/945/1 2415/971/1
f 2413/973/1 2334/945/1 2414/972/1
f 2412/974/1 2334/945/1 2413/973/1
f 2411/975/1 2334/945/1 2412/974/1
f 2410/976/1 2334/945/1 2411/975/1
f 2409/977/1 2334/945/1 2410/976/1
f 2408/978/1 2334/945/1 2409/977/1
f 2407/979/1 2406/980/1 2408/978/1
f 2406/980/1 2405/981/1 2408/978/1
f 2405/981/1 2404/982/1 2408/978/1
f 2404/982/1 2403/983/1 2408/978/1
f 2403/983/1 2402/984/1 2408/978/1
f 2402/984/1 2401/985/1 2408/978/1
f 2401/985/1 2400/388/1 2408/978/1
f 2400/388/1 2399/986/1 2408/978/1
f 2399/986/1 2395/987/1 2408/978/1
f 2395/987/1 2339/988/1 2408/978/1
f 2339/988/1 2338/989/1 2408/978/1
f 2338/989/1 2337/990/1 2408/978/1
f 2337/990/1 2336/991/1 2408/978/1
f 2336/991/1 2335/992/1 2408/978/1
f 2335/992/1 2334/945/1 2408/978/1
f 2395/987/1 2340/993/1 2339/988/1
f 2395/987/1 2341/994/1 2340/993/1
f 2395/987/1 2342/995/1 2341/994/1
f 2395/987/1 2343/996/1 2342/995/1
f 2395/987/1 2344/997/1 2343/996/1
f 2395/987/1 2345/998/1 2344/997/1
f 2399/986/6 2398/999/6 2395/987/6
f 2398/999/1 2396/1000/1 2395/987/1
f 2394/1001/1 2345/998/1 2395/987/1
f 2394/1001/1 2346/458/1 2345/998/1
f 2398/999/7 2397/1002/7 2396/1000/7
f 2394/1001/1 2347/1003/1 2346/458/1
f 2393/1004/1 2347/1003/1 2394/1001/1
f 2393/1004/1 2348/1005/1 2347/1003/1
f 2392/1006/1 2348/1005/1 2393/1004/1
f 2392/1006/1 2349/1007/1 2348/1005/1
f 2391/23/1 2349/1007/1 2392/1006/1
f 2391/23/1 2350/1008/1 2349/1007/1
f 2459/1009/1 2461/1010/1 2460/1011/1
f 2390/1012/1 2350/1008/1 2391/23/1
f 2459/1009/1 2462/1013/1 2461/1010/1
f 2390/1012/1 2351/1014/1 2350/1008/1
f 2459/1009/1 2463/1015/1 2462/1013/1
f 2458/1016/1 2463/1015/1 2459/1009/1
f 2458/1016/1 2464/1017/1 2463/1015/1
f 2457/1018/1 2464/1017/1 2458/1016/1
f 2389/1019/1 2351/1014/1 2390/1012/1
f 2389/1019/1 2352/1020/1 2351/1014/1
f 2457/1018/1 2465/1021/1 2464/1017/1
f 2433/1022/1 2435/1023/1 2434/1024/1
f 2456/1025/1 2465/1021/1 2457/1018/1
f 2433/1022/1 2436/367/1 2435/1023/1
f 2456/1025/1 2466/1026/1 2465/1021/1
f 2455/1027/1 2466/1026/1 2456/1025/1
f 2433/1022/1 2437/1028/1 2436/367/1
f 2388/1029/1 2352/1020/1 2389/1019/1
f 2432/1030/1 2437/1028/1 2433/1022/1
f 2455/1027/1 2467/1031/1 2466/1026/1
f 2388/1029/1 2353/1032/1 2352/1020/1
f 2454/330/1 2467/1031/1 2455/1027/1
f 2432/1030/1 2438/1033/1 2437/1028/1
f 2431/1034/1 2438/1033/1 2432/1030/1
f 2454/330/1 2468/1035/1 2467/1031/1
f 2453/1036/1 2468/1035/1 2454/330/1
f 2431/1034/1 2439/1037/1 2438/1033/1
f 2430/1038/1 2439/1037/1 2431/1034/1
f 2453/1036/1 2469/1039/1 2468/1035/1
f 2452/1040/1 2469/1039/1 2453/1036/1
f 2387/1041/1 2353/1032/1 2388/1029/1
f 2430/1038/1 2440/1042/1 2439/1037/1
f 2387/1041/1 2354/1043/1 2353/1032/1
f 2429/1044/1 2440/1042/1 2430/1038/1
f 2451/1045/1 2469/1039/1 2452/1040/1
f 2451/1045/1 2470/1046/1 2469/1039/1
f 2429/1044/1 2441/1047/1 2440/1042/1
f 2428/1048/1 2441/1047/1 2429/1044/1
f 2450/1049/1 2470/1046/1 2451/1045/1
f 2450/1049/1 2471/1050/1 2470/1046/1
f 2427/1051/1 2441/1047/1 2428/1048/1
f 2427/1051/1 2442/1052/1 2441/1047/1
f 2386/1053/1 2354/1043/1 2387/1041/1
f 2449/1054/1 2471/1050/1 2450/1049/1
f 2449/1054/1 2472/70/1 2471/1050/1
f 2386/1053/1 2355/1055/1 2354/1043/1
f 2426/1056/1 2442/1052/1 2427/1051/1
f 2426/1056/1 2443/1057/1 2442/1052/1
f 2449/1054/1 2448/1058/1 2472/70/1
f 2448/1058/1 2447/1059/1 2472/70/1
f 2425/1060/1 2443/1057/1 2426/1056/1
f 2425/1060/1 2444/1061/1 2443/1057/1
f 2424/1062/1 2444/1061/1 2425/1060/1
f 2424/1062/1 2445/1063/1 2444/1061/1
f 2385/1064/1 2355/1055/1 2386/1053/1
f 2385/1064/1 2356/1065/1 2355/1055/1
f 2423/1066/1 2445/1063/1 2424/1062/1
f 2423/1066/1 2446/1067/1 2445/1063/1
f 2422/1068/1 2446/1067/1 2423/1066/1
f 2422/1068/1 2421/1069/1 2446/1067/1
f 2385/1064/1 2357/1070/1 2356/1065/1
f 2384/1071/1 2357/1070/1 2385/1064/1
f 2384/1071/1 2358/1072/1 2357/1070/1
f 2383/1073/1 2358/1072/1 2384/1071/1
f 2383/1073/1 2359/1074/1 2358/1072/1
f 2382/348/1 2359/1074/1 2383/1073/1
f 2382/348/1 2360/1075/1 2359/1074/1
f 2381/1076/1 2360/1075/1 2382/348/1
f 2381/1076/1 2361/1077/1 2360/1075/1
f 2380/1078/1 2361/1077/1 2381/1076/1
f 2380/1078/1 2362/1079/1 2361/1077/1
f 2380/1078/1 2363/1080/1 2362/1079/1
f 2379/1081/1 2363/1080/1 2380/1078/1
f 2379/1081/1 2364/422/1 2363/1080/1
f 2378/1082/1 2364/422/1 2379/1081/1
f 2378/1082/1 2365/1083/1 2364/422/1
f 2378/1082/1 2366/1084/1 2365/1083/1
f 2377/1085/1 2366/1084/1 2378/1082/1
f 2377/1085/1 2367/1086/1 2366/1084/1
f 2377/1085/1 2368/1087/1 2367/1086/1
f 2377/1085/1 2369/1088/1 2368/1087/1
f 2377/1085/1 2370/1089/1 2369/1088/1
f 2376/1090/1 2370/1089/1 2377/1085/1
f 2376/1090/1 2371/1091/1 2370/1089/1
f 2375/1092/1 2371/1091/1 2376/1090/1
f 2374/1093/1 2371/1091/1 2375/1092/1
f 2373/1094/1 2371/1091/1 2374/1093/1
f 2372/1095/1 2371/1091/1 2373/1094/1
f 2533/572/1 2535/573/1 2534/574/1
f 2495/575/1 2497/576/1 2496/577/1
f 2533/572/1 2536/579/1 2535/573/1
f 2494/578/1 2497/576/1 2495/575/1
f 2533/572/1 2537/581/1 2536/579/1
f 2493/580/1 2497/576/1 2494/578/1
f 2533/572/1 2538/583/1 2537/581/1
f 2492/582/1 2497/576/1 2493/580/1
f 2533/572/1 2539/585/1 2538/583/1
f 2491/584/1 2497/576/1 2492/582/1
f 2533/572/1 2540/587/1 2539/585/1
f 2490/586/1 2497/576/1 2491/584/1
f 2533/572/1 2541/589/1 2540/587/1
f 2489/588/1 2497/576/1 2490/586/1
f 2533/572/1 2542/591/1 2541/589/1
f 2488/590/1 2497/576/1 2489/588/1
f 2533/572/1 2543/593/1 2542/591/1
f 2487/592/1 2497/576/1 2488/590/1
f 2533/572/1 2544/595/1 2543/593/1
f 2486/594/1 2497/576/1 2487/592/1
f 2533/572/1 2545/597/1 2544/595/1
f 2485/596/1 2497/576/1 2486/594/1
f 2533/572/1 2546/70/1 2545/597/1
f 2484/598/1 2497/576/1 2485/596/1
f 2533/572/1 2473/146/1 2546/70/1
f 2533/572/1 2474/599/1 2473/146/1
f 2533/572/1 2475/600/1 2474/599/1
f 2533/572/1 2476/601/1 2475/600/1
f 2533/572/1 2477/602/1 2476/601/1
f 2533/572/1 2478/603/1 2477/602/1
f 2533/572/1 2479/604/1 2478/603/1
f 2533/572/1 2480/605/1 2479/604/1
f 2533/572/1 2481/606/1 2480/605/1
f 2533/572/1 2482/607/1 2481/606/1
f 2533/572/1 2483/608/1 2482/607/1
f 2533/572/1 2484/598/1 2483/608/1
f 2533/572/1 2532/609/1 2484/598/1
f 2532/609/1 2531/610/1 2484/598/1
f 2531/610/1 2530/611/1 2484/598/1
f 2530/611/1 2529/612/1 2484/598/1
f 2529/612/1 2528/613/1 2484/598/1
f 2528/613/1 2527/614/1 2484/598/1
f 2527/614/1 2526/615/1 2484/598/1
f 2526/615/1 2525/616/1 2484/598/1
f 2525/616/1 2524/617/1 2484/598/1
f 2524/617/1 2523/618/1 2484/598/1
f 2523/618/1 2522/619/1 2484/598/1
f 2522/619/1 2521/620/1 2484/598/1
f 2521/620/1 2520/621/1 2484/598/1
f 2520/621/1 2519/622/1 2484/598/1
f 2519/622/1 2518/623/1 2484/598/1
f 2518/623/1 2516/636/1 2484/598/1
f 2516/636/1 2513/625/1 2484/598/1
f 2513/625/1 2509/627/1 2484/598/1
f 2509/627/1 2508/628/1 2484/598/1
f 2508/628/1 2507/629/1 2484/598/1
f 2507/629/1 2506/630/1 2484/598/1
f 2506/630/1 2505/631/1 2484/598/1
f 2505/631/1 2504/632/1 2484/598/1
f 2504/632/1 2503/633/1 2484/598/1
f 2503/633/1 2502/634/1 2484/598/1
f 2502/634/1 2497/576/1 2484/598/1
f 2517/635/4 2516/636/4 2518/623/4
f 2515/624/1 2513/625/1 2516/636/1
f 2514/637/1 2513/625/1 2515/624/1
f 2512/638/1 2509/627/1 2513/625/1
f 2511/639/1 2509/627/1 2512/638/1
f 2510/626/1 2509/627/1 2511/639/1
f 2501/640/1 2497/576/1 2502/634/1
f 2500/641/1 2497/576/1 2501/640/1
f 2499/642/1 2497/576/1 2500/641/1
f 2498/643/1 2497/576/1 2499/642/1
f 2610/671/1 2612/1096/1 2611/1097/1
f 2610/671/1 2613/1098/1 2612/1096/1
f 2610/671/1 2614/1099/1 2613/1098/1
f 2610/671/1 2615/1100/1 2614/1099/1
f 2609/1101/1 2615/1100/1 2610/671/1
f 2608/1102/1 2615/1100/1 2609/1101/1
f 2608/1102/1 2616/422/1 2615/1100/1
f 2607/1103/1 2616/422/1 2608/1102/1
f 2607/1103/1 2617/1104/1 2616/422/1
f 2606/1105/1 2617/1104/1 2607/1103/1
f 2606/1105/1 2618/1106/1 2617/1104/1
f 2605/1107/1 2618/1106/1 2606/1105/1
f 2605/1107/1 2619/678/1 2618/1106/1
f 2604/1108/1 2619/678/1 2605/1107/1
f 2604/1108/1 2620/1109/1 2619/678/1
f 2603/1110/1 2620/1109/1 2604/1108/1
f 2603/1110/1 2621/1111/1 2620/1109/1
f 2602/1112/1 2621/1111/1 2603/1110/1
f 2602/1112/1 2622/1113/1 2621/1111/1
f 2601/657/1 2622/1113/1 2602/1112/1
f 2601/657/1 2623/1114/1 2622/1113/1
f 2600/1115/1 2623/1114/1 2601/657/1
f 2600/1115/1 2624/1116/1 2623/1114/1
f 2599/1117/1 2624/1116/1 2600/1115/1
f 2598/1118/1 2624/1116/1 2599/1117/1
f 2597/1119/1 2624/1116/1 2598/1118/1
f 2647/1120/1 2649/1121/1 2648/1122/1
f 2646/685/1 2649/1121/1 2647/1120/1
f 2645/1123/1 2649/1121/1 2646/685/1
f 2644/1124/1 2649/1121/1 2645/1123/1
f 2643/1125/1 2649/1121/1 2644/1124/1
f 2642/1126/1 2649/1121/1 2643/1125/1
f 2641/1127/1 2649/1121/1 2642/1126/1
f 2640/1128/1 2649/1121/1 2641/1127/1
f 2639/348/1 2649/1121/1 2640/1128/1
f 2638/1129/1 2649/1121/1 2639/348/1
f 2637/652/1 2649/1121/1 2638/1129/1
f 2636/1130/1 2649/1121/1 2637/652/1
f 2635/1131/1 2649/1121/1 2636/1130/1
f 2634/1132/1 2649/1121/1 2635/1131/1
f 2633/1133/1 2649/1121/1 2634/1132/1
f 2632/1134/1 2649/1121/1 2633/1133/1
f 2631/1135/1 2649/1121/1 2632/1134/1
f 2630/1136/1 2649/1121/1 2631/1135/1
f 2629/1137/1 2649/1121/1 2630/1136/1
f 2628/666/1 2649/1121/1 2629/1137/1
f 2627/1138/1 2649/1121/1 2628/666/1
f 2626/1139/1 2649/1121/1 2627/1138/1
f 2625/1140/1 2649/1121/1 2626/1139/1
f 2624/1116/1 2649/1121/1 2625/1140/1
f 2597/1119/1 2649/1121/1 2624/1116/1
f 2596/1141/1 2649/1121/1 2597/1119/1
f 2595/1142/1 2649/1121/1 2596/1141/1
f 2594/1143/1 2649/1121/1 2595/1142/1
f 2593/458/1 2649/1121/1 2594/1143/1
f 2592/721/1 2649/1121/1 2593/458/1
f 2592/721/1 2650/1144/1 2649/1121/1
f 2592/721/1 2651/1145/1 2650/1144/1
f 2592/721/1 2652/1146/1 2651/1145/1
f 2591/1147/1 2652/1146/1 2592/721/1
f 2591/1147/1 2653/1148/1 2652/1146/1
f 2591/1147/1 2654/1149/1 2653/1148/1
f 2591/1147/1 2655/692/1 2654/1149/1
f 2590/1150/1 2655/692/1 2591/1147/1
f 2590/1150/1 2656/1151/1 2655/692/1
f 2590/1150/1 2657/1152/1 2656/1151/1
f 2590/1150/1 2658/1153/1 2657/1152/1
f 2589/1154/1 2658/1153/1 2590/1150/1
f 2589/1154/1 2659/1155/1 2658/1153/1
f 2589/1154/1 2660/1156/1 2659/1155/1
f 2589/1154/1 2661/1157/1 2660/1156/1
f 2588/1158/1 2661/1157/1 2589/1154/1
f 2588/1158/1 2662/388/1 2661/1157/1
f 2587/1159/1 2662/388/1 2588/1158/1
f 2586/1160/1 2662/388/1 2587/1159/1
f 2585/1161/1 2662/388/1 2586/1160/1
f 2584/1162/1 2662/388/1 2585/1161/1
f 2583/697/1 2662/388/1 2584/1162/1
f 2582/1163/1 2662/388/1 2583/697/1
f 2581/1164/1 2662/388/1 2582/1163/1
f 2580/1165/1 2662/388/1 2581/1164/1
f 2579/1166/1 2662/388/1 2580/1165/1
f 2578/1167/1 2662/388/1 2579/1166/1
f 2577/1168/1 2662/388/1 2578/1167/1
f 2576/1169/1 2662/388/1 2577/1168/1
f 2575/1170/1 2662/388/1 2576/1169/1
f 2574/705/1 2662/388/1 2575/1170/1
f 2573/1171/1 2662/388/1 2574/705/1
f 2572/1172/1 2571/1173/1 2573/1171/1
f 2571/1173/1 2570/478/1 2573/1171/1
f 2570/478/1 2569/1174/1 2573/1171/1
f 2569/1174/1 2568/1175/1 2573/1171/1
f 2568/1175/1 2567/1176/1 2573/1171/1
f 2567/1176/1 2566/1177/1 2573/1171/1
f 2566/1177/1 2565/712/1 2573/1171/1
f 2565/712/1 2564/1178/1 2573/1171/1
f 2564/1178/1 2563/1179/1 2573/1171/1
f 2563/1179/1 2562/1180/1 2573/1171/1
f 2562/1180/1 2561/1181/1 2573/1171/1
f 2561/1181/1 2560/1182/1 2573/1171/1
f 2560/1182/1 2662/388/1 2573/1171/1
f 2560/1182/1 2559/1183/1 2662/388/1
f 2559/1183/1 2663/1184/1 2662/388/1
f 2558/1185/1 2663/1184/1 2559/1183/1
f 2675/1186/1 2677/1187/1 2676/1188/1
f 2674/1189/1 2677/1187/1 2675/1186/1
f 2673/741/1 2677/1187/1 2674/1189/1
f 2672/1190/1 2677/1187/1 2673/741/1
f 2671/1191/1 2677/1187/1 2672/1190/1
f 2670/1192/1 2677/1187/1 2671/1191/1
f 2669/1193/1 2677/1187/1 2670/1192/1
f 2668/1194/1 2677/1187/1 2669/1193/1
f 2667/1195/1 2677/1187/1 2668/1194/1
f 2666/1196/1 2677/1187/1 2667/1195/1
f 2665/1197/1 2677/1187/1 2666/1196/1
f 2664/727/1 2677/1187/1 2665/1197/1
f 2663/1184/1 2677/1187/1 2664/727/1
f 2558/1185/1 2677/1187/1 2663/1184/1
f 2557/1198/1 2677/1187/1 2558/1185/1
f 2556/728/1 2677/1187/1 2557/1198/1
f 2555/1199/1 2677/1187/1 2556/728/1
f 2555/1199/1 2678/1200/1 2677/1187/1
f 2555/1199/1 2679/1201/1 2678/1200/1
f 2555/1199/1 2680/1202/1 2679/1201/1
f 2555/1199/1 2681/1203/1 2680/1202/1
f 2555/1199/1 2682/758/1 2681/1203/1
f 2555/1199/1 2683/1204/1 2682/758/1
f 2554/1205/1 2683/1204/1 2555/1199/1
f 2554/1205/1 2684/1206/1 2683/1204/1
f 2554/1205/1 2685/401/1 2684/1206/1
f 2554/1205/1 2686/1207/1 2685/401/1
f 2553/1208/1 2686/1207/1 2554/1205/1
f 2553/1208/1 2687/1209/1 2686/1207/1
f 2553/1208/1 2688/1210/1 2687/1209/1
f 2553/1208/1 2689/1211/1 2688/1210/1
f 2552/1212/1 2689/1211/1 2553/1208/1
f 2552/1212/1 2690/1213/1 2689/1211/1
f 2551/1214/1 2690/1213/1 2552/1212/1
f 2550/1215/1 2690/1213/1 2551/1214/1
f 2549/1216/1 2690/1213/1 2550/1215/1
f 2548/1217/1 2690/1213/1 2549/1216/1
f 2547/146/1 2690/1213/1 2548/1217/1
f 2754/70/1 2690/1213/1 2547/146/1
f 2753/1218/1 2690/1213/1 2754/70/1
f 2752/1219/1 2690/1213/1 2753/1218/1
f 2751/1220/1 2690/1213/1 2752/1219/1
f 2750/1221/1 2690/1213/1 2751/1220/1
f 2749/1222/1 2690/1213/1 2750/1221/1
f 2748/1223/1 2690/1213/1 2749/1222/1
f 2747/1224/1 2690/1213/1 2748/1223/1
f 2746/1225/1 2690/1213/1 2747/1224/1
f 2745/753/1 2690/1213/1 2746/1225/1
f 2744/1226/1 2690/1213/1 2745/753/1
f 2743/1227/1 2690/1213/1 2744/1226/1
f 2742/1228/1 2690/1213/1 2743/1227/1
f 2741/1229/1 2740/1230/1 2742/1228/1
f 2740/1230/1 2739/1231/1 2742/1228/1
f 2739/1231/1 2738/1232/1 2742/1228/1
f 2738/1232/1 2737/1233/1 2742/1228/1
f 2737/1233/1 2736/769/1 2742/1228/1
f 2736/769/1 2735/1234/1 2742/1228/1
f 2735/1234/1 2734/1235/1 2742/1228/1
f 2734/1235/1 2733/1236/1 2742/1228/1
f 2733/1236/1 2732/1237/1 2742/1228/1
f 2732/1237/1 2731/330/1 2742/1228/1
f 2731/330/1 2728/1238/1 2742/1228/1
f 2728/1238/1 2727/776/1 2742/1228/1
f 2727/776/1 2726/1239/1 2742/1228/1
f 2726/1239/1 2725/1240/1 2742/1228/1
f 2725/1240/1 2724/1241/1 2742/1228/1
f 2724/1241/1 2723/1242/1 2742/1228/1
f 2723/1242/1 2722/1243/1 2742/1228/1
f 2722/1243/1 2721/1244/1 2742/1228/1
f 2721/1244/1 2720/1245/1 2742/1228/1
f 2720/1245/1 2719/1246/1 2742/1228/1
f 2719/1246/1 2718/783/1 2742/1228/1
f 2718/783/1 2717/1247/1 2742/1228/1
f 2717/1247/1 2690/1213/1 2742/1228/1
f 2717/1247/1 2691/748/1 2690/1213/1
f 2716/1248/1 2691/748/1 2717/1247/1
f 2731/330/1 2730/1249/1 2728/1238/1
f 2730/1249/9 2729/1250/9 2728/1238/9
f 2716/1248/1 2692/1251/1 2691/748/1
f 2716/1248/1 2693/1252/1 2692/1251/1
f 2715/1253/1 2693/1252/1 2716/1248/1
f 2715/1253/1 2694/1254/1 2693/1252/1
f 2714/1255/1 2694/1254/1 2715/1253/1
f 2714/1255/1 2695/1256/1 2694/1254/1
f 2713/1257/1 2695/1256/1 2714/1255/1
f 2713/1257/1 2696/1258/1 2695/1256/1
f 2712/1259/1 2696/1258/1 2713/1257/1
f 2712/1259/1 2697/1260/1 2696/1258/1
f 2711/1261/1 2697/1260/1 2712/1259/1
f 2711/1261/1 2698/1262/1 2697/1260/1
f 2710/1263/1 2698/1262/1 2711/1261/1
f 2710/1263/1 2699/1264/1 2698/1262/1
f 2709/787/1 2699/1264/1 2710/1263/1
f 2709/787/1 2700/793/1 2699/1264/1
f 2708/367/1 2700/793/1 2709/787/1
f 2708/367/1 2701/1265/1 2700/793/1
f 2707/1266/1 2701/1265/1 2708/367/1
f 2707/1266/1 2702/1267/1 2701/1265/1
f 2706/1268/1 2702/1267/1 2707/1266/1
f 2706/1268/1 2703/1269/1 2702/1267/1
f 2706/1268/1 2704/1270/1 2703/1269/1
f 2705/1271/10 2704/1270/10 2706/1268/10
f 2763/571/1 2755/146/1 2764/556/1
f 2755/146/1 2765/544/1 2764/556/1
f 2755/146/1 2766/70/1 2765/544/1
f 2763/571/1 2756/495/1 2755/146/1
f 2763/571/1 2759/525/1 2756/495/1
f 2759/525/1 2757/496/1 2756/495/1
f 2759/525/1 2758/510/1 2757/496/1
f 2763/571/1 2760/541/1 2759/525/1
f 2763/571/1 2761/529/1 2760/541/1
f 2763/571/1 2762/557/1 2761/529/1
f 2850/1796/1 2852/1797/1 2851/1798/1
f 2850/1796/1 2853/1799/1 2852/1797/1
f 2850/1796/1 2854/1800/1 2853/1799/1
f 2849/1801/1 2854/1800/1 2850/1796/1
f 2849/1801/1 2855/1802/1 2854/1800/1
f 2849/1801/1 2856/1803/1 2855/1802/1
f 2849/1801/1 2857/1804/1 2856/1803/1
f 2848/1805/1 2857/1804/1 2849/1801/1
f 2848/1805/1 2858/1806/1 2857/1804/1
f 2848/1805/1 2859/1807/1 2858/1806/1
f 2848/1805/1 2860/1808/1 2859/1807/1
f 2847/1809/1 2860/1808/1 2848/1805/1
f 2847/1809/1 2861/1810/1 2860/1808/1
f 2847/1809/1 2862/1811/1 2861/1810/1
f 2847/1809/1 2863/1812/1 2862/1811/1
f 2846/1813/1 2863/1812/1 2847/1809/1
f 2846/1813/1 2776/1814/1 2863/1812/1
f 2776/1814/1 2775/1815/1 2863/1812/1
f 2775/1815/1 2774/1816/1 2863/1812/1
f 2774/1816/1 2773/1817/1 2863/1812/1
f 2773/1817/1 2772/1818/1 2863/1812/1
f 2772/1818/1 2771/1819/1 2863/1812/1
f 2771/1819/1 2770/1820/1 2863/1812/1
f 2770/1820/1 2769/1821/1 2863/1812/1
f 2769/1821/1 2768/1822/1 2863/1812/1
f 2768/1822/1 2767/146/1 2863/1812/1
f 2767/146/1 2864/70/1 2863/1812/1
f 2845/1823/1 2778/1824/1 2846/1813/1
f 2778/1824/1 2777/1825/1 2846/1813/1
f 2777/1825/1 2776/1814/1 2846/1813/1
f 2845/1823/1 2779/1826/1 2778/1824/1
f 2845/1823/1 2780/1827/1 2779/1826/1
f 2845/1823/1 2781/1828/1 2780/1827/1
f 2844/1829/1 2781/1828/1 2845/1823/1
f 2844/1829/1 2782/1830/1 2781/1828/1
f 2844/1829/1 2783/1831/1 2782/1830/1
f 2843/1832/1 2783/1831/1 2844/1829/1
f 2843/1832/1 2784/1833/1 2783/1831/1
f 2843/1832/1 2785/1834/1 2784/1833/1
f 2842/1835/1 2785/1834/1 2843/1832/1
f 2842/1835/1 2786/1836/1 2785/1834/1
f 2841/1837/1 2786/1836/1 2842/1835/1
f 2841/1837/1 2787/1838/1 2786/1836/1
f 2841/1837/1 2788/1839/1 2787/1838/1
f 2840/1840/1 2788/1839/1 2841/1837/1
f 2840/1840/1 2789/1841/1 2788/1839/1
f 2839/1842/1 2789/1841/1 2840/1840/1
f 2839/1842/1 2790/1843/1 2789/1841/1
f 2839/1842/1 2791/1844/1 2790/1843/1
f 2838/1845/1 2791/1844/1 2839/1842/1
f 2838/1845/1 2792/1846/1 2791/1844/1
f 2837/1847/1 2792/1846/1 2838/1845/1
f 2837/1847/1 2793/1848/1 2792/1846/1
f 2836/1849/1 2793/1848/1 2837/1847/1
f 2836/1849/1 2794/1850/1 2793/1848/1
f 2835/1851/1 2794/1850/1 2836/1849/1
f 2835/1851/1 2795/1852/1 2794/1850/1
f 2834/1853/1 2795/1852/1 2835/1851/1
f 2834/1853/1 2796/1854/1 2795/1852/1
f 2813/1855/1 2815/1856/1 2814/1857/1
f 2834/1853/1 2797/1858/1 2796/1854/1
f 2812/1859/1 2815/1856/1 2813/1855/1
f 2833/1860/1 2797/1858/1 2834/1853/1
f 2811/1861/1 2815/1856/1 2812/1859/1
f 2833/1860/1 2798/1862/1 2797/1858/1
f 2810/1863/1 2815/1856/1 2811/1861/1
f 2809/1864/1 2815/1856/1 2810/1863/1
f 2833/1860/1 2799/1865/1 2798/1862/1
f 2808/1866/1 2815/1856/1 2809/1864/1
f 2832/1867/1 2799/1865/1 2833/1860/1
f 2807/1868/1 2815/1856/1 2808/1866/1
f 2832/1867/1 2800/1869/1 2799/1865/1
f 2806/1870/1 2815/1856/1 2807/1868/1
f 2805/1871/1 2815/1856/1 2806/1870/1
f 2832/1867/1 2801/1872/1 2800/1869/1
f 2804/1873/1 2815/1856/1 2805/1871/1
f 2803/1874/1 2815/1856/1 2804/1873/1
f 2832/1867/1 2802/1875/1 2801/1872/1
f 2802/1875/1 2815/1856/1 2803/1874/1
f 2832/1867/1 2815/1856/1 2802/1875/1
f 2831/1876/1 2815/1856/1 2832/1867/1
f 2831/1876/1 2816/1877/1 2815/1856/1
f 2830/1878/1 2816/1877/1 2831/1876/1
f 2830/1878/1 2817/1879/1 2816/1877/1
f 2830/1878/1 2818/1880/1 2817/1879/1
f 2830/1878/1 2819/1881/1 2818/1880/1
f 2829/1882/1 2819/1881/1 2830/1878/1
f 2829/1882/1 2820/1883/1 2819/1881/1
f 2829/1882/1 2821/1884/1 2820/1883/1
f 2829/1882/1 2822/1885/1 2821/1884/1
f 2828/1886/1 2822/1885/1 2829/1882/1
f 2828/1886/1 2823/1887/1 2822/1885/1
f 2828/1886/1 2824/1888/1 2823/1887/1
f 2828/1886/1 2825/1889/1 2824/1888/1
f 2827/1890/1 2825/1889/1 2828/1886/1
f 2827/1890/1 2826/1891/1 2825/1889/1
f 2869/1717/1 2871/1783/1 2870/23/1
f 2869/1717/1 2874/1660/1 2871/1783/1
f 2874/1660/1 2872/1756/1 2871/1783/1
f 2869/1717/1 2875/70/1 2874/1660/1
f 2873/1730/1 2872/1756/1 2874/1660/1
f 2869/1717/1 2867/1626/1 2875/70/1
f 2867/1626/1 2873/1730/1 2875/70/1
f 2867/1626/1 2866/1662/1 2873/1730/1
f 2866/1662/1 2872/1756/1 2873/1730/1
f 2869/1717/1 2868/1704/1 2867/1626/1
f 2865/146/1 2872/1756/1 2866/1662/1
f 2902/1892/1 2930/1893/1 2903/1894/1
f 2930/1893/1 2904/1895/1 2903/1894/1
f 2930/1893/1 2876/146/1 2904/1895/1
f 2930/1893/1 2877/1896/1 2876/146/1
f 2930/1893/1 2878/1897/1 2877/1896/1
f 2930/1893/1 2879/1898/1 2878/1897/1
f 2930/1893/1 2880/1899/1 2879/1898/1
f 2930/1893/1 2881/495/1 2880/1899/1
f 2930/1893/1 2882/1900/1 2881/495/1
f 2930/1893/1 2929/1901/1 2882/1900/1
f 2929/1901/1 2883/1902/1 2882/1900/1
f 2902/1892/1 2931/70/1 2930/1893/1
f 2928/1903/1 2883/1902/1 2929/1901/1
f 2927/1904/1 2883/1902/1 2928/1903/1
f 2926/544/1 2883/1902/1 2927/1904/1
f 2926/544/1 2884/1905/1 2883/1902/1
f 2925/1906/1 2884/1905/1 2926/544/1
f 2924/1907/1 2884/1905/1 2925/1906/1
f 2923/1908/1 2884/1905/1 2924/1907/1
f 2923/1908/1 2885/1909/1 2884/1905/1
f 2922/1910/1 2885/1909/1 2923/1908/1
f 2921/556/1 2885/1909/1 2922/1910/1
f 2920/1730/1 2885/1909/1 2921/556/1
f 2920/1730/1 2886/496/1 2885/1909/1
f 2919/1911/1 2886/496/1 2920/1730/1
f 2918/1912/1 2886/496/1 2919/1911/1
f 2918/1912/1 2887/1626/1 2886/496/1
f 2917/1913/1 2887/1626/1 2918/1912/1
f 2916/571/1 2887/1626/1 2917/1913/1
f 2916/571/1 2888/1914/1 2887/1626/1
f 2915/1915/1 2888/1914/1 2916/571/1
f 2915/1915/1 2889/1916/1 2888/1914/1
f 2914/1917/1 2889/1916/1 2915/1915/1
f 2913/1918/1 2889/1916/1 2914/1917/1
f 2913/1918/1 2890/1919/1 2889/1916/1
f 2912/1920/1 2890/1919/1 2913/1918/1
f 2911/557/1 2890/1919/1 2912/1920/1
f 2911/557/1 2891/510/1 2890/1919/1
f 2910/1921/1 2891/510/1 2911/557/1
f 2909/1783/1 2891/510/1 2910/1921/1
f 2908/1922/1 2891/510/1 2909/1783/1
f 2907/1923/1 2891/510/1 2908/1922/1
f 2907/1923/1 2892/1924/1 2891/510/1
f 2906/529/1 2892/1924/1 2907/1923/1
f 2905/1925/1 2892/1924/1 2906/529/1
f 2902/1892/1 2900/1926/1 2931/70/1
f 2900/1926/1 2905/1925/1 2931/70/1
f 2900/1926/1 2892/1924/1 2905/1925/1
f 2900/1926/1 2893/1927/1 2892/1924/1
f 2900/1926/1 2894/1928/1 2893/1927/1
f 2900/1926/1 2895/1929/1 2894/1928/1
f 2900/1926/1 2896/525/1 2895/1929/1
f 2900/1926/1 2897/1930/1 2896/525/1
f 2900/1926/1 2898/1717/1 2897/1930/1
f 2900/1926/1 2899/1931/1 2898/1717/1
f 2902/1892/1 2901/541/1 2900/1926/1
f 3039/1932/1 3041/1933/1 3040/1934/1
f 3039/1932/1 3042/544/1 3041/1933/1
f 3039/1932/1 3043/1935/1 3042/544/1
f 3038/1936/1 3043/1935/1 3039/1932/1
f 3038/1936/1 3044/1937/1 3043/1935/1
f 3038/1936/1 3045/1938/1 3044/1937/1
f 3037/1939/1 3045/1938/1 3038/1936/1
f 3037/1939/1 3046/1940/1 3045/1938/1
f 3037/1939/1 3047/1941/1 3046/1940/1
f 3036/1942/1 3047/1941/1 3037/1939/1
f 3036/1942/1 3048/1943/1 3047/1941/1
f 3036/1942/1 3049/1944/1 3048/1943/1
f 3035/1945/1 3049/1944/1 3036/1942/1
f 3035/1945/1 3050/1946/1 3049/1944/1
f 3035/1945/1 3051/1947/1 3050/1946/1
f 3034/1948/1 3051/1947/1 3035/1945/1
f 3034/1948/1 3052/1949/1 3051/1947/1
f 3034/1948/1 2939/1950/1 3052/1949/1
f 2939/1950/1 2938/1951/1 3052/1949/1
f 2938/1951/1 2937/1952/1 3052/1949/1
f 2937/1952/1 2936/1953/1 3052/1949/1
f 2936/1953/1 2935/1954/1 3052/1949/1
f 2935/1954/1 2934/1955/1 3052/1949/1
f 2934/1955/1 2933/1956/1 3052/1949/1
f 2933/1956/1 2932/146/1 3052/1949/1
f 2932/146/1 3053/70/1 3052/1949/1
f 3033/1957/1 2941/1958/1 3034/1948/1
f 2941/1958/1 2940/1959/1 3034/1948/1
f 2940/1959/1 2939/1950/1 3034/1948/1
f 3032/1960/1 2943/495/1 3033/1957/1
f 2943/495/1 2942/1961/1 3033/1957/1
f 2942/1961/1 2941/1958/1 3033/1957/1
f 3031/556/1 2944/1962/1 3032/1960/1
f 2944/1962/1 2943/495/1 3032/1960/1
f 3031/556/1 2945/1963/1 2944/1962/1
f 3031/556/1 2946/1964/1 2945/1963/1
f 3031/556/1 2947/1965/1 2946/1964/1
f 3031/556/1 2948/1966/1 2947/1965/1
f 3031/556/1 2949/1967/1 2948/1966/1
f 3030/1968/1 2949/1967/1 3031/556/1
f 3030/1968/1 2950/1969/1 2949/1967/1
f 3030/1968/1 2951/1970/1 2950/1969/1
f 3030/1968/1 2952/1971/1 2951/1970/1
f 3029/1972/1 2952/1971/1 3030/1968/1
f 3029/1972/1 2953/1973/1 2952/1971/1
f 3029/1972/1 2954/496/1 2953/1973/1
f 3028/1974/1 2954/496/1 3029/1972/1
f 3028/1974/1 2955/1975/1 2954/496/1
f 3028/1974/1 2956/1976/1 2955/1975/1
f 3027/1977/1 2956/1976/1 3028/1974/1
f 3027/1977/1 2957/1978/1 2956/1976/1
f 3027/1977/1 2958/1979/1 2957/1978/1
f 3026/1980/1 2958/1979/1 3027/1977/1
f 3026/1980/1 2959/1981/1 2958/1979/1
f 3025/1982/1 2959/1981/1 3026/1980/1
f 3025/1982/1 2960/1983/1 2959/1981/1
f 3025/1982/1 2961/1984/1 2960/1983/1
f 3024/1985/1 2961/1984/1 3025/1982/1
f 3024/1985/1 2962/1986/1 2961/1984/1
f 3023/1987/1 2962/1986/1 3024/1985/1
f 3023/1987/1 2963/1988/1 2962/1986/1
f 3022/1989/1 2963/1988/1 3023/1987/1
f 3022/1989/1 2964/1990/1 2963/1988/1
f 3021/1991/1 2964/1990/1 3022/1989/1
f 3021/1991/1 2965/510/1 2964/1990/1
f 3020/571/1 2965/510/1 3021/1991/1
f 3019/1992/1 2965/510/1 3020/571/1
f 3019/1992/1 2966/1993/1 2965/510/1
f 3018/1994/1 2966/1993/1 3019/1992/1
f 3017/1995/1 2966/1993/1 3018/1994/1
f 3017/1995/1 2967/1996/1 2966/1993/1
f 3016/1997/1 2967/1996/1 3017/1995/1
f 2991/1998/1 2993/1999/1 2992/2000/1
f 3016/1997/1 2968/2001/1 2967/1996/1
f 3015/2002/1 2968/2001/1 3016/1997/1
f 2991/1998/1 2994/2003/1 2993/1999/1
f 3014/2004/1 2968/2001/1 3015/2002/1
f 3014/2004/1 2969/2005/1 2968/2001/1
f 2991/1998/1 2995/2006/1 2994/2003/1
f 3013/2007/1 2969/2005/1 3014/2004/1
f 3012/2008/1 2969/2005/1 3013/2007/1
f 2991/1998/1 2996/2009/1 2995/2006/1
f 3011/2010/1 2969/2005/1 3012/2008/1
f 3011/2010/1 2970/2011/1 2969/2005/1
f 2991/1998/1 2997/2012/1 2996/2009/1
f 3010/2013/1 2970/2011/1 3011/2010/1
f 2991/1998/1 2998/529/1 2997/2012/1
f 3009/557/1 2970/2011/1 3010/2013/1
f 2991/1998/1 2999/2014/1 2998/529/1
f 3009/557/1 2971/2015/1 2970/2011/1
f 3008/2016/1 2971/2015/1 3009/557/1
f 2991/1998/1 3000/2017/1 2999/2014/1
f 3007/2018/1 2971/2015/1 3008/2016/1
f 2991/1998/1 3001/2019/1 3000/2017/1
f 3006/2020/1 2971/2015/1 3007/2018/1
f 2991/1998/1 3002/2021/1 3001/2019/1
f 3005/2022/1 2971/2015/1 3006/2020/1
f 2991/1998/1 3003/2023/1 3002/2021/1
f 3005/2022/1 2972/2024/1 2971/2015/1
f 3004/2025/1 2972/2024/1 3005/2022/1
f 2991/1998/1 3004/2025/1 3003/2023/1
f 2991/1998/1 2972/2024/1 3004/2025/1
f 2991/1998/1 2973/2026/1 2972/2024/1
f 2990/2027/1 2973/2026/1 2991/1998/1
f 2989/2028/1 2973/2026/1 2990/2027/1
f 2989/2028/1 2974/2029/1 2973/2026/1
f 2988/2030/1 2974/2029/1 2989/2028/1
f 2988/2030/1 2975/2031/1 2974/2029/1
f 2987/541/1 2975/2031/1 2988/2030/1
f 2986/2032/1 2975/2031/1 2987/541/1
f 2986/2032/1 2976/525/1 2975/2031/1
f 2985/2033/1 2976/525/1 2986/2032/1
f 2984/2034/1 2976/525/1 2985/2033/1
f 2984/2034/1 2977/2035/1 2976/525/1
f 2983/2036/1 2977/2035/1 2984/2034/1
f 2982/2037/1 2977/2035/1 2983/2036/1
f 2982/2037/1 2978/2038/1 2977/2035/1
f 2981/2039/1 2978/2038/1 2982/2037/1
f 2980/2040/1 2978/2038/1 2981/2039/1
f 2980/2040/1 2979/2041/1 2978/2038/1
f 3150/1/4 3151/3/4 3152/2/4
f 3150/1/4 3152/2/4 3153/4/4
f 3149/5/4 3150/1/4 3153/4/4
f 3149/5/4 3153/4/4 3154/6/4
f 3148/7/4 3149/5/4 3154/6/4
f 3148/7/4 3154/6/4 3155/8/4
f 3147/9/4 3148/7/4 3155/8/4
f 3147/9/4 3155/8/4 3156/10/4
f 3146/11/4 3147/9/4 3156/10/4
f 3146/11/4 3156/10/4 3157/12/4
f 3145/13/4 3146/11/4 3157/12/4
f 3145/13/4 3157/12/4 3158/14/4
f 3144/15/4 3145/13/4 3158/14/4
f 3144/15/4 3158/14/4 3159/16/4
f 3143/17/4 3144/15/4 3159/16/4
f 3143/17/4 3159/16/4 3160/18/4
f 3142/19/4 3143/17/4 3160/18/4
f 3142/19/4 3160/18/4 3161/20/4
f 3141/21/4 3142/19/4 3161/20/4
f 3141/21/4 3161/20/4 3162/22/4
f 3140/23/4 3141/21/4 3162/22/4
f 3140/23/4 3162/22/4 3163/24/4
f 3139/25/4 3140/23/4 3163/24/4
f 3139/25/4 3163/24/4 3164/26/4
f 3138/27/4 3139/25/4 3164/26/4
f 3138/27/4 3164/26/4 3165/28/4
f 3138/27/4 3165/28/4 3166/29/4
f 3137/30/4 3138/27/4 3166/29/4
f 3137/30/4 3166/29/4 3167/31/4
f 3136/32/4 3137/30/4 3167/31/4
f 3136/32/4 3167/31/4 3168/33/4
f 3135/34/4 3136/32/4 3168/33/4
f 3135/34/4 3168/33/4 3169/35/4
f 3134/36/4 3135/34/4 3169/35/4
f 3134/36/4 3169/35/4 3170/37/4
f 3133/38/4 3134/36/4 3170/37/4
f 3133/38/4 3170/37/4 3171/39/4
f 3132/40/4 3133/38/4 3171/39/4
f 3187/41/4 3188/43/4 3189/42/4
f 3186/44/4 3187/41/4 3189/42/4
f 3132/40/4 3171/39/4 3172/45/4
f 3131/46/4 3132/40/4 3172/45/4
f 3185/47/4 3186/44/4 3189/42/4
f 3185/47/4 3189/42/4 3190/48/4
f 3184/49/4 3185/47/4 3190/48/4
f 3131/46/4 3172/45/4 3173/50/4
f 3184/49/4 3190/48/4 3191/51/4
f 3183/52/4 3184/49/4 3191/51/4
f 3130/53/4 3131/46/4 3173/50/4
f 3183/52/4 3191/51/4 3192/54/4
f 3182/55/4 3183/52/4 3192/54/4
f 3181/56/4 3182/55/4 3192/54/4
f 3130/53/4 3173/50/4 3174/57/4
f 3181/56/4 3192/54/4 3193/58/4
f 3129/59/4 3130/53/4 3174/57/4
f 3180/60/4 3181/56/4 3193/58/4
f 3180/60/4 3193/58/4 3194/61/4
f 3179/62/4 3180/60/4 3194/61/4
f 3129/59/4 3174/57/4 3175/63/4
f 3179/62/4 3194/61/4 3195/64/4
f 3178/65/4 3179/62/4 3195/64/4
f 3128/66/4 3129/59/4 3175/63/4
f 3177/67/4 3178/65/4 3195/64/4
f 3177/67/4 3195/64/4 3196/68/4
f 3128/66/4 3175/63/4 3176/69/4
f 3176/69/4 3177/67/4 3196/68/4
f 3128/66/4 3176/69/4 3196/68/4
f 3226/70/4 3128/66/4 3196/68/4
f 3226/70/4 3196/68/4 3197/71/4
f 3225/72/4 3226/70/4 3197/71/4
f 3224/73/4 3225/72/4 3197/71/4
f 3224/73/4 3197/71/4 3198/74/4
f 3223/75/4 3224/73/4 3198/74/4
f 3222/76/4 3223/75/4 3198/74/4
f 3221/77/4 3222/76/4 3198/74/4
f 3220/78/4 3221/77/4 3198/74/4
f 3220/78/4 3198/74/4 3199/79/4
f 3219/80/4 3220/78/4 3199/79/4
f 3218/81/4 3219/80/4 3199/79/4
f 3217/82/4 3218/81/4 3199/79/4
f 3216/83/4 3217/82/4 3199/79/4
f 3216/83/4 3199/79/4 3200/84/4
f 3215/85/4 3216/83/4 3200/84/4
f 3214/86/4 3215/85/4 3200/84/4
f 3213/87/4 3214/86/4 3212/88/4
f 3212/88/4 3214/86/4 3211/89/4
f 3211/89/4 3214/86/4 3210/90/4
f 3210/90/4 3214/86/4 3209/91/4
f 3209/91/4 3214/86/4 3208/92/4
f 3208/92/4 3214/86/4 3207/93/4
f 3207/93/4 3214/86/4 3206/94/4
f 3206/94/4 3214/86/4 3205/95/4
f 3205/95/4 3214/86/4 3204/96/4
f 3204/96/4 3214/86/4 3203/97/4
f 3203/97/4 3214/86/4 3202/98/4
f 3202/98/4 3214/86/4 3201/99/4
f 3201/99/4 3214/86/4 3200/84/4
f 3076/100/4 3077/102/4 3078/101/4
f 3076/100/4 3078/101/4 3079/103/4
f 3076/100/4 3079/103/4 3080/104/4
f 3075/105/4 3076/100/4 3080/104/4
f 3075/105/4 3080/104/4 3081/106/4
f 3074/107/4 3075/105/4 3081/106/4
f 3074/107/4 3081/106/4 3082/108/4
f 3073/109/4 3074/107/4 3082/108/4
f 3073/109/4 3082/108/4 3083/110/4
f 3072/111/4 3073/109/4 3083/110/4
f 3072/111/4 3083/110/4 3084/112/4
f 3071/113/4 3072/111/4 3084/112/4
f 3071/113/4 3084/112/4 3085/114/4
f 3070/115/4 3071/113/4 3085/114/4
f 3070/115/4 3085/114/4 3086/116/4
f 3069/117/4 3070/115/4 3086/116/4
f 3069/117/4 3086/116/4 3087/118/4
f 3068/119/4 3069/117/4 3087/118/4
f 3068/119/4 3087/118/4 3088/120/4
f 3067/121/4 3068/119/4 3088/120/4
f 3067/121/4 3088/120/4 3089/122/4
f 3066/123/4 3067/121/4 3089/122/4
f 3066/123/4 3089/122/4 3090/124/4
f 3065/125/4 3066/123/4 3090/124/4
f 3065/125/4 3090/124/4 3091/126/4
f 3064/127/4 3065/125/4 3091/126/4
f 3064/127/4 3091/126/4 3092/128/4
f 3063/129/4 3064/127/4 3092/128/4
f 3062/130/4 3063/129/4 3092/128/4
f 3062/130/4 3092/128/4 3093/131/4
f 3061/132/4 3062/130/4 3093/131/4
f 3061/132/4 3093/131/4 3094/133/4
f 3060/134/4 3061/132/4 3094/133/4
f 3060/134/4 3094/133/4 3095/135/4
f 3059/136/4 3060/134/4 3095/135/4
f 3059/136/4 3095/135/4 3096/137/4
f 3058/138/4 3059/136/4 3096/137/4
f 3058/138/4 3096/137/4 3097/139/4
f 3057/140/4 3058/138/4 3097/139/4
f 3057/140/4 3097/139/4 3098/141/4
f 3056/142/4 3057/140/4 3098/141/4
f 3056/142/4 3098/141/4 3099/143/4
f 3055/144/4 3056/142/4 3099/143/4
f 3055/144/4 3099/143/4 3100/145/4
f 3054/146/4 3055/144/4 3100/145/4
f 3054/146/4 3100/145/4 3101/147/4
f 3127/148/4 3054/146/4 3101/147/4
f 3127/148/4 3101/147/4 3102/149/4
f 3126/150/4 3127/148/4 3102/149/4
f 3126/150/4 3102/149/4 3103/151/4
f 3125/152/4 3126/150/4 3103/151/4
f 3124/153/4 3125/152/4 3103/151/4
f 3124/153/4 3103/151/4 3104/154/4
f 3123/155/4 3124/153/4 3104/154/4
f 3123/155/4 3104/154/4 3105/156/4
f 3122/157/4 3123/155/4 3105/156/4
f 3122/157/4 3105/156/4 3106/158/4
f 3121/159/4 3122/157/4 3106/158/4
f 3121/159/4 3106/158/4 3107/160/4
f 3120/161/4 3121/159/4 3107/160/4
f 3120/161/4 3107/160/4 3108/162/4
f 3119/163/4 3120/161/4 3108/162/4
f 3119/163/4 3108/162/4 3109/164/4
f 3118/165/4 3119/163/4 3109/164/4
f 3117/166/4 3118/165/4 3109/164/4
f 3117/166/4 3109/164/4 3110/167/4
f 3116/168/4 3117/166/4 3110/167/4
f 3116/168/4 3110/167/4 3111/169/4
f 3115/170/4 3116/168/4 3111/169/4
f 3115/170/4 3111/169/4 3112/171/4
f 3114/172/4 3115/170/4 3112/171/4
f 3114/172/4 3112/171/4 3113/173/4
f 3275/174/4 3276/176/4 3277/175/4
f 3275/174/4 3277/175/4 3278/177/4
f 3275/174/4 3278/177/4 3279/178/4
f 3311/179/4 3312/181/4 3313/180/4
f 3275/174/4 3279/178/4 3280/182/4
f 3310/183/4 3311/179/4 3313/180/4
f 3309/184/4 3310/183/4 3313/180/4
f 3275/174/4 3280/182/4 3281/185/4
f 3308/186/4 3309/184/4 3313/180/4
f 3275/174/4 3281/185/4 3282/187/4
f 3307/188/4 3308/186/4 3313/180/4
f 3275/174/4 3282/187/4 3283/189/4
f 3306/190/4 3307/188/4 3313/180/4
f 3305/191/4 3306/190/4 3313/180/4
f 3275/174/4 3283/189/4 3284/192/4
f 3304/193/4 3305/191/4 3313/180/4
f 3275/174/4 3284/192/4 3285/194/4
f 3303/195/4 3304/193/4 3313/180/4
f 3275/174/4 3285/194/4 3286/196/4
f 3302/197/4 3303/195/4 3313/180/4
f 3275/174/4 3286/196/4 3287/198/4
f 3301/23/4 3302/197/4 3313/180/4
f 3275/174/4 3287/198/4 3288/199/4
f 3300/200/4 3301/23/4 3313/180/4
f 3275/174/4 3288/199/4 3289/201/4
f 3275/174/4 3289/201/4 3290/202/4
f 3275/174/4 3290/202/4 3291/203/4
f 3275/174/4 3291/203/4 3292/204/4
f 3275/174/4 3292/204/4 3293/205/4
f 3275/174/4 3293/205/4 3294/206/4
f 3275/174/4 3294/206/4 3295/207/4
f 3275/174/4 3295/207/4 3296/208/4
f 3275/174/4 3296/208/4 3297/209/4
f 3275/174/4 3297/209/4 3298/210/4
f 3275/174/4 3298/210/4 3299/211/4
f 3275/174/4 3299/211/4 3300/200/4
f 3275/174/4 3300/200/4 3274/212/4
f 3274/212/4 3300/200/4 3273/213/4
f 3273/213/4 3300/200/4 3272/214/4
f 3272/214/4 3300/200/4 3271/215/4
f 3271/215/4 3300/200/4 3270/216/4
f 3270/216/4 3300/200/4 3269/217/4
f 3269/217/4 3300/200/4 3313/180/4
f 3269/217/4 3313/180/4 3268/218/4
f 3268/218/4 3313/180/4 3314/219/4
f 3268/218/4 3314/219/4 3315/220/4
f 3268/218/11 3315/220/11 3267/221/11
f 3267/221/4 3315/220/4 3316/222/4
f 3267/221/4 3316/222/4 3317/223/4
f 3267/221/4 3317/223/4 3266/224/4
f 3266/224/4 3317/223/4 3318/225/4
f 3266/224/4 3318/225/4 3319/226/4
f 3266/224/4 3319/226/4 3265/227/4
f 3265/227/4 3319/226/4 3320/228/4
f 3265/227/4 3320/228/4 3321/229/4
f 3265/227/4 3321/229/4 3264/139/4
f 3264/139/4 3321/229/4 3322/230/4
f 3264/139/4 3322/230/4 3323/231/4
f 3264/139/4 3323/231/4 3263/232/4
f 3263/232/4 3323/231/4 3324/233/4
f 3263/232/4 3324/233/4 3262/234/4
f 3262/234/4 3324/233/4 3261/235/4
f 3261/235/4 3324/233/4 3260/236/4
f 3260/236/4 3324/233/4 3259/237/4
f 3259/237/4 3324/233/4 3257/238/4
f 3257/238/4 3324/233/4 3256/239/4
f 3256/239/4 3324/233/4 3255/240/4
f 3255/240/4 3324/233/4 3253/241/4
f 3253/241/4 3324/233/4 3252/242/4
f 3252/242/4 3324/233/4 3251/243/4
f 3251/243/4 3324/233/4 3325/244/4
f 3258/245/1 3259/237/1 3257/238/1
f 3254/246/1 3255/240/1 3253/241/1
f 3250/247/4 3251/243/4 3325/244/4
f 3250/247/4 3325/244/4 3227/146/4
f 3249/248/4 3250/247/4 3227/146/4
f 3249/248/4 3227/146/4 3228/249/4
f 3248/250/4 3249/248/4 3228/249/4
f 3248/250/4 3228/249/4 3229/251/4
f 3247/252/4 3248/250/4 3229/251/4
f 3247/252/4 3229/251/4 3230/253/4
f 3246/254/4 3247/252/4 3230/253/4
f 3246/254/4 3230/253/4 3231/255/4
f 3245/256/4 3246/254/4 3231/255/4
f 3361/257/4 3362/259/4 3363/258/4
f 3361/257/4 3363/258/4 3364/260/4
f 3360/261/4 3361/257/4 3364/260/4
f 3359/262/4 3360/261/4 3364/260/4
f 3245/256/4 3231/255/4 3232/263/4
f 3244/264/4 3245/256/4 3232/263/4
f 3358/265/4 3359/262/4 3364/260/4
f 3357/266/4 3358/265/4 3364/260/4
f 3356/267/4 3357/266/4 3364/260/4
f 3355/268/4 3356/267/4 3364/260/4
f 3244/264/4 3232/263/4 3233/269/4
f 3243/270/4 3244/264/4 3233/269/4
f 3354/271/4 3355/268/4 3364/260/4
f 3353/272/4 3354/271/4 3364/260/4
f 3352/273/4 3353/272/4 3364/260/4
f 3242/274/4 3243/270/4 3233/269/4
f 3351/275/4 3352/273/4 3364/260/4
f 3242/274/4 3233/269/4 3234/276/4
f 3351/275/4 3364/260/4 3365/277/4
f 3350/278/4 3351/275/4 3365/277/4
f 3349/279/4 3350/278/4 3365/277/4
f 3241/280/4 3242/274/4 3234/276/4
f 3241/280/4 3234/276/4 3235/281/4
f 3240/282/4 3241/280/4 3235/281/4
f 3239/283/4 3240/282/4 3235/281/4
f 3239/283/4 3235/281/4 3236/284/4
f 3348/285/4 3349/279/4 3365/277/4
f 3238/286/4 3239/283/4 3236/284/4
f 3348/285/4 3365/277/4 3366/287/4
f 3238/286/4 3236/284/4 3237/288/4
f 3347/289/4 3348/285/4 3366/287/4
f 3347/289/4 3366/287/4 3367/290/4
f 3346/291/4 3347/289/4 3367/290/4
f 3345/292/4 3346/291/4 3367/290/4
f 3345/292/4 3367/290/4 3368/293/4
f 3344/294/4 3345/292/4 3368/293/4
f 3344/294/4 3368/293/4 3369/295/4
f 3343/296/4 3344/294/4 3369/295/4
f 3342/297/4 3343/296/4 3369/295/4
f 3342/297/4 3369/295/4 3370/298/4
f 3341/299/4 3342/297/4 3370/298/4
f 3341/299/4 3370/298/4 3371/300/4
f 3340/301/4 3341/299/4 3371/300/4
f 3339/302/4 3340/301/4 3371/300/4
f 3339/302/4 3371/300/4 3372/303/4
f 3338/52/4 3339/302/4 3372/303/4
f 3338/52/4 3372/303/4 3373/304/4
f 3337/305/4 3338/52/4 3373/304/4
f 3336/306/4 3337/305/4 3373/304/4
f 3335/307/4 3336/306/4 3373/304/4
f 3334/308/4 3335/307/4 3373/304/4
f 3333/309/4 3334/308/4 3373/304/4
f 3332/310/4 3333/309/4 3373/304/4
f 3331/311/4 3332/310/4 3373/304/4
f 3330/312/4 3331/311/4 3373/304/4
f 3329/313/4 3330/312/4 3373/304/4
f 3329/313/4 3373/304/4 3374/314/4
f 3328/315/4 3329/313/4 3374/314/4
f 3327/316/4 3328/315/4 3374/314/4
f 3326/317/4 3327/316/4 3374/314/4
f 3375/70/4 3326/317/4 3374/314/4
f 3533/318/4 3534/320/4 3535/319/4
f 3533/318/4 3535/319/4 3536/321/4
f 3532/322/4 3533/318/4 3536/321/4
f 3532/322/4 3536/321/4 3537/323/4
f 3531/324/4 3532/322/4 3537/323/4
f 3531/324/4 3537/323/4 3538/325/4
f 3530/326/4 3531/324/4 3538/325/4
f 3530/326/4 3538/325/4 3539/327/4
f 3529/328/4 3530/326/4 3539/327/4
f 3529/328/4 3539/327/4 3540/329/4
f 3528/330/4 3529/328/4 3540/329/4
f 3528/330/4 3540/329/4 3541/331/4
f 3527/332/4 3528/330/4 3541/331/4
f 3527/332/4 3541/331/4 3542/333/4
f 3526/334/4 3527/332/4 3542/333/4
f 3526/334/4 3542/333/4 3543/335/4
f 3525/336/4 3526/334/4 3543/335/4
f 3525/336/4 3543/335/4 3544/337/4
f 3524/338/4 3525/336/4 3544/337/4
f 3524/338/4 3544/337/4 3545/339/4
f 3523/340/4 3524/338/4 3545/339/4
f 3523/340/4 3545/339/4 3546/341/4
f 3522/342/4 3523/340/4 3546/341/4
f 3522/342/4 3546/341/4 3547/70/4
f 3521/343/4 3522/342/4 3547/70/4
f 3521/343/4 3547/70/4 3450/344/4
f 3520/345/4 3521/343/4 3450/344/4
f 3520/345/4 3450/344/4 3451/346/4
f 3519/347/4 3520/345/4 3451/346/4
f 3519/347/4 3451/346/4 3452/348/4
f 3518/349/4 3519/347/4 3452/348/4
f 3518/349/4 3452/348/4 3453/350/4
f 3517/351/4 3518/349/4 3453/350/4
f 3517/351/4 3453/350/4 3454/352/4
f 3516/353/4 3517/351/4 3454/352/4
f 3516/353/4 3454/352/4 3455/354/4
f 3515/355/4 3516/353/4 3455/354/4
f 3515/355/4 3455/354/4 3456/356/4
f 3514/357/4 3515/355/4 3456/356/4
f 3514/357/4 3456/356/4 3457/358/4
f 3513/359/4 3514/357/4 3457/358/4
f 3513/359/4 3457/358/4 3458/360/4
f 3512/361/4 3513/359/4 3458/360/4
f 3512/361/4 3458/360/4 3459/362/4
f 3511/363/4 3512/361/4 3459/362/4
f 3511/363/4 3459/362/4 3460/364/4
f 3510/365/4 3511/363/4 3460/364/4
f 3510/365/4 3460/364/4 3461/366/4
f 3509/367/4 3510/365/4 3461/366/4
f 3509/367/4 3461/366/4 3462/368/4
f 3508/369/4 3509/367/4 3462/368/4
f 3508/369/4 3462/368/4 3463/370/4
f 3507/371/4 3508/369/4 3463/370/4
f 3507/371/4 3463/370/4 3464/372/4
f 3506/373/4 3507/371/4 3464/372/4
f 3506/373/4 3464/372/4 3465/374/4
f 3505/375/4 3506/373/4 3465/374/4
f 3504/376/4 3505/375/4 3465/374/4
f 3504/376/4 3465/374/4 3466/377/4
f 3503/378/4 3504/376/4 3466/377/4
f 3503/378/4 3466/377/4 3467/379/4
f 3502/380/4 3503/378/4 3467/379/4
f 3502/380/4 3467/379/4 3468/381/4
f 3501/382/4 3502/380/4 3468/381/4
f 3500/383/4 3501/382/4 3468/381/4
f 3500/383/4 3468/381/4 3469/384/4
f 3499/385/4 3500/383/4 3469/384/4
f 3499/385/4 3469/384/4 3470/386/4
f 3498/387/4 3499/385/4 3470/386/4
f 3498/387/4 3470/386/4 3471/388/4
f 3497/389/4 3498/387/4 3471/388/4
f 3497/389/4 3471/388/4 3472/390/4
f 3496/391/4 3497/389/4 3472/390/4
f 3495/392/4 3496/391/4 3472/390/4
f 3495/392/4 3472/390/4 3473/393/4
f 3494/394/4 3495/392/4 3473/393/4
f 3494/394/4 3473/393/4 3474/395/4
f 3493/396/4 3494/394/4 3474/395/4
f 3492/397/4 3493/396/4 3474/395/4
f 3492/397/4 3474/395/4 3475/398/4
f 3491/399/4 3492/397/4 3475/398/4
f 3491/399/4 3475/398/4 3476/400/4
f 3490/401/4 3491/399/4 3476/400/4
f 3489/402/4 3490/401/4 3476/400/4
f 3489/402/4 3476/400/4 3477/403/4
f 3488/404/4 3489/402/4 3477/403/4
f 3487/405/4 3488/404/4 3477/403/4
f 3487/405/4 3477/403/4 3478/406/4
f 3486/407/4 3487/405/4 3478/406/4
f 3485/408/4 3486/407/4 3478/406/4
f 3485/408/4 3478/406/4 3479/409/4
f 3485/408/4 3479/409/4 3480/410/4
f 3485/408/4 3480/410/4 3481/411/4
f 3485/408/4 3481/411/4 3482/412/4
f 3485/408/4 3482/412/4 3483/413/4
f 3485/408/4 3483/413/4 3484/414/4
f 3435/415/4 3436/417/4 3437/416/4
f 3435/415/4 3437/416/4 3438/418/4
f 3435/415/4 3438/418/4 3439/419/4
f 3434/420/4 3435/415/4 3439/419/4
f 3434/420/4 3439/419/4 3440/421/4
f 3433/422/4 3434/420/4 3440/421/4
f 3433/422/4 3440/421/4 3441/423/4
f 3432/424/4 3433/422/4 3441/423/4
f 3432/424/4 3441/423/4 3442/425/4
f 3431/426/4 3432/424/4 3442/425/4
f 3431/426/4 3442/425/4 3443/427/4
f 3430/428/4 3431/426/4 3443/427/4
f 3430/428/4 3443/427/4 3444/429/4
f 3429/430/4 3430/428/4 3444/429/4
f 3429/430/4 3444/429/4 3445/431/4
f 3428/432/4 3429/430/4 3445/431/4
f 3428/432/4 3445/431/4 3446/433/4
f 3427/434/4 3428/432/4 3446/433/4
f 3427/434/4 3446/433/4 3447/435/4
f 3426/436/4 3427/434/4 3447/435/4
f 3426/436/4 3447/435/4 3448/437/4
f 3425/438/4 3426/436/4 3448/437/4
f 3425/438/4 3448/437/4 3449/439/4
f 3424/440/4 3425/438/4 3449/439/4
f 3423/441/4 3424/440/4 3449/439/4
f 3423/441/4 3449/439/4 3376/146/4
f 3422/442/4 3423/441/4 3376/146/4
f 3422/442/4 3376/146/4 3377/443/4
f 3421/444/4 3422/442/4 3377/443/4
f 3421/444/4 3377/443/4 3378/445/4
f 3420/446/4 3421/444/4 3378/445/4
f 3420/446/4 3378/445/4 3379/447/4
f 3419/448/4 3420/446/4 3379/447/4
f 3419/448/4 3379/447/4 3380/449/4
f 3418/450/4 3419/448/4 3380/449/4
f 3418/450/4 3380/449/4 3381/451/4
f 3417/452/4 3418/450/4 3381/451/4
f 3417/452/4 3381/451/4 3382/453/4
f 3416/454/4 3417/452/4 3382/453/4
f 3416/454/4 3382/453/4 3383/455/4
f 3415/456/4 3416/454/4 3383/455/4
f 3415/456/4 3383/455/4 3384/457/4
f 3414/458/4 3415/456/4 3384/457/4
f 3414/458/4 3384/457/4 3385/459/4
f 3413/460/4 3414/458/4 3385/459/4
f 3413/460/4 3385/459/4 3386/461/4
f 3412/462/4 3413/460/4 3386/461/4
f 3412/462/4 3386/461/4 3387/463/4
f 3411/464/4 3412/462/4 3387/463/4
f 3411/464/4 3387/463/4 3388/465/4
f 3411/464/4 3388/465/4 3389/466/4
f 3410/467/4 3411/464/4 3389/466/4
f 3410/467/4 3389/466/4 3390/468/4
f 3409/469/4 3410/467/4 3390/468/4
f 3409/469/4 3390/468/4 3391/470/4
f 3408/471/4 3409/469/4 3391/470/4
f 3408/471/4 3391/470/4 3392/472/4
f 3407/473/4 3408/471/4 3392/472/4
f 3407/473/4 3392/472/4 3393/474/4
f 3406/475/4 3407/473/4 3393/474/4
f 3406/475/4 3393/474/4 3394/476/4
f 3405/477/4 3406/475/4 3394/476/4
f 3405/477/4 3394/476/4 3395/478/4
f 3404/479/4 3405/477/4 3395/478/4
f 3404/479/4 3395/478/4 3396/480/4
f 3403/481/4 3404/479/4 3396/480/4
f 3403/481/4 3396/480/4 3397/482/4
f 3402/483/4 3403/481/4 3397/482/4
f 3402/483/4 3397/482/4 3398/484/4
f 3401/485/4 3402/483/4 3398/484/4
f 3401/485/4 3398/484/4 3399/486/4
f 3400/487/4 3401/485/4 3399/486/4
f 3558/488/4 3559/490/4 3560/489/4
f 3558/488/4 3560/489/4 3561/491/4
f 3558/488/4 3561/491/4 3562/492/4
f 3557/493/4 3558/488/4 3562/492/4
f 3557/493/4 3562/492/4 3563/494/4
f 3556/495/4 3557/493/4 3563/494/4
f 3556/495/4 3563/494/4 3564/496/4
f 3555/497/4 3556/495/4 3564/496/4
f 3555/497/4 3564/496/4 3565/498/4
f 3554/499/4 3555/497/4 3565/498/4
f 3554/499/4 3565/498/4 3566/500/4
f 3553/501/4 3554/499/4 3566/500/4
f 3553/501/4 3566/500/4 3567/502/4
f 3552/503/4 3553/501/4 3567/502/4
f 3552/503/4 3567/502/4 3568/504/4
f 3551/505/4 3552/503/4 3568/504/4
f 3551/505/4 3568/504/4 3569/506/4
f 3550/507/4 3551/505/4 3569/506/4
f 3550/507/4 3569/506/4 3570/139/4
f 3549/508/4 3550/507/4 3570/139/4
f 3549/508/4 3570/139/4 3571/509/4
f 3548/146/4 3549/508/4 3571/509/4
f 3548/146/4 3571/509/4 3572/510/4
f 3636/70/4 3548/146/4 3572/510/4
f 3635/511/4 3636/70/4 3572/510/4
f 3635/511/4 3572/510/4 3573/512/4
f 3634/513/4 3635/511/4 3573/512/4
f 3633/514/4 3634/513/4 3573/512/4
f 3632/515/4 3633/514/4 3573/512/4
f 3632/515/4 3573/512/4 3574/516/4
f 3632/515/4 3574/516/4 3575/517/4
f 3631/518/4 3632/515/4 3575/517/4
f 3631/518/4 3575/517/4 3576/519/4
f 3631/518/4 3576/519/4 3577/520/4
f 3631/518/4 3577/520/4 3578/521/4
f 3631/518/4 3578/521/4 3579/522/4
f 3630/523/4 3631/518/4 3598/524/4
f 3598/524/4 3631/518/4 3579/522/4
f 3598/524/4 3579/522/4 3580/525/4
f 3630/523/4 3598/524/4 3599/526/4
f 3597/527/4 3598/524/4 3580/525/4
f 3597/527/4 3580/525/4 3581/528/4
f 3596/529/4 3597/527/4 3581/528/4
f 3596/529/4 3581/528/4 3582/530/4
f 3595/531/4 3596/529/4 3582/530/4
f 3594/532/4 3595/531/4 3582/530/4
f 3594/532/4 3582/530/4 3583/533/4
f 3593/534/4 3594/532/4 3583/533/4
f 3593/534/4 3583/533/4 3584/535/4
f 3629/536/4 3630/523/4 3599/526/4
f 3592/23/4 3593/534/4 3584/535/4
f 3592/23/4 3584/535/4 3585/537/4
f 3591/538/4 3592/23/4 3585/537/4
f 3591/538/4 3585/537/4 3590/539/4
f 3590/539/4 3585/537/4 3589/540/4
f 3589/540/4 3585/537/4 3588/541/4
f 3588/541/4 3585/537/4 3587/542/4
f 3587/542/4 3585/537/4 3586/543/4
f 3628/544/4 3629/536/4 3599/526/4
f 3627/545/4 3628/544/4 3599/526/4
f 3626/546/4 3627/545/4 3599/526/4
f 3625/547/4 3626/546/4 3599/526/4
f 3624/548/4 3625/547/4 3599/526/4
f 3623/549/4 3624/548/4 3599/526/4
f 3623/549/4 3599/526/4 3600/550/4
f 3623/549/4 3600/550/4 3601/551/4
f 3622/552/4 3623/549/4 3601/551/4
f 3622/552/4 3601/551/4 3602/553/4
f 3621/554/4 3622/552/4 3602/553/4
f 3621/554/4 3602/553/4 3603/555/4
f 3620/556/4 3621/554/4 3603/555/4
f 3620/556/4 3603/555/4 3604/557/4
f 3619/558/4 3620/556/4 3604/557/4
f 3619/558/4 3604/557/4 3605/559/4
f 3618/560/4 3619/558/4 3605/559/4
f 3618/560/4 3605/559/4 3606/561/4
f 3617/562/4 3618/560/4 3606/561/4
f 3617/562/4 3606/561/4 3607/563/4
f 3616/564/4 3617/562/4 3607/563/4
f 3616/564/4 3607/563/4 3608/565/4
f 3615/566/4 3616/564/4 3608/565/4
f 3615/566/4 3608/565/4 3609/567/4
f 3614/52/4 3615/566/4 3609/567/4
f 3614/52/4 3609/567/4 3610/568/4
f 3613/569/4 3614/52/4 3610/568/4
f 3613/569/4 3610/568/4 3611/570/4
f 3612/571/4 3613/569/4 3611/570/4
f 3697/572/4 3698/574/4 3699/573/4
f 3659/575/4 3660/577/4 3661/576/4
f 3658/578/4 3659/575/4 3661/576/4
f 3697/572/4 3699/573/4 3700/579/4
f 3657/580/4 3658/578/4 3661/576/4
f 3697/572/4 3700/579/4 3701/581/4
f 3656/582/4 3657/580/4 3661/576/4
f 3697/572/4 3701/581/4 3702/583/4
f 3655/584/4 3656/582/4 3661/576/4
f 3697/572/4 3702/583/4 3703/585/4
f 3654/586/4 3655/584/4 3661/576/4
f 3697/572/4 3703/585/4 3704/587/4
f 3653/588/4 3654/586/4 3661/576/4
f 3697/572/4 3704/587/4 3705/589/4
f 3652/590/4 3653/588/4 3661/576/4
f 3697/572/4 3705/589/4 3706/591/4
f 3651/592/4 3652/590/4 3661/576/4
f 3697/572/4 3706/591/4 3707/593/4
f 3650/594/4 3651/592/4 3661/576/4
f 3697/572/4 3707/593/4 3708/595/4
f 3649/596/4 3650/594/4 3661/576/4
f 3697/572/4 3708/595/4 3709/597/4
f 3648/598/4 3649/596/4 3661/576/4
f 3697/572/4 3709/597/4 3710/70/4
f 3697/572/4 3710/70/4 3637/146/4
f 3697/572/4 3637/146/4 3638/599/4
f 3697/572/4 3638/599/4 3639/600/4
f 3697/572/4 3639/600/4 3640/601/4
f 3697/572/4 3640/601/4 3641/602/4
f 3697/572/4 3641/602/4 3642/603/4
f 3697/572/4 3642/603/4 3643/604/4
f 3697/572/4 3643/604/4 3644/605/4
f 3697/572/4 3644/605/4 3645/606/4
f 3697/572/4 3645/606/4 3646/607/4
f 3697/572/4 3646/607/4 3647/608/4
f 3697/572/4 3647/608/4 3648/598/4
f 3697/572/4 3648/598/4 3696/609/4
f 3696/609/4 3648/598/4 3695/610/4
f 3695/610/4 3648/598/4 3694/611/4
f 3694/611/4 3648/598/4 3693/612/4
f 3693/612/4 3648/598/4 3692/613/4
f 3692/613/4 3648/598/4 3691/614/4
f 3691/614/4 3648/598/4 3690/615/4
f 3690/615/4 3648/598/4 3689/616/4
f 3689/616/4 3648/598/4 3688/617/4
f 3688/617/4 3648/598/4 3687/618/4
f 3687/618/4 3648/598/4 3686/619/4
f 3686/619/4 3648/598/4 3685/620/4
f 3685/620/4 3648/598/4 3684/621/4
f 3684/621/4 3648/598/4 3683/622/4
f 3683/622/4 3648/598/4 3682/623/4
f 3682/623/4 3648/598/4 3679/624/4
f 3679/624/4 3648/598/4 3677/625/4
f 3677/625/4 3648/598/4 3674/626/4
f 3674/626/4 3648/598/4 3673/627/4
f 3673/627/4 3648/598/4 3672/628/4
f 3672/628/4 3648/598/4 3671/629/4
f 3671/629/4 3648/598/4 3670/630/4
f 3670/630/4 3648/598/4 3669/631/4
f 3669/631/4 3648/598/4 3668/632/4
f 3668/632/4 3648/598/4 3667/633/4
f 3667/633/4 3648/598/4 3666/634/4
f 3666/634/4 3648/598/4 3661/576/4
f 3681/635/1 3682/623/1 3679/624/1
f 3680/636/1 3681/635/1 3679/624/1
f 3678/637/1 3679/624/1 3677/625/1
f 3676/638/1 3677/625/1 3674/626/1
f 3675/639/1 3676/638/1 3674/626/1
f 3665/640/12 3666/634/12 3661/576/12
f 3664/641/11 3665/640/11 3661/576/11
f 3663/642/4 3664/641/4 3661/576/4
f 3662/643/4 3663/642/4 3661/576/4
f 3783/644/4 3784/646/4 3785/645/4
f 3782/647/4 3783/644/4 3785/645/4
f 3747/648/4 3748/650/4 3749/649/4
f 3747/648/4 3749/649/4 3750/651/4
f 3781/652/4 3782/647/4 3785/645/4
f 3747/648/4 3750/651/4 3751/653/4
f 3780/654/4 3781/652/4 3785/645/4
f 3747/648/4 3751/653/4 3752/655/4
f 3779/656/4 3780/654/4 3785/645/4
f 3747/648/4 3752/655/4 3753/657/4
f 3778/658/4 3779/656/4 3785/645/4
f 3747/648/4 3753/657/4 3754/659/4
f 3777/660/4 3778/658/4 3785/645/4
f 3747/648/4 3754/659/4 3755/661/4
f 3776/662/4 3777/660/4 3785/645/4
f 3747/648/4 3755/661/4 3756/663/4
f 3775/664/4 3776/662/4 3785/645/4
f 3747/648/4 3756/663/4 3757/665/4
f 3774/666/4 3775/664/4 3785/645/4
f 3747/648/4 3757/665/4 3758/667/4
f 3773/668/4 3774/666/4 3785/645/4
f 3747/648/4 3758/667/4 3759/669/4
f 3772/670/4 3773/668/4 3785/645/4
f 3747/648/4 3759/669/4 3760/671/4
f 3747/648/4 3760/671/4 3761/672/4
f 3747/648/4 3761/672/4 3762/673/4
f 3747/648/4 3762/673/4 3763/674/4
f 3747/648/4 3763/674/4 3764/675/4
f 3747/648/4 3764/675/4 3765/676/4
f 3747/648/4 3765/676/4 3766/677/4
f 3747/648/4 3766/677/4 3767/678/4
f 3747/648/4 3767/678/4 3768/679/4
f 3747/648/4 3768/679/4 3769/680/4
f 3747/648/4 3769/680/4 3770/681/4
f 3747/648/4 3770/681/4 3771/682/4
f 3747/648/4 3771/682/4 3772/670/4
f 3747/648/4 3772/670/4 3785/645/4
f 3747/648/4 3785/645/4 3786/683/4
f 3747/648/4 3786/683/4 3787/684/4
f 3747/648/4 3787/684/4 3788/685/4
f 3747/648/4 3788/685/4 3789/686/4
f 3747/648/4 3789/686/4 3790/687/4
f 3747/648/4 3790/687/4 3791/688/4
f 3747/648/4 3791/688/4 3792/689/4
f 3747/648/4 3792/689/4 3793/690/4
f 3747/648/4 3793/690/4 3794/691/4
f 3747/648/4 3794/691/4 3795/692/4
f 3747/648/4 3795/692/4 3796/693/4
f 3747/648/4 3796/693/4 3797/694/4
f 3747/648/4 3797/694/4 3741/695/4
f 3741/695/4 3797/694/4 3740/696/4
f 3740/696/4 3797/694/4 3739/697/4
f 3739/697/4 3797/694/4 3738/698/4
f 3738/698/4 3797/694/4 3737/699/4
f 3737/699/4 3797/694/4 3736/700/4
f 3736/700/4 3797/694/4 3798/701/4
f 3736/700/4 3798/701/4 3735/702/4
f 3735/702/4 3798/701/4 3734/703/4
f 3734/703/4 3798/701/4 3733/704/4
f 3733/704/4 3798/701/4 3732/705/4
f 3732/705/4 3798/701/4 3731/706/4
f 3731/706/4 3798/701/4 3730/707/4
f 3730/707/4 3798/701/4 3729/708/4
f 3729/708/4 3798/701/4 3728/709/4
f 3728/709/4 3798/701/4 3727/710/4
f 3727/710/4 3798/701/4 3726/711/4
f 3726/711/4 3798/701/4 3725/712/4
f 3725/712/4 3798/701/4 3723/713/4
f 3723/713/4 3798/701/4 3799/714/4
f 3724/715/1 3725/712/1 3723/713/1
f 3722/716/4 3723/713/4 3799/714/4
f 3747/648/13 3741/695/13 3742/717/13
f 3747/648/4 3742/717/4 3743/718/4
f 3747/648/4 3743/718/4 3744/719/4
f 3747/648/4 3744/719/4 3745/720/4
f 3747/648/4 3745/720/4 3746/721/4
f 3721/722/4 3722/716/4 3799/714/4
f 3721/722/4 3799/714/4 3800/723/4
f 3720/724/4 3721/722/4 3800/723/4
f 3720/724/4 3800/723/4 3801/725/4
f 3719/726/4 3720/724/4 3801/725/4
f 3719/726/4 3801/725/4 3802/727/4
f 3718/728/4 3719/726/4 3802/727/4
f 3718/728/4 3802/727/4 3803/729/4
f 3717/730/4 3718/728/4 3803/729/4
f 3717/730/4 3803/729/4 3804/731/4
f 3716/732/4 3717/730/4 3804/731/4
f 3716/732/4 3804/731/4 3805/733/4
f 3715/734/4 3716/732/4 3805/733/4
f 3715/734/4 3805/733/4 3806/735/4
f 3714/736/4 3715/734/4 3806/735/4
f 3714/736/4 3806/735/4 3807/737/4
f 3713/738/4 3714/736/4 3807/737/4
f 3713/738/4 3807/737/4 3808/739/4
f 3712/740/4 3713/738/4 3808/739/4
f 3712/740/4 3808/739/4 3809/741/4
f 3711/146/4 3712/740/4 3809/741/4
f 3859/742/4 3860/744/4 3861/743/4
f 3859/742/4 3861/743/4 3862/745/4
f 3859/742/4 3862/745/4 3863/746/4
f 3821/747/4 3822/749/4 3823/748/4
f 3859/742/4 3863/746/4 3864/750/4
f 3820/751/4 3821/747/4 3823/748/4
f 3819/752/4 3820/751/4 3823/748/4
f 3859/742/4 3864/750/4 3865/753/4
f 3818/754/4 3819/752/4 3823/748/4
f 3859/742/4 3865/753/4 3866/755/4
f 3817/756/4 3818/754/4 3823/748/4
f 3859/742/4 3866/755/4 3867/757/4
f 3816/758/4 3817/756/4 3823/748/4
f 3859/742/4 3867/757/4 3868/759/4
f 3815/760/4 3816/758/4 3823/748/4
f 3859/742/4 3868/759/4 3869/761/4
f 3814/762/4 3815/760/4 3823/748/4
f 3859/742/4 3869/761/4 3870/763/4
f 3813/764/4 3814/762/4 3823/748/4
f 3812/765/4 3813/764/4 3823/748/4
f 3859/742/4 3870/763/4 3871/766/4
f 3811/767/4 3812/765/4 3823/748/4
f 3859/742/4 3871/766/4 3872/70/4
f 3810/768/4 3811/767/4 3823/748/4
f 3859/742/4 3872/70/4 3711/146/4
f 3859/742/4 3711/146/4 3809/741/4
f 3859/742/4 3809/741/4 3810/768/4
f 3859/742/4 3810/768/4 3858/769/4
f 3858/769/4 3810/768/4 3857/770/4
f 3857/770/4 3810/768/4 3856/771/4
f 3856/771/4 3810/768/4 3855/772/4
f 3855/772/4 3810/768/4 3854/773/4
f 3854/773/4 3810/768/4 3853/774/4
f 3853/774/4 3810/768/4 3852/775/4
f 3852/775/4 3810/768/4 3851/776/4
f 3851/776/4 3810/768/4 3850/777/4
f 3850/777/4 3810/768/4 3849/778/4
f 3849/778/4 3810/768/4 3848/779/4
f 3848/779/4 3810/768/4 3847/780/4
f 3847/780/4 3810/768/4 3846/781/4
f 3846/781/4 3810/768/4 3845/782/4
f 3845/782/4 3810/768/4 3844/783/4
f 3844/783/4 3810/768/4 3843/784/4
f 3843/784/4 3810/768/4 3841/785/4
f 3841/785/4 3810/768/4 3840/786/4
f 3840/786/4 3810/768/4 3837/787/4
f 3837/787/4 3810/768/4 3835/788/4
f 3835/788/4 3810/768/4 3834/789/4
f 3834/789/4 3810/768/4 3833/790/4
f 3833/790/4 3810/768/4 3832/791/4
f 3832/791/4 3810/768/4 3831/792/4
f 3831/792/4 3810/768/4 3830/793/4
f 3830/793/4 3810/768/4 3829/794/4
f 3829/794/4 3810/768/4 3828/795/4
f 3828/795/4 3810/768/4 3827/796/4
f 3827/796/4 3810/768/4 3826/797/4
f 3826/797/4 3810/768/4 3825/798/4
f 3825/798/4 3810/768/4 3824/799/4
f 3824/799/4 3810/768/4 3823/748/4
f 3842/800/1 3843/784/1 3841/785/1
f 3839/801/1 3840/786/1 3837/787/1
f 3838/802/4 3839/801/4 3837/787/4
f 3836/803/1 3837/787/1 3835/788/1
f 3910/804/4 3911/806/4 3912/805/4
f 3909/807/4 3910/804/4 3912/805/4
f 3908/808/4 3909/807/4 3912/805/4
f 3907/809/4 3908/808/4 3912/805/4
f 3906/810/4 3907/809/4 3912/805/4
f 3905/811/4 3906/810/4 3912/805/4
f 3904/812/4 3905/811/4 3912/805/4
f 3903/813/4 3904/812/4 3912/805/4
f 3902/814/4 3903/813/4 3912/805/4
f 3901/815/4 3902/814/4 3912/805/4
f 3900/816/4 3901/815/4 3912/805/4
f 3899/817/4 3900/816/4 3912/805/4
f 3898/818/4 3899/817/4 3912/805/4
f 3897/819/4 3898/818/4 3912/805/4
f 3896/820/4 3897/819/4 3912/805/4
f 3895/821/4 3896/820/4 3912/805/4
f 3894/822/4 3895/821/4 3912/805/4
f 3894/822/4 3912/805/4 3913/823/4
f 3894/822/4 3913/823/4 3914/824/4
f 3893/825/4 3894/822/4 3914/824/4
f 3892/826/4 3893/825/4 3914/824/4
f 3892/826/4 3914/824/4 3915/827/4
f 3891/828/4 3892/826/4 3915/827/4
f 3886/829/4 3887/831/4 3888/830/4
f 3891/828/4 3915/827/4 3916/832/4
f 3890/833/4 3891/828/4 3916/832/4
f 3886/829/4 3888/830/4 3889/834/4
f 3889/834/4 3890/833/4 3916/832/4
f 3886/829/4 3889/834/4 3916/832/4
f 3886/829/4 3916/832/4 3917/835/4
f 3886/829/4 3917/835/4 3918/836/4
f 3886/829/4 3918/836/4 3919/837/4
f 3886/829/4 3919/837/4 3920/838/4
f 3886/829/4 3920/838/4 3921/839/4
f 3886/829/4 3921/839/4 3922/840/4
f 3886/829/4 3922/840/4 3923/841/4
f 3886/829/4 3923/841/4 3924/842/4
f 3886/829/4 3924/842/4 3925/843/4
f 3886/829/4 3925/843/4 3926/844/4
f 3886/829/4 3926/844/4 3927/845/4
f 3886/829/4 3927/845/4 3928/846/4
f 3886/829/4 3928/846/4 3929/847/4
f 3886/829/4 3929/847/4 3930/848/4
f 3886/829/4 3930/848/4 3931/849/4
f 3886/829/4 3931/849/4 3932/850/4
f 3886/829/4 3932/850/4 3933/851/4
f 3886/829/4 3933/851/4 3934/852/4
f 3886/829/4 3934/852/4 3935/853/4
f 3886/829/4 3935/853/4 3936/854/4
f 3886/829/4 3936/854/4 3874/855/4
f 3874/855/4 3936/854/4 3937/856/4
f 3886/829/4 3874/855/4 3875/857/4
f 3873/146/4 3874/855/4 3937/856/4
f 3886/829/4 3875/857/4 3876/858/4
f 3886/829/4 3876/858/4 3877/859/4
f 3886/829/4 3877/859/4 3878/860/4
f 3886/829/4 3878/860/4 3879/861/4
f 3886/829/4 3879/861/4 3880/862/4
f 3886/829/4 3880/862/4 3881/863/4
f 3886/829/4 3881/863/4 3882/864/4
f 3886/829/4 3882/864/4 3883/865/4
f 3886/829/4 3883/865/4 3884/866/4
f 3886/829/4 3884/866/4 3885/867/4
f 4002/868/4 4003/870/4 4004/869/4
f 3949/871/4 3950/873/4 3951/872/4
f 4002/868/4 4004/869/4 4005/874/4
f 3948/875/4 3949/871/4 3951/872/4
f 4002/868/4 4005/874/4 4006/876/4
f 3947/877/4 3948/875/4 3951/872/4
f 4002/868/4 4006/876/4 4007/878/4
f 3946/879/4 3947/877/4 3951/872/4
f 4002/868/4 4007/878/4 4008/880/4
f 3945/881/4 3946/879/4 3951/872/4
f 4002/868/4 4008/880/4 4009/882/4
f 3944/23/4 3945/881/4 3951/872/4
f 4002/868/4 4009/882/4 4010/883/4
f 3943/884/4 3944/23/4 3951/872/4
f 4002/868/4 4010/883/4 4011/885/4
f 3942/886/4 3943/884/4 3951/872/4
f 4002/868/4 4011/885/4 4012/887/4
f 3941/888/4 3942/886/4 3951/872/4
f 4002/868/4 4012/887/4 4013/889/4
f 3940/890/4 3941/888/4 3951/872/4
f 4002/868/4 4013/889/4 4014/891/4
f 3939/892/4 3940/890/4 3951/872/4
f 4002/868/4 4014/891/4 4015/70/4
f 3938/893/4 3939/892/4 3951/872/4
f 4002/868/4 4015/70/4 3873/146/4
f 4002/868/4 3873/146/4 3937/856/4
f 4002/868/4 3937/856/4 3938/893/4
f 4002/868/4 3938/893/4 4001/894/4
f 4001/894/4 3938/893/4 4000/895/4
f 4000/895/4 3938/893/4 3999/896/4
f 3999/896/4 3938/893/4 3998/897/4
f 3998/897/4 3938/893/4 3997/898/4
f 3997/898/4 3938/893/4 3996/899/4
f 3996/899/4 3938/893/4 3995/900/4
f 3995/900/4 3938/893/4 3994/901/4
f 3994/901/4 3938/893/4 3993/902/4
f 3993/902/4 3938/893/4 3992/903/4
f 3992/903/4 3938/893/4 3991/904/4
f 3991/904/4 3938/893/4 3990/905/4
f 3990/905/4 3938/893/4 3989/906/4
f 3989/906/4 3938/893/4 3964/907/4
f 3964/907/4 3938/893/4 3963/908/4
f 3963/908/4 3938/893/4 3962/909/4
f 3962/909/4 3938/893/4 3961/910/4
f 3961/910/4 3938/893/4 3960/911/4
f 3960/911/4 3938/893/4 3959/912/4
f 3959/912/4 3938/893/4 3958/913/4
f 3958/913/4 3938/893/4 3957/914/4
f 3957/914/4 3938/893/4 3956/915/4
f 3956/915/4 3938/893/4 3955/916/4
f 3955/916/4 3938/893/4 3954/917/4
f 3954/917/4 3938/893/4 3953/918/4
f 3953/918/4 3938/893/4 3952/919/4
f 3952/919/4 3938/893/4 3951/872/4
f 3988/920/4 3989/906/4 3964/907/4
f 3988/920/4 3964/907/4 3965/921/4
f 3987/922/4 3988/920/4 3965/921/4
f 3987/922/4 3965/921/4 3966/923/4
f 3986/924/4 3987/922/4 3966/923/4
f 3986/924/4 3966/923/4 3967/925/4
f 3985/926/4 3986/924/4 3967/925/4
f 3985/926/4 3967/925/4 3968/927/4
f 3984/928/4 3985/926/4 3968/927/4
f 3984/928/4 3968/927/4 3969/929/4
f 3983/930/4 3984/928/4 3969/929/4
f 3983/930/4 3969/929/4 3970/931/4
f 3982/932/4 3983/930/4 3970/931/4
f 3982/932/4 3970/931/4 3971/933/4
f 3981/934/4 3982/932/4 3971/933/4
f 3981/934/4 3971/933/4 3972/935/4
f 3980/936/4 3981/934/4 3972/935/4
f 3979/937/4 3980/936/4 3972/935/4
f 3979/937/4 3972/935/4 3973/938/4
f 3978/939/4 3979/937/4 3973/938/4
f 3978/939/4 3973/938/4 3974/940/4
f 3977/941/4 3978/939/4 3974/940/4
f 3976/942/4 3977/941/4 3974/940/4
f 3976/942/4 3974/940/4 3975/943/4
f 4038/944/4 4039/946/4 4040/945/4
f 4037/947/4 4038/944/4 4040/945/4
f 4036/948/4 4037/947/4 4040/945/4
f 4035/949/4 4036/948/4 4040/945/4
f 4034/478/4 4035/949/4 4040/945/4
f 4033/950/4 4034/478/4 4040/945/4
f 4032/951/4 4033/950/4 4040/945/4
f 4031/952/4 4032/951/4 4040/945/4
f 4030/953/4 4031/952/4 4040/945/4
f 4029/954/4 4030/953/4 4040/945/4
f 4028/955/4 4029/954/4 4040/945/4
f 4027/956/4 4028/955/4 4040/945/4
f 4026/957/4 4027/956/4 4040/945/4
f 4025/958/4 4026/957/4 4040/945/4
f 4024/959/4 4025/958/4 4040/945/4
f 4023/960/4 4024/959/4 4040/945/4
f 4022/961/4 4023/960/4 4040/945/4
f 4021/962/4 4022/961/4 4040/945/4
f 4020/963/4 4021/962/4 4040/945/4
f 4019/964/4 4020/963/4 4040/945/4
f 4018/965/4 4019/964/4 4040/945/4
f 4017/966/4 4018/965/4 4040/945/4
f 4016/146/4 4017/966/4 4040/945/4
f 4126/967/4 4016/146/4 4040/945/4
f 4125/968/4 4126/967/4 4040/945/4
f 4124/401/4 4125/968/4 4040/945/4
f 4123/969/4 4124/401/4 4040/945/4
f 4122/970/4 4123/969/4 4040/945/4
f 4121/971/4 4122/970/4 4040/945/4
f 4120/972/4 4121/971/4 4040/945/4
f 4119/973/4 4120/972/4 4040/945/4
f 4118/974/4 4119/973/4 4040/945/4
f 4117/975/4 4118/974/4 4040/945/4
f 4116/976/4 4117/975/4 4040/945/4
f 4115/977/4 4116/976/4 4040/945/4
f 4114/978/4 4115/977/4 4040/945/4
f 4113/979/4 4114/978/4 4112/980/4
f 4112/980/4 4114/978/4 4111/981/4
f 4111/981/4 4114/978/4 4110/982/4
f 4110/982/4 4114/978/4 4109/983/4
f 4109/983/4 4114/978/4 4108/984/4
f 4108/984/4 4114/978/4 4107/985/4
f 4107/985/4 4114/978/4 4106/388/4
f 4106/388/4 4114/978/4 4105/986/4
f 4105/986/4 4114/978/4 4101/987/4
f 4101/987/4 4114/978/4 4045/988/4
f 4045/988/4 4114/978/4 4044/989/4
f 4044/989/4 4114/978/4 4043/990/4
f 4043/990/4 4114/978/4 4042/991/4
f 4042/991/4 4114/978/4 4041/992/4
f 4041/992/4 4114/978/4 4040/945/4
f 4101/987/4 4045/988/4 4046/993/4
f 4101/987/4 4046/993/4 4047/994/4
f 4101/987/4 4047/994/4 4048/995/4
f 4101/987/4 4048/995/4 4049/996/4
f 4101/987/4 4049/996/4 4050/997/4
f 4101/987/4 4050/997/4 4051/998/4
f 4105/986/14 4101/987/14 4104/999/14
f 4104/999/4 4101/987/4 4102/1000/4
f 4100/1001/4 4101/987/4 4051/998/4
f 4100/1001/4 4051/998/4 4052/458/4
f 4104/999/15 4102/1000/15 4103/1002/15
f 4100/1001/4 4052/458/4 4053/1003/4
f 4099/1004/4 4100/1001/4 4053/1003/4
f 4099/1004/4 4053/1003/4 4054/1005/4
f 4098/1006/4 4099/1004/4 4054/1005/4
f 4098/1006/4 4054/1005/4 4055/1007/4
f 4097/23/4 4098/1006/4 4055/1007/4
f 4097/23/4 4055/1007/4 4056/1008/4
f 4165/1009/4 4166/1011/4 4167/1010/4
f 4096/1012/4 4097/23/4 4056/1008/4
f 4165/1009/4 4167/1010/4 4168/1013/4
f 4096/1012/4 4056/1008/4 4057/1014/4
f 4165/1009/4 4168/1013/4 4169/1015/4
f 4164/1016/4 4165/1009/4 4169/1015/4
f 4164/1016/4 4169/1015/4 4170/1017/4
f 4163/1018/4 4164/1016/4 4170/1017/4
f 4095/1019/4 4096/1012/4 4057/1014/4
f 4095/1019/4 4057/1014/4 4058/1020/4
f 4163/1018/4 4170/1017/4 4171/1021/4
f 4139/1022/4 4140/1024/4 4141/1023/4
f 4162/1025/4 4163/1018/4 4171/1021/4
f 4139/1022/4 4141/1023/4 4142/367/4
f 4162/1025/4 4171/1021/4 4172/1026/4
f 4161/1027/4 4162/1025/4 4172/1026/4
f 4139/1022/4 4142/367/4 4143/1028/4
f 4094/1029/4 4095/1019/4 4058/1020/4
f 4138/1030/4 4139/1022/4 4143/1028/4
f 4161/1027/4 4172/1026/4 4173/1031/4
f 4094/1029/4 4058/1020/4 4059/1032/4
f 4160/330/4 4161/1027/4 4173/1031/4
f 4138/1030/4 4143/1028/4 4144/1033/4
f 4137/1034/4 4138/1030/4 4144/1033/4
f 4160/330/4 4173/1031/4 4174/1035/4
f 4159/1036/4 4160/330/4 4174/1035/4
f 4137/1034/4 4144/1033/4 4145/1037/4
f 4136/1038/4 4137/1034/4 4145/1037/4
f 4159/1036/4 4174/1035/4 4175/1039/4
f 4158/1040/4 4159/1036/4 4175/1039/4
f 4093/1041/4 4094/1029/4 4059/1032/4
f 4136/1038/4 4145/1037/4 4146/1042/4
f 4093/1041/4 4059/1032/4 4060/1043/4
f 4135/1044/4 4136/1038/4 4146/1042/4
f 4157/1045/4 4158/1040/4 4175/1039/4
f 4157/1045/4 4175/1039/4 4176/1046/4
f 4135/1044/4 4146/1042/4 4147/1047/4
f 4134/1048/4 4135/1044/4 4147/1047/4
f 4156/1049/4 4157/1045/4 4176/1046/4
f 4156/1049/4 4176/1046/4 4177/1050/4
f 4133/1051/4 4134/1048/4 4147/1047/4
f 4133/1051/4 4147/1047/4 4148/1052/4
f 4092/1053/4 4093/1041/4 4060/1043/4
f 4155/1054/4 4156/1049/4 4177/1050/4
f 4155/1054/4 4177/1050/4 4178/70/4
f 4092/1053/4 4060/1043/4 4061/1055/4
f 4132/1056/4 4133/1051/4 4148/1052/4
f 4132/1056/4 4148/1052/4 4149/1057/4
f 4155/1054/4 4178/70/4 4154/1058/4
f 4154/1058/4 4178/70/4 4153/1059/4
f 4131/1060/4 4132/1056/4 4149/1057/4
f 4131/1060/4 4149/1057/4 4150/1061/4
f 4130/1062/4 4131/1060/4 4150/1061/4
f 4130/1062/4 4150/1061/4 4151/1063/4
f 4091/1064/4 4092/1053/4 4061/1055/4
f 4091/1064/4 4061/1055/4 4062/1065/4
f 4129/1066/4 4130/1062/4 4151/1063/4
f 4129/1066/4 4151/1063/4 4152/1067/4
f 4128/1068/4 4129/1066/4 4152/1067/4
f 4128/1068/4 4152/1067/4 4127/1069/4
f 4091/1064/4 4062/1065/4 4063/1070/4
f 4090/1071/4 4091/1064/4 4063/1070/4
f 4090/1071/4 4063/1070/4 4064/1072/4
f 4089/1073/4 4090/1071/4 4064/1072/4
f 4089/1073/4 4064/1072/4 4065/1074/4
f 4088/348/4 4089/1073/4 4065/1074/4
f 4088/348/4 4065/1074/4 4066/1075/4
f 4087/1076/4 4088/348/4 4066/1075/4
f 4087/1076/4 4066/1075/4 4067/1077/4
f 4086/1078/4 4087/1076/4 4067/1077/4
f 4086/1078/4 4067/1077/4 4068/1079/4
f 4086/1078/4 4068/1079/4 4069/1080/4
f 4085/1081/4 4086/1078/4 4069/1080/4
f 4085/1081/4 4069/1080/4 4070/422/4
f 4084/1082/4 4085/1081/4 4070/422/4
f 4084/1082/4 4070/422/4 4071/1083/4
f 4084/1082/4 4071/1083/4 4072/1084/4
f 4083/1085/4 4084/1082/4 4072/1084/4
f 4083/1085/4 4072/1084/4 4073/1086/4
f 4083/1085/4 4073/1086/4 4074/1087/4
f 4083/1085/4 4074/1087/4 4075/1088/4
f 4083/1085/4 4075/1088/4 4076/1089/4
f 4082/1090/4 4083/1085/4 4076/1089/4
f 4082/1090/4 4076/1089/4 4077/1091/4
f 4081/1092/4 4082/1090/4 4077/1091/4
f 4080/1093/4 4081/1092/4 4077/1091/4
f 4079/1094/4 4080/1093/4 4077/1091/4
f 4078/1095/4 4079/1094/4 4077/1091/4
f 4239/572/4 4240/574/4 4241/573/4
f 4201/575/4 4202/577/4 4203/576/4
f 4200/578/4 4201/575/4 4203/576/4
f 4239/572/4 4241/573/4 4242/579/4
f 4199/580/4 4200/578/4 4203/576/4
f 4239/572/4 4242/579/4 4243/581/4
f 4198/582/4 4199/580/4 4203/576/4
f 4239/572/4 4243/581/4 4244/583/4
f 4197/584/4 4198/582/4 4203/576/4
f 4239/572/4 4244/583/4 4245/585/4
f 4196/586/4 4197/584/4 4203/576/4
f 4239/572/4 4245/585/4 4246/587/4
f 4195/588/4 4196/586/4 4203/576/4
f 4239/572/4 4246/587/4 4247/589/4
f 4194/590/4 4195/588/4 4203/576/4
f 4239/572/4 4247/589/4 4248/591/4
f 4193/592/4 4194/590/4 4203/576/4
f 4239/572/4 4248/591/4 4249/593/4
f 4192/594/4 4193/592/4 4203/576/4
f 4239/572/4 4249/593/4 4250/595/4
f 4191/596/4 4192/594/4 4203/576/4
f 4239/572/4 4250/595/4 4251/597/4
f 4190/598/4 4191/596/4 4203/576/4
f 4239/572/4 4251/597/4 4252/70/4
f 4239/572/4 4252/70/4 4179/146/4
f 4239/572/4 4179/146/4 4180/599/4
f 4239/572/4 4180/599/4 4181/600/4
f 4239/572/4 4181/600/4 4182/601/4
f 4239/572/4 4182/601/4 4183/602/4
f 4239/572/4 4183/602/4 4184/603/4
f 4239/572/4 4184/603/4 4185/604/4
f 4239/572/4 4185/604/4 4186/605/4
f 4239/572/4 4186/605/4 4187/606/4
f 4239/572/4 4187/606/4 4188/607/4
f 4239/572/4 4188/607/4 4189/608/4
f 4239/572/4 4189/608/4 4190/598/4
f 4239/572/4 4190/598/4 4238/609/4
f 4238/609/4 4190/598/4 4237/610/4
f 4237/610/4 4190/598/4 4236/611/4
f 4236/611/4 4190/598/4 4235/612/4
f 4235/612/4 4190/598/4 4234/613/4
f 4234/613/4 4190/598/4 4233/614/4
f 4233/614/4 4190/598/4 4232/615/4
f 4232/615/4 4190/598/4 4231/616/4
f 4231/616/4 4190/598/4 4230/617/4
f 4230/617/4 4190/598/4 4229/618/4
f 4229/618/4 4190/598/4 4228/619/4
f 4228/619/4 4190/598/4 4227/620/4
f 4227/620/4 4190/598/4 4226/621/4
f 4226/621/4 4190/598/4 4225/622/4
f 4225/622/4 4190/598/4 4224/623/4
f 4224/623/4 4190/598/4 4222/636/4
f 4222/636/4 4190/598/4 4219/625/4
f 4219/625/4 4190/598/4 4216/626/4
f 4216/626/4 4190/598/4 4215/627/4
f 4215/627/4 4190/598/4 4214/628/4
f 4214/628/4 4190/598/4 4213/629/4
f 4213/629/4 4190/598/4 4212/630/4
f 4212/630/4 4190/598/4 4211/631/4
f 4211/631/4 4190/598/4 4210/632/4
f 4210/632/4 4190/598/4 4209/633/4
f 4209/633/4 4190/598/4 4208/634/4
f 4208/634/4 4190/598/4 4203/576/4
f 4223/635/1 4224/623/1 4222/636/1
f 4221/624/1 4222/636/1 4219/625/1
f 4220/637/1 4221/624/1 4219/625/1
f 4218/638/1 4219/625/1 4216/626/1
f 4217/639/1 4218/638/1 4216/626/1
f 4207/640/12 4208/634/12 4203/576/12
f 4206/641/11 4207/640/11 4203/576/11
f 4205/642/4 4206/641/4 4203/576/4
f 4204/643/4 4205/642/4 4203/576/4
f 4316/671/4 4317/1097/4 4318/1096/4
f 4316/671/4 4318/1096/4 4319/1098/4
f 4316/671/4 4319/1098/4 4320/1099/4
f 4316/671/4 4320/1099/4 4321/1100/4
f 4315/1101/4 4316/671/4 4321/1100/4
f 4314/1102/4 4315/1101/4 4321/1100/4
f 4314/1102/4 4321/1100/4 4322/422/4
f 4313/1103/4 4314/1102/4 4322/422/4
f 4313/1103/4 4322/422/4 4323/1104/4
f 4312/1105/4 4313/1103/4 4323/1104/4
f 4312/1105/4 4323/1104/4 4324/1106/4
f 4311/1107/4 4312/1105/4 4324/1106/4
f 4311/1107/4 4324/1106/4 4325/678/4
f 4310/1108/4 4311/1107/4 4325/678/4
f 4310/1108/4 4325/678/4 4326/1109/4
f 4309/1110/4 4310/1108/4 4326/1109/4
f 4309/1110/4 4326/1109/4 4327/1111/4
f 4308/1112/4 4309/1110/4 4327/1111/4
f 4308/1112/4 4327/1111/4 4328/1113/4
f 4307/657/4 4308/1112/4 4328/1113/4
f 4307/657/4 4328/1113/4 4329/1114/4
f 4306/1115/4 4307/657/4 4329/1114/4
f 4306/1115/4 4329/1114/4 4330/1116/4
f 4305/1117/4 4306/1115/4 4330/1116/4
f 4304/1118/4 4305/1117/4 4330/1116/4
f 4303/1119/4 4304/1118/4 4330/1116/4
f 4353/1120/4 4354/1122/4 4355/1121/4
f 4352/685/4 4353/1120/4 4355/1121/4
f 4351/1123/4 4352/685/4 4355/1121/4
f 4350/1124/4 4351/1123/4 4355/1121/4
f 4349/1125/4 4350/1124/4 4355/1121/4
f 4348/1126/4 4349/1125/4 4355/1121/4
f 4347/1127/4 4348/1126/4 4355/1121/4
f 4346/1128/4 4347/1127/4 4355/1121/4
f 4345/348/4 4346/1128/4 4355/1121/4
f 4344/1129/4 4345/348/4 4355/1121/4
f 4343/652/4 4344/1129/4 4355/1121/4
f 4342/1130/4 4343/652/4 4355/1121/4
f 4341/1131/4 4342/1130/4 4355/1121/4
f 4340/1132/4 4341/1131/4 4355/1121/4
f 4339/1133/4 4340/1132/4 4355/1121/4
f 4338/1134/4 4339/1133/4 4355/1121/4
f 4337/1135/4 4338/1134/4 4355/1121/4
f 4336/1136/4 4337/1135/4 4355/1121/4
f 4335/1137/4 4336/1136/4 4355/1121/4
f 4334/666/4 4335/1137/4 4355/1121/4
f 4333/1138/4 4334/666/4 4355/1121/4
f 4332/1139/4 4333/1138/4 4355/1121/4
f 4331/1140/4 4332/1139/4 4355/1121/4
f 4330/1116/4 4331/1140/4 4355/1121/4
f 4303/1119/4 4330/1116/4 4355/1121/4
f 4302/1141/4 4303/1119/4 4355/1121/4
f 4301/1142/4 4302/1141/4 4355/1121/4
f 4300/1143/4 4301/1142/4 4355/1121/4
f 4299/458/4 4300/1143/4 4355/1121/4
f 4298/721/4 4299/458/4 4355/1121/4
f 4298/721/4 4355/1121/4 4356/1144/4
f 4298/721/4 4356/1144/4 4357/1145/4
f 4298/721/4 4357/1145/4 4358/1146/4
f 4297/1147/4 4298/721/4 4358/1146/4
f 4297/1147/4 4358/1146/4 4359/1148/4
f 4297/1147/4 4359/1148/4 4360/1149/4
f 4297/1147/4 4360/1149/4 4361/692/4
f 4296/1150/4 4297/1147/4 4361/692/4
f 4296/1150/4 4361/692/4 4362/1151/4
f 4296/1150/4 4362/1151/4 4363/1152/4
f 4296/1150/4 4363/1152/4 4364/1153/4
f 4295/1154/4 4296/1150/4 4364/1153/4
f 4295/1154/4 4364/1153/4 4365/1155/4
f 4295/1154/4 4365/1155/4 4366/1156/4
f 4295/1154/4 4366/1156/4 4367/1157/4
f 4294/1158/4 4295/1154/4 4367/1157/4
f 4294/1158/4 4367/1157/4 4368/388/4
f 4293/1159/4 4294/1158/4 4368/388/4
f 4292/1160/4 4293/1159/4 4368/388/4
f 4291/1161/4 4292/1160/4 4368/388/4
f 4290/1162/4 4291/1161/4 4368/388/4
f 4289/697/4 4290/1162/4 4368/388/4
f 4288/1163/4 4289/697/4 4368/388/4
f 4287/1164/4 4288/1163/4 4368/388/4
f 4286/1165/4 4287/1164/4 4368/388/4
f 4285/1166/4 4286/1165/4 4368/388/4
f 4284/1167/4 4285/1166/4 4368/388/4
f 4283/1168/4 4284/1167/4 4368/388/4
f 4282/1169/4 4283/1168/4 4368/388/4
f 4281/1170/4 4282/1169/4 4368/388/4
f 4280/705/4 4281/1170/4 4368/388/4
f 4279/1171/4 4280/705/4 4368/388/4
f 4278/1172/4 4279/1171/4 4277/1173/4
f 4277/1173/4 4279/1171/4 4276/478/4
f 4276/478/4 4279/1171/4 4275/1174/4
f 4275/1174/4 4279/1171/4 4274/1175/4
f 4274/1175/4 4279/1171/4 4273/1176/4
f 4273/1176/4 4279/1171/4 4272/1177/4
f 4272/1177/4 4279/1171/4 4271/712/4
f 4271/712/4 4279/1171/4 4270/1178/4
f 4270/1178/4 4279/1171/4 4269/1179/4
f 4269/1179/4 4279/1171/4 4268/1180/4
f 4268/1180/4 4279/1171/4 4267/1181/4
f 4267/1181/4 4279/1171/4 4266/1182/4
f 4266/1182/4 4279/1171/4 4368/388/4
f 4266/1182/4 4368/388/4 4265/1183/4
f 4265/1183/4 4368/388/4 4369/1184/4
f 4264/1185/4 4265/1183/4 4369/1184/4
f 4381/1186/4 4382/1188/4 4383/1187/4
f 4380/1189/4 4381/1186/4 4383/1187/4
f 4379/741/4 4380/1189/4 4383/1187/4
f 4378/1190/4 4379/741/4 4383/1187/4
f 4377/1191/4 4378/1190/4 4383/1187/4
f 4376/1192/4 4377/1191/4 4383/1187/4
f 4375/1193/4 4376/1192/4 4383/1187/4
f 4374/1194/4 4375/1193/4 4383/1187/4
f 4373/1195/4 4374/1194/4 4383/1187/4
f 4372/1196/4 4373/1195/4 4383/1187/4
f 4371/1197/4 4372/1196/4 4383/1187/4
f 4370/727/4 4371/1197/4 4383/1187/4
f 4369/1184/4 4370/727/4 4383/1187/4
f 4264/1185/4 4369/1184/4 4383/1187/4
f 4263/1198/4 4264/1185/4 4383/1187/4
f 4262/728/4 4263/1198/4 4383/1187/4
f 4261/1199/4 4262/728/4 4383/1187/4
f 4261/1199/4 4383/1187/4 4384/1200/4
f 4261/1199/4 4384/1200/4 4385/1201/4
f 4261/1199/4 4385/1201/4 4386/1202/4
f 4261/1199/4 4386/1202/4 4387/1203/4
f 4261/1199/4 4387/1203/4 4388/758/4
f 4261/1199/4 4388/758/4 4389/1204/4
f 4260/1205/4 4261/1199/4 4389/1204/4
f 4260/1205/4 4389/1204/4 4390/1206/4
f 4260/1205/4 4390/1206/4 4391/401/4
f 4260/1205/4 4391/401/4 4392/1207/4
f 4259/1208/4 4260/1205/4 4392/1207/4
f 4259/1208/4 4392/1207/4 4393/1209/4
f 4259/1208/4 4393/1209/4 4394/1210/4
f 4259/1208/4 4394/1210/4 4395/1211/4
f 4258/1212/4 4259/1208/4 4395/1211/4
f 4258/1212/4 4395/1211/4 4396/1213/4
f 4257/1214/4 4258/1212/4 4396/1213/4
f 4256/1215/4 4257/1214/4 4396/1213/4
f 4255/1216/4 4256/1215/4 4396/1213/4
f 4254/1217/4 4255/1216/4 4396/1213/4
f 4253/146/4 4254/1217/4 4396/1213/4
f 4460/70/4 4253/146/4 4396/1213/4
f 4459/1218/4 4460/70/4 4396/1213/4
f 4458/1219/4 4459/1218/4 4396/1213/4
f 4457/1220/4 4458/1219/4 4396/1213/4
f 4456/1221/4 4457/1220/4 4396/1213/4
f 4455/1222/4 4456/1221/4 4396/1213/4
f 4454/1223/4 4455/1222/4 4396/1213/4
f 4453/1224/4 4454/1223/4 4396/1213/4
f 4452/1225/4 4453/1224/4 4396/1213/4
f 4451/753/4 4452/1225/4 4396/1213/4
f 4450/1226/4 4451/753/4 4396/1213/4
f 4449/1227/4 4450/1226/4 4396/1213/4
f 4448/1228/4 4449/1227/4 4396/1213/4
f 4447/1229/4 4448/1228/4 4446/1230/4
f 4446/1230/4 4448/1228/4 4445/1231/4
f 4445/1231/4 4448/1228/4 4444/1232/4
f 4444/1232/4 4448/1228/4 4443/1233/4
f 4443/1233/4 4448/1228/4 4442/769/4
f 4442/769/4 4448/1228/4 4441/1234/4
f 4441/1234/4 4448/1228/4 4440/1235/4
f 4440/1235/4 4448/1228/4 4439/1236/4
f 4439/1236/4 4448/1228/4 4438/1237/4
f 4438/1237/4 4448/1228/4 4437/330/4
f 4437/330/4 4448/1228/4 4434/1238/4
f 4434/1238/4 4448/1228/4 4433/776/4
f 4433/776/4 4448/1228/4 4432/1239/4
f 4432/1239/4 4448/1228/4 4431/1240/4
f 4431/1240/4 4448/1228/4 4430/1241/4
f 4430/1241/4 4448/1228/4 4429/1242/4
f 4429/1242/4 4448/1228/4 4428/1243/4
f 4428/1243/4 4448/1228/4 4427/1244/4
f 4427/1244/4 4448/1228/4 4426/1245/4
f 4426/1245/4 4448/1228/4 4425/1246/4
f 4425/1246/4 4448/1228/4 4424/783/4
f 4424/783/4 4448/1228/4 4423/1247/4
f 4423/1247/4 4448/1228/4 4396/1213/4
f 4423/1247/4 4396/1213/4 4397/748/4
f 4422/1248/4 4423/1247/4 4397/748/4
f 4437/330/16 4434/1238/16 4436/1249/16
f 4436/1249/4 4434/1238/4 4435/1250/4
f 4422/1248/4 4397/748/4 4398/1251/4
f 4422/1248/4 4398/1251/4 4399/1252/4
f 4421/1253/4 4422/1248/4 4399/1252/4
f 4421/1253/4 4399/1252/4 4400/1254/4
f 4420/1255/4 4421/1253/4 4400/1254/4
f 4420/1255/4 4400/1254/4 4401/1256/4
f 4419/1257/4 4420/1255/4 4401/1256/4
f 4419/1257/4 4401/1256/4 4402/1258/4
f 4418/1259/4 4419/1257/4 4402/1258/4
f 4418/1259/4 4402/1258/4 4403/1260/4
f 4417/1261/4 4418/1259/4 4403/1260/4
f 4417/1261/4 4403/1260/4 4404/1262/4
f 4416/1263/4 4417/1261/4 4404/1262/4
f 4416/1263/4 4404/1262/4 4405/1264/4
f 4415/787/4 4416/1263/4 4405/1264/4
f 4415/787/4 4405/1264/4 4406/793/4
f 4414/367/4 4415/787/4 4406/793/4
f 4414/367/4 4406/793/4 4407/1265/4
f 4413/1266/4 4414/367/4 4407/1265/4
f 4413/1266/4 4407/1265/4 4408/1267/4
f 4412/1268/4 4413/1266/4 4408/1267/4
f 4412/1268/4 4408/1267/4 4409/1269/4
f 4412/1268/4 4409/1269/4 4410/1270/4
f 4411/1271/4 4412/1268/4 4410/1270/4
f 4469/571/4 4470/556/4 4461/146/4
f 4461/146/4 4470/556/4 4471/544/4
f 4461/146/4 4471/544/4 4472/70/4
f 4469/571/4 4461/146/4 4462/495/4
f 4469/571/4 4462/495/4 4465/525/4
f 4465/525/4 4462/495/4 4463/496/4
f 4465/525/4 4463/496/4 4464/510/4
f 4469/571/4 4465/525/4 4466/541/4
f 4469/571/4 4466/541/4 4467/529/4
f 4469/571/4 4467/529/4 4468/557/4
f 4483/488/4 4484/490/4 4485/489/4
f 4483/488/4 4485/489/4 4486/491/4
f 4483/488/4 4486/491/4 4487/492/4
f 4482/493/4 4483/488/4 4487/492/4
f 4482/493/4 4487/492/4 4488/494/4
f 4481/495/4 4482/493/4 4488/494/4
f 4481/495/4 4488/494/4 4489/496/4
f 4480/497/4 4481/495/4 4489/496/4
f 4480/497/4 4489/496/4 4490/498/4
f 4479/499/4 4480/497/4 4490/498/4
f 4479/499/4 4490/498/4 4491/500/4
f 4478/501/4 4479/499/4 4491/500/4
f 4478/501/4 4491/500/4 4492/502/4
f 4477/503/4 4478/501/4 4492/502/4
f 4477/503/4 4492/502/4 4493/504/4
f 4476/505/4 4477/503/4 4493/504/4
f 4476/505/4 4493/504/4 4494/506/4
f 4475/507/4 4476/505/4 4494/506/4
f 4475/507/4 4494/506/4 4495/139/4
f 4474/508/4 4475/507/4 4495/139/4
f 4474/508/4 4495/139/4 4496/509/4
f 4473/146/4 4474/508/4 4496/509/4
f 4473/146/4 4496/509/4 4497/510/4
f 4561/70/4 4473/146/4 4497/510/4
f 4560/511/4 4561/70/4 4497/510/4
f 4560/511/4 4497/510/4 4498/512/4
f 4559/513/4 4560/511/4 4498/512/4
f 4558/514/4 4559/513/4 4498/512/4
f 4557/515/4 4558/514/4 4498/512/4
f 4557/515/4 4498/512/4 4499/516/4
f 4557/515/4 4499/516/4 4500/517/4
f 4556/518/4 4557/515/4 4500/517/4
f 4556/518/4 4500/517/4 4501/519/4
f 4556/518/4 4501/519/4 4502/520/4
f 4556/518/4 4502/520/4 4503/521/4
f 4556/518/4 4503/521/4 4504/522/4
f 4555/523/4 4556/518/4 4523/524/4
f 4523/524/4 4556/518/4 4504/522/4
f 4523/524/4 4504/522/4 4505/525/4
f 4555/523/4 4523/524/4 4524/526/4
f 4522/527/4 4523/524/4 4505/525/4
f 4522/527/4 4505/525/4 4506/528/4
f 4521/529/4 4522/527/4 4506/528/4
f 4521/529/4 4506/528/4 4507/530/4
f 4520/531/4 4521/529/4 4507/530/4
f 4519/532/4 4520/531/4 4507/530/4
f 4519/532/4 4507/530/4 4508/533/4
f 4518/534/4 4519/532/4 4508/533/4
f 4518/534/4 4508/533/4 4509/535/4
f 4554/536/4 4555/523/4 4524/526/4
f 4517/23/4 4518/534/4 4509/535/4
f 4517/23/4 4509/535/4 4510/537/4
f 4516/538/4 4517/23/4 4510/537/4
f 4516/538/4 4510/537/4 4515/539/4
f 4515/539/4 4510/537/4 4514/540/4
f 4514/540/4 4510/537/4 4513/541/4
f 4513/541/4 4510/537/4 4512/542/4
f 4512/542/4 4510/537/4 4511/543/4
f 4553/544/4 4554/536/4 4524/526/4
f 4552/545/4 4553/544/4 4524/526/4
f 4551/546/4 4552/545/4 4524/526/4
f 4550/547/4 4551/546/4 4524/526/4
f 4549/548/4 4550/547/4 4524/526/4
f 4548/549/4 4549/548/4 4524/526/4
f 4548/549/4 4524/526/4 4525/550/4
f 4548/549/4 4525/550/4 4526/551/4
f 4547/552/4 4548/549/4 4526/551/4
f 4547/552/4 4526/551/4 4527/553/4
f 4546/554/4 4547/552/4 4527/553/4
f 4546/554/4 4527/553/4 4528/555/4
f 4545/556/4 4546/554/4 4528/555/4
f 4545/556/4 4528/555/4 4529/557/4
f 4544/558/4 4545/556/4 4529/557/4
f 4544/558/4 4529/557/4 4530/559/4
f 4543/560/4 4544/558/4 4530/559/4
f 4543/560/4 4530/559/4 4531/561/4
f 4542/562/4 4543/560/4 4531/561/4
f 4542/562/4 4531/561/4 4532/563/4
f 4541/564/4 4542/562/4 4532/563/4
f 4541/564/4 4532/563/4 4533/565/4
f 4540/566/4 4541/564/4 4533/565/4
f 4540/566/4 4533/565/4 4534/567/4
f 4539/52/4 4540/566/4 4534/567/4
f 4539/52/4 4534/567/4 4535/568/4
f 4538/569/4 4539/52/4 4535/568/4
f 4538/569/4 4535/568/4 4536/570/4
f 4537/571/4 4538/569/4 4536/570/4
f 4622/572/4 4623/574/4 4624/573/4
f 4584/575/4 4585/577/4 4586/576/4
f 4622/572/4 4624/573/4 4625/579/4
f 4583/578/4 4584/575/4 4586/576/4
f 4622/572/4 4625/579/4 4626/581/4
f 4582/580/4 4583/578/4 4586/576/4
f 4622/572/4 4626/581/4 4627/583/4
f 4581/582/4 4582/580/4 4586/576/4
f 4622/572/4 4627/583/4 4628/585/4
f 4580/584/4 4581/582/4 4586/576/4
f 4622/572/4 4628/585/4 4629/587/4
f 4579/586/4 4580/584/4 4586/576/4
f 4622/572/4 4629/587/4 4630/589/4
f 4578/588/4 4579/586/4 4586/576/4
f 4622/572/4 4630/589/4 4631/591/4
f 4577/590/4 4578/588/4 4586/576/4
f 4622/572/4 4631/591/4 4632/593/4
f 4576/592/4 4577/590/4 4586/576/4
f 4622/572/4 4632/593/4 4633/595/4
f 4575/594/4 4576/592/4 4586/576/4
f 4622/572/4 4633/595/4 4634/597/4
f 4574/596/4 4575/594/4 4586/576/4
f 4622/572/4 4634/597/4 4635/70/4
f 4573/598/4 4574/596/4 4586/576/4
f 4622/572/4 4635/70/4 4562/146/4
f 4622/572/4 4562/146/4 4563/599/4
f 4622/572/4 4563/599/4 4564/600/4
f 4622/572/4 4564/600/4 4565/601/4
f 4622/572/4 4565/601/4 4566/602/4
f 4622/572/4 4566/602/4 4567/603/4
f 4622/572/4 4567/603/4 4568/604/4
f 4622/572/4 4568/604/4 4569/605/4
f 4622/572/4 4569/605/4 4570/606/4
f 4622/572/4 4570/606/4 4571/607/4
f 4622/572/4 4571/607/4 4572/608/4
f 4622/572/4 4572/608/4 4573/598/4
f 4622/572/4 4573/598/4 4621/609/4
f 4621/609/4 4573/598/4 4620/610/4
f 4620/610/4 4573/598/4 4619/611/4
f 4619/611/4 4573/598/4 4618/612/4
f 4618/612/4 4573/598/4 4617/613/4
f 4617/613/4 4573/598/4 4616/614/4
f 4616/614/4 4573/598/4 4615/615/4
f 4615/615/4 4573/598/4 4614/616/4
f 4614/616/4 4573/598/4 4613/617/4
f 4613/617/4 4573/598/4 4612/618/4
f 4612/618/4 4573/598/4 4611/619/4
f 4611/619/4 4573/598/4 4610/620/4
f 4610/620/4 4573/598/4 4609/621/4
f 4609/621/4 4573/598/4 4608/622/4
f 4608/622/4 4573/598/4 4607/623/4
f 4607/623/4 4573/598/4 4605/636/4
f 4605/636/4 4573/598/4 4602/625/4
f 4602/625/4 4573/598/4 4599/626/4
f 4599/626/4 4573/598/4 4598/627/4
f 4598/627/4 4573/598/4 4597/628/4
f 4597/628/4 4573/598/4 4596/629/4
f 4596/629/4 4573/598/4 4595/630/4
f 4595/630/4 4573/598/4 4594/631/4
f 4594/631/4 4573/598/4 4593/632/4
f 4593/632/4 4573/598/4 4592/633/4
f 4592/633/4 4573/598/4 4591/634/4
f 4591/634/4 4573/598/4 4586/576/4
f 4606/635/1 4607/623/1 4605/636/1
f 4604/624/1 4605/636/1 4602/625/1
f 4603/637/1 4604/624/1 4602/625/1
f 4601/638/1 4602/625/1 4599/626/1
f 4600/639/4 4601/638/4 4599/626/4
f 4590/640/4 4591/634/4 4586/576/4
f 4589/641/4 4590/640/4 4586/576/4
f 4588/642/4 4589/641/4 4586/576/4
f 4587/643/4 4588/642/4 4586/576/4
f 4798/536/4 4799/1272/4 4800/523/4
f 4797/1273/4 4798/536/4 4800/523/4
f 4796/544/4 4797/1273/4 4800/523/4
f 4795/1274/4 4796/544/4 4800/523/4
f 4794/545/4 4795/1274/4 4800/523/4
f 4794/545/4 4800/523/4 4801/1275/4
f 4793/1276/4 4794/545/4 4801/1275/4
f 4793/1276/4 4801/1275/4 4802/518/4
f 4792/546/4 4793/1276/4 4802/518/4
f 4792/546/4 4802/518/4 4803/1277/4
f 4791/1278/4 4792/546/4 4803/1277/4
f 4791/1278/4 4803/1277/4 4804/515/4
f 4790/547/4 4791/1278/4 4804/515/4
f 4790/547/4 4804/515/4 4805/1279/4
f 4789/1280/4 4790/547/4 4805/1279/4
f 4789/1280/4 4805/1279/4 4806/514/4
f 4788/548/4 4789/1280/4 4806/514/4
f 4788/548/4 4806/514/4 4807/1281/4
f 4787/1282/4 4788/548/4 4807/1281/4
f 4787/1282/4 4807/1281/4 4808/513/4
f 4786/549/4 4787/1282/4 4808/513/4
f 4786/549/4 4808/513/4 4809/1283/4
f 4786/549/4 4809/1283/4 4810/511/4
f 4786/549/4 4810/511/4 4811/1284/4
f 4786/549/4 4811/1284/4 4812/70/4
f 4785/1285/4 4786/549/4 4812/70/4
f 4785/1285/4 4812/70/4 4636/146/4
f 4784/552/4 4785/1285/4 4636/146/4
f 4648/499/4 4649/1286/4 4650/497/4
f 4647/1287/4 4648/499/4 4650/497/4
f 4646/501/4 4647/1287/4 4650/497/4
f 4645/1288/4 4646/501/4 4650/497/4
f 4644/503/4 4645/1288/4 4650/497/4
f 4643/1289/4 4644/503/4 4650/497/4
f 4642/505/4 4643/1289/4 4650/497/4
f 4641/1290/4 4642/505/4 4650/497/4
f 4640/507/4 4641/1290/4 4650/497/4
f 4639/1291/4 4640/507/4 4650/497/4
f 4638/508/4 4639/1291/4 4650/497/4
f 4637/1292/4 4638/508/4 4650/497/4
f 4784/552/4 4636/146/4 4637/1292/4
f 4784/552/4 4637/1292/4 4650/497/4
f 4783/1293/4 4784/552/4 4650/497/4
f 4783/1293/4 4650/497/4 4651/1294/4
f 4783/1293/4 4651/1294/4 4652/495/4
f 4783/1293/4 4652/495/4 4653/1295/4
f 4783/1293/4 4653/1295/4 4654/493/4
f 4782/554/4 4783/1293/4 4654/493/4
f 4782/554/4 4654/493/4 4655/1296/4
f 4782/554/4 4655/1296/4 4656/488/4
f 4782/554/4 4656/488/4 4657/1297/4
f 4782/554/4 4657/1297/4 4762/570/4
f 4762/570/4 4657/1297/4 4658/490/4
f 4762/570/4 4658/490/4 4659/1298/4
f 4762/570/4 4659/1298/4 4761/1299/4
f 4761/1299/4 4659/1298/4 4660/489/4
f 4782/554/4 4762/570/4 4763/1300/4
f 4760/568/4 4761/1299/4 4660/489/4
f 4781/1301/4 4782/554/4 4763/1300/4
f 4760/568/4 4660/489/4 4661/1302/4
f 4760/568/4 4661/1302/4 4662/491/4
f 4760/568/4 4662/491/4 4663/1303/4
f 4759/1304/4 4760/568/4 4663/1303/4
f 4781/1301/4 4763/1300/4 4764/571/4
f 4780/556/4 4781/1301/4 4764/571/4
f 4759/1304/4 4663/1303/4 4664/492/4
f 4758/567/4 4759/1304/4 4664/492/4
f 4780/556/4 4764/571/4 4765/1305/4
f 4758/567/4 4664/492/4 4665/1306/4
f 4779/1307/4 4780/556/4 4765/1305/4
f 4757/1308/4 4758/567/4 4665/1306/4
f 4779/1307/4 4765/1305/4 4766/569/4
f 4757/1308/4 4665/1306/4 4666/494/4
f 4756/565/4 4757/1308/4 4666/494/4
f 4779/1307/4 4766/569/4 4767/1309/4
f 4778/558/4 4779/1307/4 4767/1309/4
f 4756/565/4 4666/494/4 4667/1310/4
f 4755/1311/4 4756/565/4 4667/1310/4
f 4778/558/4 4767/1309/4 4768/52/4
f 4777/1312/4 4778/558/4 4768/52/4
f 4754/563/4 4755/1311/4 4667/1310/4
f 4777/1312/4 4768/52/4 4769/1313/4
f 4754/563/4 4667/1310/4 4668/496/4
f 4736/524/4 4737/1314/4 4738/526/4
f 4736/524/4 4738/526/4 4739/1315/4
f 4776/560/4 4777/1312/4 4769/1313/4
f 4776/560/4 4769/1313/4 4770/566/4
f 4753/1316/4 4754/563/4 4668/496/4
f 4736/524/4 4739/1315/4 4740/550/4
f 4753/1316/4 4668/496/4 4669/1317/4
f 4736/524/4 4740/550/4 4741/1318/4
f 4776/560/4 4770/566/4 4771/1319/4
f 4736/524/4 4741/1318/4 4742/551/4
f 4752/561/4 4753/1316/4 4669/1317/4
f 4775/1320/4 4776/560/4 4771/1319/4
f 4752/561/4 4669/1317/4 4670/498/4
f 4736/524/4 4742/551/4 4743/1321/4
f 4735/1322/4 4736/524/4 4743/1321/4
f 4775/1320/4 4771/1319/4 4772/564/4
f 4735/1322/4 4743/1321/4 4744/553/4
f 4734/527/4 4735/1322/4 4744/553/4
f 4751/1323/4 4752/561/4 4670/498/4
f 4774/562/4 4775/1320/4 4772/564/4
f 4734/527/4 4744/553/4 4745/1324/4
f 4733/1325/4 4734/527/4 4745/1324/4
f 4751/1323/4 4670/498/4 4671/1326/4
f 4774/562/4 4772/564/4 4773/1327/4
f 4733/1325/4 4745/1324/4 4746/555/4
f 4732/529/4 4733/1325/4 4746/555/4
f 4750/559/4 4751/1323/4 4671/1326/4
f 4731/1328/4 4732/529/4 4746/555/4
f 4731/1328/4 4746/555/4 4747/1329/4
f 4750/559/4 4671/1326/4 4672/500/4
f 4730/531/4 4731/1328/4 4747/1329/4
f 4730/531/4 4747/1329/4 4748/557/4
f 4749/1330/4 4750/559/4 4672/500/4
f 4729/1331/4 4730/531/4 4748/557/4
f 4729/1331/4 4748/557/4 4749/1330/4
f 4749/1330/4 4672/500/4 4673/1332/4
f 4728/532/4 4729/1331/4 4749/1330/4
f 4728/532/4 4749/1330/4 4673/1332/4
f 4727/1333/4 4728/532/4 4673/1332/4
f 4727/1333/4 4673/1332/4 4674/502/4
f 4726/534/4 4727/1333/4 4674/502/4
f 4725/1334/4 4726/534/4 4674/502/4
f 4725/1334/4 4674/502/4 4675/1335/4
f 4724/23/4 4725/1334/4 4675/1335/4
f 4724/23/4 4675/1335/4 4676/504/4
f 4724/23/4 4676/504/4 4677/1336/4
f 4723/1337/4 4724/23/4 4677/1336/4
f 4723/1337/4 4677/1336/4 4678/506/4
f 4723/1337/4 4678/506/4 4679/1338/4
f 4723/1337/4 4679/1338/4 4680/139/4
f 4722/538/4 4723/1337/4 4680/139/4
f 4722/538/4 4680/139/4 4681/1339/4
f 4722/538/4 4681/1339/4 4682/509/4
f 4722/538/4 4682/509/4 4699/1340/4
f 4699/1340/4 4682/509/4 4683/1341/4
f 4721/1342/4 4722/538/4 4699/1340/4
f 4721/1342/4 4699/1340/4 4700/525/4
f 4698/522/4 4699/1340/4 4683/1341/4
f 4698/522/4 4683/1341/4 4684/510/4
f 4697/1343/4 4698/522/4 4684/510/4
f 4697/1343/4 4684/510/4 4685/1344/4
f 4697/1343/4 4685/1344/4 4686/512/4
f 4696/521/4 4697/1343/4 4686/512/4
f 4696/521/4 4686/512/4 4695/1345/4
f 4695/1345/4 4686/512/4 4694/520/4
f 4694/520/4 4686/512/4 4693/1346/4
f 4693/1346/4 4686/512/4 4692/519/4
f 4692/519/4 4686/512/4 4691/1347/4
f 4691/1347/4 4686/512/4 4690/517/4
f 4690/517/4 4686/512/4 4689/1348/4
f 4689/1348/4 4686/512/4 4688/516/4
f 4688/516/4 4686/512/4 4687/1349/4
f 4720/539/4 4721/1342/4 4700/525/4
f 4720/539/4 4700/525/4 4701/1350/4
f 4719/1351/4 4720/539/4 4701/1350/4
f 4719/1351/4 4701/1350/4 4702/528/4
f 4718/540/4 4719/1351/4 4702/528/4
f 4718/540/4 4702/528/4 4703/1352/4
f 4717/1353/4 4718/540/4 4703/1352/4
f 4717/1353/4 4703/1352/4 4704/530/4
f 4716/541/4 4717/1353/4 4704/530/4
f 4716/541/4 4704/530/4 4705/1354/4
f 4715/1355/4 4716/541/4 4705/1354/4
f 4715/1355/4 4705/1354/4 4706/533/4
f 4714/542/4 4715/1355/4 4706/533/4
f 4714/542/4 4706/533/4 4707/1356/4
f 4713/1357/4 4714/542/4 4707/1356/4
f 4712/543/4 4713/1357/4 4707/1356/4
f 4712/543/4 4707/1356/4 4708/535/4
f 4711/1358/4 4712/543/4 4708/535/4
f 4711/1358/4 4708/535/4 4709/1359/4
f 4711/1358/4 4709/1359/4 4710/537/4
f 4946/1360/4 4947/1362/4 4948/1361/4
f 4945/1363/4 4946/1360/4 4948/1361/4
f 4910/1364/4 4911/401/4 4912/1365/4
f 4944/1366/4 4945/1363/4 4948/1361/4
f 4910/1364/4 4912/1365/4 4913/1367/4
f 4910/1364/4 4913/1367/4 4914/1368/4
f 4943/1369/4 4944/1366/4 4948/1361/4
f 4910/1364/4 4914/1368/4 4915/1370/4
f 4942/1371/4 4943/1369/4 4948/1361/4
f 4910/1364/4 4915/1370/4 4916/1372/4
f 4910/1364/4 4916/1372/4 4917/1373/4
f 4941/1374/4 4942/1371/4 4948/1361/4
f 4910/1364/4 4917/1373/4 4918/797/4
f 4940/1375/4 4941/1374/4 4948/1361/4
f 4910/1364/4 4918/797/4 4919/1376/4
f 4939/778/4 4940/1375/4 4948/1361/4
f 4910/1364/4 4919/1376/4 4920/1377/4
f 4938/1378/4 4939/778/4 4948/1361/4
f 4910/1364/4 4920/1377/4 4921/1379/4
f 4937/1380/4 4938/1378/4 4948/1361/4
f 4910/1364/4 4921/1379/4 4922/1381/4
f 4936/1382/4 4937/1380/4 4948/1361/4
f 4910/1364/4 4922/1381/4 4923/1383/4
f 4935/1384/4 4936/1382/4 4948/1361/4
f 4910/1364/4 4923/1383/4 4924/1385/4
f 4910/1364/4 4924/1385/4 4925/1386/4
f 4910/1364/4 4925/1386/4 4926/1387/4
f 4910/1364/4 4926/1387/4 4927/1388/4
f 4910/1364/4 4927/1388/4 4928/1389/4
f 4910/1364/4 4928/1389/4 4929/1390/4
f 4910/1364/4 4929/1390/4 4930/1391/4
f 4910/1364/4 4930/1391/4 4931/1392/4
f 4910/1364/4 4931/1392/4 4932/1393/4
f 4910/1364/4 4932/1393/4 4933/1394/4
f 4910/1364/4 4933/1394/4 4934/1395/4
f 4910/1364/4 4934/1395/4 4935/1384/4
f 4910/1364/4 4935/1384/4 4948/1361/4
f 4910/1364/17 4948/1361/17 4909/1396/17
f 4909/1396/4 4948/1361/4 4949/1397/4
f 4909/1396/4 4949/1397/4 4950/1398/4
f 4909/1396/17 4950/1398/17 4908/1399/17
f 4908/1399/4 4950/1398/4 4951/1400/4
f 4908/1399/4 4951/1400/4 4907/1401/4
f 4907/1401/4 4951/1400/4 4952/1402/4
f 4907/1401/4 4952/1402/4 4906/1403/4
f 4906/1403/4 4952/1402/4 4905/1404/4
f 4905/1404/4 4952/1402/4 4953/1405/4
f 4905/1404/4 4953/1405/4 4904/1406/4
f 4904/1406/4 4953/1405/4 4954/1407/4
f 4904/1406/4 4954/1407/4 4903/1408/4
f 4903/1408/4 4954/1407/4 4902/1409/4
f 4902/1409/4 4954/1407/4 4955/1410/4
f 4902/1409/4 4955/1410/4 4901/1411/4
f 4901/1411/4 4955/1410/4 4956/1412/4
f 4901/1411/4 4956/1412/4 4900/1413/4
f 4900/1413/4 4956/1412/4 4957/1414/4
f 4900/1413/4 4957/1414/4 4958/1415/4
f 4900/1413/4 4958/1415/4 4899/1416/4
f 4899/1416/4 4958/1415/4 4959/1417/4
f 4899/1416/4 4959/1417/4 4960/70/4
f 4899/1416/4 4960/70/4 4898/1418/4
f 4898/1418/4 4960/70/4 4896/1419/4
f 4896/1419/4 4960/70/4 4895/1420/4
f 4895/1420/4 4960/70/4 4894/1421/4
f 4894/1421/4 4960/70/4 4893/1422/4
f 4893/1422/4 4960/70/4 4892/1423/4
f 4892/1423/4 4960/70/4 4891/1424/4
f 4891/1424/4 4960/70/4 4890/1425/4
f 4890/1425/4 4960/70/4 4889/1426/4
f 4889/1426/4 4960/70/4 4888/1427/4
f 4888/1427/4 4960/70/4 4887/1428/4
f 4887/1428/4 4960/70/4 4886/1429/4
f 4886/1429/4 4960/70/4 4813/146/4
f 4897/729/1 4898/1418/1 4896/1419/1
f 4885/1430/4 4886/1429/4 4813/146/4
f 4885/1430/4 4813/146/4 4814/1431/4
f 4884/1432/4 4885/1430/4 4814/1431/4
f 4884/1432/4 4814/1431/4 4815/1433/4
f 4883/1434/4 4884/1432/4 4815/1433/4
f 4883/1434/4 4815/1433/4 4816/1435/4
f 4882/1436/4 4883/1434/4 4816/1435/4
f 4882/1436/4 4816/1435/4 4817/1437/4
f 4881/1438/4 4882/1436/4 4817/1437/4
f 4881/1438/4 4817/1437/4 4818/1439/4
f 4880/1440/4 4881/1438/4 4818/1439/4
f 4880/1440/4 4818/1439/4 4819/1441/4
f 4879/1442/4 4880/1440/4 4819/1441/4
f 4879/1442/4 4819/1441/4 4820/1443/4
f 4878/1444/4 4879/1442/4 4820/1443/4
f 4877/1445/4 4878/1444/4 4820/1443/4
f 4877/1445/4 4820/1443/4 4821/1446/4
f 4876/654/4 4877/1445/4 4821/1446/4
f 4876/654/4 4821/1446/4 4822/1447/4
f 4875/1448/4 4876/654/4 4822/1447/4
f 4875/1448/4 4822/1447/4 4823/1449/4
f 4874/1450/4 4875/1448/4 4823/1449/4
f 4874/1450/4 4823/1449/4 4824/1451/4
f 4873/1452/4 4874/1450/4 4824/1451/4
f 4873/1452/4 4824/1451/4 4825/1453/4
f 4872/1454/4 4873/1452/4 4825/1453/4
f 4872/1454/4 4825/1453/4 4826/1455/4
f 4871/1456/4 4872/1454/4 4826/1455/4
f 4871/1456/4 4826/1455/4 4849/1457/4
f 4849/1457/4 4826/1455/4 4827/1458/4
f 4871/1456/4 4849/1457/4 4850/1459/4
f 4848/1460/4 4849/1457/4 4827/1458/4
f 4848/1460/4 4827/1458/4 4828/1461/4
f 4870/1462/4 4871/1456/4 4850/1459/4
f 4847/1463/4 4848/1460/4 4828/1461/4
f 4870/1462/4 4850/1459/4 4851/1464/4
f 4847/1463/4 4828/1461/4 4829/1465/4
f 4869/1466/4 4870/1462/4 4851/1464/4
f 4846/1467/4 4847/1463/4 4829/1465/4
f 4869/1466/4 4851/1464/4 4852/1468/4
f 4846/1467/4 4829/1465/4 4830/1469/4
f 4868/1470/4 4869/1466/4 4852/1468/4
f 4845/1471/4 4846/1467/4 4830/1469/4
f 4868/1470/4 4852/1468/4 4853/1472/4
f 4845/1471/4 4830/1469/4 4831/1473/4
f 4867/1474/4 4868/1470/4 4853/1472/4
f 4844/1475/4 4845/1471/4 4831/1473/4
f 4867/1474/4 4853/1472/4 4854/1476/4
f 4844/1475/4 4831/1473/4 4832/1477/4
f 4866/1478/4 4867/1474/4 4854/1476/4
f 4843/1479/4 4844/1475/4 4832/1477/4
f 4866/1478/4 4854/1476/4 4855/665/4
f 4843/1479/4 4832/1477/4 4833/1480/4
f 4865/1481/4 4866/1478/4 4855/665/4
f 4842/1482/4 4843/1479/4 4833/1480/4
f 4865/1481/4 4855/665/4 4856/1483/4
f 4864/1484/4 4865/1481/4 4856/1483/4
f 4842/1482/4 4833/1480/4 4834/703/4
f 4841/1485/4 4842/1482/4 4834/703/4
f 4864/1484/4 4856/1483/4 4857/1486/4
f 4863/1487/4 4864/1484/4 4857/1486/4
f 4841/1485/4 4834/703/4 4835/1488/4
f 4840/1489/4 4841/1485/4 4835/1488/4
f 4862/422/4 4863/1487/4 4857/1486/4
f 4862/422/4 4857/1486/4 4858/1490/4
f 4840/1489/4 4835/1488/4 4836/1491/4
f 4861/1492/4 4862/422/4 4858/1490/4
f 4839/1493/4 4840/1489/4 4836/1491/4
f 4861/1492/4 4858/1490/4 4859/1494/4
f 4839/1493/4 4836/1491/4 4838/1495/4
f 4838/1495/4 4836/1491/4 4837/1496/4
f 4861/1492/4 4859/1494/4 4860/1497/4
f 4983/1498/4 4984/1500/4 4985/1499/4
f 4982/1501/4 4983/1498/4 4985/1499/4
f 4981/1502/4 4982/1501/4 4985/1499/4
f 4980/1503/4 4981/1502/4 4985/1499/4
f 4980/1503/4 4985/1499/4 4986/1504/4
f 4979/1505/4 4980/1503/4 4986/1504/4
f 4979/1505/4 4986/1504/4 4987/1506/4
f 4979/1505/4 4987/1506/4 4988/1507/4
f 4978/490/4 4979/1505/4 4988/1507/4
f 4978/490/4 4988/1507/4 4989/1508/4
f 4977/1509/4 4978/490/4 4989/1508/4
f 4977/1509/4 4989/1508/4 4990/1510/4
f 4976/1511/4 4977/1509/4 4990/1510/4
f 4976/1511/4 4990/1510/4 4991/1512/4
f 4975/1513/4 4976/1511/4 4991/1512/4
f 4975/1513/4 4991/1512/4 4992/1514/4
f 4974/1515/4 4975/1513/4 4992/1514/4
f 4974/1515/4 4992/1514/4 4993/1516/4
f 4973/1517/4 4974/1515/4 4993/1516/4
f 4973/1517/4 4993/1516/4 4994/1518/4
f 4973/1517/4 4994/1518/4 4995/139/4
f 4972/1519/4 4973/1517/4 4995/139/4
f 4972/1519/4 4995/139/4 4996/1520/4
f 4971/1521/4 4972/1519/4 4996/1520/4
f 4971/1521/4 4996/1520/4 4997/1522/4
f 4971/1521/4 4997/1522/4 4998/1523/4
f 4970/1524/4 4971/1521/4 4998/1523/4
f 4970/1524/4 4998/1523/4 4999/1525/4
f 4969/1526/4 4970/1524/4 4999/1525/4
f 4969/1526/4 4999/1525/4 5000/1527/4
f 4968/1528/4 4969/1526/4 5000/1527/4
f 4968/1528/4 5000/1527/4 5001/1529/4
f 4967/1530/4 4968/1528/4 5001/1529/4
f 4967/1530/4 5001/1529/4 5002/1531/4
f 4966/1532/4 4967/1530/4 5002/1531/4
f 4966/1532/4 5002/1531/4 5003/1533/4
f 5033/1534/4 5034/1536/4 5035/1535/4
f 4965/1537/4 4966/1532/4 5003/1533/4
f 4965/1537/4 5003/1533/4 5004/1538/4
f 5033/1534/4 5035/1535/4 5036/1539/4
f 5032/1540/4 5033/1534/4 5036/1539/4
f 5031/1541/4 5032/1540/4 5036/1539/4
f 5031/1541/4 5036/1539/4 5037/1542/4
f 4964/1543/4 4965/1537/4 5004/1538/4
f 5030/1544/4 5031/1541/4 5037/1542/4
f 4964/1543/4 5004/1538/4 5005/1545/4
f 5029/23/4 5030/1544/4 5037/1542/4
f 5028/1546/4 5029/23/4 5037/1542/4
f 5028/1546/4 5037/1542/4 5038/1547/4
f 5027/1548/4 5028/1546/4 5038/1547/4
f 4963/1549/4 4964/1543/4 5005/1545/4
f 4963/1549/4 5005/1545/4 5006/1550/4
f 5026/1551/4 5027/1548/4 5038/1547/4
f 5026/1551/4 5038/1547/4 5039/1552/4
f 5025/1553/4 5026/1551/4 5039/1552/4
f 5024/1554/4 5025/1553/4 5039/1552/4
f 4963/1549/4 5006/1550/4 5007/1555/4
f 5024/1554/4 5039/1552/4 5040/1556/4
f 4962/1557/4 4963/1549/4 5007/1555/4
f 5023/1558/4 5024/1554/4 5040/1556/4
f 5022/1559/4 5023/1558/4 5040/1556/4
f 5022/1559/4 5040/1556/4 5041/1560/4
f 4962/1557/4 5007/1555/4 5008/1561/4
f 4961/146/4 4962/1557/4 5008/1561/4
f 5021/1562/4 5022/1559/4 5041/1560/4
f 5020/1563/4 5021/1562/4 5041/1560/4
f 5020/1563/4 5041/1560/4 5042/1564/4
f 5019/1565/4 5020/1563/4 5042/1564/4
f 5018/1566/4 5019/1565/4 5042/1564/4
f 5017/1567/4 5018/1566/4 5042/1564/4
f 4961/146/4 5008/1561/4 5009/1568/4
f 5016/1569/4 5017/1567/4 5042/1564/4
f 5097/70/4 4961/146/4 5009/1568/4
f 5015/1570/4 5016/1569/4 5042/1564/4
f 5014/1571/4 5015/1570/4 5042/1564/4
f 5013/1572/4 5014/1571/4 5042/1564/4
f 5012/528/4 5013/1572/4 5042/1564/4
f 5011/1573/4 5012/528/4 5042/1564/4
f 5011/1573/4 5042/1564/4 5043/1574/4
f 5010/1575/4 5011/1573/4 5043/1574/4
f 5009/1568/4 5010/1575/4 5043/1574/4
f 5097/70/4 5009/1568/4 5043/1574/4
f 5096/1576/4 5097/70/4 5043/1574/4
f 5095/1577/4 5096/1576/4 5043/1574/4
f 5094/1578/4 5095/1577/4 5043/1574/4
f 5093/1579/4 5094/1578/4 5043/1574/4
f 5092/1580/4 5093/1579/4 5043/1574/4
f 5091/1581/4 5092/1580/4 5043/1574/4
f 5083/1582/4 5084/1584/4 5085/1583/4
f 5090/1585/4 5091/1581/4 5043/1574/4
f 5083/1582/4 5085/1583/4 5086/1586/4
f 5089/1587/4 5090/1585/4 5043/1574/4
f 5083/1582/4 5086/1586/4 5087/1588/4
f 5088/1589/4 5089/1587/4 5043/1574/4
f 5083/1582/4 5087/1588/4 5088/1589/4
f 5083/1582/4 5088/1589/4 5078/1590/4
f 5078/1590/4 5088/1589/4 5077/1591/4
f 5077/1591/4 5088/1589/4 5076/1592/4
f 5076/1592/4 5088/1589/4 5075/1593/4
f 5075/1593/4 5088/1589/4 5074/1594/4
f 5074/1594/4 5088/1589/4 5073/1595/4
f 5073/1595/4 5088/1589/4 5059/1596/4
f 5059/1596/4 5088/1589/4 5043/1574/4
f 5073/1595/4 5059/1596/4 5060/1597/4
f 5058/1598/4 5059/1596/4 5043/1574/4
f 5058/1598/4 5043/1574/4 5044/1599/4
f 5073/1595/4 5060/1597/4 5061/1600/4
f 5073/1595/4 5061/1600/4 5062/1601/4
f 5057/1602/4 5058/1598/4 5044/1599/4
f 5073/1595/4 5062/1601/4 5063/52/4
f 5073/1595/4 5063/52/4 5064/1603/4
f 5056/1604/4 5057/1602/4 5044/1599/4
f 5073/1595/4 5064/1603/4 5072/1605/4
f 5072/1605/4 5064/1603/4 5065/1606/4
f 5056/1604/4 5044/1599/4 5045/1607/4
f 5055/1608/4 5056/1604/4 5045/1607/4
f 5072/1605/4 5065/1606/4 5066/1609/4
f 5072/1605/4 5066/1609/4 5067/1610/4
f 5054/1611/4 5055/1608/4 5045/1607/4
f 5072/1605/4 5067/1610/4 5068/1612/4
f 5072/1605/4 5068/1612/4 5069/1613/4
f 5053/1614/4 5054/1611/4 5045/1607/4
f 5072/1605/4 5069/1613/4 5070/1615/4
f 5053/1614/4 5045/1607/4 5046/555/4
f 5072/1605/11 5070/1615/11 5071/1616/11
f 5052/1617/4 5053/1614/4 5046/555/4
f 5083/1582/11 5078/1590/11 5079/1618/11
f 5083/1582/4 5079/1618/4 5080/547/4
f 5083/1582/11 5080/547/11 5081/1619/11
f 5083/1582/11 5081/1619/11 5082/1620/11
f 5051/1621/4 5052/1617/4 5046/555/4
f 5050/1622/4 5051/1621/4 5046/555/4
f 5050/1622/4 5046/555/4 5049/1623/4
f 5049/1623/4 5046/555/4 5048/1624/4
f 5048/1624/4 5046/555/4 5047/1625/4
f 5158/572/4 5159/574/4 5160/573/4
f 5120/575/4 5121/577/4 5122/576/4
f 5158/572/4 5160/573/4 5161/579/4
f 5119/578/4 5120/575/4 5122/576/4
f 5158/572/4 5161/579/4 5162/581/4
f 5118/580/4 5119/578/4 5122/576/4
f 5158/572/4 5162/581/4 5163/583/4
f 5117/582/4 5118/580/4 5122/576/4
f 5158/572/4 5163/583/4 5164/585/4
f 5116/584/4 5117/582/4 5122/576/4
f 5158/572/4 5164/585/4 5165/587/4
f 5115/586/4 5116/584/4 5122/576/4
f 5158/572/4 5165/587/4 5166/589/4
f 5114/588/4 5115/586/4 5122/576/4
f 5158/572/4 5166/589/4 5167/591/4
f 5113/590/4 5114/588/4 5122/576/4
f 5158/572/4 5167/591/4 5168/593/4
f 5112/592/4 5113/590/4 5122/576/4
f 5158/572/4 5168/593/4 5169/595/4
f 5111/594/4 5112/592/4 5122/576/4
f 5158/572/4 5169/595/4 5170/597/4
f 5110/596/4 5111/594/4 5122/576/4
f 5158/572/4 5170/597/4 5171/70/4
f 5109/598/4 5110/596/4 5122/576/4
f 5158/572/4 5171/70/4 5098/146/4
f 5158/572/4 5098/146/4 5099/599/4
f 5158/572/4 5099/599/4 5100/600/4
f 5158/572/4 5100/600/4 5101/601/4
f 5158/572/4 5101/601/4 5102/602/4
f 5158/572/4 5102/602/4 5103/603/4
f 5158/572/4 5103/603/4 5104/604/4
f 5158/572/4 5104/604/4 5105/605/4
f 5158/572/4 5105/605/4 5106/606/4
f 5158/572/4 5106/606/4 5107/607/4
f 5158/572/4 5107/607/4 5108/608/4
f 5158/572/4 5108/608/4 5109/598/4
f 5158/572/4 5109/598/4 5157/609/4
f 5157/609/4 5109/598/4 5156/610/4
f 5156/610/4 5109/598/4 5155/611/4
f 5155/611/4 5109/598/4 5154/612/4
f 5154/612/4 5109/598/4 5153/613/4
f 5153/613/4 5109/598/4 5152/614/4
f 5152/614/4 5109/598/4 5151/615/4
f 5151/615/4 5109/598/4 5150/616/4
f 5150/616/4 5109/598/4 5149/617/4
f 5149/617/4 5109/598/4 5148/618/4
f 5148/618/4 5109/598/4 5147/619/4
f 5147/619/4 5109/598/4 5146/620/4
f 5146/620/4 5109/598/4 5145/621/4
f 5145/621/4 5109/598/4 5144/622/4
f 5144/622/4 5109/598/4 5143/623/4
f 5143/623/4 5109/598/4 5140/624/4
f 5140/624/4 5109/598/4 5138/625/4
f 5138/625/4 5109/598/4 5135/626/4
f 5135/626/4 5109/598/4 5134/627/4
f 5134/627/4 5109/598/4 5133/628/4
f 5133/628/4 5109/598/4 5132/629/4
f 5132/629/4 5109/598/4 5131/630/4
f 5131/630/4 5109/598/4 5130/631/4
f 5130/631/4 5109/598/4 5129/632/4
f 5129/632/4 5109/598/4 5128/633/4
f 5128/633/4 5109/598/4 5127/634/4
f 5127/634/4 5109/598/4 5122/576/4
f 5142/635/1 5143/623/1 5140/624/1
f 5141/636/1 5142/635/1 5140/624/1
f 5139/637/4 5140/624/4 5138/625/4
f 5137/638/1 5138/625/1 5135/626/1
f 5136/639/4 5137/638/4 5135/626/4
f 5126/640/4 5127/634/4 5122/576/4
f 5125/641/4 5126/640/4 5122/576/4
f 5124/642/4 5125/641/4 5122/576/4
f 5123/643/4 5124/642/4 5122/576/4
f 5210/1626/4 5211/1627/4 5212/462/4
f 5210/1626/4 5212/462/4 5213/1628/4
f 5210/1626/4 5213/1628/4 5214/1629/4
f 5209/1630/4 5210/1626/4 5214/1629/4
f 5209/1630/4 5214/1629/4 5215/1631/4
f 5208/1632/4 5209/1630/4 5215/1631/4
f 5184/1633/4 5185/1635/4 5186/1634/4
f 5207/1636/4 5208/1632/4 5215/1631/4
f 5207/1636/4 5215/1631/4 5216/1637/4
f 5184/1633/4 5186/1634/4 5187/1638/4
f 5206/1639/4 5207/1636/4 5216/1637/4
f 5206/1639/4 5216/1637/4 5217/1640/4
f 5348/1641/4 5349/1643/4 5350/1642/4
f 5184/1633/4 5187/1638/4 5188/1644/4
f 5183/1645/4 5184/1633/4 5188/1644/4
f 5347/1646/4 5348/1641/4 5350/1642/4
f 5205/1647/4 5206/1639/4 5217/1640/4
f 5205/1647/4 5217/1640/4 5218/1648/4
f 5183/1645/4 5188/1644/4 5189/1649/4
f 5346/1650/4 5347/1646/4 5350/1642/4
f 5182/459/4 5183/1645/4 5189/1649/4
f 5346/1650/4 5350/1642/4 5351/1651/4
f 5204/1652/4 5205/1647/4 5218/1648/4
f 5345/1653/4 5346/1650/4 5351/1651/4
f 5204/1652/4 5218/1648/4 5219/1654/4
f 5182/459/4 5189/1649/4 5190/1655/4
f 5345/1653/4 5351/1651/4 5352/325/4
f 5181/1656/4 5182/459/4 5190/1655/4
f 5344/1657/4 5345/1653/4 5352/325/4
f 5344/1657/4 5352/325/4 5353/1658/4
f 5203/1659/4 5204/1652/4 5219/1654/4
f 5343/1660/4 5344/1657/4 5353/1658/4
f 5203/1659/4 5219/1654/4 5220/1661/4
f 5181/1656/4 5190/1655/4 5191/1662/4
f 5343/1660/4 5353/1658/4 5354/1663/4
f 5180/1664/4 5181/1656/4 5191/1662/4
f 5342/328/4 5343/1660/4 5354/1663/4
f 5342/328/4 5354/1663/4 5355/1665/4
f 5202/481/4 5203/1659/4 5220/1661/4
f 5202/481/4 5220/1661/4 5221/1666/4
f 5341/1667/4 5342/328/4 5355/1665/4
f 5179/1668/4 5180/1664/4 5191/1662/4
f 5179/1668/4 5191/1662/4 5192/476/4
f 5341/1667/4 5355/1665/4 5356/1669/4
f 5340/1670/4 5341/1667/4 5356/1669/4
f 5340/1670/4 5356/1669/4 5357/1671/4
f 5201/1672/4 5202/481/4 5221/1666/4
f 5201/1672/4 5221/1666/4 5222/444/4
f 5339/1673/4 5340/1670/4 5357/1671/4
f 5178/1674/4 5179/1668/4 5192/476/4
f 5339/1673/4 5357/1671/4 5358/1675/4
f 5178/1674/4 5192/476/4 5193/1676/4
f 5338/1677/4 5339/1673/4 5358/1675/4
f 5338/1677/4 5358/1675/4 5359/1678/4
f 5200/1679/4 5201/1672/4 5222/444/4
f 5200/1679/4 5222/444/4 5223/1680/4
f 5338/1677/4 5359/1678/4 5360/1681/4
f 5177/1682/4 5178/1674/4 5193/1676/4
f 5337/1683/4 5338/1677/4 5360/1681/4
f 5177/1682/4 5193/1676/4 5194/1684/4
f 5200/1679/4 5223/1680/4 5199/1685/4
f 5199/1685/4 5223/1680/4 5198/1686/4
f 5337/1683/4 5360/1681/4 5361/1687/4
f 5336/1688/4 5337/1683/4 5361/1687/4
f 5336/1688/4 5361/1687/4 5362/70/4
f 5176/1689/4 5177/1682/4 5194/1684/4
f 5176/1689/4 5194/1684/4 5195/1690/4
f 5336/1688/4 5362/70/4 5224/1691/4
f 5335/1692/4 5336/1688/4 5224/1691/4
f 5335/1692/4 5224/1691/4 5225/1693/4
f 5176/1689/4 5195/1690/4 5196/1694/4
f 5175/1695/4 5176/1689/4 5196/1694/4
f 5334/1696/4 5335/1692/4 5225/1693/4
f 5334/1696/4 5225/1693/4 5226/1697/4
f 5175/1695/4 5196/1694/4 5197/1698/4
f 5174/1699/4 5175/1695/4 5197/1698/4
f 5333/1700/4 5334/1696/4 5226/1697/4
f 5333/1700/4 5226/1697/4 5227/1701/4
f 5174/1699/4 5197/1698/4 5173/1702/4
f 5173/1702/4 5197/1698/4 5172/146/4
f 5333/1700/4 5227/1701/4 5228/1703/4
f 5332/345/4 5333/1700/4 5228/1703/4
f 5332/345/4 5228/1703/4 5229/1704/4
f 5331/1705/4 5332/345/4 5229/1704/4
f 5331/1705/4 5229/1704/4 5230/1706/4
f 5331/1705/4 5230/1706/4 5231/1707/4
f 5330/1708/4 5331/1705/4 5231/1707/4
f 5330/1708/4 5231/1707/4 5232/428/4
f 5329/1709/4 5330/1708/4 5232/428/4
f 5329/1709/4 5232/428/4 5233/1710/4
f 5328/1711/4 5329/1709/4 5233/1710/4
f 5328/1711/4 5233/1710/4 5234/1712/4
f 5328/1711/4 5234/1712/4 5235/1713/4
f 5327/1714/4 5328/1711/4 5235/1713/4
f 5247/1715/4 5248/1717/4 5249/1716/4
f 5246/1718/4 5247/1715/4 5249/1716/4
f 5245/1719/4 5246/1718/4 5249/1716/4
f 5244/1720/4 5245/1719/4 5249/1716/4
f 5243/1721/4 5244/1720/4 5249/1716/4
f 5242/419/4 5243/1721/4 5249/1716/4
f 5241/1722/4 5242/419/4 5249/1716/4
f 5240/1723/4 5241/1722/4 5249/1716/4
f 5239/1724/4 5240/1723/4 5249/1716/4
f 5238/1725/4 5239/1724/4 5249/1716/4
f 5237/1726/4 5238/1725/4 5249/1716/4
f 5236/1727/4 5237/1726/4 5249/1716/4
f 5327/1714/4 5235/1713/4 5236/1727/4
f 5327/1714/4 5236/1727/4 5249/1716/4
f 5326/1728/4 5327/1714/4 5249/1716/4
f 5325/1729/4 5326/1728/4 5249/1716/4
f 5324/1730/4 5325/1729/4 5251/1731/4
f 5251/1731/4 5325/1729/4 5250/1732/4
f 5250/1732/4 5325/1729/4 5249/1716/4
f 5323/1733/4 5324/1730/4 5256/1734/4
f 5256/1734/4 5324/1730/4 5255/1735/4
f 5255/1735/4 5324/1730/4 5254/1736/4
f 5254/1736/4 5324/1730/4 5253/1737/4
f 5253/1737/4 5324/1730/4 5252/437/4
f 5252/437/4 5324/1730/4 5251/1731/4
f 5322/363/4 5323/1733/4 5300/1738/4
f 5300/1738/4 5323/1733/4 5299/1739/4
f 5299/1739/4 5323/1733/4 5262/358/4
f 5262/358/4 5323/1733/4 5261/1740/4
f 5261/1740/4 5323/1733/4 5260/1741/4
f 5260/1741/4 5323/1733/4 5259/1742/4
f 5259/1742/4 5323/1733/4 5258/1743/4
f 5258/1743/4 5323/1733/4 5257/1744/4
f 5257/1744/1 5323/1733/1 5256/1734/1
f 5322/363/4 5300/1738/4 5301/1745/4
f 5298/1746/4 5299/1739/4 5262/358/4
f 5298/1746/4 5262/358/4 5263/1747/4
f 5321/1748/4 5322/363/4 5301/1745/4
f 5321/1748/4 5301/1745/4 5302/396/4
f 5320/1749/4 5321/1748/4 5302/396/4
f 5320/1749/4 5302/396/4 5303/1750/4
f 5319/1751/4 5320/1749/4 5303/1750/4
f 5319/1751/4 5303/1750/4 5304/1752/4
f 5297/1753/4 5298/1746/4 5263/1747/4
f 5318/1754/4 5319/1751/4 5304/1752/4
f 5297/1753/4 5263/1747/4 5264/1755/4
f 5318/1754/4 5304/1752/4 5305/1756/4
f 5317/1757/4 5318/1754/4 5305/1756/4
f 5317/1757/4 5305/1756/4 5306/1758/4
f 5316/1759/4 5317/1757/4 5306/1758/4
f 5296/1760/4 5297/1753/4 5264/1755/4
f 5316/1759/4 5306/1758/4 5307/1761/4
f 5315/1762/4 5316/1759/4 5307/1761/4
f 5296/1760/4 5264/1755/4 5265/1763/4
f 5315/1762/4 5307/1761/4 5308/1764/4
f 5314/1765/4 5315/1762/4 5308/1764/4
f 5313/1766/4 5314/1765/4 5308/1764/4
f 5313/1766/4 5308/1764/4 5309/1767/4
f 5312/380/4 5313/1766/4 5309/1767/4
f 5295/1768/4 5296/1760/4 5265/1763/4
f 5312/380/4 5309/1767/4 5310/1769/4
f 5312/380/4 5310/1769/4 5311/1770/4
f 5295/1768/4 5265/1763/4 5266/1771/4
f 5294/1772/4 5295/1768/4 5266/1771/4
f 5294/1772/4 5266/1771/4 5267/23/4
f 5293/1773/4 5294/1772/4 5267/23/4
f 5292/414/4 5293/1773/4 5267/23/4
f 5292/414/4 5267/23/4 5268/1774/4
f 5291/1775/4 5292/414/4 5268/1774/4
f 5291/1775/4 5268/1774/4 5269/1776/4
f 5290/1777/4 5291/1775/4 5269/1776/4
f 5290/1777/4 5269/1776/4 5270/1778/4
f 5289/1779/4 5290/1777/4 5270/1778/4
f 5288/1780/4 5289/1779/4 5270/1778/4
f 5288/1780/4 5270/1778/4 5271/1781/4
f 5287/1782/4 5288/1780/4 5271/1781/4
f 5286/1783/4 5287/1782/4 5271/1781/4
f 5285/1784/4 5286/1783/4 5271/1781/4
f 5284/1785/4 5285/1784/4 5271/1781/4
f 5284/1785/4 5271/1781/4 5272/377/4
f 5283/1786/4 5284/1785/4 5272/377/4
f 5282/398/4 5283/1786/4 5272/377/4
f 5281/1787/4 5282/398/4 5272/377/4
f 5280/1788/4 5281/1787/4 5272/377/4
f 5279/1789/4 5280/1788/4 5272/377/4
f 5278/1790/4 5279/1789/4 5272/377/4
f 5277/1791/4 5278/1790/4 5272/377/4
f 5276/1792/4 5277/1791/4 5272/377/4
f 5275/1793/4 5276/1792/4 5272/377/4
f 5275/1793/4 5272/377/4 5273/1794/4
f 5274/1795/4 5275/1793/4 5273/1794/4
f 5385/944/4 5386/946/4 5387/945/4
f 5384/947/4 5385/944/4 5387/945/4
f 5383/948/4 5384/947/4 5387/945/4
f 5382/949/4 5383/948/4 5387/945/4
f 5381/478/4 5382/949/4 5387/945/4
f 5380/950/4 5381/478/4 5387/945/4
f 5379/951/4 5380/950/4 5387/945/4
f 5378/952/4 5379/951/4 5387/945/4
f 5377/953/4 5378/952/4 5387/945/4
f 5376/954/4 5377/953/4 5387/945/4
f 5375/955/4 5376/954/4 5387/945/4
f 5374/956/4 5375/955/4 5387/945/4
f 5373/957/4 5374/956/4 5387/945/4
f 5372/958/4 5373/957/4 5387/945/4
f 5371/959/4 5372/958/4 5387/945/4
f 5370/960/4 5371/959/4 5387/945/4
f 5369/961/4 5370/960/4 5387/945/4
f 5368/962/4 5369/961/4 5387/945/4
f 5367/963/4 5368/962/4 5387/945/4
f 5366/964/4 5367/963/4 5387/945/4
f 5365/965/4 5366/964/4 5387/945/4
f 5364/966/4 5365/965/4 5387/945/4
f 5363/146/4 5364/966/4 5387/945/4
f 5473/967/4 5363/146/4 5387/945/4
f 5472/968/4 5473/967/4 5387/945/4
f 5471/401/4 5472/968/4 5387/945/4
f 5470/969/4 5471/401/4 5387/945/4
f 5469/970/4 5470/969/4 5387/945/4
f 5468/971/4 5469/970/4 5387/945/4
f 5467/972/4 5468/971/4 5387/945/4
f 5466/973/4 5467/972/4 5387/945/4
f 5465/974/4 5466/973/4 5387/945/4
f 5464/975/4 5465/974/4 5387/945/4
f 5463/976/4 5464/975/4 5387/945/4
f 5462/977/4 5463/976/4 5387/945/4
f 5461/978/4 5462/977/4 5387/945/4
f 5460/979/4 5461/978/4 5459/980/4
f 5459/980/4 5461/978/4 5458/981/4
f 5458/981/4 5461/978/4 5457/982/4
f 5457/982/4 5461/978/4 5456/983/4
f 5456/983/4 5461/978/4 5455/984/4
f 5455/984/4 5461/978/4 5454/985/4
f 5454/985/4 5461/978/4 5453/388/4
f 5453/388/4 5461/978/4 5452/986/4
f 5452/986/4 5461/978/4 5448/987/4
f 5448/987/4 5461/978/4 5392/988/4
f 5392/988/4 5461/978/4 5391/989/4
f 5391/989/4 5461/978/4 5390/990/4
f 5390/990/4 5461/978/4 5389/991/4
f 5389/991/4 5461/978/4 5388/992/4
f 5388/992/4 5461/978/4 5387/945/4
f 5448/987/4 5392/988/4 5393/993/4
f 5448/987/4 5393/993/4 5394/994/4
f 5448/987/4 5394/994/4 5395/995/4
f 5448/987/4 5395/995/4 5396/996/4
f 5448/987/4 5396/996/4 5397/997/4
f 5448/987/4 5397/997/4 5398/998/4
f 5452/986/14 5448/987/14 5451/999/14
f 5451/999/4 5448/987/4 5449/1000/4
f 5447/1001/4 5448/987/4 5398/998/4
f 5447/1001/4 5398/998/4 5399/458/4
f 5451/999/15 5449/1000/15 5450/1002/15
f 5447/1001/4 5399/458/4 5400/1003/4
f 5446/1004/4 5447/1001/4 5400/1003/4
f 5446/1004/4 5400/1003/4 5401/1005/4
f 5445/1006/4 5446/1004/4 5401/1005/4
f 5445/1006/4 5401/1005/4 5402/1007/4
f 5444/23/4 5445/1006/4 5402/1007/4
f 5444/23/4 5402/1007/4 5403/1008/4
f 5512/1009/4 5513/1011/4 5514/1010/4
f 5443/1012/4 5444/23/4 5403/1008/4
f 5512/1009/4 5514/1010/4 5515/1013/4
f 5443/1012/4 5403/1008/4 5404/1014/4
f 5512/1009/4 5515/1013/4 5516/1015/4
f 5511/1016/4 5512/1009/4 5516/1015/4
f 5511/1016/4 5516/1015/4 5517/1017/4
f 5510/1018/4 5511/1016/4 5517/1017/4
f 5442/1019/4 5443/1012/4 5404/1014/4
f 5442/1019/4 5404/1014/4 5405/1020/4
f 5510/1018/4 5517/1017/4 5518/1021/4
f 5486/1022/4 5487/1024/4 5488/1023/4
f 5509/1025/4 5510/1018/4 5518/1021/4
f 5486/1022/4 5488/1023/4 5489/367/4
f 5509/1025/4 5518/1021/4 5519/1026/4
f 5508/1027/4 5509/1025/4 5519/1026/4
f 5486/1022/4 5489/367/4 5490/1028/4
f 5441/1029/4 5442/1019/4 5405/1020/4
f 5485/1030/4 5486/1022/4 5490/1028/4
f 5508/1027/4 5519/1026/4 5520/1031/4
f 5441/1029/4 5405/1020/4 5406/1032/4
f 5507/330/4 5508/1027/4 5520/1031/4
f 5485/1030/4 5490/1028/4 5491/1033/4
f 5484/1034/4 5485/1030/4 5491/1033/4
f 5507/330/4 5520/1031/4 5521/1035/4
f 5506/1036/4 5507/330/4 5521/1035/4
f 5484/1034/4 5491/1033/4 5492/1037/4
f 5483/1038/4 5484/1034/4 5492/1037/4
f 5506/1036/4 5521/1035/4 5522/1039/4
f 5505/1040/4 5506/1036/4 5522/1039/4
f 5440/1041/4 5441/1029/4 5406/1032/4
f 5483/1038/4 5492/1037/4 5493/1042/4
f 5440/1041/4 5406/1032/4 5407/1043/4
f 5482/1044/4 5483/1038/4 5493/1042/4
f 5504/1045/4 5505/1040/4 5522/1039/4
f 5504/1045/4 5522/1039/4 5523/1046/4
f 5482/1044/4 5493/1042/4 5494/1047/4
f 5481/1048/4 5482/1044/4 5494/1047/4
f 5503/1049/4 5504/1045/4 5523/1046/4
f 5503/1049/4 5523/1046/4 5524/1050/4
f 5480/1051/4 5481/1048/4 5494/1047/4
f 5480/1051/4 5494/1047/4 5495/1052/4
f 5439/1053/4 5440/1041/4 5407/1043/4
f 5502/1054/4 5503/1049/4 5524/1050/4
f 5502/1054/4 5524/1050/4 5525/70/4
f 5439/1053/4 5407/1043/4 5408/1055/4
f 5479/1056/4 5480/1051/4 5495/1052/4
f 5479/1056/4 5495/1052/4 5496/1057/4
f 5502/1054/4 5525/70/4 5501/1058/4
f 5501/1058/4 5525/70/4 5500/1059/4
f 5478/1060/4 5479/1056/4 5496/1057/4
f 5478/1060/4 5496/1057/4 5497/1061/4
f 5477/1062/4 5478/1060/4 5497/1061/4
f 5477/1062/4 5497/1061/4 5498/1063/4
f 5438/1064/4 5439/1053/4 5408/1055/4
f 5438/1064/4 5408/1055/4 5409/1065/4
f 5476/1066/4 5477/1062/4 5498/1063/4
f 5476/1066/4 5498/1063/4 5499/1067/4
f 5475/1068/4 5476/1066/4 5499/1067/4
f 5475/1068/4 5499/1067/4 5474/1069/4
f 5438/1064/4 5409/1065/4 5410/1070/4
f 5437/1071/4 5438/1064/4 5410/1070/4
f 5437/1071/4 5410/1070/4 5411/1072/4
f 5436/1073/4 5437/1071/4 5411/1072/4
f 5436/1073/4 5411/1072/4 5412/1074/4
f 5435/348/4 5436/1073/4 5412/1074/4
f 5435/348/4 5412/1074/4 5413/1075/4
f 5434/1076/4 5435/348/4 5413/1075/4
f 5434/1076/4 5413/1075/4 5414/1077/4
f 5433/1078/4 5434/1076/4 5414/1077/4
f 5433/1078/4 5414/1077/4 5415/1079/4
f 5433/1078/4 5415/1079/4 5416/1080/4
f 5432/1081/4 5433/1078/4 5416/1080/4
f 5432/1081/4 5416/1080/4 5417/422/4
f 5431/1082/4 5432/1081/4 5417/422/4
f 5431/1082/4 5417/422/4 5418/1083/4
f 5431/1082/4 5418/1083/4 5419/1084/4
f 5430/1085/4 5431/1082/4 5419/1084/4
f 5430/1085/4 5419/1084/4 5420/1086/4
f 5430/1085/4 5420/1086/4 5421/1087/4
f 5430/1085/4 5421/1087/4 5422/1088/4
f 5430/1085/4 5422/1088/4 5423/1089/4
f 5429/1090/4 5430/1085/4 5423/1089/4
f 5429/1090/4 5423/1089/4 5424/1091/4
f 5428/1092/4 5429/1090/4 5424/1091/4
f 5427/1093/4 5428/1092/4 5424/1091/4
f 5426/1094/4 5427/1093/4 5424/1091/4
f 5425/1095/4 5426/1094/4 5424/1091/4
f 5586/572/4 5587/574/4 5588/573/4
f 5548/575/4 5549/577/4 5550/576/4
f 5586/572/4 5588/573/4 5589/579/4
f 5547/578/4 5548/575/4 5550/576/4
f 5586/572/4 5589/579/4 5590/581/4
f 5546/580/4 5547/578/4 5550/576/4
f 5586/572/4 5590/581/4 5591/583/4
f 5545/582/4 5546/580/4 5550/576/4
f 5586/572/4 5591/583/4 5592/585/4
f 5544/584/4 5545/582/4 5550/576/4
f 5586/572/4 5592/585/4 5593/587/4
f 5543/586/4 5544/584/4 5550/576/4
f 5586/572/4 5593/587/4 5594/589/4
f 5542/588/4 5543/586/4 5550/576/4
f 5586/572/4 5594/589/4 5595/591/4
f 5541/590/4 5542/588/4 5550/576/4
f 5586/572/4 5595/591/4 5596/593/4
f 5540/592/4 5541/590/4 5550/576/4
f 5586/572/4 5596/593/4 5597/595/4
f 5539/594/4 5540/592/4 5550/576/4
f 5586/572/4 5597/595/4 5598/597/4
f 5538/596/4 5539/594/4 5550/576/4
f 5586/572/4 5598/597/4 5599/70/4
f 5537/598/4 5538/596/4 5550/576/4
f 5586/572/4 5599/70/4 5526/146/4
f 5586/572/4 5526/146/4 5527/599/4
f 5586/572/4 5527/599/4 5528/600/4
f 5586/572/4 5528/600/4 5529/601/4
f 5586/572/4 5529/601/4 5530/602/4
f 5586/572/4 5530/602/4 5531/603/4
f 5586/572/4 5531/603/4 5532/604/4
f 5586/572/4 5532/604/4 5533/605/4
f 5586/572/4 5533/605/4 5534/606/4
f 5586/572/4 5534/606/4 5535/607/4
f 5586/572/4 5535/607/4 5536/608/4
f 5586/572/4 5536/608/4 5537/598/4
f 5586/572/4 5537/598/4 5585/609/4
f 5585/609/4 5537/598/4 5584/610/4
f 5584/610/4 5537/598/4 5583/611/4
f 5583/611/4 5537/598/4 5582/612/4
f 5582/612/4 5537/598/4 5581/613/4
f 5581/613/4 5537/598/4 5580/614/4
f 5580/614/4 5537/598/4 5579/615/4
f 5579/615/4 5537/598/4 5578/616/4
f 5578/616/4 5537/598/4 5577/617/4
f 5577/617/4 5537/598/4 5576/618/4
f 5576/618/4 5537/598/4 5575/619/4
f 5575/619/4 5537/598/4 5574/620/4
f 5574/620/4 5537/598/4 5573/621/4
f 5573/621/4 5537/598/4 5572/622/4
f 5572/622/4 5537/598/4 5571/623/4
f 5571/623/4 5537/598/4 5569/636/4
f 5569/636/4 5537/598/4 5566/625/4
f 5566/625/4 5537/598/4 5562/627/4
f 5562/627/4 5537/598/4 5561/628/4
f 5561/628/4 5537/598/4 5560/629/4
f 5560/629/4 5537/598/4 5559/630/4
f 5559/630/4 5537/598/4 5558/631/4
f 5558/631/4 5537/598/4 5557/632/4
f 5557/632/4 5537/598/4 5556/633/4
f 5556/633/4 5537/598/4 5555/634/4
f 5555/634/4 5537/598/4 5550/576/4
f 5570/635/1 5571/623/1 5569/636/1
f 5568/624/1 5569/636/1 5566/625/1
f 5567/637/1 5568/624/1 5566/625/1
f 5565/638/1 5566/625/1 5562/627/1
f 5564/639/1 5565/638/1 5562/627/1
f 5563/626/4 5564/639/4 5562/627/4
f 5554/640/4 5555/634/4 5550/576/4
f 5553/641/4 5554/640/4 5550/576/4
f 5552/642/4 5553/641/4 5550/576/4
f 5551/643/4 5552/642/4 5550/576/4
f 5663/671/4 5664/1097/4 5665/1096/4
f 5663/671/4 5665/1096/4 5666/1098/4
f 5663/671/4 5666/1098/4 5667/1099/4
f 5663/671/4 5667/1099/4 5668/1100/4
f 5662/1101/4 5663/671/4 5668/1100/4
f 5661/1102/4 5662/1101/4 5668/1100/4
f 5661/1102/4 5668/1100/4 5669/422/4
f 5660/1103/4 5661/1102/4 5669/422/4
f 5660/1103/4 5669/422/4 5670/1104/4
f 5659/1105/4 5660/1103/4 5670/1104/4
f 5659/1105/4 5670/1104/4 5671/1106/4
f 5658/1107/4 5659/1105/4 5671/1106/4
f 5658/1107/4 5671/1106/4 5672/678/4
f 5657/1108/4 5658/1107/4 5672/678/4
f 5657/1108/4 5672/678/4 5673/1109/4
f 5656/1110/4 5657/1108/4 5673/1109/4
f 5656/1110/4 5673/1109/4 5674/1111/4
f 5655/1112/4 5656/1110/4 5674/1111/4
f 5655/1112/4 5674/1111/4 5675/1113/4
f 5654/657/4 5655/1112/4 5675/1113/4
f 5654/657/4 5675/1113/4 5676/1114/4
f 5653/1115/4 5654/657/4 5676/1114/4
f 5653/1115/4 5676/1114/4 5677/1116/4
f 5652/1117/4 5653/1115/4 5677/1116/4
f 5651/1118/4 5652/1117/4 5677/1116/4
f 5650/1119/4 5651/1118/4 5677/1116/4
f 5700/1120/4 5701/1122/4 5702/1121/4
f 5699/685/4 5700/1120/4 5702/1121/4
f 5698/1123/4 5699/685/4 5702/1121/4
f 5697/1124/4 5698/1123/4 5702/1121/4
f 5696/1125/4 5697/1124/4 5702/1121/4
f 5695/1126/4 5696/1125/4 5702/1121/4
f 5694/1127/4 5695/1126/4 5702/1121/4
f 5693/1128/4 5694/1127/4 5702/1121/4
f 5692/348/4 5693/1128/4 5702/1121/4
f 5691/1129/4 5692/348/4 5702/1121/4
f 5690/652/4 5691/1129/4 5702/1121/4
f 5689/1130/4 5690/652/4 5702/1121/4
f 5688/1131/4 5689/1130/4 5702/1121/4
f 5687/1132/4 5688/1131/4 5702/1121/4
f 5686/1133/4 5687/1132/4 5702/1121/4
f 5685/1134/4 5686/1133/4 5702/1121/4
f 5684/1135/4 5685/1134/4 5702/1121/4
f 5683/1136/4 5684/1135/4 5702/1121/4
f 5682/1137/4 5683/1136/4 5702/1121/4
f 5681/666/4 5682/1137/4 5702/1121/4
f 5680/1138/4 5681/666/4 5702/1121/4
f 5679/1139/4 5680/1138/4 5702/1121/4
f 5678/1140/4 5679/1139/4 5702/1121/4
f 5677/1116/4 5678/1140/4 5702/1121/4
f 5650/1119/4 5677/1116/4 5702/1121/4
f 5649/1141/4 5650/1119/4 5702/1121/4
f 5648/1142/4 5649/1141/4 5702/1121/4
f 5647/1143/4 5648/1142/4 5702/1121/4
f 5646/458/4 5647/1143/4 5702/1121/4
f 5645/721/4 5646/458/4 5702/1121/4
f 5645/721/4 5702/1121/4 5703/1144/4
f 5645/721/4 5703/1144/4 5704/1145/4
f 5645/721/4 5704/1145/4 5705/1146/4
f 5644/1147/4 5645/721/4 5705/1146/4
f 5644/1147/4 5705/1146/4 5706/1148/4
f 5644/1147/4 5706/1148/4 5707/1149/4
f 5644/1147/4 5707/1149/4 5708/692/4
f 5643/1150/4 5644/1147/4 5708/692/4
f 5643/1150/4 5708/692/4 5709/1151/4
f 5643/1150/4 5709/1151/4 5710/1152/4
f 5643/1150/4 5710/1152/4 5711/1153/4
f 5642/1154/4 5643/1150/4 5711/1153/4
f 5642/1154/4 5711/1153/4 5712/1155/4
f 5642/1154/4 5712/1155/4 5713/1156/4
f 5642/1154/4 5713/1156/4 5714/1157/4
f 5641/1158/4 5642/1154/4 5714/1157/4
f 5641/1158/4 5714/1157/4 5715/388/4
f 5640/1159/4 5641/1158/4 5715/388/4
f 5639/1160/4 5640/1159/4 5715/388/4
f 5638/1161/4 5639/1160/4 5715/388/4
f 5637/1162/4 5638/1161/4 5715/388/4
f 5636/697/4 5637/1162/4 5715/388/4
f 5635/1163/4 5636/697/4 5715/388/4
f 5634/1164/4 5635/1163/4 5715/388/4
f 5633/1165/4 5634/1164/4 5715/388/4
f 5632/1166/4 5633/1165/4 5715/388/4
f 5631/1167/4 5632/1166/4 5715/388/4
f 5630/1168/4 5631/1167/4 5715/388/4
f 5629/1169/4 5630/1168/4 5715/388/4
f 5628/1170/4 5629/1169/4 5715/388/4
f 5627/705/4 5628/1170/4 5715/388/4
f 5626/1171/4 5627/705/4 5715/388/4
f 5625/1172/4 5626/1171/4 5624/1173/4
f 5624/1173/4 5626/1171/4 5623/478/4
f 5623/478/4 5626/1171/4 5622/1174/4
f 5622/1174/4 5626/1171/4 5621/1175/4
f 5621/1175/4 5626/1171/4 5620/1176/4
f 5620/1176/4 5626/1171/4 5619/1177/4
f 5619/1177/4 5626/1171/4 5618/712/4
f 5618/712/4 5626/1171/4 5617/1178/4
f 5617/1178/4 5626/1171/4 5616/1179/4
f 5616/1179/4 5626/1171/4 5615/1180/4
f 5615/1180/4 5626/1171/4 5614/1181/4
f 5614/1181/4 5626/1171/4 5613/1182/4
f 5613/1182/4 5626/1171/4 5715/388/4
f 5613/1182/4 5715/388/4 5612/1183/4
f 5612/1183/4 5715/388/4 5716/1184/4
f 5611/1185/4 5612/1183/4 5716/1184/4
f 5728/1186/4 5729/1188/4 5730/1187/4
f 5727/1189/4 5728/1186/4 5730/1187/4
f 5726/741/4 5727/1189/4 5730/1187/4
f 5725/1190/4 5726/741/4 5730/1187/4
f 5724/1191/4 5725/1190/4 5730/1187/4
f 5723/1192/4 5724/1191/4 5730/1187/4
f 5722/1193/4 5723/1192/4 5730/1187/4
f 5721/1194/4 5722/1193/4 5730/1187/4
f 5720/1195/4 5721/1194/4 5730/1187/4
f 5719/1196/4 5720/1195/4 5730/1187/4
f 5718/1197/4 5719/1196/4 5730/1187/4
f 5717/727/4 5718/1197/4 5730/1187/4
f 5716/1184/4 5717/727/4 5730/1187/4
f 5611/1185/4 5716/1184/4 5730/1187/4
f 5610/1198/4 5611/1185/4 5730/1187/4
f 5609/728/4 5610/1198/4 5730/1187/4
f 5608/1199/4 5609/728/4 5730/1187/4
f 5608/1199/4 5730/1187/4 5731/1200/4
f 5608/1199/4 5731/1200/4 5732/1201/4
f 5608/1199/4 5732/1201/4 5733/1202/4
f 5608/1199/4 5733/1202/4 5734/1203/4
f 5608/1199/4 5734/1203/4 5735/758/4
f 5608/1199/4 5735/758/4 5736/1204/4
f 5607/1205/4 5608/1199/4 5736/1204/4
f 5607/1205/4 5736/1204/4 5737/1206/4
f 5607/1205/4 5737/1206/4 5738/401/4
f 5607/1205/4 5738/401/4 5739/1207/4
f 5606/1208/4 5607/1205/4 5739/1207/4
f 5606/1208/4 5739/1207/4 5740/1209/4
f 5606/1208/4 5740/1209/4 5741/1210/4
f 5606/1208/4 5741/1210/4 5742/1211/4
f 5605/1212/4 5606/1208/4 5742/1211/4
f 5605/1212/4 5742/1211/4 5743/1213/4
f 5604/1214/4 5605/1212/4 5743/1213/4
f 5603/1215/4 5604/1214/4 5743/1213/4
f 5602/1216/4 5603/1215/4 5743/1213/4
f 5601/1217/4 5602/1216/4 5743/1213/4
f 5600/146/4 5601/1217/4 5743/1213/4
f 5807/70/4 5600/146/4 5743/1213/4
f 5806/1218/4 5807/70/4 5743/1213/4
f 5805/1219/4 5806/1218/4 5743/1213/4
f 5804/1220/4 5805/1219/4 5743/1213/4
f 5803/1221/4 5804/1220/4 5743/1213/4
f 5802/1222/4 5803/1221/4 5743/1213/4
f 5801/1223/4 5802/1222/4 5743/1213/4
f 5800/1224/4 5801/1223/4 5743/1213/4
f 5799/1225/4 5800/1224/4 5743/1213/4
f 5798/753/4 5799/1225/4 5743/1213/4
f 5797/1226/4 5798/753/4 5743/1213/4
f 5796/1227/4 5797/1226/4 5743/1213/4
f 5795/1228/4 5796/1227/4 5743/1213/4
f 5794/1229/4 5795/1228/4 5793/1230/4
f 5793/1230/4 5795/1228/4 5792/1231/4
f 5792/1231/4 5795/1228/4 5791/1232/4
f 5791/1232/4 5795/1228/4 5790/1233/4
f 5790/1233/4 5795/1228/4 5789/769/4
f 5789/769/4 5795/1228/4 5788/1234/4
f 5788/1234/4 5795/1228/4 5787/1235/4
f 5787/1235/4 5795/1228/4 5786/1236/4
f 5786/1236/4 5795/1228/4 5785/1237/4
f 5785/1237/4 5795/1228/4 5784/330/4
f 5784/330/4 5795/1228/4 5781/1238/4
f 5781/1238/4 5795/1228/4 5780/776/4
f 5780/776/4 5795/1228/4 5779/1239/4
f 5779/1239/4 5795/1228/4 5778/1240/4
f 5778/1240/4 5795/1228/4 5777/1241/4
f 5777/1241/4 5795/1228/4 5776/1242/4
f 5776/1242/4 5795/1228/4 5775/1243/4
f 5775/1243/4 5795/1228/4 5774/1244/4
f 5774/1244/4 5795/1228/4 5773/1245/4
f 5773/1245/4 5795/1228/4 5772/1246/4
f 5772/1246/4 5795/1228/4 5771/783/4
f 5771/783/4 5795/1228/4 5770/1247/4
f 5770/1247/4 5795/1228/4 5743/1213/4
f 5770/1247/4 5743/1213/4 5744/748/4
f 5769/1248/4 5770/1247/4 5744/748/4
f 5784/330/4 5781/1238/4 5783/1249/4
f 5783/1249/17 5781/1238/17 5782/1250/17
f 5769/1248/4 5744/748/4 5745/1251/4
f 5769/1248/4 5745/1251/4 5746/1252/4
f 5768/1253/4 5769/1248/4 5746/1252/4
f 5768/1253/4 5746/1252/4 5747/1254/4
f 5767/1255/4 5768/1253/4 5747/1254/4
f 5767/1255/4 5747/1254/4 5748/1256/4
f 5766/1257/4 5767/1255/4 5748/1256/4
f 5766/1257/4 5748/1256/4 5749/1258/4
f 5765/1259/4 5766/1257/4 5749/1258/4
f 5765/1259/4 5749/1258/4 5750/1260/4
f 5764/1261/4 5765/1259/4 5750/1260/4
f 5764/1261/4 5750/1260/4 5751/1262/4
f 5763/1263/4 5764/1261/4 5751/1262/4
f 5763/1263/4 5751/1262/4 5752/1264/4
f 5762/787/4 5763/1263/4 5752/1264/4
f 5762/787/4 5752/1264/4 5753/793/4
f 5761/367/4 5762/787/4 5753/793/4
f 5761/367/4 5753/793/4 5754/1265/4
f 5760/1266/4 5761/367/4 5754/1265/4
f 5760/1266/4 5754/1265/4 5755/1267/4
f 5759/1268/4 5760/1266/4 5755/1267/4
f 5759/1268/4 5755/1267/4 5756/1269/4
f 5759/1268/4 5756/1269/4 5757/1270/4
f 5758/1271/18 5759/1268/18 5757/1270/18
f 5816/571/4 5817/556/4 5808/146/4
f 5808/146/4 5817/556/4 5818/544/4
f 5808/146/4 5818/544/4 5819/70/4
f 5816/571/4 5808/146/4 5809/495/4
f 5816/571/4 5809/495/4 5812/525/4
f 5812/525/4 5809/495/4 5810/496/4
f 5812/525/4 5810/496/4 5811/510/4
f 5816/571/4 5812/525/4 5813/541/4
f 5816/571/4 5813/541/4 5814/529/4
f 5816/571/4 5814/529/4 5815/557/4
f 5903/1796/4 5904/1798/4 5905/1797/4
f 5903/1796/4 5905/1797/4 5906/1799/4
f 5903/1796/4 5906/1799/4 5907/1800/4
f 5902/1801/4 5903/1796/4 5907/1800/4
f 5902/1801/4 5907/1800/4 5908/1802/4
f 5902/1801/4 5908/1802/4 5909/1803/4
f 5902/1801/4 5909/1803/4 5910/1804/4
f 5901/1805/4 5902/1801/4 5910/1804/4
f 5901/1805/4 5910/1804/4 5911/1806/4
f 5901/1805/4 5911/1806/4 5912/1807/4
f 5901/1805/4 5912/1807/4 5913/1808/4
f 5900/1809/4 5901/1805/4 5913/1808/4
f 5900/1809/4 5913/1808/4 5914/1810/4
f 5900/1809/4 5914/1810/4 5915/1811/4
f 5900/1809/4 5915/1811/4 5916/1812/4
f 5899/1813/4 5900/1809/4 5916/1812/4
f 5899/1813/4 5916/1812/4 5829/1814/4
f 5829/1814/4 5916/1812/4 5828/1815/4
f 5828/1815/4 5916/1812/4 5827/1816/4
f 5827/1816/4 5916/1812/4 5826/1817/4
f 5826/1817/4 5916/1812/4 5825/1818/4
f 5825/1818/4 5916/1812/4 5824/1819/4
f 5824/1819/4 5916/1812/4 5823/1820/4
f 5823/1820/4 5916/1812/4 5822/1821/4
f 5822/1821/4 5916/1812/4 5821/1822/4
f 5821/1822/4 5916/1812/4 5820/146/4
f 5820/146/4 5916/1812/4 5917/70/4
f 5898/1823/4 5899/1813/4 5831/1824/4
f 5831/1824/4 5899/1813/4 5830/1825/4
f 5830/1825/4 5899/1813/4 5829/1814/4
f 5898/1823/4 5831/1824/4 5832/1826/4
f 5898/1823/4 5832/1826/4 5833/1827/4
f 5898/1823/4 5833/1827/4 5834/1828/4
f 5897/1829/4 5898/1823/4 5834/1828/4
f 5897/1829/4 5834/1828/4 5835/1830/4
f 5897/1829/4 5835/1830/4 5836/1831/4
f 5896/1832/4 5897/1829/4 5836/1831/4
f 5896/1832/4 5836/1831/4 5837/1833/4
f 5896/1832/4 5837/1833/4 5838/1834/4
f 5895/1835/4 5896/1832/4 5838/1834/4
f 5895/1835/4 5838/1834/4 5839/1836/4
f 5894/1837/4 5895/1835/4 5839/1836/4
f 5894/1837/4 5839/1836/4 5840/1838/4
f 5894/1837/4 5840/1838/4 5841/1839/4
f 5893/1840/4 5894/1837/4 5841/1839/4
f 5893/1840/4 5841/1839/4 5842/1841/4
f 5892/1842/4 5893/1840/4 5842/1841/4
f 5892/1842/4 5842/1841/4 5843/1843/4
f 5892/1842/4 5843/1843/4 5844/1844/4
f 5891/1845/4 5892/1842/4 5844/1844/4
f 5891/1845/4 5844/1844/4 5845/1846/4
f 5890/1847/4 5891/1845/4 5845/1846/4
f 5890/1847/4 5845/1846/4 5846/1848/4
f 5889/1849/4 5890/1847/4 5846/1848/4
f 5889/1849/4 5846/1848/4 5847/1850/4
f 5888/1851/4 5889/1849/4 5847/1850/4
f 5888/1851/4 5847/1850/4 5848/1852/4
f 5887/1853/4 5888/1851/4 5848/1852/4
f 5887/1853/4 5848/1852/4 5849/1854/4
f 5866/1855/4 5867/1857/4 5868/1856/4
f 5887/1853/4 5849/1854/4 5850/1858/4
f 5865/1859/4 5866/1855/4 5868/1856/4
f 5886/1860/4 5887/1853/4 5850/1858/4
f 5864/1861/4 5865/1859/4 5868/1856/4
f 5886/1860/4 5850/1858/4 5851/1862/4
f 5863/1863/4 5864/1861/4 5868/1856/4
f 5862/1864/4 5863/1863/4 5868/1856/4
f 5886/1860/4 5851/1862/4 5852/1865/4
f 5861/1866/4 5862/1864/4 5868/1856/4
f 5885/1867/4 5886/1860/4 5852/1865/4
f 5860/1868/4 5861/1866/4 5868/1856/4
f 5885/1867/4 5852/1865/4 5853/1869/4
f 5859/1870/4 5860/1868/4 5868/1856/4
f 5858/1871/4 5859/1870/4 5868/1856/4
f 5885/1867/4 5853/1869/4 5854/1872/4
f 5857/1873/4 5858/1871/4 5868/1856/4
f 5856/1874/4 5857/1873/4 5868/1856/4
f 5885/1867/4 5854/1872/4 5855/1875/4
f 5855/1875/4 5856/1874/4 5868/1856/4
f 5885/1867/4 5855/1875/4 5868/1856/4
f 5884/1876/4 5885/1867/4 5868/1856/4
f 5884/1876/4 5868/1856/4 5869/1877/4
f 5883/1878/4 5884/1876/4 5869/1877/4
f 5883/1878/4 5869/1877/4 5870/1879/4
f 5883/1878/4 5870/1879/4 5871/1880/4
f 5883/1878/4 5871/1880/4 5872/1881/4
f 5882/1882/4 5883/1878/4 5872/1881/4
f 5882/1882/4 5872/1881/4 5873/1883/4
f 5882/1882/4 5873/1883/4 5874/1884/4
f 5882/1882/4 5874/1884/4 5875/1885/4
f 5881/1886/4 5882/1882/4 5875/1885/4
f 5881/1886/4 5875/1885/4 5876/1887/4
f 5881/1886/4 5876/1887/4 5877/1888/4
f 5881/1886/4 5877/1888/4 5878/1889/4
f 5880/1890/4 5881/1886/4 5878/1889/4
f 5880/1890/4 5878/1889/4 5879/1891/4
f 5922/1717/4 5923/23/4 5924/1783/4
f 5922/1717/4 5924/1783/4 5927/1660/4
f 5927/1660/4 5924/1783/4 5925/1756/4
f 5922/1717/4 5927/1660/4 5928/70/4
f 5926/1730/4 5927/1660/4 5925/1756/4
f 5922/1717/4 5928/70/4 5920/1626/4
f 5920/1626/4 5928/70/4 5926/1730/4
f 5920/1626/4 5926/1730/4 5919/1662/4
f 5919/1662/4 5926/1730/4 5925/1756/4
f 5922/1717/4 5920/1626/4 5921/1704/4
f 5918/146/4 5919/1662/4 5925/1756/4
f 5955/1892/4 5956/1894/4 5983/1893/4
f 5983/1893/4 5956/1894/4 5957/1895/4
f 5983/1893/4 5957/1895/4 5929/146/4
f 5983/1893/4 5929/146/4 5930/1896/4
f 5983/1893/4 5930/1896/4 5931/1897/4
f 5983/1893/4 5931/1897/4 5932/1898/4
f 5983/1893/4 5932/1898/4 5933/1899/4
f 5983/1893/4 5933/1899/4 5934/495/4
f 5983/1893/4 5934/495/4 5935/1900/4
f 5983/1893/4 5935/1900/4 5982/1901/4
f 5982/1901/4 5935/1900/4 5936/1902/4
f 5955/1892/4 5983/1893/4 5984/70/4
f 5981/1903/4 5982/1901/4 5936/1902/4
f 5980/1904/4 5981/1903/4 5936/1902/4
f 5979/544/4 5980/1904/4 5936/1902/4
f 5979/544/4 5936/1902/4 5937/1905/4
f 5978/1906/4 5979/544/4 5937/1905/4
f 5977/1907/4 5978/1906/4 5937/1905/4
f 5976/1908/4 5977/1907/4 5937/1905/4
f 5976/1908/4 5937/1905/4 5938/1909/4
f 5975/1910/4 5976/1908/4 5938/1909/4
f 5974/556/4 5975/1910/4 5938/1909/4
f 5973/1730/4 5974/556/4 5938/1909/4
f 5973/1730/4 5938/1909/4 5939/496/4
f 5972/1911/4 5973/1730/4 5939/496/4
f 5971/1912/4 5972/1911/4 5939/496/4
f 5971/1912/4 5939/496/4 5940/1626/4
f 5970/1913/4 5971/1912/4 5940/1626/4
f 5969/571/4 5970/1913/4 5940/1626/4
f 5969/571/4 5940/1626/4 5941/1914/4
f 5968/1915/4 5969/571/4 5941/1914/4
f 5968/1915/4 5941/1914/4 5942/1916/4
f 5967/1917/4 5968/1915/4 5942/1916/4
f 5966/1918/4 5967/1917/4 5942/1916/4
f 5966/1918/4 5942/1916/4 5943/1919/4
f 5965/1920/4 5966/1918/4 5943/1919/4
f 5964/557/4 5965/1920/4 5943/1919/4
f 5964/557/4 5943/1919/4 5944/510/4
f 5963/1921/4 5964/557/4 5944/510/4
f 5962/1783/4 5963/1921/4 5944/510/4
f 5961/1922/4 5962/1783/4 5944/510/4
f 5960/1923/4 5961/1922/4 5944/510/4
f 5960/1923/4 5944/510/4 5945/1924/4
f 5959/529/4 5960/1923/4 5945/1924/4
f 5958/1925/4 5959/529/4 5945/1924/4
f 5955/1892/4 5984/70/4 5953/1926/4
f 5953/1926/4 5984/70/4 5958/1925/4
f 5953/1926/4 5958/1925/4 5945/1924/4
f 5953/1926/4 5945/1924/4 5946/1927/4
f 5953/1926/4 5946/1927/4 5947/1928/4
f 5953/1926/4 5947/1928/4 5948/1929/4
f 5953/1926/4 5948/1929/4 5949/525/4
f 5953/1926/4 5949/525/4 5950/1930/4
f 5953/1926/4 5950/1930/4 5951/1717/4
f 5953/1926/4 5951/1717/4 5952/1931/4
f 5955/1892/4 5953/1926/4 5954/541/4
f 6092/1932/4 6093/1934/4 6094/1933/4
f 6092/1932/4 6094/1933/4 6095/544/4
f 6092/1932/4 6095/544/4 6096/1935/4
f 6091/1936/4 6092/1932/4 6096/1935/4
f 6091/1936/4 6096/1935/4 6097/1937/4
f 6091/1936/4 6097/1937/4 6098/1938/4
f 6090/1939/4 6091/1936/4 6098/1938/4
f 6090/1939/4 6098/1938/4 6099/1940/4
f 6090/1939/4 6099/1940/4 6100/1941/4
f 6089/1942/4 6090/1939/4 6100/1941/4
f 6089/1942/4 6100/1941/4 6101/1943/4
f 6089/1942/4 6101/1943/4 6102/1944/4
f 6088/1945/4 6089/1942/4 6102/1944/4
f 6088/1945/4 6102/1944/4 6103/1946/4
f 6088/1945/4 6103/1946/4 6104/1947/4
f 6087/1948/4 6088/1945/4 6104/1947/4
f 6087/1948/4 6104/1947/4 6105/1949/4
f 6087/1948/4 6105/1949/4 5992/1950/4
f 5992/1950/4 6105/1949/4 5991/1951/4
f 5991/1951/4 6105/1949/4 5990/1952/4
f 5990/1952/4 6105/1949/4 5989/1953/4
f 5989/1953/4 6105/1949/4 5988/1954/4
f 5988/1954/4 6105/1949/4 5987/1955/4
f 5987/1955/4 6105/1949/4 5986/1956/4
f 5986/1956/4 6105/1949/4 5985/146/4
f 5985/146/4 6105/1949/4 6106/70/4
f 6086/1957/4 6087/1948/4 5994/1958/4
f 5994/1958/4 6087/1948/4 5993/1959/4
f 5993/1959/4 6087/1948/4 5992/1950/4
f 6085/1960/4 6086/1957/4 5996/495/4
f 5996/495/4 6086/1957/4 5995/1961/4
f 5995/1961/4 6086/1957/4 5994/1958/4
f 6084/556/4 6085/1960/4 5997/1962/4
f 5997/1962/4 6085/1960/4 5996/495/4
f 6084/556/4 5997/1962/4 5998/1963/4
f 6084/556/4 5998/1963/4 5999/1964/4
f 6084/556/4 5999/1964/4 6000/1965/4
f 6084/556/4 6000/1965/4 6001/1966/4
f 6084/556/4 6001/1966/4 6002/1967/4
f 6083/1968/4 6084/556/4 6002/1967/4
f 6083/1968/4 6002/1967/4 6003/1969/4
f 6083/1968/4 6003/1969/4 6004/1970/4
f 6083/1968/4 6004/1970/4 6005/1971/4
f 6082/1972/4 6083/1968/4 6005/1971/4
f 6082/1972/4 6005/1971/4 6006/1973/4
f 6082/1972/4 6006/1973/4 6007/496/4
f 6081/1974/4 6082/1972/4 6007/496/4
f 6081/1974/4 6007/496/4 6008/1975/4
f 6081/1974/4 6008/1975/4 6009/1976/4
f 6080/1977/4 6081/1974/4 6009/1976/4
f 6080/1977/4 6009/1976/4 6010/1978/4
f 6080/1977/4 6010/1978/4 6011/1979/4
f 6079/1980/4 6080/1977/4 6011/1979/4
f 6079/1980/4 6011/1979/4 6012/1981/4
f 6078/1982/4 6079/1980/4 6012/1981/4
f 6078/1982/4 6012/1981/4 6013/1983/4
f 6078/1982/4 6013/1983/4 6014/1984/4
f 6077/1985/4 6078/1982/4 6014/1984/4
f 6077/1985/4 6014/1984/4 6015/1986/4
f 6076/1987/4 6077/1985/4 6015/1986/4
f 6076/1987/4 6015/1986/4 6016/1988/4
f 6075/1989/4 6076/1987/4 6016/1988/4
f 6075/1989/4 6016/1988/4 6017/1990/4
f 6074/1991/4 6075/1989/4 6017/1990/4
f 6074/1991/4 6017/1990/4 6018/510/4
f 6073/571/4 6074/1991/4 6018/510/4
f 6072/1992/4 6073/571/4 6018/510/4
f 6072/1992/4 6018/510/4 6019/1993/4
f 6071/1994/4 6072/1992/4 6019/1993/4
f 6070/1995/4 6071/1994/4 6019/1993/4
f 6070/1995/4 6019/1993/4 6020/1996/4
f 6069/1997/4 6070/1995/4 6020/1996/4
f 6044/1998/4 6045/2000/4 6046/1999/4
f 6069/1997/4 6020/1996/4 6021/2001/4
f 6068/2002/4 6069/1997/4 6021/2001/4
f 6044/1998/4 6046/1999/4 6047/2003/4
f 6067/2004/4 6068/2002/4 6021/2001/4
f 6067/2004/4 6021/2001/4 6022/2005/4
f 6044/1998/4 6047/2003/4 6048/2006/4
f 6066/2007/4 6067/2004/4 6022/2005/4
f 6065/2008/4 6066/2007/4 6022/2005/4
f 6044/1998/4 6048/2006/4 6049/2009/4
f 6064/2010/4 6065/2008/4 6022/2005/4
f 6064/2010/4 6022/2005/4 6023/2011/4
f 6044/1998/4 6049/2009/4 6050/2012/4
f 6063/2013/4 6064/2010/4 6023/2011/4
f 6044/1998/4 6050/2012/4 6051/529/4
f 6062/557/4 6063/2013/4 6023/2011/4
f 6044/1998/4 6051/529/4 6052/2014/4
f 6062/557/4 6023/2011/4 6024/2015/4
f 6061/2016/4 6062/557/4 6024/2015/4
f 6044/1998/4 6052/2014/4 6053/2017/4
f 6060/2018/4 6061/2016/4 6024/2015/4
f 6044/1998/4 6053/2017/4 6054/2019/4
f 6059/2020/4 6060/2018/4 6024/2015/4
f 6044/1998/4 6054/2019/4 6055/2021/4
f 6058/2022/4 6059/2020/4 6024/2015/4
f 6044/1998/4 6055/2021/4 6056/2023/4
f 6058/2022/4 6024/2015/4 6025/2024/4
f 6057/2025/4 6058/2022/4 6025/2024/4
f 6044/1998/4 6056/2023/4 6057/2025/4
f 6044/1998/4 6057/2025/4 6025/2024/4
f 6044/1998/4 6025/2024/4 6026/2026/4
f 6043/2027/4 6044/1998/4 6026/2026/4
f 6042/2028/4 6043/2027/4 6026/2026/4
f 6042/2028/4 6026/2026/4 6027/2029/4
f 6041/2030/4 6042/2028/4 6027/2029/4
f 6041/2030/4 6027/2029/4 6028/2031/4
f 6040/541/4 6041/2030/4 6028/2031/4
f 6039/2032/4 6040/541/4 6028/2031/4
f 6039/2032/4 6028/2031/4 6029/525/4
f 6038/2033/4 6039/2032/4 6029/525/4
f 6037/2034/4 6038/2033/4 6029/525/4
f 6037/2034/4 6029/525/4 6030/2035/4
f 6036/2036/4 6037/2034/4 6030/2035/4
f 6035/2037/4 6036/2036/4 6030/2035/4
f 6035/2037/4 6030/2035/4 6031/2038/4
f 6034/2039/4 6035/2037/4 6031/2038/4
f 6033/2040/4 6034/2039/4 6031/2038/4
f 6033/2040/4 6031/2038/4 6032/2041/4
s 1
f 6108/2042/19 6110/2043/20 6109/2044/20 6107/146/19
f 6110/2043/20 6112/2045/21 6111/2046/21 6109/2044/20
f 6112/2045/21 6114/2047/22 6113/2048/22 6111/2046/21
f 6114/2047/22 6116/2049/23 6115/2050/23 6113/2048/22
f 6116/2049/23 6118/2051/24 6117/2052/24 6115/2050/23
f 6118/2051/24 6120/2053/25 6119/2054/25 6117/2052/24
f 6120/2053/25 6122/2055/26 6121/2056/26 6119/2054/25
f 6122/2055/26 6124/2057/27 6123/2058/27 6121/2056/26
f 6124/2057/27 6126/2059/28 6125/2060/28 6123/2058/27
f 6126/2059/28 6128/2061/29 6127/2062/29 6125/2060/28
f 6128/2061/29 6130/2063/30 6129/2064/30 6127/2062/29
f 6130/2063/30 6132/2065/31 6131/2066/31 6129/2064/30
f 6132/2065/31 6134/2067/32 6133/2068/32 6131/2066/31
f 6134/2067/32 6136/2069/33 6135/2070/33 6133/2068/32
f 6136/2069/33 6138/2071/34 6137/2072/34 6135/2070/33
f 6138/2071/34 6140/2073/35 6139/2074/35 6137/2072/34
f 6140/2073/35 6142/2075/36 6141/2076/36 6139/2074/35
f 6142/2075/36 6144/2077/37 6143/2078/37 6141/2076/36
f 6144/2077/37 6146/2079/38 6145/2080/38 6143/2078/37
f 6146/2079/38 6148/2081/39 6147/2082/39 6145/2080/38
f 6148/2081/39 6150/2083/40 6149/2084/40 6147/2082/39
f 6150/2083/40 6152/2085/41 6151/2086/41 6149/2084/40
f 6152/2085/41 6154/2087/42 6153/2088/42 6151/2086/41
f 6154/2087/42 6156/2089/43 6155/2090/43 6153/2088/42
f 6156/2089/43 6158/2091/44 6157/2092/44 6155/2090/43
f 6158/2091/44 6160/2093/45 6159/2094/45 6157/2092/44
f 6160/2093/45 6162/2095/46 6161/2096/46 6159/2094/45
f 6162/2095/46 6164/2097/47 6163/2098/47 6161/2096/46
f 6164/2097/47 6166/2099/48 6165/2100/48 6163/2098/47
f 6166/2099/48 6168/2101/49 6167/2102/49 6165/2100/48
f 6168/2101/49 6170/2103/50 6169/2104/50 6167/2102/49
f 6170/2103/50 6172/2105/51 6171/2106/51 6169/2104/50
f 6172/2105/51 6174/2107/52 6173/2108/52 6171/2106/51
f 6174/2107/52 6176/2109/53 6175/2110/53 6173/2108/52
f 6176/2109/53 6178/2111/54 6177/2112/54 6175/2110/53
f 6178/2111/54 6180/2113/55 6179/2114/55 6177/2112/54
f 6180/2113/55 6182/2115/56 6181/2116/56 6179/2114/55
f 6182/2115/56 6184/2117/57 6183/2118/57 6181/2116/56
f 6184/2117/57 6186/2119/58 6185/2120/58 6183/2118/57
f 6186/2119/58 6188/2121/59 6187/2122/59 6185/2120/58
f 6188/2121/59 6190/2123/60 6189/2124/60 6187/2122/59
f 6190/2123/60 6192/2125/61 6191/2126/61 6189/2124/60
f 6192/2125/61 6194/2127/62 6193/2128/62 6191/2126/61
f 6194/2127/62 6196/2129/63 6195/2130/63 6193/2128/62
f 6196/2129/63 6198/2131/64 6197/2132/64 6195/2130/63
f 6198/2131/64 6200/2133/65 6199/2134/65 6197/2132/64
f 6200/2133/65 6202/2135/66 6201/2136/66 6199/2134/65
f 6202/2135/66 6204/2137/67 6203/2138/67 6201/2136/66
f 6204/2137/67 6206/2139/68 6205/2140/68 6203/2138/67
f 6206/2139/68 6208/2141/69 6207/2142/69 6205/2140/68
f 6208/2141/69 6210/2143/70 6209/2144/70 6207/2142/69
f 6210/2143/70 6212/2145/71 6211/2146/71 6209/2144/70
f 6212/2145/71 6214/2147/72 6213/2148/72 6211/2146/71
f 6214/2147/72 6216/2149/73 6215/2150/73 6213/2148/72
f 6216/2149/73 6218/2151/74 6217/2152/74 6215/2150/73
f 6218/2151/74 6220/2153/75 6219/2154/75 6217/2152/74
f 6220/2153/75 6222/2155/76 6221/2156/76 6219/2154/75
f 6222/2155/76 6224/2157/77 6223/2158/77 6221/2156/76
f 6224/2157/77 6226/2159/78 6225/2160/78 6223/2158/77
f 6226/2159/78 6228/2161/79 6227/2162/79 6225/2160/78
f 6228/2161/79 6230/2163/80 6229/23/80 6227/2162/79
f 6230/2163/80 6232/2164/81 6231/2165/81 6229/23/80
f 6232/2164/81 6234/2166/82 6233/2167/82 6231/2165/81
f 6234/2166/82 6236/2168/83 6235/2169/83 6233/2167/82
f 6236/2168/83 6238/2170/84 6237/2171/84 6235/2169/83
f 6238/2170/84 6240/2172/85 6239/2173/85 6237/2171/84
f 6240/2172/85 6242/2174/86 6241/2175/86 6239/2173/85
f 6242/2174/86 6244/2176/87 6243/2177/87 6241/2175/86
f 6244/2176/87 6246/2178/88 6245/2179/88 6243/2177/87
f 6246/2178/88 6248/2180/89 6247/2181/89 6245/2179/88
f 6248/2180/89 6250/2182/90 6249/2183/90 6247/2181/89
f 6250/2182/90 6252/2184/91 6251/2185/91 6249/2183/90
f 6252/2184/91 6254/2186/92 6253/2187/92 6251/2185/91
f 6254/2186/92 6256/2188/93 6255/2189/93 6253/2187/92
f 6256/2188/93 6258/2190/94 6257/2191/94 6255/2189/93
f 6258/2190/94 6260/2192/95 6259/2193/95 6257/2191/94
f 6260/2192/95 6262/2194/96 6261/2195/96 6259/2193/95
f 6262/2194/96 6264/2196/97 6263/2197/97 6261/2195/96
f 6264/2196/97 6266/2198/98 6265/2199/98 6263/2197/97
f 6266/2198/98 6268/2200/99 6267/2201/99 6265/2199/98
f 6268/2200/99 6270/2202/100 6269/2203/100 6267/2201/99
f 6270/2202/100 6272/2204/101 6271/2205/101 6269/2203/100
f 6272/2204/101 6274/2206/102 6273/2207/102 6271/2205/101
f 6274/2206/102 6276/2208/103 6275/2209/103 6273/2207/102
f 6276/2208/103 6278/2210/104 6277/2211/104 6275/2209/103
f 6278/2210/104 6280/2212/105 6279/2213/105 6277/2211/104
f 6280/2212/105 6282/2214/106 6281/2215/106 6279/2213/105
f 6282/2214/106 6284/2216/107 6283/2217/107 6281/2215/106
f 6284/2216/107 6286/2218/108 6285/2219/108 6283/2217/107
f 6286/2218/108 6288/2220/109 6287/2221/109 6285/2219/108
f 6288/2220/109 6290/2222/110 6289/2223/110 6287/2221/109
f 6290/2222/110 6292/2224/111 6291/2225/111 6289/2223/110
f 6292/2224/111 6294/2226/112 6293/2227/112 6291/2225/111
f 6294/2226/112 6296/2228/113 6295/2229/113 6293/2227/112
f 6296/2228/113 6298/2230/114 6297/2231/114 6295/2229/113
f 6298/2230/114 6300/2232/115 6299/2233/115 6297/2231/114
f 6300/2232/115 6302/2234/116 6301/2235/116 6299/2233/115
f 6302/2234/116 6304/2236/117 6303/2237/117 6301/2235/116
f 6304/2236/117 6306/2238/118 6305/2239/118 6303/2237/117
f 6306/2238/118 6308/2240/119 6307/2241/119 6305/2239/118
f 6308/2240/119 6310/2242/120 6309/2243/120 6307/2241/119
f 6310/2242/120 6312/2244/121 6311/2245/121 6309/2243/120
f 6312/2244/121 6314/2246/122 6313/2247/122 6311/2245/121
f 6314/2246/122 6316/2248/123 6315/2249/123 6313/2247/122
f 6316/2248/123 6318/2250/124 6317/2251/124 6315/2249/123
f 6318/2250/124 6320/2252/125 6319/2253/125 6317/2251/124
f 6320/2252/125 6322/2254/126 6321/2255/126 6319/2253/125
f 6322/2254/126 6324/2256/127 6323/2257/127 6321/2255/126
f 6324/2256/127 6326/2258/128 6325/2259/128 6323/2257/127
f 6326/2258/128 6328/2260/129 6327/2261/129 6325/2259/128
f 6328/2260/129 6330/2262/130 6329/2263/130 6327/2261/129
f 6330/2262/130 6332/2264/131 6331/2265/131 6329/2263/130
f 6332/2264/131 6334/2266/132 6333/2267/132 6331/2265/131
f 6334/2266/132 6336/2268/133 6335/2269/133 6333/2267/132
f 6336/2268/133 6338/2270/134 6337/2271/134 6335/2269/133
f 6338/2270/134 6340/2272/135 6339/2273/135 6337/2271/134
f 6340/2272/135 6342/2274/136 6341/2275/136 6339/2273/135
f 6342/2274/136 6344/2276/137 6343/2277/137 6341/2275/136
f 6344/2276/137 6346/2278/138 6345/2279/138 6343/2277/137
f 6346/2278/138 6348/2280/139 6347/2281/139 6345/2279/138
f 6348/2280/139 6350/2282/140 6349/2283/140 6347/2281/139
f 6350/2282/140 6108/2284/19 6107/70/19 6349/2283/140
f 6352/2042/141 6354/2285/142 6353/2286/142 6351/146/141
f 6354/2285/142 6356/2287/143 6355/2288/143 6353/2286/142
f 6356/2287/143 6358/2289/144 6357/2290/144 6355/2288/143
f 6358/2289/144 6360/2291/145 6359/2292/145 6357/2290/144
f 6360/2291/145 6362/2293/146 6361/2294/146 6359/2292/145
f 6362/2293/146 6364/2295/147 6363/2296/147 6361/2294/146
f 6364/2295/147 6366/2297/148 6365/2298/148 6363/2296/147
f 6366/2297/148 6368/2299/149 6367/2300/149 6365/2298/148
f 6368/2299/149 6370/2301/150 6369/2302/150 6367/2300/149
f 6370/2301/150 6372/2303/151 6371/2304/151 6369/2302/150
f 6372/2303/151 6374/2305/152 6373/2306/152 6371/2304/151
f 6374/2305/152 6376/2307/153 6375/2308/153 6373/2306/152
f 6376/2307/153 6378/2309/154 6377/2310/154 6375/2308/153
f 6378/2309/154 6380/2311/155 6379/2312/155 6377/2310/154
f 6380/2311/155 6382/2313/156 6381/2314/156 6379/2312/155
f 6382/2313/156 6384/2315/157 6383/2316/157 6381/2314/156
f 6384/2315/157 6386/2317/158 6385/2318/158 6383/2316/157
f 6386/2317/158 6388/2319/159 6387/2320/159 6385/2318/158
f 6388/2319/159 6390/2321/160 6389/2322/160 6387/2320/159
f 6390/2321/160 6392/2323/161 6391/2324/161 6389/2322/160
f 6392/2323/161 6394/2325/162 6393/2326/162 6391/2324/161
f 6394/2325/162 6396/2327/163 6395/2328/163 6393/2326/162
f 6396/2327/163 6398/2329/164 6397/2330/164 6395/2328/163
f 6398/2329/164 6400/2331/165 6399/2332/165 6397/2330/164
f 6400/2331/165 6402/2333/165 6401/2334/165 6399/2332/165
f 6402/2333/165 6404/2335/166 6403/2336/166 6401/2334/165
f 6404/2335/166 6406/2337/167 6405/2338/167 6403/2336/166
f 6406/2337/167 6408/2339/168 6407/2340/168 6405/2338/167
f 6408/2339/168 6352/2284/141 6351/70/141 6407/2340/168
f 6410/2042/169 6412/2341/170 6411/961/170 6409/146/169
f 6412/2341/170 6414/2342/171 6413/955/171 6411/961/170
f 6414/2342/171 6416/2343/172 6415/478/172 6413/955/171
f 6416/2343/172 6418/2344/173 6417/945/173 6415/478/172
f 6418/2344/173 6420/2345/174 6419/993/174 6417/945/173
f 6420/2345/174 6422/2346/175 6421/458/175 6419/993/174
f 6422/2346/175 6424/2347/176 6423/1020/176 6421/458/175
f 6424/2347/176 6426/2348/177 6425/1072/177 6423/1020/176
f 6426/2348/177 6428/2349/178 6427/422/178 6425/1072/177
f 6428/2349/178 6430/2350/179 6429/1089/179 6427/422/178
f 6430/2350/179 6432/2351/180 6431/1090/180 6429/1089/179
f 6432/2351/180 6434/2352/181 6433/348/181 6431/1090/180
f 6434/2352/181 6436/2353/182 6435/1029/182 6433/348/181
f 6436/2353/182 6438/2354/183 6437/1001/183 6435/1029/182
f 6438/2354/183 6440/2355/184 6439/388/184 6437/1001/183
f 6440/2355/184 6442/2356/185 6441/980/185 6439/388/184
f 6442/2356/185 6444/2357/186 6443/974/186 6441/980/185
f 6444/2357/186 6446/2358/187 6445/401/187 6443/974/186
f 6446/2358/187 6448/2359/188 6447/1062/188 6445/401/187
f 6448/2359/188 6450/2360/189 6449/1038/189 6447/1062/188
f 6450/2360/189 6452/2361/190 6451/367/190 6449/1038/189
f 6452/2361/190 6454/2362/191 6453/1052/191 6451/367/190
f 6454/2362/191 6456/2363/192 6455/1058/192 6453/1052/191
f 6456/2363/192 6458/2364/193 6457/330/193 6455/1058/192
f 6458/2364/193 6460/2365/165 6459/1011/165 6457/330/193
f 6460/2365/165 6462/2366/194 6461/1026/194 6459/1011/165
f 6462/2366/194 6410/2284/169 6409/70/169 6461/1026/194
f 6464/2042/195 6466/2367/195 6465/490/195 6463/146/195
f 6466/2367/195 6468/2368/196 6467/139/196 6465/490/195
f 6468/2368/196 6470/2369/196 6469/528/196 6467/139/196
f 6470/2369/196 6472/2163/197 6471/23/197 6469/528/196
f 6472/2163/197 6474/2370/198 6473/555/198 6471/23/197
f 6474/2370/198 6476/2371/199 6475/52/199 6473/555/198
f 6476/2371/199 6478/2372/200 6477/547/200 6475/52/199
f 6478/2372/200 6464/2284/195 6463/70/195 6477/547/200
f 6480/2042/201 6482/2349/202 6481/422/202 6479/146/201
f 6482/2349/202 6484/2358/203 6483/401/203 6481/422/202
f 6484/2358/203 6480/2284/201 6479/70/201 6483/401/203
f 6486/2042/204 6488/2373/205 6487/2374/205 6485/146/204
f 6488/2373/205 6490/2375/206 6489/1435/206 6487/2374/205
f 6490/2375/206 6492/2376/207 6491/2377/207 6489/1435/206
f 6492/2376/207 6494/2378/208 6493/1441/208 6491/2377/207
f 6494/2378/208 6496/2379/209 6495/2380/209 6493/1441/208
f 6496/2379/209 6498/2381/210 6497/1447/210 6495/2380/209
f 6498/2381/210 6500/2382/211 6499/2383/211 6497/1447/210
f 6500/2382/211 6502/2384/212 6501/1453/212 6499/2383/211
f 6502/2384/212 6504/2385/213 6503/2386/213 6501/1453/212
f 6504/2385/213 6506/2387/214 6505/1461/214 6503/2386/213
f 6506/2387/214 6508/2388/215 6507/2389/215 6505/1461/214
f 6508/2388/215 6510/2390/216 6509/1473/216 6507/2389/215
f 6510/2390/216 6512/2391/217 6511/2392/217 6509/1473/216
f 6512/2391/217 6514/2393/218 6513/703/218 6511/2392/217
f 6514/2393/218 6516/2394/219 6515/2395/219 6513/703/218
f 6516/2394/219 6518/2396/220 6517/1496/220 6515/2395/219
f 6518/2396/220 6520/2397/221 6519/2398/221 6517/1496/220
f 6520/2397/221 6522/2399/222 6521/1489/222 6519/2398/221
f 6522/2399/222 6524/2400/223 6523/2401/223 6521/1489/222
f 6524/2400/223 6526/2402/224 6525/1479/224 6523/2401/223
f 6526/2402/224 6528/2403/225 6527/2404/225 6525/1479/224
f 6528/2403/225 6530/2405/226 6529/1467/226 6527/2404/225
f 6530/2405/226 6532/2406/227 6531/2407/227 6529/1467/226
f 6532/2406/227 6534/2408/228 6533/1457/228 6531/2407/227
f 6534/2408/228 6536/2409/229 6535/2410/229 6533/1457/228
f 6536/2409/229 6538/2411/230 6537/1468/230 6535/2410/229
f 6538/2411/230 6540/2412/231 6539/2413/231 6537/1468/230
f 6540/2412/231 6542/2414/232 6541/665/232 6539/2413/231
f 6542/2414/232 6544/2415/233 6543/2416/233 6541/665/232
f 6544/2415/233 6546/2417/234 6545/1490/234 6543/2416/233
f 6546/2417/234 6548/2418/235 6547/2419/235 6545/1490/234
f 6548/2418/235 6550/2420/236 6549/1492/236 6547/2419/235
f 6550/2420/236 6552/2421/237 6551/2422/237 6549/1492/236
f 6552/2421/237 6554/2423/238 6553/1484/238 6551/2422/237
f 6554/2423/238 6556/2424/239 6555/2425/239 6553/1484/238
f 6556/2424/239 6558/2426/240 6557/1474/240 6555/2425/239
f 6558/2426/240 6560/2427/241 6559/2428/241 6557/1474/240
f 6560/2427/241 6562/2429/242 6561/1462/242 6559/2428/241
f 6562/2429/242 6564/2430/243 6563/2431/243 6561/1462/242
f 6564/2430/243 6566/2432/244 6565/1452/244 6563/2431/243
f 6566/2432/244 6568/2433/245 6567/2434/245 6565/1452/244
f 6568/2433/245 6570/2435/246 6569/654/246 6567/2434/245
f 6570/2435/246 6572/2436/247 6571/2437/247 6569/654/246
f 6572/2436/247 6574/2438/248 6573/1442/248 6571/2437/247
f 6574/2438/248 6576/2439/249 6575/2440/249 6573/1442/248
f 6576/2439/249 6578/2441/250 6577/1436/250 6575/2440/249
f 6578/2441/250 6580/2442/251 6579/2443/251 6577/1436/250
f 6580/2442/251 6582/2444/252 6581/1430/252 6579/2443/251
f 6582/2444/252 6584/2163/253 6583/23/253 6581/1430/252
f 6584/2163/253 6586/2445/254 6585/1427/254 6583/23/253
f 6586/2445/254 6588/2446/255 6587/2447/255 6585/1427/254
f 6588/2446/255 6590/2448/256 6589/1424/256 6587/2447/255
f 6590/2448/256 6592/2449/257 6591/2450/257 6589/1424/256
f 6592/2449/257 6594/2451/258 6593/1421/258 6591/2450/257
f 6594/2451/258 6596/2452/259 6595/2453/259 6593/1421/258
f 6596/2452/259 6598/2454/260 6597/729/260 6595/2453/259
f 6598/2454/260 6600/2455/261 6599/2456/261 6597/729/260
f 6600/2455/261 6602/2457/262 6601/1413/262 6599/2456/261
f 6602/2457/262 6604/2458/263 6603/2459/263 6601/1413/262
f 6604/2458/263 6606/2460/264 6605/1408/264 6603/2459/263
f 6606/2460/264 6608/2461/265 6607/2462/265 6605/1408/264
f 6608/2461/265 6610/2463/266 6609/1403/266 6607/2462/265
f 6610/2463/266 6612/2464/267 6611/2465/267 6609/1403/266
f 6612/2464/267 6614/2466/268 6613/1396/268 6611/2465/267
f 6614/2466/268 6616/2467/269 6615/2468/269 6613/1396/268
f 6616/2467/269 6618/2469/270 6617/1365/270 6615/2468/269
f 6618/2469/270 6620/2470/271 6619/2471/271 6617/1365/270
f 6620/2470/271 6622/2472/272 6621/1370/272 6619/2471/271
f 6622/2472/272 6624/2473/273 6623/2474/273 6621/1370/272
f 6624/2473/273 6626/2475/274 6625/797/274 6623/2474/273
f 6626/2475/274 6628/2476/275 6627/2477/275 6625/797/274
f 6628/2476/275 6630/2478/276 6629/1379/276 6627/2477/275
f 6630/2478/276 6632/2479/277 6631/2480/277 6629/1379/276
f 6632/2479/277 6634/2481/278 6633/1385/278 6631/2480/277
f 6634/2481/278 6636/2482/279 6635/2483/279 6633/1385/278
f 6636/2482/279 6638/2484/280 6637/1388/280 6635/2483/279
f 6638/2484/280 6640/2485/281 6639/2486/281 6637/1388/280
f 6640/2485/281 6642/2487/282 6641/1391/282 6639/2486/281
f 6642/2487/282 6644/2488/283 6643/2489/283 6641/1391/282
f 6644/2488/283 6646/2490/284 6645/1394/284 6643/2489/283
f 6646/2490/284 6648/2491/285 6647/2492/285 6645/1394/284
f 6648/2491/285 6650/2493/286 6649/1382/286 6647/2492/285
f 6650/2493/286 6652/2494/287 6651/2495/287 6649/1382/286
f 6652/2494/287 6654/2496/288 6653/778/288 6651/2495/287
f 6654/2496/288 6656/2497/289 6655/2498/289 6653/778/288
f 6656/2497/289 6658/2499/290 6657/1371/290 6655/2498/289
f 6658/2499/290 6660/2500/291 6659/2501/291 6657/1371/290
f 6660/2500/291 6662/2502/292 6661/1363/292 6659/2501/291
f 6662/2502/292 6664/2503/293 6663/2504/293 6661/1363/292
f 6664/2503/293 6666/2505/294 6665/1361/294 6663/2504/293
f 6666/2505/294 6668/2506/295 6667/2507/295 6665/1361/294
f 6668/2506/295 6670/2508/296 6669/1400/296 6667/2507/295
f 6670/2508/296 6672/2509/297 6671/2510/297 6669/1400/296
f 6672/2509/297 6674/2511/298 6673/1407/298 6671/2510/297
f 6674/2511/298 6676/2512/299 6675/2513/299 6673/1407/298
f 6676/2512/299 6678/2514/300 6677/1414/300 6675/2513/299
f 6678/2514/300 6680/2515/301 6679/2516/301 6677/1414/300
f 6680/2515/301 6486/2284/204 6485/70/204 6679/2516/301
f 6682/2042/165 6684/2517/194 6683/2518/194 6681/146/165
f 6684/2517/194 6686/2519/194 6685/990/194 6683/2518/194
f 6686/2519/194 6688/2368/165 6687/139/165 6685/990/194
f 6688/2368/165 6690/2349/165 6689/422/165 6687/139/165
f 6690/2349/165 6692/2520/194 6691/2521/194 6689/422/165
f 6692/2520/194 6694/2163/194 6693/23/194 6691/2521/194
f 6694/2163/194 6696/2522/165 6695/2523/165 6693/23/194
f 6696/2522/165 6698/2358/166 6697/401/166 6695/2523/165
f 6698/2358/166 6700/2371/167 6699/52/167 6697/401/166
f 6700/2371/167 6702/2524/194 6701/1063/194 6699/52/167
f 6702/2524/194 6704/2525/165 6703/2526/165 6701/1063/194
f 6704/2525/165 6682/2284/165 6681/70/165 6703/2526/165
f 6706/2042/302 6708/2527/303 6707/2528/303 6705/146/302
f 6708/2527/303 6710/2529/304 6709/2530/304 6707/2528/303
f 6710/2529/304 6712/2531/305 6711/2532/305 6709/2530/304
f 6712/2531/305 6714/2533/306 6713/2534/306 6711/2532/305
f 6714/2533/306 6716/2535/307 6715/2536/307 6713/2534/306
f 6716/2535/307 6718/2537/308 6717/2538/308 6715/2536/307
f 6718/2537/308 6720/2539/309 6719/2540/309 6717/2538/308
f 6720/2539/309 6722/2541/310 6721/2542/310 6719/2540/309
f 6722/2541/310 6724/2543/311 6723/2544/311 6721/2542/310
f 6724/2543/311 6726/2545/312 6725/2546/312 6723/2544/311
f 6726/2545/312 6728/2547/313 6727/2548/313 6725/2546/312
f 6728/2547/313 6730/2549/314 6729/2550/314 6727/2548/313
f 6730/2549/314 6732/2551/315 6731/1287/315 6729/2550/314
f 6732/2551/315 6734/2552/316 6733/2553/316 6731/1287/315
f 6734/2552/316 6736/2554/317 6735/2555/317 6733/2553/316
f 6736/2554/317 6738/2556/318 6737/2557/318 6735/2555/317
f 6738/2556/318 6740/2558/319 6739/2559/319 6737/2557/318
f 6740/2558/319 6742/2560/320 6741/2561/320 6739/2559/319
f 6742/2560/320 6744/2562/321 6743/2563/321 6741/2561/320
f 6744/2562/321 6746/2564/322 6745/2565/322 6743/2563/321
f 6746/2564/322 6748/2566/323 6747/2567/323 6745/2565/322
f 6748/2566/323 6750/2568/324 6749/2569/324 6747/2567/323
f 6750/2568/324 6752/2570/325 6751/2571/325 6749/2569/324
f 6752/2570/325 6754/2572/326 6753/2573/326 6751/2571/325
f 6754/2572/326 6756/2574/327 6755/2575/327 6753/2573/326
f 6756/2574/327 6758/2367/328 6757/490/328 6755/2575/327
f 6758/2367/328 6760/2576/329 6759/2577/329 6757/490/328
f 6760/2576/329 6762/2578/330 6761/2579/330 6759/2577/329
f 6762/2578/330 6764/2580/331 6763/2581/331 6761/2579/330
f 6764/2580/331 6766/2582/332 6765/2583/332 6763/2581/331
f 6766/2582/332 6768/2584/333 6767/2585/333 6765/2583/332
f 6768/2584/333 6770/2586/334 6769/2587/334 6767/2585/333
f 6770/2586/334 6772/2588/335 6771/2589/335 6769/2587/334
f 6772/2588/335 6774/2590/336 6773/2591/336 6771/2589/335
f 6774/2590/336 6776/2592/337 6775/2593/337 6773/2591/336
f 6776/2592/337 6778/2594/338 6777/2595/338 6775/2593/337
f 6778/2594/338 6780/2596/339 6779/2597/339 6777/2595/338
f 6780/2596/339 6782/2598/340 6781/2599/340 6779/2597/339
f 6782/2598/340 6784/2600/340 6783/1317/340 6781/2599/340
f 6784/2600/340 6786/2601/341 6785/2602/341 6783/1317/340
f 6786/2601/341 6788/2603/342 6787/2604/342 6785/2602/341
f 6788/2603/342 6790/2605/343 6789/2606/343 6787/2604/342
f 6790/2605/343 6792/2607/344 6791/2608/344 6789/2606/343
f 6792/2607/344 6794/2609/345 6793/2610/345 6791/2608/344
f 6794/2609/345 6796/2611/346 6795/2612/346 6793/2610/345
f 6796/2611/346 6798/2613/347 6797/2614/347 6795/2612/346
f 6798/2613/347 6800/2615/348 6799/2616/348 6797/2614/347
f 6800/2615/348 6802/2617/349 6801/2618/349 6799/2616/348
f 6802/2617/349 6804/2619/350 6803/2620/350 6801/2618/349
f 6804/2619/350 6806/2621/351 6805/2622/351 6803/2620/350
f 6806/2621/351 6808/2623/352 6807/2624/352 6805/2622/351
f 6808/2623/352 6810/2368/353 6809/139/353 6807/2624/352
f 6810/2368/353 6812/2625/354 6811/2626/354 6809/139/353
f 6812/2625/354 6814/2627/355 6813/2628/355 6811/2626/354
f 6814/2627/355 6816/2629/356 6815/2630/356 6813/2628/355
f 6816/2629/356 6818/2631/357 6817/2632/357 6815/2630/356
f 6818/2631/357 6820/2633/358 6819/2634/358 6817/2632/357
f 6820/2633/358 6822/2635/359 6821/2636/359 6819/2634/358
f 6822/2635/359 6824/2637/360 6823/2638/360 6821/2636/359
f 6824/2637/360 6826/2639/361 6825/2640/361 6823/2638/360
f 6826/2639/361 6828/2641/362 6827/2642/362 6825/2640/361
f 6828/2641/362 6830/2643/363 6829/2644/363 6827/2642/362
f 6830/2643/363 6832/2645/364 6831/2646/364 6829/2644/363
f 6832/2645/364 6834/2647/365 6833/2648/365 6831/2646/364
f 6834/2647/365 6836/2649/366 6835/1347/366 6833/2648/365
f 6836/2649/366 6838/2650/367 6837/2651/367 6835/1347/366
f 6838/2650/367 6840/2652/368 6839/2653/368 6837/2651/367
f 6840/2652/368 6842/2654/369 6841/2655/369 6839/2653/368
f 6842/2654/369 6844/2656/370 6843/2657/370 6841/2655/369
f 6844/2656/370 6846/2658/371 6845/2659/371 6843/2657/370
f 6846/2658/371 6848/2660/372 6847/2661/372 6845/2659/371
f 6848/2660/372 6850/2662/373 6849/2663/373 6847/2661/372
f 6850/2662/373 6852/2664/374 6851/2665/374 6849/2663/373
f 6852/2664/374 6854/2666/375 6853/2667/375 6851/2665/374
f 6854/2666/375 6856/2668/376 6855/2669/376 6853/2667/375
f 6856/2668/376 6858/2670/377 6857/2671/377 6855/2669/376
f 6858/2670/377 6860/2672/378 6859/2673/378 6857/2671/377
f 6860/2672/378 6862/2369/379 6861/528/379 6859/2673/378
f 6862/2369/379 6864/2674/379 6863/2675/379 6861/528/379
f 6864/2674/379 6866/2676/380 6865/2677/380 6863/2675/379
f 6866/2676/380 6868/2678/381 6867/2679/381 6865/2677/380
f 6868/2678/381 6870/2680/242 6869/2681/242 6867/2679/381
f 6870/2680/242 6872/2682/382 6871/2683/382 6869/2681/242
f 6872/2682/382 6874/2684/383 6873/2685/383 6871/2683/382
f 6874/2684/383 6876/2686/384 6875/2687/384 6873/2685/383
f 6876/2686/384 6878/2688/385 6877/2689/385 6875/2687/384
f 6878/2688/385 6880/2690/386 6879/2691/386 6877/2689/385
f 6880/2690/386 6882/2692/387 6881/2693/387 6879/2691/386
f 6882/2692/387 6884/2694/388 6883/2695/388 6881/2693/387
f 6884/2694/388 6886/2696/389 6885/2697/389 6883/2695/388
f 6886/2696/389 6888/2698/390 6887/1357/390 6885/2697/389
f 6888/2698/390 6890/2699/391 6889/2700/391 6887/1357/390
f 6890/2699/391 6892/2701/392 6891/2702/392 6889/2700/391
f 6892/2701/392 6894/2703/393 6893/2704/393 6891/2702/392
f 6894/2703/393 6896/2705/394 6895/2706/394 6893/2704/393
f 6896/2705/394 6898/2707/395 6897/2708/395 6895/2706/394
f 6898/2707/395 6900/2709/396 6899/2710/396 6897/2708/395
f 6900/2709/396 6902/2711/397 6901/2712/397 6899/2710/396
f 6902/2711/397 6904/2713/398 6903/2714/398 6901/2712/397
f 6904/2713/398 6906/2715/399 6905/2716/399 6903/2714/398
f 6906/2715/399 6908/2717/400 6907/2718/400 6905/2716/399
f 6908/2717/400 6910/2719/401 6909/2720/401 6907/2718/400
f 6910/2719/401 6912/2721/402 6911/2722/402 6909/2720/401
f 6912/2721/402 6914/2163/403 6913/23/403 6911/2722/402
f 6914/2163/403 6916/2723/404 6915/2724/404 6913/23/403
f 6916/2723/404 6918/2725/405 6917/2726/405 6915/2724/404
f 6918/2725/405 6920/2727/406 6919/2728/406 6917/2726/405
f 6920/2727/406 6922/2729/407 6921/2730/407 6919/2728/406
f 6922/2729/407 6924/2731/408 6923/2732/408 6921/2730/407
f 6924/2731/408 6926/2733/409 6925/2734/409 6923/2732/408
f 6926/2733/409 6928/2735/410 6927/2736/410 6925/2734/409
f 6928/2735/410 6930/2737/411 6929/2738/411 6927/2736/410
f 6930/2737/411 6932/2739/412 6931/2740/412 6929/2738/411
f 6932/2739/412 6934/2741/413 6933/2742/413 6931/2740/412
f 6934/2741/413 6936/2743/414 6935/2744/414 6933/2742/413
f 6936/2743/414 6938/2745/415 6937/2746/415 6935/2744/414
f 6938/2745/415 6940/2747/416 6939/1322/416 6937/2746/415
f 6940/2747/416 6942/2748/417 6941/2749/417 6939/1322/416
f 6942/2748/417 6944/2750/418 6943/2751/418 6941/2749/417
f 6944/2750/418 6946/2752/419 6945/2753/419 6943/2751/418
f 6946/2752/419 6948/2754/420 6947/2755/420 6945/2753/419
f 6948/2754/420 6950/2756/421 6949/2757/421 6947/2755/420
f 6950/2756/421 6952/2758/422 6951/2759/422 6949/2757/421
f 6952/2758/422 6954/2760/423 6953/2761/423 6951/2759/422
f 6954/2760/423 6956/2762/424 6955/2763/424 6953/2761/423
f 6956/2762/424 6958/2764/425 6957/2765/425 6955/2763/424
f 6958/2764/425 6960/2766/426 6959/2767/426 6957/2765/425
f 6960/2766/426 6962/2768/427 6961/2769/427 6959/2767/426
f 6962/2768/427 6964/2770/428 6963/2771/428 6961/2769/427
f 6964/2770/428 6966/2370/429 6965/555/429 6963/2771/428
f 6966/2370/429 6968/2772/430 6967/2773/430 6965/555/429
f 6968/2772/430 6970/2774/431 6969/2775/431 6967/2773/430
f 6970/2774/431 6972/2776/432 6971/2777/432 6969/2775/431
f 6972/2776/432 6974/2778/433 6973/2779/433 6971/2777/432
f 6974/2778/433 6976/2780/434 6975/2781/434 6973/2779/433
f 6976/2780/434 6978/2782/435 6977/2783/435 6975/2781/434
f 6978/2782/435 6980/2784/436 6979/2785/436 6977/2783/435
f 6980/2784/436 6982/2786/437 6981/2787/437 6979/2785/436
f 6982/2786/437 6984/2788/438 6983/2789/438 6981/2787/437
f 6984/2788/438 6986/2790/439 6985/2791/439 6983/2789/438
f 6986/2790/439 6988/2792/440 6987/2793/440 6985/2791/439
f 6988/2792/440 6990/2794/441 6989/2795/441 6987/2793/440
f 6990/2794/441 6992/2796/442 6991/1308/442 6989/2795/441
f 6992/2796/442 6994/2797/443 6993/2798/443 6991/1308/442
f 6994/2797/443 6996/2799/444 6995/2800/444 6993/2798/443
f 6996/2799/444 6998/2801/445 6997/2802/445 6995/2800/444
f 6998/2801/445 7000/2803/446 6999/2804/446 6997/2802/445
f 7000/2803/446 7002/2805/447 7001/2806/447 6999/2804/446
f 7002/2805/447 7004/2807/448 7003/2808/448 7001/2806/447
f 7004/2807/448 7006/2809/449 7005/2810/449 7003/2808/448
f 7006/2809/449 7008/2811/450 7007/2812/450 7005/2810/449
f 7008/2811/450 7010/2813/451 7009/2814/451 7007/2812/450
f 7010/2813/451 7012/2815/452 7011/2816/452 7009/2814/451
f 7012/2815/452 7014/2817/453 7013/2818/453 7011/2816/452
f 7014/2817/453 7016/2819/454 7015/2820/454 7013/2818/453
f 7016/2819/454 7018/2371/455 7017/52/455 7015/2820/454
f 7018/2371/455 7020/2821/456 7019/2822/456 7017/52/455
f 7020/2821/456 7022/2823/457 7021/2824/457 7019/2822/456
f 7022/2823/457 7024/2825/458 7023/2826/458 7021/2824/457
f 7024/2825/458 7026/2827/459 7025/2828/459 7023/2826/458
f 7026/2827/459 7028/2829/460 7027/2830/460 7025/2828/459
f 7028/2829/460 7030/2831/461 7029/2832/461 7027/2830/460
f 7030/2831/461 7032/2833/462 7031/2834/462 7029/2832/461
f 7032/2833/462 7034/2835/463 7033/2836/463 7031/2834/462
f 7034/2835/463 7036/2837/464 7035/2838/464 7033/2836/463
f 7036/2837/464 7038/2839/465 7037/2840/465 7035/2838/464
f 7038/2839/465 7040/2841/466 7039/2842/466 7037/2840/465
f 7040/2841/466 7042/2843/467 7041/2844/467 7039/2842/466
f 7042/2843/467 7044/2845/468 7043/1307/468 7041/2844/467
f 7044/2845/468 7046/2846/469 7045/2847/469 7043/1307/468
f 7046/2846/469 7048/2848/470 7047/2849/470 7045/2847/469
f 7048/2848/470 7050/2850/471 7049/2851/471 7047/2849/470
f 7050/2850/471 7052/2852/472 7051/2853/472 7049/2851/471
f 7052/2852/472 7054/2854/473 7053/2855/473 7051/2853/472
f 7054/2854/473 7056/2856/474 7055/2857/474 7053/2855/473
f 7056/2856/474 7058/2858/475 7057/2859/475 7055/2857/474
f 7058/2858/475 7060/2860/476 7059/2861/476 7057/2859/475
f 7060/2860/476 7062/2862/315 7061/2863/315 7059/2861/476
f 7062/2862/315 7064/2864/477 7063/2865/477 7061/2863/315
f 7064/2864/477 7066/2866/478 7065/2867/478 7063/2865/477
f 7066/2866/478 7068/2868/479 7067/2869/479 7065/2867/478
f 7068/2868/479 7070/2372/480 7069/547/480 7067/2869/479
f 7070/2372/480 7072/2870/481 7071/2871/481 7069/547/480
f 7072/2870/481 7074/2872/482 7073/2873/482 7071/2871/481
f 7074/2872/482 7076/2874/483 7075/2875/483 7073/2873/482
f 7076/2874/483 7078/2876/484 7077/2877/484 7075/2875/483
f 7078/2876/484 7080/2878/485 7079/2879/485 7077/2877/484
f 7080/2878/485 7082/2880/486 7081/2881/486 7079/2879/485
f 7082/2880/486 7084/2882/487 7083/2883/487 7081/2881/486
f 7084/2882/487 7086/2884/488 7085/2885/488 7083/2883/487
f 7086/2884/488 7088/2886/489 7087/2887/489 7085/2885/488
f 7088/2886/489 7090/2888/490 7089/2889/490 7087/2887/489
f 7090/2888/490 7092/2890/491 7091/2891/491 7089/2889/490
f 7092/2890/491 7094/2892/492 7093/2893/492 7091/2891/491
f 7094/2892/492 7096/2894/493 7095/1275/493 7093/2893/492
f 7096/2894/493 7098/2895/494 7097/2896/494 7095/1275/493
f 7098/2895/494 7100/2897/495 7099/2898/495 7097/2896/494
f 7100/2897/495 7102/2899/496 7101/2900/496 7099/2898/495
f 7102/2899/496 7104/2901/497 7103/2902/497 7101/2900/496
f 7104/2901/497 7106/2903/498 7105/2904/498 7103/2902/497
f 7106/2903/498 7108/2905/499 7107/2906/499 7105/2904/498
f 7108/2905/499 7110/2907/500 7109/2908/500 7107/2906/499
f 7110/2907/500 7112/2909/501 7111/2910/501 7109/2908/500
f 7112/2909/501 7114/2911/502 7113/2912/502 7111/2910/501
f 7114/2911/502 7116/2913/503 7115/2914/503 7113/2912/502
f 7116/2913/503 7118/2915/504 7117/2916/504 7115/2914/503
f 7118/2915/504 7120/2917/505 7119/2918/505 7117/2916/504
f 7120/2917/505 6706/2284/302 6705/70/302 7119/2918/505
f 7122/2042/506 7124/2919/506 7123/251/506 7121/146/506
f 7124/2919/506 7126/2920/506 7125/255/506 7123/251/506
f 7126/2920/506 7128/2921/506 7127/269/506 7125/255/506
f 7128/2921/506 7130/2922/506 7129/281/506 7127/269/506
f 7130/2922/506 7132/2923/506 7131/288/506 7129/281/506
f 7132/2923/506 7134/2924/506 7133/283/506 7131/288/506
f 7134/2924/506 7136/2925/506 7135/280/506 7133/283/506
f 7136/2925/506 7138/2926/506 7137/270/506 7135/280/506
f 7138/2926/506 7140/2927/506 7139/256/506 7137/270/506
f 7140/2927/506 7142/2928/506 7141/252/506 7139/256/506
f 7142/2928/506 7144/2929/507 7143/248/507 7141/252/506
f 7144/2929/507 7146/2930/508 7145/243/508 7143/248/507
f 7146/2930/508 7148/2931/509 7147/241/509 7145/243/508
f 7148/2931/509 7150/2932/510 7149/240/510 7147/241/509
f 7150/2932/510 7152/2933/511 7151/238/511 7149/240/510
f 7152/2933/511 7154/2934/512 7153/237/512 7151/238/511
f 7154/2934/512 7156/2935/513 7155/235/513 7153/237/512
f 7156/2935/513 7158/2936/514 7157/232/514 7155/235/513
f 7158/2936/514 7160/2937/515 7159/227/515 7157/232/514
f 7160/2937/515 7162/2938/516 7161/221/516 7159/227/515
f 7162/2938/516 7164/2939/517 7163/217/517 7161/221/516
f 7164/2939/517 7166/2940/518 7165/215/518 7163/217/517
f 7166/2940/518 7168/2941/519 7167/213/519 7165/215/518
f 7168/2941/519 7170/2942/520 7169/174/520 7167/213/519
f 7170/2942/520 7172/2943/521 7171/175/521 7169/174/520
f 7172/2943/521 7174/2944/522 7173/178/522 7171/175/521
f 7174/2944/522 7176/2945/523 7175/185/523 7173/178/522
f 7176/2945/523 7178/2946/524 7177/189/524 7175/185/523
f 7178/2946/524 7180/2947/525 7179/194/525 7177/189/524
f 7180/2947/525 7182/2948/526 7181/198/526 7179/194/525
f 7182/2948/526 7184/2949/527 7183/201/527 7181/198/526
f 7184/2949/527 7186/2950/528 7185/203/528 7183/201/527
f 7186/2950/528 7188/2951/529 7187/205/529 7185/203/528
f 7188/2951/529 7190/2952/530 7189/207/530 7187/205/529
f 7190/2952/530 7192/2953/531 7191/209/531 7189/207/530
f 7192/2953/531 7194/2954/532 7193/211/532 7191/209/531
f 7194/2954/532 7196/2163/533 7195/23/533 7193/211/532
f 7196/2163/533 7198/2955/533 7197/195/533 7195/23/533
f 7198/2955/533 7200/2956/533 7199/191/533 7197/195/533
f 7200/2956/533 7202/2957/533 7201/188/533 7199/191/533
f 7202/2957/533 7204/2958/533 7203/184/533 7201/188/533
f 7204/2958/533 7206/2959/533 7205/179/533 7203/184/533
f 7206/2959/533 7208/2960/533 7207/180/533 7205/179/533
f 7208/2960/533 7210/2961/533 7209/220/533 7207/180/533
f 7210/2961/533 7212/2962/533 7211/223/533 7209/220/533
f 7212/2962/533 7214/2963/533 7213/226/533 7211/223/533
f 7214/2963/533 7216/2964/533 7215/229/533 7213/226/533
f 7216/2964/533 7218/2965/534 7217/231/534 7215/229/533
f 7218/2965/534 7220/2966/535 7219/244/535 7217/231/534
f 7220/2966/535 7222/2967/536 7221/316/536 7219/244/535
f 7222/2967/536 7224/2968/537 7223/313/537 7221/316/536
f 7224/2968/537 7226/2969/538 7225/311/538 7223/313/537
f 7226/2969/538 7228/2970/539 7227/309/539 7225/311/538
f 7228/2970/539 7230/2971/540 7229/307/540 7227/309/539
f 7230/2971/540 7232/2972/541 7231/305/541 7229/307/540
f 7232/2972/541 7234/2973/542 7233/302/542 7231/305/541
f 7234/2973/542 7236/2974/543 7235/299/543 7233/302/542
f 7236/2974/543 7238/2975/544 7237/296/544 7235/299/543
f 7238/2975/544 7240/2976/262 7239/292/262 7237/296/544
f 7240/2976/262 7242/2977/545 7241/289/545 7239/292/262
f 7242/2977/545 7244/2978/546 7243/279/546 7241/289/545
f 7244/2978/546 7246/2979/547 7245/275/547 7243/279/546
f 7246/2979/547 7248/2980/548 7247/272/548 7245/275/547
f 7248/2980/548 7250/2981/549 7249/268/549 7247/272/548
f 7250/2981/549 7252/2982/550 7251/266/550 7249/268/549
f 7252/2982/550 7254/2983/551 7253/262/551 7251/266/550
f 7254/2983/551 7256/2984/552 7255/257/552 7253/262/551
f 7256/2984/552 7258/2985/553 7257/258/553 7255/257/552
f 7258/2985/553 7260/2986/554 7259/277/554 7257/258/553
f 7260/2986/554 7262/2987/555 7261/290/555 7259/277/554
f 7262/2987/555 7264/2988/556 7263/295/556 7261/290/555
f 7264/2988/556 7266/2989/557 7265/300/557 7263/295/556
f 7266/2989/557 7268/2990/558 7267/304/558 7265/300/557
f 7268/2990/558 7122/2284/506 7121/70/506 7267/304/558
f 7270/2042/559 7272/2991/560 7271/2992/560 7269/146/559
f 7272/2991/560 7274/2993/561 7273/2994/561 7271/2992/560
f 7274/2993/561 7276/2920/562 7275/255/562 7273/2994/561
f 7276/2920/562 7278/2995/563 7277/2996/563 7275/255/562
f 7278/2995/563 7280/2997/564 7279/2998/564 7277/2996/563
f 7280/2997/564 7282/2922/565 7281/281/565 7279/2998/564
f 7282/2922/565 7284/2999/566 7283/3000/566 7281/281/565
f 7284/2999/566 7286/3001/567 7285/3002/567 7283/3000/566
f 7286/3001/567 7288/2924/568 7287/283/568 7285/3002/567
f 7288/2924/568 7290/3003/569 7289/3004/569 7287/283/568
f 7290/3003/569 7292/3005/570 7291/3006/570 7289/3004/569
f 7292/3005/570 7294/2926/571 7293/270/571 7291/3006/570
f 7294/2926/571 7296/3007/572 7295/3008/572 7293/270/571
f 7296/3007/572 7298/3009/573 7297/3010/573 7295/3008/572
f 7298/3009/573 7300/2928/574 7299/252/574 7297/3010/573
f 7300/2928/574 7302/3011/575 7301/3012/575 7299/252/574
f 7302/3011/575 7304/3013/576 7303/3014/576 7301/3012/575
f 7304/3013/576 7306/2930/577 7305/243/577 7303/3014/576
f 7306/2930/577 7308/3015/578 7307/3016/578 7305/243/577
f 7308/3015/578 7310/3017/579 7309/3018/579 7307/3016/578
f 7310/3017/579 7312/2932/580 7311/240/580 7309/3018/579
f 7312/2932/580 7314/3019/581 7313/3020/581 7311/240/580
f 7314/3019/581 7316/3021/582 7315/3022/582 7313/3020/581
f 7316/3021/582 7318/2934/583 7317/237/583 7315/3022/582
f 7318/2934/583 7320/3023/584 7319/3024/584 7317/237/583
f 7320/3023/584 7322/3025/585 7321/3026/585 7319/3024/584
f 7322/3025/585 7324/2936/586 7323/232/586 7321/3026/585
f 7324/2936/586 7326/3027/587 7325/3028/587 7323/232/586
f 7326/3027/587 7328/3029/588 7327/3030/588 7325/3028/587
f 7328/3029/588 7330/2938/589 7329/221/589 7327/3030/588
f 7330/2938/589 7332/3031/590 7331/3032/590 7329/221/589
f 7332/3031/590 7334/3033/591 7333/3034/591 7331/3032/590
f 7334/3033/591 7336/2940/592 7335/215/592 7333/3034/591
f 7336/2940/592 7338/3035/593 7337/3036/593 7335/215/592
f 7338/3035/593 7340/3037/594 7339/3038/594 7337/3036/593
f 7340/3037/594 7342/2942/595 7341/174/595 7339/3038/594
f 7342/2942/595 7344/2349/596 7343/422/596 7341/174/595
f 7344/2349/596 7346/3039/597 7345/3040/597 7343/422/596
f 7346/3039/597 7348/2944/598 7347/178/598 7345/3040/597
f 7348/2944/598 7350/3041/599 7349/3042/599 7347/178/598
f 7350/3041/599 7352/3043/600 7351/3044/600 7349/3042/599
f 7352/3043/600 7354/2946/601 7353/189/601 7351/3044/600
f 7354/2946/601 7356/3045/602 7355/3046/602 7353/189/601
f 7356/3045/602 7358/3047/603 7357/3048/603 7355/3046/602
f 7358/3047/603 7360/2948/604 7359/198/604 7357/3048/603
f 7360/2948/604 7362/3049/605 7361/3050/605 7359/198/604
f 7362/3049/605 7364/3051/606 7363/3052/606 7361/3050/605
f 7364/3051/606 7366/2950/607 7365/203/607 7363/3052/606
f 7366/2950/607 7368/3053/608 7367/3054/608 7365/203/607
f 7368/3053/608 7370/3055/609 7369/3056/609 7367/3054/608
f 7370/3055/609 7372/2952/610 7371/207/610 7369/3056/609
f 7372/2952/610 7374/3057/611 7373/3058/611 7371/207/610
f 7374/3057/611 7376/3059/612 7375/3060/612 7373/3058/611
f 7376/3059/612 7378/2954/613 7377/211/613 7375/3060/612
f 7378/2954/613 7380/3061/614 7379/3062/614 7377/211/613
f 7380/3061/614 7382/3063/615 7381/3064/615 7379/3062/614
f 7382/3063/615 7384/2955/616 7383/195/616 7381/3064/615
f 7384/2955/616 7386/3065/617 7385/3066/617 7383/195/616
f 7386/3065/617 7388/3067/618 7387/3068/618 7385/3066/617
f 7388/3067/618 7390/2957/619 7389/188/619 7387/3068/618
f 7390/2957/619 7392/3069/620 7391/3070/620 7389/188/619
f 7392/3069/620 7394/3071/621 7393/3072/621 7391/3070/620
f 7394/3071/621 7396/2959/622 7395/179/622 7393/3072/621
f 7396/2959/622 7398/3073/623 7397/3074/623 7395/179/622
f 7398/3073/623 7400/3075/624 7399/3076/624 7397/3074/623
f 7400/3075/624 7402/2961/204 7401/220/204 7399/3076/624
f 7402/2961/204 7404/3077/625 7403/3078/625 7401/220/204
f 7404/3077/625 7406/3079/626 7405/3080/626 7403/3078/625
f 7406/3079/626 7408/2963/627 7407/226/627 7405/3080/626
f 7408/2963/627 7410/3081/628 7409/3082/628 7407/226/627
f 7410/3081/628 7412/3083/629 7411/3084/629 7409/3082/628
f 7412/3083/629 7414/2965/630 7413/231/630 7411/3084/629
f 7414/2965/630 7416/3085/631 7415/3086/631 7413/231/630
f 7416/3085/631 7418/2358/632 7417/401/632 7415/3086/631
f 7418/2358/632 7420/2967/633 7419/316/633 7417/401/632
f 7420/2967/633 7422/3087/634 7421/3088/634 7419/316/633
f 7422/3087/634 7424/3089/635 7423/3090/635 7421/3088/634
f 7424/3089/635 7426/2969/636 7425/311/636 7423/3090/635
f 7426/2969/636 7428/3091/637 7427/3092/637 7425/311/636
f 7428/3091/637 7430/3093/638 7429/3094/638 7427/3092/637
f 7430/3093/638 7432/2971/639 7431/307/639 7429/3094/638
f 7432/2971/639 7434/3095/640 7433/3096/640 7431/307/639
f 7434/3095/640 7436/3097/641 7435/3098/641 7433/3096/640
f 7436/3097/641 7438/2973/642 7437/302/642 7435/3098/641
f 7438/2973/642 7440/3099/643 7439/3100/643 7437/302/642
f 7440/3099/643 7442/3101/644 7441/3102/644 7439/3100/643
f 7442/3101/644 7444/2975/645 7443/296/645 7441/3102/644
f 7444/2975/645 7446/3103/646 7445/3104/646 7443/296/645
f 7446/3103/646 7448/3105/647 7447/3106/647 7445/3104/646
f 7448/3105/647 7450/2977/648 7449/289/648 7447/3106/647
f 7450/2977/648 7452/3107/649 7451/3108/649 7449/289/648
f 7452/3107/649 7454/3109/650 7453/3110/650 7451/3108/649
f 7454/3109/650 7456/2979/651 7455/275/651 7453/3110/650
f 7456/2979/651 7458/3111/652 7457/3112/652 7455/275/651
f 7458/3111/652 7460/3113/653 7459/3114/653 7457/3112/652
f 7460/3113/653 7462/2981/654 7461/268/654 7459/3114/653
f 7462/2981/654 7464/3115/655 7463/3116/655 7461/268/654
f 7464/3115/655 7466/3117/656 7465/3118/656 7463/3116/655
f 7466/3117/656 7468/2983/657 7467/262/657 7465/3118/656
f 7468/2983/657 7470/3119/658 7469/3120/658 7467/262/657
f 7470/3119/658 7472/3121/659 7471/3122/659 7469/3120/658
f 7472/3121/659 7474/2985/660 7473/258/660 7471/3122/659
f 7474/2985/660 7476/3123/661 7475/3124/661 7473/258/660
f 7476/3123/661 7478/3125/662 7477/3126/662 7475/3124/661
f 7478/3125/662 7480/2987/663 7479/290/663 7477/3126/662
f 7480/2987/663 7482/3127/664 7481/3128/664 7479/290/663
f 7482/3127/664 7484/3129/516 7483/3130/516 7481/3128/664
f 7484/3129/516 7486/2989/665 7485/300/665 7483/3130/516
f 7486/2989/665 7488/3131/666 7487/3132/666 7485/300/665
f 7488/3131/666 7490/3133/667 7489/3134/667 7487/3132/666
f 7490/3133/667 7270/2284/559 7269/70/559 7489/3134/667
f 7492/2042/668 7494/2541/669 7493/2542/669 7491/146/668
f 7494/2541/669 7496/2556/670 7495/2557/670 7493/2542/669
f 7496/2556/670 7498/2572/671 7497/2573/671 7495/2557/670
f 7498/2572/671 7500/2586/672 7499/2587/672 7497/2573/671
f 7500/2586/672 7502/2601/673 7501/2602/673 7499/2587/672
f 7502/2601/673 7504/2617/674 7503/2618/674 7501/2602/673
f 7504/2617/674 7506/2631/675 7505/2632/675 7503/2618/674
f 7506/2631/675 7508/2647/676 7507/2648/676 7505/2632/675
f 7508/2647/676 7510/2662/677 7509/2663/677 7507/2648/676
f 7510/2662/677 7512/2676/678 7511/2677/678 7509/2663/677
f 7512/2676/678 7514/2692/679 7513/2693/679 7511/2677/678
f 7514/2692/679 7516/2707/680 7515/2708/680 7513/2693/679
f 7516/2707/680 7518/2163/681 7517/23/681 7515/2708/680
f 7518/2163/681 7520/2737/682 7519/2738/682 7517/23/681
f 7520/2737/682 7522/2752/683 7521/2753/683 7519/2738/682
f 7522/2752/683 7524/2768/684 7523/2769/684 7521/2753/683
f 7524/2768/684 7526/2782/685 7525/2783/685 7523/2769/684
f 7526/2782/685 7528/2797/686 7527/2798/686 7525/2783/685
f 7528/2797/686 7530/2813/687 7529/2814/687 7527/2798/686
f 7530/2813/687 7532/2827/688 7531/2828/688 7529/2814/687
f 7532/2827/688 7534/2843/689 7533/2844/689 7531/2828/688
f 7534/2843/689 7536/2858/690 7535/2859/690 7533/2844/689
f 7536/2858/690 7538/2872/691 7537/2873/691 7535/2859/690
f 7538/2872/691 7540/2888/692 7539/2889/692 7537/2873/691
f 7540/2888/692 7542/2903/693 7541/2904/693 7539/2889/692
f 7542/2903/693 7492/2284/668 7491/70/668 7541/2904/693
f 7544/2042/694 7546/2541/695 7545/2542/695 7543/146/694
f 7546/2541/695 7548/2556/696 7547/2557/696 7545/2542/695
f 7548/2556/696 7550/2572/697 7549/2573/697 7547/2557/696
f 7550/2572/697 7552/2586/698 7551/2587/698 7549/2573/697
f 7552/2586/698 7554/2601/699 7553/2602/699 7551/2587/698
f 7554/2601/699 7556/2617/700 7555/2618/700 7553/2602/699
f 7556/2617/700 7558/2631/701 7557/2632/701 7555/2618/700
f 7558/2631/701 7560/2647/702 7559/2648/702 7557/2632/701
f 7560/2647/702 7562/2662/703 7561/2663/703 7559/2648/702
f 7562/2662/703 7564/2676/704 7563/2677/704 7561/2663/703
f 7564/2676/704 7566/2692/705 7565/2693/705 7563/2677/704
f 7566/2692/705 7568/2707/706 7567/2708/706 7565/2693/705
f 7568/2707/706 7570/2163/707 7569/23/707 7567/2708/706
f 7570/2163/707 7572/2737/708 7571/2738/708 7569/23/707
f 7572/2737/708 7574/2752/709 7573/2753/709 7571/2738/708
f 7574/2752/709 7576/2768/710 7575/2769/710 7573/2753/709
f 7576/2768/710 7578/2782/711 7577/2783/711 7575/2769/710
f 7578/2782/711 7580/2797/712 7579/2798/712 7577/2783/711
f 7580/2797/712 7582/2813/713 7581/2814/713 7579/2798/712
f 7582/2813/713 7584/2827/714 7583/2828/714 7581/2814/713
f 7584/2827/714 7586/2843/715 7585/2844/715 7583/2828/714
f 7586/2843/715 7588/2858/716 7587/2859/716 7585/2844/715
f 7588/2858/716 7590/2872/717 7589/2873/717 7587/2859/716
f 7590/2872/717 7592/2888/718 7591/2889/718 7589/2873/717
f 7592/2888/718 7594/2903/719 7593/2904/719 7591/2889/718
f 7594/2903/719 7544/2284/694 7543/70/694 7593/2904/719
f 7596/2042/720 7598/2541/721 7597/2542/721 7595/146/720
f 7598/2541/721 7600/2556/722 7599/2557/722 7597/2542/721
f 7600/2556/722 7602/2572/723 7601/2573/723 7599/2557/722
f 7602/2572/723 7604/2586/724 7603/2587/724 7601/2573/723
f 7604/2586/724 7606/2601/725 7605/2602/725 7603/2587/724
f 7606/2601/725 7608/2617/726 7607/2618/726 7605/2602/725
f 7608/2617/726 7610/2631/727 7609/2632/727 7607/2618/726
f 7610/2631/727 7612/2647/728 7611/2648/728 7609/2632/727
f 7612/2647/728 7614/2662/729 7613/2663/729 7611/2648/728
f 7614/2662/729 7616/2676/730 7615/2677/730 7613/2663/729
f 7616/2676/730 7618/2692/731 7617/2693/731 7615/2677/730
f 7618/2692/731 7620/2707/732 7619/2708/732 7617/2693/731
f 7620/2707/732 7622/2163/733 7621/23/733 7619/2708/732
f 7622/2163/733 7624/2737/734 7623/2738/734 7621/23/733
f 7624/2737/734 7626/2752/735 7625/2753/735 7623/2738/734
f 7626/2752/735 7628/2768/736 7627/2769/736 7625/2753/735
f 7628/2768/736 7630/2782/737 7629/2783/737 7627/2769/736
f 7630/2782/737 7632/2797/738 7631/2798/738 7629/2783/737
f 7632/2797/738 7634/2813/739 7633/2814/739 7631/2798/738
f 7634/2813/739 7636/2827/740 7635/2828/740 7633/2814/739
f 7636/2827/740 7638/2843/741 7637/2844/741 7635/2828/740
f 7638/2843/741 7640/2858/742 7639/2859/742 7637/2844/741
f 7640/2858/742 7642/2872/743 7641/2873/743 7639/2859/742
f 7642/2872/743 7644/2888/744 7643/2889/744 7641/2873/743
f 7644/2888/744 7646/2903/745 7645/2904/745 7643/2889/744
f 7646/2903/745 7596/2284/720 7595/70/720 7645/2904/745
f 7648/2042/746 7650/2541/747 7649/2542/747 7647/146/746
f 7650/2541/747 7652/2556/748 7651/2557/748 7649/2542/747
f 7652/2556/748 7654/2572/749 7653/2573/749 7651/2557/748
f 7654/2572/749 7656/2586/750 7655/2587/750 7653/2573/749
f 7656/2586/750 7658/2601/751 7657/2602/751 7655/2587/750
f 7658/2601/751 7660/2617/752 7659/2618/752 7657/2602/751
f 7660/2617/752 7662/2631/753 7661/2632/753 7659/2618/752
f 7662/2631/753 7664/2647/754 7663/2648/754 7661/2632/753
f 7664/2647/754 7666/2662/755 7665/2663/755 7663/2648/754
f 7666/2662/755 7668/2676/756 7667/2677/756 7665/2663/755
f 7668/2676/756 7670/2692/757 7669/2693/757 7667/2677/756
f 7670/2692/757 7672/2707/758 7671/2708/758 7669/2693/757
f 7672/2707/758 7674/2163/759 7673/23/759 7671/2708/758
f 7674/2163/759 7676/2737/760 7675/2738/760 7673/23/759
f 7676/2737/760 7678/2752/761 7677/2753/761 7675/2738/760
f 7678/2752/761 7680/2768/762 7679/2769/762 7677/2753/761
f 7680/2768/762 7682/2782/763 7681/2783/763 7679/2769/762
f 7682/2782/763 7684/2797/764 7683/2798/764 7681/2783/763
f 7684/2797/764 7686/2813/765 7685/2814/765 7683/2798/764
f 7686/2813/765 7688/2827/715 7687/2828/715 7685/2814/765
f 7688/2827/715 7690/2843/766 7689/2844/766 7687/2828/715
f 7690/2843/766 7692/2858/767 7691/2859/767 7689/2844/766
f 7692/2858/767 7694/2872/768 7693/2873/768 7691/2859/767
f 7694/2872/768 7696/2888/769 7695/2889/769 7693/2873/768
f 7696/2888/769 7698/2903/770 7697/2904/770 7695/2889/769
f 7698/2903/770 7648/2284/746 7647/70/746 7697/2904/770
f 7700/2042/771 7702/3135/772 7701/3136/772 7699/146/771
f 7702/3135/772 7704/3137/773 7703/3138/773 7701/3136/772
f 7704/3137/773 7706/3139/774 7705/3140/774 7703/3138/773
f 7706/3139/774 7708/3141/775 7707/3142/775 7705/3140/774
f 7708/3141/775 7710/3143/776 7709/3144/776 7707/3142/775
f 7710/3143/776 7712/3145/777 7711/3146/777 7709/3144/776
f 7712/3145/777 7714/3147/778 7713/3148/778 7711/3146/777
f 7714/3147/778 7716/3149/779 7715/3150/779 7713/3148/778
f 7716/3149/779 7718/3151/780 7717/3152/780 7715/3150/779
f 7718/3151/780 7720/3153/781 7719/3154/781 7717/3152/780
f 7720/3153/781 7722/3155/782 7721/3156/782 7719/3154/781
f 7722/3155/782 7724/3157/783 7723/3158/783 7721/3156/782
f 7724/3157/783 7726/3159/784 7725/3160/784 7723/3158/783
f 7726/3159/784 7728/3161/785 7727/3162/785 7725/3160/784
f 7728/3161/785 7730/3163/786 7729/3164/786 7727/3162/785
f 7730/3163/786 7732/3165/787 7731/3166/787 7729/3164/786
f 7732/3165/787 7734/3167/788 7733/3168/788 7731/3166/787
f 7734/3167/788 7736/3169/789 7735/3170/789 7733/3168/788
f 7736/3169/789 7738/3171/513 7737/3172/513 7735/3170/789
f 7738/3171/513 7740/3173/790 7739/3174/790 7737/3172/513
f 7740/3173/790 7742/3175/791 7741/3176/791 7739/3174/790
f 7742/3175/791 7744/3177/792 7743/3178/792 7741/3176/791
f 7744/3177/792 7746/3179/793 7745/3180/793 7743/3178/792
f 7746/3179/793 7748/3181/794 7747/3182/794 7745/3180/793
f 7748/3181/794 7750/3183/795 7749/3184/795 7747/3182/794
f 7750/3183/795 7752/3185/796 7751/3186/796 7749/3184/795
f 7752/3185/796 7754/3187/797 7753/3188/797 7751/3186/796
f 7754/3187/797 7756/3189/798 7755/3190/798 7753/3188/797
f 7756/3189/798 7758/3191/799 7757/3192/799 7755/3190/798
f 7758/3191/799 7760/3193/800 7759/3194/800 7757/3192/799
f 7760/3193/800 7762/3195/801 7761/3196/801 7759/3194/800
f 7762/3195/801 7764/3197/530 7763/3198/530 7761/3196/801
f 7764/3197/530 7766/3199/802 7765/3200/802 7763/3198/530
f 7766/3199/802 7768/3201/803 7767/3202/803 7765/3200/802
f 7768/3201/803 7770/3203/804 7769/3204/804 7767/3202/803
f 7770/3203/804 7772/3205/805 7771/3206/805 7769/3204/804
f 7772/3205/805 7774/3207/806 7773/3208/806 7771/3206/805
f 7774/3207/806 7776/3209/807 7775/3210/807 7773/3208/806
f 7776/3209/807 7778/3211/808 7777/3212/808 7775/3210/807
f 7778/3211/808 7780/3213/809 7779/3214/809 7777/3212/808
f 7780/3213/809 7782/3215/810 7781/3216/810 7779/3214/809
f 7782/3215/810 7784/3217/811 7783/3218/811 7781/3216/810
f 7784/3217/811 7786/3219/812 7785/3220/812 7783/3218/811
f 7786/3219/812 7788/3221/813 7787/3222/813 7785/3220/812
f 7788/3221/813 7790/3223/814 7789/3224/814 7787/3222/813
f 7790/3223/814 7792/3225/815 7791/3226/815 7789/3224/814
f 7792/3225/815 7794/3227/816 7793/3228/816 7791/3226/815
f 7794/3227/816 7796/3229/817 7795/3230/817 7793/3228/816
f 7796/3229/817 7798/3231/818 7797/3232/818 7795/3230/817
f 7798/3231/818 7800/3233/819 7799/3234/819 7797/3232/818
f 7800/3233/819 7802/3235/820 7801/3236/820 7799/3234/819
f 7802/3235/820 7804/3237/821 7803/3238/821 7801/3236/820
f 7804/3237/821 7806/3239/822 7805/3240/822 7803/3238/821
f 7806/3239/822 7808/3241/823 7807/3242/823 7805/3240/822
f 7808/3241/823 7810/3243/824 7809/3244/824 7807/3242/823
f 7810/3243/824 7812/3245/825 7811/3246/825 7809/3244/824
f 7812/3245/825 7814/3247/826 7813/3248/826 7811/3246/825
f 7814/3247/826 7816/3249/827 7815/3250/827 7813/3248/826
f 7816/3249/827 7818/3251/828 7817/3252/828 7815/3250/827
f 7818/3251/828 7820/3253/829 7819/3254/829 7817/3252/828
f 7820/3253/829 7822/3255/830 7821/3256/830 7819/3254/829
f 7822/3255/830 7824/3257/831 7823/3258/831 7821/3256/830
f 7824/3257/831 7826/3259/832 7825/3260/832 7823/3258/831
f 7826/3259/832 7828/3261/833 7827/3262/833 7825/3260/832
f 7828/3261/833 7830/3263/834 7829/3264/834 7827/3262/833
f 7830/3263/834 7832/3265/835 7831/3266/835 7829/3264/834
f 7832/3265/835 7834/3267/836 7833/3268/836 7831/3266/835
f 7834/3267/836 7836/3269/837 7835/3270/837 7833/3268/836
f 7836/3269/837 7838/3271/838 7837/3272/838 7835/3270/837
f 7838/3271/838 7840/3273/839 7839/3274/839 7837/3272/838
f 7840/3273/839 7842/3275/840 7841/3276/840 7839/3274/839
f 7842/3275/840 7844/3277/841 7843/3278/841 7841/3276/840
f 7844/3277/841 7846/3279/842 7845/3280/842 7843/3278/841
f 7846/3279/842 7848/3281/843 7847/3282/843 7845/3280/842
f 7848/3281/843 7850/3283/844 7849/3284/844 7847/3282/843
f 7850/3283/844 7852/3285/845 7851/3286/845 7849/3284/844
f 7852/3285/845 7854/3287/846 7853/3288/846 7851/3286/845
f 7854/3287/846 7856/3289/847 7855/3290/847 7853/3288/846
f 7856/3289/847 7858/3291/848 7857/3292/848 7855/3290/847
f 7858/3291/848 7860/3293/849 7859/3294/849 7857/3292/848
f 7860/3293/849 7862/3295/850 7861/3296/850 7859/3294/849
f 7862/3295/850 7864/3297/851 7863/3298/851 7861/3296/850
f 7864/3297/851 7866/3299/852 7865/3300/852 7863/3298/851
f 7866/3299/852 7868/3301/853 7867/3302/853 7865/3300/852
f 7868/3301/853 7870/3303/854 7869/3304/854 7867/3302/853
f 7870/3303/854 7872/3305/855 7871/3306/855 7869/3304/854
f 7872/3305/855 7874/3307/856 7873/3308/856 7871/3306/855
f 7874/3307/856 7876/3309/857 7875/3310/857 7873/3308/856
f 7876/3309/857 7878/3311/858 7877/3312/858 7875/3310/857
f 7878/3311/858 7880/3313/859 7879/3314/859 7877/3312/858
f 7880/3313/859 7882/3315/860 7881/3316/860 7879/3314/859
f 7882/3315/860 7884/3317/861 7883/3318/861 7881/3316/860
f 7884/3317/861 7886/3319/862 7885/3320/862 7883/3318/861
f 7886/3319/862 7888/3321/863 7887/3322/863 7885/3320/862
f 7888/3321/863 7890/3323/864 7889/3324/864 7887/3322/863
f 7890/3323/864 7892/3325/865 7891/3326/865 7889/3324/864
f 7892/3325/865 7894/3327/866 7893/3328/866 7891/3326/865
f 7894/3327/866 7896/3329/867 7895/3330/867 7893/3328/866
f 7896/3329/867 7898/3331/868 7897/3332/868 7895/3330/867
f 7898/3331/868 7900/3333/869 7899/3334/869 7897/3332/868
f 7900/3333/869 7902/3335/870 7901/3336/870 7899/3334/869
f 7902/3335/870 7904/3337/871 7903/3338/871 7901/3336/870
f 7904/3337/871 7906/3339/872 7905/3340/872 7903/3338/871
f 7906/3339/872 7908/3341/873 7907/3342/873 7905/3340/872
f 7908/3341/873 7910/3343/874 7909/3344/874 7907/3342/873
f 7910/3343/874 7912/3345/875 7911/3346/875 7909/3344/874
f 7912/3345/875 7914/3347/876 7913/3348/876 7911/3346/875
f 7914/3347/876 7916/3349/877 7915/3350/877 7913/3348/876
f 7916/3349/877 7918/3351/878 7917/3352/878 7915/3350/877
f 7918/3351/878 7920/3353/879 7919/3354/879 7917/3352/878
f 7920/3353/879 7922/3355/880 7921/3356/880 7919/3354/879
f 7922/3355/880 7924/3357/881 7923/3358/881 7921/3356/880
f 7924/3357/881 7926/3359/882 7925/3360/882 7923/3358/881
f 7926/3359/882 7928/3361/883 7927/3362/883 7925/3360/882
f 7928/3361/883 7930/3363/884 7929/3364/884 7927/3362/883
f 7930/3363/884 7932/3365/885 7931/3366/885 7929/3364/884
f 7932/3365/885 7934/3367/886 7933/3368/886 7931/3366/885
f 7934/3367/886 7936/3369/887 7935/3370/887 7933/3368/886
f 7936/3369/887 7938/3371/888 7937/3372/888 7935/3370/887
f 7938/3371/888 7940/3373/889 7939/3374/889 7937/3372/888
f 7940/3373/889 7942/3375/102 7941/3376/102 7939/3374/889
f 7942/3375/102 7944/3377/890 7943/3378/890 7941/3376/102
f 7944/3377/890 7946/3379/891 7945/3380/891 7943/3378/890
f 7946/3379/891 7948/3381/892 7947/3382/892 7945/3380/891
f 7948/3381/892 7950/3383/893 7949/3384/893 7947/3382/892
f 7950/3383/893 7952/3385/894 7951/3386/894 7949/3384/893
f 7952/3385/894 7954/3387/895 7953/3388/895 7951/3386/894
f 7954/3387/895 7956/3389/896 7955/3390/896 7953/3388/895
f 7956/3389/896 7958/3391/897 7957/3392/897 7955/3390/896
f 7958/3391/897 7960/3393/898 7959/3394/898 7957/3392/897
f 7960/3393/898 7962/3395/899 7961/3396/899 7959/3394/898
f 7962/3395/899 7964/3397/900 7963/3398/900 7961/3396/899
f 7964/3397/900 7966/3399/901 7965/3400/901 7963/3398/900
f 7966/3399/901 7968/3401/902 7967/3402/902 7965/3400/901
f 7968/3401/902 7970/3403/903 7969/3404/903 7967/3402/902
f 7970/3403/903 7972/3405/904 7971/3406/904 7969/3404/903
f 7972/3405/904 7974/3407/905 7973/3408/905 7971/3406/904
f 7974/3407/905 7976/3409/906 7975/3410/906 7973/3408/905
f 7976/3409/906 7700/2284/771 7699/70/771 7975/3410/906
f 7978/2042/506 7980/2919/506 7979/251/506 7977/146/506
f 7980/2919/506 7982/2920/506 7981/255/506 7979/251/506
f 7982/2920/506 7984/2921/506 7983/269/506 7981/255/506
f 7984/2921/506 7986/2922/506 7985/281/506 7983/269/506
f 7986/2922/506 7988/2923/506 7987/288/506 7985/281/506
f 7988/2923/506 7990/2924/506 7989/283/506 7987/288/506
f 7990/2924/506 7992/2925/506 7991/280/506 7989/283/506
f 7992/2925/506 7994/2926/506 7993/270/506 7991/280/506
f 7994/2926/506 7996/2927/506 7995/256/506 7993/270/506
f 7996/2927/506 7998/2928/506 7997/252/506 7995/256/506
f 7998/2928/506 8000/2929/507 7999/248/507 7997/252/506
f 8000/2929/507 8002/2930/508 8001/243/508 7999/248/507
f 8002/2930/508 8004/2931/509 8003/241/509 8001/243/508
f 8004/2931/509 8006/2932/510 8005/240/510 8003/241/509
f 8006/2932/510 8008/2933/511 8007/238/511 8005/240/510
f 8008/2933/511 8010/2934/512 8009/237/512 8007/238/511
f 8010/2934/512 8012/2935/513 8011/235/513 8009/237/512
f 8012/2935/513 8014/2936/514 8013/232/514 8011/235/513
f 8014/2936/514 8016/2937/515 8015/227/515 8013/232/514
f 8016/2937/515 8018/2938/516 8017/221/516 8015/227/515
f 8018/2938/516 8020/2939/517 8019/217/517 8017/221/516
f 8020/2939/517 8022/2940/518 8021/215/518 8019/217/517
f 8022/2940/518 8024/2941/519 8023/213/519 8021/215/518
f 8024/2941/519 8026/2942/520 8025/174/520 8023/213/519
f 8026/2942/520 8028/2943/521 8027/175/521 8025/174/520
f 8028/2943/521 8030/2944/522 8029/178/522 8027/175/521
f 8030/2944/522 8032/2945/523 8031/185/523 8029/178/522
f 8032/2945/523 8034/2946/524 8033/189/524 8031/185/523
f 8034/2946/524 8036/2947/525 8035/194/525 8033/189/524
f 8036/2947/525 8038/2948/526 8037/198/526 8035/194/525
f 8038/2948/526 8040/2949/527 8039/201/527 8037/198/526
f 8040/2949/527 8042/2950/528 8041/203/528 8039/201/527
f 8042/2950/528 8044/2951/529 8043/205/529 8041/203/528
f 8044/2951/529 8046/2952/530 8045/207/530 8043/205/529
f 8046/2952/530 8048/2953/531 8047/209/531 8045/207/530
f 8048/2953/531 8050/2954/532 8049/211/532 8047/209/531
f 8050/2954/532 8052/2163/533 8051/23/533 8049/211/532
f 8052/2163/533 8054/2955/533 8053/195/533 8051/23/533
f 8054/2955/533 8056/2956/533 8055/191/533 8053/195/533
f 8056/2956/533 8058/2957/533 8057/188/533 8055/191/533
f 8058/2957/533 8060/2958/533 8059/184/533 8057/188/533
f 8060/2958/533 8062/2959/533 8061/179/533 8059/184/533
f 8062/2959/533 8064/2960/533 8063/180/533 8061/179/533
f 8064/2960/533 8066/2961/533 8065/220/533 8063/180/533
f 8066/2961/533 8068/2962/533 8067/223/533 8065/220/533
f 8068/2962/533 8070/2963/533 8069/226/533 8067/223/533
f 8070/2963/533 8072/2964/533 8071/229/533 8069/226/533
f 8072/2964/533 8074/2965/534 8073/231/534 8071/229/533
f 8074/2965/534 8076/2966/535 8075/244/535 8073/231/534
f 8076/2966/535 8078/2967/536 8077/316/536 8075/244/535
f 8078/2967/536 8080/2968/537 8079/313/537 8077/316/536
f 8080/2968/537 8082/2969/538 8081/311/538 8079/313/537
f 8082/2969/538 8084/2970/539 8083/309/539 8081/311/538
f 8084/2970/539 8086/2971/540 8085/307/540 8083/309/539
f 8086/2971/540 8088/2972/541 8087/305/541 8085/307/540
f 8088/2972/541 8090/2973/542 8089/302/542 8087/305/541
f 8090/2973/542 8092/2974/543 8091/299/543 8089/302/542
f 8092/2974/543 8094/2975/544 8093/296/544 8091/299/543
f 8094/2975/544 8096/2976/262 8095/292/262 8093/296/544
f 8096/2976/262 8098/2977/545 8097/289/545 8095/292/262
f 8098/2977/545 8100/2978/546 8099/279/546 8097/289/545
f 8100/2978/546 8102/2979/547 8101/275/547 8099/279/546
f 8102/2979/547 8104/2980/548 8103/272/548 8101/275/547
f 8104/2980/548 8106/2981/549 8105/268/549 8103/272/548
f 8106/2981/549 8108/2982/550 8107/266/550 8105/268/549
f 8108/2982/550 8110/2983/551 8109/262/551 8107/266/550
f 8110/2983/551 8112/2984/552 8111/257/552 8109/262/551
f 8112/2984/552 8114/2985/553 8113/258/553 8111/257/552
f 8114/2985/553 8116/2986/554 8115/277/554 8113/258/553
f 8116/2986/554 8118/2987/555 8117/290/555 8115/277/554
f 8118/2987/555 8120/2988/556 8119/295/556 8117/290/555
f 8120/2988/556 8122/2989/557 8121/300/557 8119/295/556
f 8122/2989/557 8124/2990/558 8123/304/558 8121/300/557
f 8124/2990/558 7978/2284/506 7977/70/506 8123/304/558
f 8126/2042/907 8128/3411/908 8127/3412/908 8125/146/907
f 8128/3411/908 8130/3413/909 8129/3414/909 8127/3412/908
f 8130/3413/909 8132/3415/910 8131/3416/910 8129/3414/909
f 8132/3415/910 8134/3417/911 8133/3418/911 8131/3416/910
f 8134/3417/911 8136/3419/912 8135/3420/912 8133/3418/911
f 8136/3419/912 8138/3421/913 8137/3422/913 8135/3420/912
f 8138/3421/913 8140/3423/914 8139/3424/914 8137/3422/913
f 8140/3423/914 8142/3425/915 8141/3426/915 8139/3424/914
f 8142/3425/915 8144/3427/916 8143/3428/916 8141/3426/915
f 8144/3427/916 8146/3429/917 8145/3430/917 8143/3428/916
f 8146/3429/917 8148/3431/918 8147/3432/918 8145/3430/917
f 8148/3431/918 8150/3433/919 8149/3434/919 8147/3432/918
f 8150/3433/919 8152/3435/920 8151/3436/920 8149/3434/919
f 8152/3435/920 8154/3437/921 8153/3438/921 8151/3436/920
f 8154/3437/921 8156/3439/922 8155/3440/922 8153/3438/921
f 8156/3439/922 8158/3441/923 8157/3442/923 8155/3440/922
f 8158/3441/923 8160/3443/924 8159/3444/924 8157/3442/923
f 8160/3443/924 8162/3445/925 8161/3446/925 8159/3444/924
f 8162/3445/925 8164/3447/926 8163/3448/926 8161/3446/925
f 8164/3447/926 8166/3449/102 8165/3450/102 8163/3448/926
f 8166/3449/102 8168/3451/927 8167/3452/927 8165/3450/102
f 8168/3451/927 8170/3453/928 8169/3454/928 8167/3452/927
f 8170/3453/928 8172/3455/929 8171/3456/929 8169/3454/928
f 8172/3455/929 8174/3457/930 8173/3458/930 8171/3456/929
f 8174/3457/930 8176/3459/931 8175/3460/931 8173/3458/930
f 8176/3459/931 8178/3461/932 8177/3462/932 8175/3460/931
f 8178/3461/932 8180/3463/933 8179/3464/933 8177/3462/932
f 8180/3463/933 8182/3465/934 8181/3466/934 8179/3464/933
f 8182/3465/934 8184/3467/935 8183/3468/935 8181/3466/934
f 8184/3467/935 8186/3469/936 8185/3470/936 8183/3468/935
f 8186/3469/936 8188/3471/937 8187/3472/937 8185/3470/936
f 8188/3471/937 8190/3473/938 8189/3474/938 8187/3472/937
f 8190/3473/938 8192/3475/939 8191/3476/939 8189/3474/938
f 8192/3475/939 8194/3477/940 8193/3478/940 8191/3476/939
f 8194/3477/940 8196/3479/941 8195/3480/941 8193/3478/940
f 8196/3479/941 8198/3481/942 8197/3482/942 8195/3480/941
f 8198/3481/942 8200/3483/943 8199/3484/943 8197/3482/942
f 8200/3483/943 8202/3485/944 8201/3486/944 8199/3484/943
f 8202/3485/944 8204/3487/945 8203/3488/945 8201/3486/944
f 8204/3487/945 8206/3489/946 8205/3490/946 8203/3488/945
f 8206/3489/946 8208/3491/947 8207/3492/947 8205/3490/946
f 8208/3491/947 8210/3493/948 8209/3494/948 8207/3492/947
f 8210/3493/948 8212/3495/949 8211/3496/949 8209/3494/948
f 8212/3495/949 8214/3497/950 8213/3498/950 8211/3496/949
f 8214/3497/950 8216/3499/951 8215/3500/951 8213/3498/950
f 8216/3499/951 8218/3501/905 8217/3502/905 8215/3500/951
f 8218/3501/905 8220/3503/952 8219/3504/952 8217/3502/905
f 8220/3503/952 8222/3505/953 8221/3506/953 8219/3504/952
f 8222/3505/953 8224/3507/954 8223/3508/954 8221/3506/953
f 8224/3507/954 8226/3509/955 8225/3510/955 8223/3508/954
f 8226/3509/955 8228/3511/956 8227/3512/956 8225/3510/955
f 8228/3511/956 8230/3513/957 8229/3514/957 8227/3512/956
f 8230/3513/957 8232/3515/958 8231/3516/958 8229/3514/957
f 8232/3515/958 8234/3517/959 8233/3518/959 8231/3516/958
f 8234/3517/959 8236/3519/960 8235/3520/960 8233/3518/959
f 8236/3519/960 8238/3521/501 8237/3522/501 8235/3520/960
f 8238/3521/501 8240/3523/961 8239/3524/961 8237/3522/501
f 8240/3523/961 8242/3525/962 8241/3526/962 8239/3524/961
f 8242/3525/962 8244/3527/963 8243/3528/963 8241/3526/962
f 8244/3527/963 8246/3529/964 8245/3530/964 8243/3528/963
f 8246/3529/964 8248/3531/965 8247/3532/965 8245/3530/964
f 8248/3531/965 8250/3533/966 8249/3534/966 8247/3532/965
f 8250/3533/966 8252/3535/967 8251/3536/967 8249/3534/966
f 8252/3535/967 8254/3537/968 8253/3538/968 8251/3536/967
f 8254/3537/968 8256/3539/969 8255/3540/969 8253/3538/968
f 8256/3539/969 8258/3541/970 8257/3542/970 8255/3540/969
f 8258/3541/970 8260/3543/971 8259/3544/971 8257/3542/970
f 8260/3543/971 8262/3545/972 8261/3546/972 8259/3544/971
f 8262/3545/972 8264/3547/973 8263/3548/973 8261/3546/972
f 8264/3547/973 8266/3549/974 8265/3550/974 8263/3548/973
f 8266/3549/974 8268/3551/975 8267/3552/975 8265/3550/974
f 8268/3551/975 8270/3553/976 8269/3554/976 8267/3552/975
f 8270/3553/976 8272/3555/977 8271/3556/977 8269/3554/976
f 8272/3555/977 8274/3557/978 8273/3558/978 8271/3556/977
f 8274/3557/978 8276/3559/979 8275/3560/979 8273/3558/978
f 8276/3559/979 8278/3561/980 8277/3562/980 8275/3560/979
f 8278/3561/980 8280/3563/981 8279/3564/981 8277/3562/980
f 8280/3563/981 8282/3565/982 8281/3566/982 8279/3564/981
f 8282/3565/982 8284/3567/983 8283/3568/983 8281/3566/982
f 8284/3567/983 8286/3569/984 8285/3570/984 8283/3568/983
f 8286/3569/984 8288/3571/985 8287/3572/985 8285/3570/984
f 8288/3571/985 8290/3573/986 8289/3574/986 8287/3572/985
f 8290/3573/986 8292/3575/987 8291/3576/987 8289/3574/986
f 8292/3575/987 8294/3577/988 8293/3578/988 8291/3576/987
f 8294/3577/988 8296/3579/989 8295/3580/989 8293/3578/988
f 8296/3579/989 8298/3581/990 8297/3582/990 8295/3580/989
f 8298/3581/990 8300/3583/991 8299/3584/991 8297/3582/990
f 8300/3583/991 8302/3585/992 8301/3586/992 8299/3584/991
f 8302/3585/992 8304/3587/993 8303/3588/993 8301/3586/992
f 8304/3587/993 8306/3589/994 8305/3590/994 8303/3588/993
f 8306/3589/994 8308/3591/995 8307/3592/995 8305/3590/994
f 8308/3591/995 8310/3593/996 8309/3594/996 8307/3592/995
f 8310/3593/996 8312/3595/997 8311/3596/997 8309/3594/996
f 8312/3595/997 8314/3597/998 8313/3598/998 8311/3596/997
f 8314/3597/998 8316/3599/999 8315/3600/999 8313/3598/998
f 8316/3599/999 8318/3601/1000 8317/3602/1000 8315/3600/999
f 8318/3601/1000 8320/3603/1001 8319/3604/1001 8317/3602/1000
f 8320/3603/1001 8322/3605/1002 8321/3606/1002 8319/3604/1001
f 8322/3605/1002 8324/3607/1003 8323/3608/1003 8321/3606/1002
f 8324/3607/1003 8326/3609/1004 8325/3610/1004 8323/3608/1003
f 8326/3609/1004 8328/3611/1005 8327/3612/1005 8325/3610/1004
f 8328/3611/1005 8330/3613/1006 8329/3614/1006 8327/3612/1005
f 8330/3613/1006 8332/3615/1007 8331/3616/1007 8329/3614/1006
f 8332/3615/1007 8334/3617/1008 8333/3618/1008 8331/3616/1007
f 8334/3617/1008 8336/3619/1009 8335/3620/1009 8333/3618/1008
f 8336/3619/1009 8338/3621/1010 8337/3622/1010 8335/3620/1009
f 8338/3621/1010 8340/3623/1011 8339/3624/1011 8337/3622/1010
f 8340/3623/1011 8342/3625/1012 8341/3626/1012 8339/3624/1011
f 8342/3625/1012 8344/3627/1013 8343/3628/1013 8341/3626/1012
f 8344/3627/1013 8346/3629/1014 8345/3630/1014 8343/3628/1013
f 8346/3629/1014 8348/3631/1013 8347/3632/1013 8345/3630/1014
f 8348/3631/1013 8350/3633/1015 8349/3634/1015 8347/3632/1013
f 8350/3633/1015 8352/3635/216 8351/3636/216 8349/3634/1015
f 8352/3635/216 8354/3637/1016 8353/3638/1016 8351/3636/216
f 8354/3637/1016 8356/3639/1017 8355/3640/1017 8353/3638/1016
f 8356/3639/1017 8358/3641/1018 8357/3642/1018 8355/3640/1017
f 8358/3641/1018 8360/3643/1019 8359/3644/1019 8357/3642/1018
f 8360/3643/1019 8362/3645/1020 8361/3646/1020 8359/3644/1019
f 8362/3645/1020 8364/3647/1020 8363/3648/1020 8361/3646/1020
f 8364/3647/1020 8366/3649/1019 8365/3650/1019 8363/3648/1020
f 8366/3649/1019 8368/3651/410 8367/3652/410 8365/3650/1019
f 8368/3651/410 8370/3653/1021 8369/3654/1021 8367/3652/410
f 8370/3653/1021 8372/3655/1022 8371/3656/1022 8369/3654/1021
f 8372/3655/1022 8374/3657/1023 8373/3658/1023 8371/3656/1022
f 8374/3657/1023 8376/3659/1024 8375/3660/1024 8373/3658/1023
f 8376/3659/1024 8378/3661/1025 8377/3662/1025 8375/3660/1024
f 8378/3661/1025 8380/3663/1026 8379/3664/1026 8377/3662/1025
f 8380/3663/1026 8382/3665/1027 8381/3666/1027 8379/3664/1026
f 8382/3665/1027 8384/3667/1028 8383/3668/1028 8381/3666/1027
f 8384/3667/1028 8386/3669/1029 8385/3670/1029 8383/3668/1028
f 8386/3669/1029 8388/3671/1030 8387/3672/1030 8385/3670/1029
f 8388/3671/1030 8390/3673/787 8389/3674/787 8387/3672/1030
f 8390/3673/787 8392/3675/1031 8391/3676/1031 8389/3674/787
f 8392/3675/1031 8394/3677/1032 8393/3678/1032 8391/3676/1031
f 8394/3677/1032 8396/3679/512 8395/3680/512 8393/3678/1032
f 8396/3679/512 8398/3681/1033 8397/3682/1033 8395/3680/512
f 8398/3681/1033 8126/2284/907 8125/70/907 8397/3682/1033
f 8400/2042/1034 8402/3683/1035 8401/249/1035 8399/146/1034
f 8402/3683/1035 8404/2919/1036 8403/251/1036 8401/249/1035
f 8404/2919/1036 8406/3684/1037 8405/253/1037 8403/251/1036
f 8406/3684/1037 8408/2920/1038 8407/255/1038 8405/253/1037
f 8408/2920/1038 8410/3685/1039 8409/263/1039 8407/255/1038
f 8410/3685/1039 8412/2921/1040 8411/269/1040 8409/263/1039
f 8412/2921/1040 8414/3686/1041 8413/276/1041 8411/269/1040
f 8414/3686/1041 8416/2922/1042 8415/281/1042 8413/276/1041
f 8416/2922/1042 8418/3687/1043 8417/284/1043 8415/281/1042
f 8418/3687/1043 8420/2923/1044 8419/288/1044 8417/284/1043
f 8420/2923/1044 8422/3688/1045 8421/286/1045 8419/288/1044
f 8422/3688/1045 8424/2924/1046 8423/283/1046 8421/286/1045
f 8424/2924/1046 8426/3689/1047 8425/282/1047 8423/283/1046
f 8426/3689/1047 8428/2925/1048 8427/280/1048 8425/282/1047
f 8428/2925/1048 8430/3690/1049 8429/274/1049 8427/280/1048
f 8430/3690/1049 8432/2926/1050 8431/270/1050 8429/274/1049
f 8432/2926/1050 8434/3691/1051 8433/264/1051 8431/270/1050
f 8434/3691/1051 8436/2927/1052 8435/256/1052 8433/264/1051
f 8436/2927/1052 8438/3692/1053 8437/254/1053 8435/256/1052
f 8438/3692/1053 8440/2928/1054 8439/252/1054 8437/254/1053
f 8440/2928/1054 8442/3693/1055 8441/250/1055 8439/252/1054
f 8442/3693/1055 8444/2929/1056 8443/248/1056 8441/250/1055
f 8444/2929/1056 8446/3694/1057 8445/247/1057 8443/248/1056
f 8446/3694/1057 8448/2930/1058 8447/243/1058 8445/247/1057
f 8448/2930/1058 8450/3695/1059 8449/242/1059 8447/243/1058
f 8450/3695/1059 8452/2931/1060 8451/241/1060 8449/242/1059
f 8452/2931/1060 8454/3696/1061 8453/246/1061 8451/241/1060
f 8454/3696/1061 8456/2932/1062 8455/240/1062 8453/246/1061
f 8456/2932/1062 8458/3697/1063 8457/239/1063 8455/240/1062
f 8458/3697/1063 8460/2933/1064 8459/238/1064 8457/239/1063
f 8460/2933/1064 8462/3698/1065 8461/245/1065 8459/238/1064
f 8462/3698/1065 8464/2934/1066 8463/237/1066 8461/245/1065
f 8464/2934/1066 8466/3699/1067 8465/236/1067 8463/237/1066
f 8466/3699/1067 8468/2935/1068 8467/235/1068 8465/236/1067
f 8468/2935/1068 8470/3700/1069 8469/234/1069 8467/235/1068
f 8470/3700/1069 8472/2936/1070 8471/232/1070 8469/234/1069
f 8472/2936/1070 8474/2368/1071 8473/139/1071 8471/232/1070
f 8474/2368/1071 8476/2937/1072 8475/227/1072 8473/139/1071
f 8476/2937/1072 8478/3701/1073 8477/224/1073 8475/227/1072
f 8478/3701/1073 8480/2938/1074 8479/221/1074 8477/224/1073
f 8480/2938/1074 8482/3702/1075 8481/218/1075 8479/221/1074
f 8482/3702/1075 8484/2939/1076 8483/217/1076 8481/218/1075
f 8484/2939/1076 8486/3703/1077 8485/216/1077 8483/217/1076
f 8486/3703/1077 8488/2940/1078 8487/215/1078 8485/216/1077
f 8488/2940/1078 8490/3704/1079 8489/214/1079 8487/215/1078
f 8490/3704/1079 8492/2941/1080 8491/213/1080 8489/214/1079
f 8492/2941/1080 8494/3705/1081 8493/212/1081 8491/213/1080
f 8494/3705/1081 8496/2942/1082 8495/174/1082 8493/212/1081
f 8496/2942/1082 8498/3706/1083 8497/176/1083 8495/174/1082
f 8498/3706/1083 8500/2943/1084 8499/175/1084 8497/176/1083
f 8500/2943/1084 8502/3707/1085 8501/177/1085 8499/175/1084
f 8502/3707/1085 8504/2944/1086 8503/178/1086 8501/177/1085
f 8504/2944/1086 8506/3708/1087 8505/182/1087 8503/178/1086
f 8506/3708/1087 8508/2945/1088 8507/185/1088 8505/182/1087
f 8508/2945/1088 8510/3709/1089 8509/187/1089 8507/185/1088
f 8510/3709/1089 8512/2946/1090 8511/189/1090 8509/187/1089
f 8512/2946/1090 8514/3710/1091 8513/192/1091 8511/189/1090
f 8514/3710/1091 8516/2947/1092 8515/194/1092 8513/192/1091
f 8516/2947/1092 8518/3711/1093 8517/196/1093 8515/194/1092
f 8518/3711/1093 8520/2948/1094 8519/198/1094 8517/196/1093
f 8520/2948/1094 8522/3712/1095 8521/199/1095 8519/198/1094
f 8522/3712/1095 8524/2949/1096 8523/201/1096 8521/199/1095
f 8524/2949/1096 8526/3713/1097 8525/202/1097 8523/201/1096
f 8526/3713/1097 8528/2950/1098 8527/203/1098 8525/202/1097
f 8528/2950/1098 8530/3714/1099 8529/204/1099 8527/203/1098
f 8530/3714/1099 8532/2951/1100 8531/205/1100 8529/204/1099
f 8532/2951/1100 8534/3715/1101 8533/206/1101 8531/205/1100
f 8534/3715/1101 8536/2952/1102 8535/207/1102 8533/206/1101
f 8536/2952/1102 8538/3716/1103 8537/208/1103 8535/207/1102
f 8538/3716/1103 8540/2953/1104 8539/209/1104 8537/208/1103
f 8540/2953/1104 8542/3717/1105 8541/210/1105 8539/209/1104
f 8542/3717/1105 8544/2954/1106 8543/211/1106 8541/210/1105
f 8544/2954/1106 8546/3718/1107 8545/200/1107 8543/211/1106
f 8546/3718/1107 8548/2163/533 8547/23/533 8545/200/1107
f 8548/2163/533 8550/3719/533 8549/197/533 8547/23/533
f 8550/3719/533 8552/2955/533 8551/195/533 8549/197/533
f 8552/2955/533 8554/3720/533 8553/193/533 8551/195/533
f 8554/3720/533 8556/2956/533 8555/191/533 8553/193/533
f 8556/2956/533 8558/3721/533 8557/190/533 8555/191/533
f 8558/3721/533 8560/2957/533 8559/188/533 8557/190/533
f 8560/2957/533 8562/3722/533 8561/186/533 8559/188/533
f 8562/3722/533 8564/2958/533 8563/184/533 8561/186/533
f 8564/2958/533 8566/3723/533 8565/183/533 8563/184/533
f 8566/3723/533 8568/2959/533 8567/179/533 8565/183/533
f 8568/2959/533 8570/3724/1108 8569/181/1108 8567/179/533
f 8570/3724/1108 8572/2960/1109 8571/180/1109 8569/181/1108
f 8572/2960/1109 8574/3725/1110 8573/219/1110 8571/180/1109
f 8574/3725/1110 8576/2961/1111 8575/220/1111 8573/219/1110
f 8576/2961/1111 8578/3726/1112 8577/222/1112 8575/220/1111
f 8578/3726/1112 8580/2962/1113 8579/223/1113 8577/222/1112
f 8580/2962/1113 8582/3727/1114 8581/225/1114 8579/223/1113
f 8582/3727/1114 8584/2963/1115 8583/226/1115 8581/225/1114
f 8584/2963/1115 8586/3728/1116 8585/228/1116 8583/226/1115
f 8586/3728/1116 8588/2964/1117 8587/229/1117 8585/228/1116
f 8588/2964/1117 8590/3729/1118 8589/230/1118 8587/229/1117
f 8590/3729/1118 8592/2965/1119 8591/231/1119 8589/230/1118
f 8592/2965/1119 8594/3730/1120 8593/233/1120 8591/231/1119
f 8594/3730/1120 8596/2966/1121 8595/244/1121 8593/233/1120
f 8596/2966/1121 8598/3731/1122 8597/317/1122 8595/244/1121
f 8598/3731/1122 8600/2967/1123 8599/316/1123 8597/317/1122
f 8600/2967/1123 8602/3732/1124 8601/315/1124 8599/316/1123
f 8602/3732/1124 8604/2968/1125 8603/313/1125 8601/315/1124
f 8604/2968/1125 8606/3733/1126 8605/312/1126 8603/313/1125
f 8606/3733/1126 8608/2969/1127 8607/311/1127 8605/312/1126
f 8608/2969/1127 8610/3734/1128 8609/310/1128 8607/311/1127
f 8610/3734/1128 8612/2970/1129 8611/309/1129 8609/310/1128
f 8612/2970/1129 8614/3735/1130 8613/308/1130 8611/309/1129
f 8614/3735/1130 8616/2971/1131 8615/307/1131 8613/308/1130
f 8616/2971/1131 8618/3736/1132 8617/306/1132 8615/307/1131
f 8618/3736/1132 8620/2972/1133 8619/305/1133 8617/306/1132
f 8620/2972/1133 8622/2371/506 8621/52/506 8619/305/1133
f 8622/2371/506 8624/2973/506 8623/302/506 8621/52/506
f 8624/2973/506 8626/3737/506 8625/301/506 8623/302/506
f 8626/3737/506 8628/2974/506 8627/299/506 8625/301/506
f 8628/2974/506 8630/3738/506 8629/297/506 8627/299/506
f 8630/3738/506 8632/2975/506 8631/296/506 8629/297/506
f 8632/2975/506 8634/3739/506 8633/294/506 8631/296/506
f 8634/3739/506 8636/2976/506 8635/292/506 8633/294/506
f 8636/2976/506 8638/3740/506 8637/291/506 8635/292/506
f 8638/3740/506 8640/2977/506 8639/289/506 8637/291/506
f 8640/2977/506 8642/3741/506 8641/285/506 8639/289/506
f 8642/3741/506 8644/2978/1134 8643/279/1134 8641/285/506
f 8644/2978/1134 8646/3742/1028 8645/278/1028 8643/279/1134
f 8646/3742/1028 8648/2979/1135 8647/275/1135 8645/278/1028
f 8648/2979/1135 8650/3743/1136 8649/273/1136 8647/275/1135
f 8650/3743/1136 8652/2980/1137 8651/272/1137 8649/273/1136
f 8652/2980/1137 8654/3744/497 8653/271/497 8651/272/1137
f 8654/3744/497 8656/2981/1138 8655/268/1138 8653/271/497
f 8656/2981/1138 8658/3745/1139 8657/267/1139 8655/268/1138
f 8658/3745/1139 8660/2982/1140 8659/266/1140 8657/267/1139
f 8660/2982/1140 8662/3746/1141 8661/265/1141 8659/266/1140
f 8662/3746/1141 8664/2983/1142 8663/262/1142 8661/265/1141
f 8664/2983/1142 8666/3747/1143 8665/261/1143 8663/262/1142
f 8666/3747/1143 8668/2984/1144 8667/257/1144 8665/261/1143
f 8668/2984/1144 8670/3748/1145 8669/259/1145 8667/257/1144
f 8670/3748/1145 8672/2985/414 8671/258/414 8669/259/1145
f 8672/2985/414 8674/3749/1146 8673/260/1146 8671/258/414
f 8674/3749/1146 8676/2986/1147 8675/277/1147 8673/260/1146
f 8676/2986/1147 8678/3750/1148 8677/287/1148 8675/277/1147
f 8678/3750/1148 8680/2987/1149 8679/290/1149 8677/287/1148
f 8680/2987/1149 8682/3751/1150 8681/293/1150 8679/290/1149
f 8682/3751/1150 8684/2988/1151 8683/295/1151 8681/293/1150
f 8684/2988/1151 8686/3752/1152 8685/298/1152 8683/295/1151
f 8686/3752/1152 8688/2989/1153 8687/300/1153 8685/298/1152
f 8688/2989/1153 8690/3753/1154 8689/303/1154 8687/300/1153
f 8690/3753/1154 8692/2990/1155 8691/304/1155 8689/303/1154
f 8692/2990/1155 8694/3754/1156 8693/314/1156 8691/304/1155
f 8694/3754/1156 8400/2284/1034 8399/70/1034 8693/314/1156
f 8696/2042/1157 8698/3755/1158 8697/3756/1158 8695/146/1157
f 8698/3755/1158 8700/3757/1159 8699/3758/1159 8697/3756/1158
f 8700/3757/1159 8702/3759/1160 8701/3760/1160 8699/3758/1159
f 8702/3759/1160 8704/3761/1161 8703/3762/1161 8701/3760/1160
f 8704/3761/1161 8706/3763/1162 8705/3764/1162 8703/3762/1161
f 8706/3763/1162 8708/3765/1163 8707/3766/1163 8705/3764/1162
f 8708/3765/1163 8710/3767/1164 8709/3768/1164 8707/3766/1163
f 8710/3767/1164 8712/3769/1165 8711/3770/1165 8709/3768/1164
f 8712/3769/1165 8714/3771/1166 8713/3772/1166 8711/3770/1165
f 8714/3771/1166 8716/3773/1167 8715/3774/1167 8713/3772/1166
f 8716/3773/1167 8718/3775/1168 8717/3776/1168 8715/3774/1167
f 8718/3775/1168 8720/3777/1169 8719/3778/1169 8717/3776/1168
f 8720/3777/1169 8722/3779/1170 8721/3780/1170 8719/3778/1169
f 8722/3779/1170 8724/3781/1171 8723/3782/1171 8721/3780/1170
f 8724/3781/1171 8726/3783/1172 8725/3784/1172 8723/3782/1171
f 8726/3783/1172 8728/3785/1173 8727/3786/1173 8725/3784/1172
f 8728/3785/1173 8730/3787/1174 8729/3788/1174 8727/3786/1173
f 8730/3787/1174 8732/3789/1175 8731/3790/1175 8729/3788/1174
f 8732/3789/1175 8734/3791/1176 8733/3792/1176 8731/3790/1175
f 8734/3791/1176 8736/3793/1177 8735/3794/1177 8733/3792/1176
f 8736/3793/1177 8738/3795/1178 8737/3796/1178 8735/3794/1177
f 8738/3795/1178 8740/3797/1179 8739/3798/1179 8737/3796/1178
f 8740/3797/1179 8742/3799/1180 8741/3800/1180 8739/3798/1179
f 8742/3799/1180 8744/3801/1181 8743/3802/1181 8741/3800/1180
f 8744/3801/1181 8746/3803/1182 8745/3804/1182 8743/3802/1181
f 8746/3803/1182 8748/3805/1183 8747/3806/1183 8745/3804/1182
f 8748/3805/1183 8750/3807/1184 8749/3808/1184 8747/3806/1183
f 8750/3807/1184 8752/3809/905 8751/3810/905 8749/3808/1184
f 8752/3809/905 8754/3811/1185 8753/3812/1185 8751/3810/905
f 8754/3811/1185 8756/3813/1186 8755/3814/1186 8753/3812/1185
f 8756/3813/1186 8758/3815/1187 8757/3816/1187 8755/3814/1186
f 8758/3815/1187 8760/3817/1188 8759/3818/1188 8757/3816/1187
f 8760/3817/1188 8762/3819/1189 8761/3820/1189 8759/3818/1188
f 8762/3819/1189 8764/3821/1190 8763/3822/1190 8761/3820/1189
f 8764/3821/1190 8766/3823/1191 8765/3824/1191 8763/3822/1190
f 8766/3823/1191 8768/3825/1192 8767/3826/1192 8765/3824/1191
f 8768/3825/1192 8770/3827/1193 8769/3828/1193 8767/3826/1192
f 8770/3827/1193 8772/3829/1194 8771/3830/1194 8769/3828/1193
f 8772/3829/1194 8774/3831/1195 8773/3832/1195 8771/3830/1194
f 8774/3831/1195 8776/3833/1196 8775/3834/1196 8773/3832/1195
f 8776/3833/1196 8778/3835/1197 8777/3836/1197 8775/3834/1196
f 8778/3835/1197 8780/3837/1198 8779/3838/1198 8777/3836/1197
f 8780/3837/1198 8782/3839/1199 8781/3840/1199 8779/3838/1198
f 8782/3839/1199 8784/3841/1200 8783/3842/1200 8781/3840/1199
f 8784/3841/1200 8786/3843/1201 8785/3844/1201 8783/3842/1200
f 8786/3843/1201 8788/3845/1202 8787/3846/1202 8785/3844/1201
f 8788/3845/1202 8790/3847/1203 8789/3848/1203 8787/3846/1202
f 8790/3847/1203 8792/3849/1204 8791/3850/1204 8789/3848/1203
f 8792/3849/1204 8794/3851/1205 8793/3852/1205 8791/3850/1204
f 8794/3851/1205 8796/3853/1206 8795/3854/1206 8793/3852/1205
f 8796/3853/1206 8798/3855/1207 8797/3856/1207 8795/3854/1206
f 8798/3855/1207 8800/3857/1208 8799/3858/1208 8797/3856/1207
f 8800/3857/1208 8802/3859/1209 8801/3860/1209 8799/3858/1208
f 8802/3859/1209 8804/3861/1210 8803/3862/1210 8801/3860/1209
f 8804/3861/1210 8806/3863/1211 8805/3864/1211 8803/3862/1210
f 8806/3863/1211 8808/3865/1212 8807/3866/1212 8805/3864/1211
f 8808/3865/1212 8810/3867/1213 8809/3868/1213 8807/3866/1212
f 8810/3867/1213 8812/3869/1214 8811/3870/1214 8809/3868/1213
f 8812/3869/1214 8814/2349/1215 8813/422/1215 8811/3870/1214
f 8814/2349/1215 8816/3871/1216 8815/3872/1216 8813/422/1215
f 8816/3871/1216 8818/3873/1217 8817/3874/1217 8815/3872/1216
f 8818/3873/1217 8820/3875/1218 8819/3876/1218 8817/3874/1217
f 8820/3875/1218 8822/3877/1219 8821/3878/1219 8819/3876/1218
f 8822/3877/1219 8824/3879/1220 8823/3880/1220 8821/3878/1219
f 8824/3879/1220 8826/3881/1221 8825/3882/1221 8823/3880/1220
f 8826/3881/1221 8828/3883/1222 8827/3884/1222 8825/3882/1221
f 8828/3883/1222 8830/3885/1223 8829/3886/1223 8827/3884/1222
f 8830/3885/1223 8832/3887/1224 8831/3888/1224 8829/3886/1223
f 8832/3887/1224 8834/3889/1225 8833/3890/1225 8831/3888/1224
f 8834/3889/1225 8836/3891/1226 8835/3892/1226 8833/3890/1225
f 8836/3891/1226 8838/3893/1227 8837/3894/1227 8835/3892/1226
f 8838/3893/1227 8840/3895/1228 8839/3896/1228 8837/3894/1227
f 8840/3895/1228 8842/3897/1229 8841/3898/1229 8839/3896/1228
f 8842/3897/1229 8844/3899/1230 8843/3900/1230 8841/3898/1229
f 8844/3899/1230 8846/3901/1231 8845/3902/1231 8843/3900/1230
f 8846/3901/1231 8848/3903/1232 8847/3904/1232 8845/3902/1231
f 8848/3903/1232 8850/3905/1233 8849/3906/1233 8847/3904/1232
f 8850/3905/1233 8852/3907/1234 8851/3908/1234 8849/3906/1233
f 8852/3907/1234 8854/3909/1235 8853/3910/1235 8851/3908/1234
f 8854/3909/1235 8856/3911/1236 8855/3912/1236 8853/3910/1235
f 8856/3911/1236 8858/3913/1237 8857/3914/1237 8855/3912/1236
f 8858/3913/1237 8860/3915/1238 8859/3916/1238 8857/3914/1237
f 8860/3915/1238 8862/3917/1239 8861/3918/1239 8859/3916/1238
f 8862/3917/1239 8864/3919/1240 8863/3920/1240 8861/3918/1239
f 8864/3919/1240 8866/3921/1241 8865/3922/1241 8863/3920/1240
f 8866/3921/1241 8868/3923/1242 8867/3924/1242 8865/3922/1241
f 8868/3923/1242 8870/3925/1243 8869/3926/1243 8867/3924/1242
f 8870/3925/1243 8872/3927/1244 8871/3928/1244 8869/3926/1243
f 8872/3927/1244 8874/3929/1245 8873/3930/1245 8871/3928/1244
f 8874/3929/1245 8876/3931/1246 8875/3932/1246 8873/3930/1245
f 8876/3931/1246 8878/3933/1247 8877/3934/1247 8875/3932/1246
f 8878/3933/1247 8880/3935/1248 8879/3936/1248 8877/3934/1247
f 8880/3935/1248 8882/3937/1249 8881/3938/1249 8879/3936/1248
f 8882/3937/1249 8884/3939/1250 8883/3940/1250 8881/3938/1249
f 8884/3939/1250 8886/3941/1251 8885/3942/1251 8883/3940/1250
f 8886/3941/1251 8888/3943/1252 8887/3944/1252 8885/3942/1251
f 8888/3943/1252 8890/3945/1253 8889/3946/1253 8887/3944/1252
f 8890/3945/1253 8892/3947/1254 8891/3948/1254 8889/3946/1253
f 8892/3947/1254 8894/3949/1255 8893/3950/1255 8891/3948/1254
f 8894/3949/1255 8896/3951/1256 8895/3952/1256 8893/3950/1255
f 8896/3951/1256 8898/3953/1257 8897/3954/1257 8895/3952/1256
f 8898/3953/1257 8900/3955/1258 8899/3956/1258 8897/3954/1257
f 8900/3955/1258 8902/3957/1259 8901/3958/1259 8899/3956/1258
f 8902/3957/1259 8904/3959/1260 8903/3960/1260 8901/3958/1259
f 8904/3959/1260 8906/3961/1261 8905/3962/1261 8903/3960/1260
f 8906/3961/1261 8908/3963/1262 8907/3964/1262 8905/3962/1261
f 8908/3963/1262 8910/3965/1263 8909/3966/1263 8907/3964/1262
f 8910/3965/1263 8912/3967/1264 8911/3968/1264 8909/3966/1263
f 8912/3967/1264 8914/3969/1265 8913/3970/1265 8911/3968/1264
f 8914/3969/1265 8916/3971/1266 8915/3972/1266 8913/3970/1265
f 8916/3971/1266 8918/3973/1267 8917/3974/1267 8915/3972/1266
f 8918/3973/1267 8920/3975/1268 8919/3976/1268 8917/3974/1267
f 8920/3975/1268 8922/3977/1269 8921/3978/1269 8919/3976/1268
f 8922/3977/1269 8924/3979/1270 8923/3980/1270 8921/3978/1269
f 8924/3979/1270 8926/3981/1271 8925/3982/1271 8923/3980/1270
f 8926/3981/1271 8928/3983/1272 8927/3984/1272 8925/3982/1271
f 8928/3983/1272 8930/3985/1273 8929/3986/1273 8927/3984/1272
f 8930/3985/1273 8932/2358/1274 8931/401/1274 8929/3986/1273
f 8932/2358/1274 8934/3987/1275 8933/3988/1275 8931/401/1274
f 8934/3987/1275 8936/3989/1276 8935/3990/1276 8933/3988/1275
f 8936/3989/1276 8938/3991/1277 8937/3992/1277 8935/3990/1276
f 8938/3991/1277 8940/3993/1278 8939/3994/1278 8937/3992/1277
f 8940/3993/1278 8942/3995/1279 8941/3996/1279 8939/3994/1278
f 8942/3995/1279 8944/3997/1280 8943/3998/1280 8941/3996/1279
f 8944/3997/1280 8946/3999/1281 8945/4000/1281 8943/3998/1280
f 8946/3999/1281 8948/4001/1282 8947/4002/1282 8945/4000/1281
f 8948/4001/1282 8950/4003/38 8949/4004/38 8947/4002/1282
f 8950/4003/38 8952/4005/1283 8951/4006/1283 8949/4004/38
f 8952/4005/1283 8954/4007/1284 8953/4008/1284 8951/4006/1283
f 8954/4007/1284 8956/4009/1285 8955/4010/1285 8953/4008/1284
f 8956/4009/1285 8958/4011/1286 8957/4012/1286 8955/4010/1285
f 8958/4011/1286 8960/4013/1287 8959/4014/1287 8957/4012/1286
f 8960/4013/1287 8962/4015/1288 8961/4016/1288 8959/4014/1287
f 8962/4015/1288 8964/4017/1289 8963/4018/1289 8961/4016/1288
f 8964/4017/1289 8966/4019/1290 8965/4020/1290 8963/4018/1289
f 8966/4019/1290 8968/4021/1291 8967/4022/1291 8965/4020/1290
f 8968/4021/1291 8970/4023/1292 8969/4024/1292 8967/4022/1291
f 8970/4023/1292 8972/4025/1293 8971/4026/1293 8969/4024/1292
f 8972/4025/1293 8974/4027/1294 8973/4028/1294 8971/4026/1293
f 8974/4027/1294 8976/4029/1295 8975/4030/1295 8973/4028/1294
f 8976/4029/1295 8978/4031/1296 8977/4032/1296 8975/4030/1295
f 8978/4031/1296 8980/4033/1297 8979/4034/1297 8977/4032/1296
f 8980/4033/1297 8982/4035/1298 8981/4036/1298 8979/4034/1297
f 8982/4035/1298 8984/4037/1299 8983/4038/1299 8981/4036/1298
f 8984/4037/1299 8986/4039/1300 8985/4040/1300 8983/4038/1299
f 8986/4039/1300 8988/4041/1301 8987/4042/1301 8985/4040/1300
f 8988/4041/1301 8990/4043/1302 8989/4044/1302 8987/4042/1301
f 8990/4043/1302 8992/4045/1303 8991/4046/1303 8989/4044/1302
f 8992/4045/1303 8994/4047/1304 8993/4048/1304 8991/4046/1303
f 8994/4047/1304 8996/4049/1305 8995/4050/1305 8993/4048/1304
f 8996/4049/1305 8998/4051/1306 8997/4052/1306 8995/4050/1305
f 8998/4051/1306 9000/4053/1307 8999/4054/1307 8997/4052/1306
f 9000/4053/1307 9002/4055/1308 9001/4056/1308 8999/4054/1307
f 9002/4055/1308 9004/4057/1309 9003/4058/1309 9001/4056/1308
f 9004/4057/1309 9006/4059/1310 9005/4060/1310 9003/4058/1309
f 9006/4059/1310 9008/4061/1311 9007/4062/1311 9005/4060/1310
f 9008/4061/1311 9010/4063/1312 9009/4064/1312 9007/4062/1311
f 9010/4063/1312 9012/4065/1313 9011/4066/1313 9009/4064/1312
f 9012/4065/1313 9014/4067/1314 9013/4068/1314 9011/4066/1313
f 9014/4067/1314 9016/4069/1315 9015/4070/1315 9013/4068/1314
f 9016/4069/1315 9018/4071/1316 9017/4072/1316 9015/4070/1315
f 9018/4071/1316 9020/4073/1317 9019/4074/1317 9017/4072/1316
f 9020/4073/1317 9022/4075/1318 9021/4076/1318 9019/4074/1317
f 9022/4075/1318 9024/4077/1319 9023/4078/1319 9021/4076/1318
f 9024/4077/1319 9026/4079/1320 9025/4080/1320 9023/4078/1319
f 9026/4079/1320 9028/4081/1321 9027/4082/1321 9025/4080/1320
f 9028/4081/1321 9030/4083/1322 9029/4084/1322 9027/4082/1321
f 9030/4083/1322 9032/4085/1323 9031/4086/1323 9029/4084/1322
f 9032/4085/1323 9034/4087/1324 9033/4088/1324 9031/4086/1323
f 9034/4087/1324 9036/4089/1325 9035/4090/1325 9033/4088/1324
f 9036/4089/1325 9038/4091/1326 9037/4092/1326 9035/4090/1325
f 9038/4091/1326 9040/4093/1327 9039/4094/1327 9037/4092/1326
f 9040/4093/1327 9042/4095/1328 9041/4096/1328 9039/4094/1327
f 9042/4095/1328 9044/4097/1329 9043/4098/1329 9041/4096/1328
f 9044/4097/1329 9046/4099/1330 9045/4100/1330 9043/4098/1329
f 9046/4099/1330 9048/4101/1331 9047/4102/1331 9045/4100/1330
f 9048/4101/1331 8696/2284/1157 8695/70/1157 9047/4102/1331
f 9050/2042/506 9052/2919/506 9051/251/506 9049/146/506
f 9052/2919/506 9054/2920/506 9053/255/506 9051/251/506
f 9054/2920/506 9056/2921/506 9055/269/506 9053/255/506
f 9056/2921/506 9058/2922/506 9057/281/506 9055/269/506
f 9058/2922/506 9060/2923/506 9059/288/506 9057/281/506
f 9060/2923/506 9062/2924/506 9061/283/506 9059/288/506
f 9062/2924/506 9064/2925/506 9063/280/506 9061/283/506
f 9064/2925/506 9066/2926/506 9065/270/506 9063/280/506
f 9066/2926/506 9068/2927/506 9067/256/506 9065/270/506
f 9068/2927/506 9070/2928/506 9069/252/506 9067/256/506
f 9070/2928/506 9072/2929/507 9071/248/507 9069/252/506
f 9072/2929/507 9074/2930/508 9073/243/508 9071/248/507
f 9074/2930/508 9076/2931/509 9075/241/509 9073/243/508
f 9076/2931/509 9078/2932/510 9077/240/510 9075/241/509
f 9078/2932/510 9080/2933/511 9079/238/511 9077/240/510
f 9080/2933/511 9082/2934/512 9081/237/512 9079/238/511
f 9082/2934/512 9084/2935/513 9083/235/513 9081/237/512
f 9084/2935/513 9086/2936/514 9085/232/514 9083/235/513
f 9086/2936/514 9088/2937/515 9087/227/515 9085/232/514
f 9088/2937/515 9090/2938/516 9089/221/516 9087/227/515
f 9090/2938/516 9092/2939/517 9091/217/517 9089/221/516
f 9092/2939/517 9094/2940/518 9093/215/518 9091/217/517
f 9094/2940/518 9096/2941/519 9095/213/519 9093/215/518
f 9096/2941/519 9098/2942/520 9097/174/520 9095/213/519
f 9098/2942/520 9100/2943/521 9099/175/521 9097/174/520
f 9100/2943/521 9102/2944/522 9101/178/522 9099/175/521
f 9102/2944/522 9104/2945/523 9103/185/523 9101/178/522
f 9104/2945/523 9106/2946/524 9105/189/524 9103/185/523
f 9106/2946/524 9108/2947/525 9107/194/525 9105/189/524
f 9108/2947/525 9110/2948/526 9109/198/526 9107/194/525
f 9110/2948/526 9112/2949/527 9111/201/527 9109/198/526
f 9112/2949/527 9114/2950/528 9113/203/528 9111/201/527
f 9114/2950/528 9116/2951/529 9115/205/529 9113/203/528
f 9116/2951/529 9118/2952/530 9117/207/530 9115/205/529
f 9118/2952/530 9120/2953/531 9119/209/531 9117/207/530
f 9120/2953/531 9122/2954/532 9121/211/532 9119/209/531
f 9122/2954/532 9124/2163/533 9123/23/533 9121/211/532
f 9124/2163/533 9126/2955/533 9125/195/533 9123/23/533
f 9126/2955/533 9128/2956/533 9127/191/533 9125/195/533
f 9128/2956/533 9130/2957/533 9129/188/533 9127/191/533
f 9130/2957/533 9132/2958/533 9131/184/533 9129/188/533
f 9132/2958/533 9134/2959/533 9133/179/533 9131/184/533
f 9134/2959/533 9136/2960/533 9135/180/533 9133/179/533
f 9136/2960/533 9138/2961/533 9137/220/533 9135/180/533
f 9138/2961/533 9140/2962/533 9139/223/533 9137/220/533
f 9140/2962/533 9142/2963/533 9141/226/533 9139/223/533
f 9142/2963/533 9144/2964/533 9143/229/533 9141/226/533
f 9144/2964/533 9146/2965/534 9145/231/534 9143/229/533
f 9146/2965/534 9148/2966/535 9147/244/535 9145/231/534
f 9148/2966/535 9150/2967/536 9149/316/536 9147/244/535
f 9150/2967/536 9152/2968/537 9151/313/537 9149/316/536
f 9152/2968/537 9154/2969/538 9153/311/538 9151/313/537
f 9154/2969/538 9156/2970/539 9155/309/539 9153/311/538
f 9156/2970/539 9158/2971/540 9157/307/540 9155/309/539
f 9158/2971/540 9160/2972/541 9159/305/541 9157/307/540
f 9160/2972/541 9162/2973/542 9161/302/542 9159/305/541
f 9162/2973/542 9164/2974/543 9163/299/543 9161/302/542
f 9164/2974/543 9166/2975/544 9165/296/544 9163/299/543
f 9166/2975/544 9168/2976/262 9167/292/262 9165/296/544
f 9168/2976/262 9170/2977/545 9169/289/545 9167/292/262
f 9170/2977/545 9172/2978/546 9171/279/546 9169/289/545
f 9172/2978/546 9174/2979/547 9173/275/547 9171/279/546
f 9174/2979/547 9176/2980/548 9175/272/548 9173/275/547
f 9176/2980/548 9178/2981/549 9177/268/549 9175/272/548
f 9178/2981/549 9180/2982/550 9179/266/550 9177/268/549
f 9180/2982/550 9182/2983/551 9181/262/551 9179/266/550
f 9182/2983/551 9184/2984/552 9183/257/552 9181/262/551
f 9184/2984/552 9186/2985/553 9185/258/553 9183/257/552
f 9186/2985/553 9188/2986/554 9187/277/554 9185/258/553
f 9188/2986/554 9190/2987/555 9189/290/555 9187/277/554
f 9190/2987/555 9192/2988/556 9191/295/556 9189/290/555
f 9192/2988/556 9194/2989/557 9193/300/557 9191/295/556
f 9194/2989/557 9196/2990/558 9195/304/558 9193/300/557
f 9196/2990/558 9050/2284/506 9049/70/506 9195/304/558
f 9198/2042/1332 9200/4103/1333 9199/4104/1333 9197/146/1332
f 9200/4103/1333 9202/4105/1334 9201/4106/1334 9199/4104/1333
f 9202/4105/1334 9204/4107/1335 9203/4108/1335 9201/4106/1334
f 9204/4107/1335 9206/4109/1336 9205/4110/1336 9203/4108/1335
f 9206/4109/1336 9208/4111/1337 9207/4112/1337 9205/4110/1336
f 9208/4111/1337 9210/4113/1338 9209/4114/1338 9207/4112/1337
f 9210/4113/1338 9212/4115/1339 9211/4116/1339 9209/4114/1338
f 9212/4115/1339 9214/4117/1340 9213/4118/1340 9211/4116/1339
f 9214/4117/1340 9216/4119/1341 9215/4120/1341 9213/4118/1340
f 9216/4119/1341 9218/4121/1342 9217/4122/1342 9215/4120/1341
f 9218/4121/1342 9220/4123/1343 9219/4124/1343 9217/4122/1342
f 9220/4123/1343 9222/4125/1344 9221/4126/1344 9219/4124/1343
f 9222/4125/1344 9224/4127/1345 9223/4128/1345 9221/4126/1344
f 9224/4127/1345 9226/4129/1346 9225/4130/1346 9223/4128/1345
f 9226/4129/1346 9228/4131/1347 9227/4132/1347 9225/4130/1346
f 9228/4131/1347 9230/4133/1348 9229/4134/1348 9227/4132/1347
f 9230/4133/1348 9232/4135/1349 9231/4136/1349 9229/4134/1348
f 9232/4135/1349 9234/4137/1350 9233/4138/1350 9231/4136/1349
f 9234/4137/1350 9236/4139/1351 9235/4140/1351 9233/4138/1350
f 9236/4139/1351 9238/4141/1352 9237/4142/1352 9235/4140/1351
f 9238/4141/1352 9240/4143/1353 9239/4144/1353 9237/4142/1352
f 9240/4143/1353 9242/4145/1354 9241/4146/1354 9239/4144/1353
f 9242/4145/1354 9244/4147/1355 9243/4148/1355 9241/4146/1354
f 9244/4147/1355 9246/4149/1356 9245/4150/1356 9243/4148/1355
f 9246/4149/1356 9248/4151/1357 9247/4152/1357 9245/4150/1356
f 9248/4151/1357 9250/4153/1358 9249/4154/1358 9247/4152/1357
f 9250/4153/1358 9252/4155/1359 9251/4156/1359 9249/4154/1358
f 9252/4155/1359 9254/4157/1360 9253/4158/1360 9251/4156/1359
f 9254/4157/1360 9256/4159/1361 9255/4160/1361 9253/4158/1360
f 9256/4159/1361 9258/4161/1362 9257/4162/1362 9255/4160/1361
f 9258/4161/1362 9260/4163/1363 9259/4164/1363 9257/4162/1362
f 9260/4163/1363 9262/4165/1364 9261/4166/1364 9259/4164/1363
f 9262/4165/1364 9264/4167/1365 9263/4168/1365 9261/4166/1364
f 9264/4167/1365 9266/4169/1366 9265/4170/1366 9263/4168/1365
f 9266/4169/1366 9268/4171/1367 9267/4172/1367 9265/4170/1366
f 9268/4171/1367 9270/4173/1368 9269/4174/1368 9267/4172/1367
f 9270/4173/1368 9272/4175/1369 9271/4176/1369 9269/4174/1368
f 9272/4175/1369 9274/4177/1370 9273/4178/1370 9271/4176/1369
f 9274/4177/1370 9276/4179/1371 9275/4180/1371 9273/4178/1370
f 9276/4179/1371 9278/4181/1372 9277/4182/1372 9275/4180/1371
f 9278/4181/1372 9280/4183/1373 9279/4184/1373 9277/4182/1372
f 9280/4183/1373 9282/4185/1374 9281/4186/1374 9279/4184/1373
f 9282/4185/1374 9284/4187/1375 9283/4188/1375 9281/4186/1374
f 9284/4187/1375 9286/4189/24 9285/4190/24 9283/4188/1375
f 9286/4189/24 9288/4191/1376 9287/4192/1376 9285/4190/24
f 9288/4191/1376 9290/4193/1377 9289/4194/1377 9287/4192/1376
f 9290/4193/1377 9292/4195/1378 9291/4196/1378 9289/4194/1377
f 9292/4195/1378 9294/4197/1379 9293/4198/1379 9291/4196/1378
f 9294/4197/1379 9296/4199/1380 9295/4200/1380 9293/4198/1379
f 9296/4199/1380 9298/4201/1381 9297/4202/1381 9295/4200/1380
f 9298/4201/1381 9300/4203/1382 9299/4204/1382 9297/4202/1381
f 9300/4203/1382 9302/4205/1383 9301/4206/1383 9299/4204/1382
f 9302/4205/1383 9304/4207/1384 9303/4208/1384 9301/4206/1383
f 9304/4207/1384 9306/4209/1385 9305/4210/1385 9303/4208/1384
f 9306/4209/1385 9308/4211/1386 9307/4212/1386 9305/4210/1385
f 9308/4211/1386 9310/4213/1387 9309/4214/1387 9307/4212/1386
f 9310/4213/1387 9312/4215/1388 9311/4216/1388 9309/4214/1387
f 9312/4215/1388 9314/4217/1389 9313/4218/1389 9311/4216/1388
f 9314/4217/1389 9316/4219/1390 9315/4220/1390 9313/4218/1389
f 9316/4219/1390 9318/4221/1391 9317/4222/1391 9315/4220/1390
f 9318/4221/1391 9320/4223/1392 9319/4224/1392 9317/4222/1391
f 9320/4223/1392 9322/4225/1393 9321/4226/1393 9319/4224/1392
f 9322/4225/1393 9324/4227/1394 9323/4228/1394 9321/4226/1393
f 9324/4227/1394 9326/4229/1062 9325/4230/1062 9323/4228/1394
f 9326/4229/1062 9328/4231/1395 9327/4232/1395 9325/4230/1062
f 9328/4231/1395 9330/4233/1396 9329/4234/1396 9327/4232/1395
f 9330/4233/1396 9332/4235/1397 9331/4236/1397 9329/4234/1396
f 9332/4235/1397 9334/4237/1398 9333/4238/1398 9331/4236/1397
f 9334/4237/1398 9336/4239/1399 9335/4240/1399 9333/4238/1398
f 9336/4239/1399 9338/4241/1400 9337/4242/1400 9335/4240/1399
f 9338/4241/1400 9340/4243/1401 9339/4244/1401 9337/4242/1400
f 9340/4243/1401 9342/4245/1402 9341/4246/1402 9339/4244/1401
f 9342/4245/1402 9344/4247/1403 9343/4248/1403 9341/4246/1402
f 9344/4247/1403 9346/4249/1404 9345/4250/1404 9343/4248/1403
f 9346/4249/1404 9348/4251/1405 9347/4252/1405 9345/4250/1404
f 9348/4251/1405 9350/4253/1406 9349/4254/1406 9347/4252/1405
f 9350/4253/1406 9352/4255/1407 9351/4256/1407 9349/4254/1406
f 9352/4255/1407 9354/4257/1407 9353/4258/1407 9351/4256/1407
f 9354/4257/1407 9356/4259/1407 9355/4260/1407 9353/4258/1407
f 9356/4259/1407 9358/4261/1407 9357/4262/1407 9355/4260/1407
f 9358/4261/1407 9360/4263/1407 9359/4264/1407 9357/4262/1407
f 9360/4263/1407 9362/4265/1407 9361/4266/1407 9359/4264/1407
f 9362/4265/1407 9364/4267/1407 9363/4268/1407 9361/4266/1407
f 9364/4267/1407 9366/4269/1407 9365/4270/1407 9363/4268/1407
f 9366/4269/1407 9368/4271/1407 9367/4272/1407 9365/4270/1407
f 9368/4271/1407 9370/4273/1407 9369/4274/1407 9367/4272/1407
f 9370/4273/1407 9372/4275/1407 9371/4276/1407 9369/4274/1407
f 9372/4275/1407 9374/4277/1408 9373/4278/1408 9371/4276/1407
f 9374/4277/1408 9198/2284/1332 9197/70/1332 9373/4278/1408
f 9376/2042/165 9378/2517/194 9377/2518/194 9375/146/165
f 9378/2517/194 9380/2519/194 9379/990/194 9377/2518/194
f 9380/2519/194 9382/2368/165 9381/139/165 9379/990/194
f 9382/2368/165 9384/2349/165 9383/422/165 9381/139/165
f 9384/2349/165 9386/2520/194 9385/2521/194 9383/422/165
f 9386/2520/194 9388/2163/194 9387/23/194 9385/2521/194
f 9388/2163/194 9390/2522/165 9389/2523/165 9387/23/194
f 9390/2522/165 9392/2358/166 9391/401/166 9389/2523/165
f 9392/2358/166 9394/2371/167 9393/52/167 9391/401/166
f 9394/2371/167 9396/2524/194 9395/1063/194 9393/52/167
f 9396/2524/194 9398/2525/165 9397/2526/165 9395/1063/194
f 9398/2525/165 9376/2284/165 9375/70/165 9397/2526/165
f 9400/2042/302 9402/2527/303 9401/2528/303 9399/146/302
f 9402/2527/303 9404/2529/304 9403/2530/304 9401/2528/303
f 9404/2529/304 9406/2531/305 9405/2532/305 9403/2530/304
f 9406/2531/305 9408/2533/306 9407/2534/306 9405/2532/305
f 9408/2533/306 9410/2535/307 9409/2536/307 9407/2534/306
f 9410/2535/307 9412/2537/308 9411/2538/308 9409/2536/307
f 9412/2537/308 9414/2539/309 9413/2540/309 9411/2538/308
f 9414/2539/309 9416/2541/310 9415/2542/310 9413/2540/309
f 9416/2541/310 9418/2543/311 9417/2544/311 9415/2542/310
f 9418/2543/311 9420/2545/312 9419/2546/312 9417/2544/311
f 9420/2545/312 9422/2547/313 9421/2548/313 9419/2546/312
f 9422/2547/313 9424/2549/1409 9423/2550/1409 9421/2548/313
f 9424/2549/1409 9426/2551/315 9425/1287/315 9423/2550/1409
f 9426/2551/315 9428/2552/316 9427/2553/316 9425/1287/315
f 9428/2552/316 9430/2554/317 9429/2555/317 9427/2553/316
f 9430/2554/317 9432/2556/318 9431/2557/318 9429/2555/317
f 9432/2556/318 9434/2558/319 9433/2559/319 9431/2557/318
f 9434/2558/319 9436/2560/320 9435/2561/320 9433/2559/319
f 9436/2560/320 9438/2562/321 9437/2563/321 9435/2561/320
f 9438/2562/321 9440/2564/322 9439/2565/322 9437/2563/321
f 9440/2564/322 9442/2566/323 9441/2567/323 9439/2565/322
f 9442/2566/323 9444/2568/324 9443/2569/324 9441/2567/323
f 9444/2568/324 9446/2570/325 9445/2571/325 9443/2569/324
f 9446/2570/325 9448/2572/326 9447/2573/326 9445/2571/325
f 9448/2572/326 9450/2574/327 9449/2575/327 9447/2573/326
f 9450/2574/327 9452/2367/328 9451/490/328 9449/2575/327
f 9452/2367/328 9454/2576/329 9453/2577/329 9451/490/328
f 9454/2576/329 9456/2578/330 9455/2579/330 9453/2577/329
f 9456/2578/330 9458/2580/331 9457/2581/331 9455/2579/330
f 9458/2580/331 9460/2582/332 9459/2583/332 9457/2581/331
f 9460/2582/332 9462/2584/333 9461/2585/333 9459/2583/332
f 9462/2584/333 9464/2586/334 9463/2587/334 9461/2585/333
f 9464/2586/334 9466/2588/335 9465/2589/335 9463/2587/334
f 9466/2588/335 9468/2590/336 9467/2591/336 9465/2589/335
f 9468/2590/336 9470/2592/337 9469/2593/337 9467/2591/336
f 9470/2592/337 9472/2594/338 9471/2595/338 9469/2593/337
f 9472/2594/338 9474/2596/339 9473/2597/339 9471/2595/338
f 9474/2596/339 9476/2598/1410 9475/2599/1410 9473/2597/339
f 9476/2598/1410 9478/2600/340 9477/1317/340 9475/2599/1410
f 9478/2600/340 9480/2601/341 9479/2602/341 9477/1317/340
f 9480/2601/341 9482/2603/342 9481/2604/342 9479/2602/341
f 9482/2603/342 9484/2605/343 9483/2606/343 9481/2604/342
f 9484/2605/343 9486/2607/344 9485/2608/344 9483/2606/343
f 9486/2607/344 9488/2609/345 9487/2610/345 9485/2608/344
f 9488/2609/345 9490/2611/346 9489/2612/346 9487/2610/345
f 9490/2611/346 9492/2613/347 9491/2614/347 9489/2612/346
f 9492/2613/347 9494/2615/348 9493/2616/348 9491/2614/347
f 9494/2615/348 9496/2617/349 9495/2618/349 9493/2616/348
f 9496/2617/349 9498/2619/350 9497/2620/350 9495/2618/349
f 9498/2619/350 9500/2621/351 9499/2622/351 9497/2620/350
f 9500/2621/351 9502/2623/352 9501/2624/352 9499/2622/351
f 9502/2623/352 9504/2368/353 9503/139/353 9501/2624/352
f 9504/2368/353 9506/2625/354 9505/2626/354 9503/139/353
f 9506/2625/354 9508/2627/1411 9507/2628/1411 9505/2626/354
f 9508/2627/1411 9510/2629/356 9509/2630/356 9507/2628/1411
f 9510/2629/356 9512/2631/1412 9511/2632/1412 9509/2630/356
f 9512/2631/1412 9514/2633/358 9513/2634/358 9511/2632/1412
f 9514/2633/358 9516/2635/359 9515/2636/359 9513/2634/358
f 9516/2635/359 9518/2637/360 9517/2638/360 9515/2636/359
f 9518/2637/360 9520/2639/1413 9519/2640/1413 9517/2638/360
f 9520/2639/1413 9522/2641/1414 9521/2642/1414 9519/2640/1413
f 9522/2641/1414 9524/2643/363 9523/2644/363 9521/2642/1414
f 9524/2643/363 9526/2645/364 9525/2646/364 9523/2644/363
f 9526/2645/364 9528/2647/1415 9527/2648/1415 9525/2646/364
f 9528/2647/1415 9530/2649/1416 9529/1347/1416 9527/2648/1415
f 9530/2649/1416 9532/2650/367 9531/2651/367 9529/1347/1416
f 9532/2650/367 9534/2652/368 9533/2653/368 9531/2651/367
f 9534/2652/368 9536/2654/1417 9535/2655/1417 9533/2653/368
f 9536/2654/1417 9538/2656/1418 9537/2657/1418 9535/2655/1417
f 9538/2656/1418 9540/2658/371 9539/2659/371 9537/2657/1418
f 9540/2658/371 9542/2660/372 9541/2661/372 9539/2659/371
f 9542/2660/372 9544/2662/373 9543/2663/373 9541/2661/372
f 9544/2662/373 9546/2664/374 9545/2665/374 9543/2663/373
f 9546/2664/374 9548/2666/375 9547/2667/375 9545/2665/374
f 9548/2666/375 9550/2668/376 9549/2669/376 9547/2667/375
f 9550/2668/376 9552/2670/377 9551/2671/377 9549/2669/376
f 9552/2670/377 9554/2672/378 9553/2673/378 9551/2671/377
f 9554/2672/378 9556/2369/379 9555/528/379 9553/2673/378
f 9556/2369/379 9558/2674/379 9557/2675/379 9555/528/379
f 9558/2674/379 9560/2676/380 9559/2677/380 9557/2675/379
f 9560/2676/380 9562/2678/381 9561/2679/381 9559/2677/380
f 9562/2678/381 9564/2680/242 9563/2681/242 9561/2679/381
f 9564/2680/242 9566/2682/382 9565/2683/382 9563/2681/242
f 9566/2682/382 9568/2684/383 9567/2685/383 9565/2683/382
f 9568/2684/383 9570/2686/384 9569/2687/384 9567/2685/383
f 9570/2686/384 9572/2688/385 9571/2689/385 9569/2687/384
f 9572/2688/385 9574/2690/386 9573/2691/386 9571/2689/385
f 9574/2690/386 9576/2692/387 9575/2693/387 9573/2691/386
f 9576/2692/387 9578/2694/388 9577/2695/388 9575/2693/387
f 9578/2694/388 9580/2696/389 9579/2697/389 9577/2695/388
f 9580/2696/389 9582/2698/390 9581/1357/390 9579/2697/389
f 9582/2698/390 9584/2699/391 9583/2700/391 9581/1357/390
f 9584/2699/391 9586/2701/392 9585/2702/392 9583/2700/391
f 9586/2701/392 9588/2703/393 9587/2704/393 9585/2702/392
f 9588/2703/393 9590/2705/394 9589/2706/394 9587/2704/393
f 9590/2705/394 9592/2707/395 9591/2708/395 9589/2706/394
f 9592/2707/395 9594/2709/396 9593/2710/396 9591/2708/395
f 9594/2709/396 9596/2711/1419 9595/2712/1419 9593/2710/396
f 9596/2711/1419 9598/2713/1420 9597/2714/1420 9595/2712/1419
f 9598/2713/1420 9600/2715/399 9599/2716/399 9597/2714/1420
f 9600/2715/399 9602/2717/400 9601/2718/400 9599/2716/399
f 9602/2717/400 9604/2719/401 9603/2720/401 9601/2718/400
f 9604/2719/401 9606/2721/1421 9605/2722/1421 9603/2720/401
f 9606/2721/1421 9608/2163/403 9607/23/403 9605/2722/1421
f 9608/2163/403 9610/2723/404 9609/2724/404 9607/23/403
f 9610/2723/404 9612/2725/405 9611/2726/405 9609/2724/404
f 9612/2725/405 9614/2727/406 9613/2728/406 9611/2726/405
f 9614/2727/406 9616/2729/1422 9615/2730/1422 9613/2728/406
f 9616/2729/1422 9618/2731/408 9617/2732/408 9615/2730/1422
f 9618/2731/408 9620/2733/409 9619/2734/409 9617/2732/408
f 9620/2733/409 9622/2735/410 9621/2736/410 9619/2734/409
f 9622/2735/410 9624/2737/411 9623/2738/411 9621/2736/410
f 9624/2737/411 9626/2739/412 9625/2740/412 9623/2738/411
f 9626/2739/412 9628/2741/413 9627/2742/413 9625/2740/412
f 9628/2741/413 9630/2743/414 9629/2744/414 9627/2742/413
f 9630/2743/414 9632/2745/415 9631/2746/415 9629/2744/414
f 9632/2745/415 9634/2747/1423 9633/1322/1423 9631/2746/415
f 9634/2747/1423 9636/2748/417 9635/2749/417 9633/1322/1423
f 9636/2748/417 9638/2750/418 9637/2751/418 9635/2749/417
f 9638/2750/418 9640/2752/419 9639/2753/419 9637/2751/418
f 9640/2752/419 9642/2754/420 9641/2755/420 9639/2753/419
f 9642/2754/420 9644/2756/421 9643/2757/421 9641/2755/420
f 9644/2756/421 9646/2758/1424 9645/2759/1424 9643/2757/421
f 9646/2758/1424 9648/2760/423 9647/2761/423 9645/2759/1424
f 9648/2760/423 9650/2762/424 9649/2763/424 9647/2761/423
f 9650/2762/424 9652/2764/425 9651/2765/425 9649/2763/424
f 9652/2764/425 9654/2766/426 9653/2767/426 9651/2765/425
f 9654/2766/426 9656/2768/427 9655/2769/427 9653/2767/426
f 9656/2768/427 9658/2770/1425 9657/2771/1425 9655/2769/427
f 9658/2770/1425 9660/2370/429 9659/555/429 9657/2771/1425
f 9660/2370/429 9662/2772/430 9661/2773/430 9659/555/429
f 9662/2772/430 9664/2774/431 9663/2775/431 9661/2773/430
f 9664/2774/431 9666/2776/432 9665/2777/432 9663/2775/431
f 9666/2776/432 9668/2778/433 9667/2779/433 9665/2777/432
f 9668/2778/433 9670/2780/434 9669/2781/434 9667/2779/433
f 9670/2780/434 9672/2782/435 9671/2783/435 9669/2781/434
f 9672/2782/435 9674/2784/436 9673/2785/436 9671/2783/435
f 9674/2784/436 9676/2786/437 9675/2787/437 9673/2785/436
f 9676/2786/437 9678/2788/438 9677/2789/438 9675/2787/437
f 9678/2788/438 9680/2790/439 9679/2791/439 9677/2789/438
f 9680/2790/439 9682/2792/440 9681/2793/440 9679/2791/439
f 9682/2792/440 9684/2794/441 9683/2795/441 9681/2793/440
f 9684/2794/441 9686/2796/442 9685/1308/442 9683/2795/441
f 9686/2796/442 9688/2797/1426 9687/2798/1426 9685/1308/442
f 9688/2797/1426 9690/2799/444 9689/2800/444 9687/2798/1426
f 9690/2799/444 9692/2801/1427 9691/2802/1427 9689/2800/444
f 9692/2801/1427 9694/2803/446 9693/2804/446 9691/2802/1427
f 9694/2803/446 9696/2805/1428 9695/2806/1428 9693/2804/446
f 9696/2805/1428 9698/2807/448 9697/2808/448 9695/2806/1428
f 9698/2807/448 9700/2809/449 9699/2810/449 9697/2808/448
f 9700/2809/449 9702/2811/450 9701/2812/450 9699/2810/449
f 9702/2811/450 9704/2813/451 9703/2814/451 9701/2812/450
f 9704/2813/451 9706/2815/1429 9705/2816/1429 9703/2814/451
f 9706/2815/1429 9708/2817/453 9707/2818/453 9705/2816/1429
f 9708/2817/453 9710/2819/454 9709/2820/454 9707/2818/453
f 9710/2819/454 9712/2371/455 9711/52/455 9709/2820/454
f 9712/2371/455 9714/2821/456 9713/2822/456 9711/52/455
f 9714/2821/456 9716/2823/457 9715/2824/457 9713/2822/456
f 9716/2823/457 9718/2825/458 9717/2826/458 9715/2824/457
f 9718/2825/458 9720/2827/459 9719/2828/459 9717/2826/458
f 9720/2827/459 9722/2829/460 9721/2830/460 9719/2828/459
f 9722/2829/460 9724/2831/461 9723/2832/461 9721/2830/460
f 9724/2831/461 9726/2833/1430 9725/2834/1430 9723/2832/461
f 9726/2833/1430 9728/2835/463 9727/2836/463 9725/2834/1430
f 9728/2835/463 9730/2837/464 9729/2838/464 9727/2836/463
f 9730/2837/464 9732/2839/1431 9731/2840/1431 9729/2838/464
f 9732/2839/1431 9734/2841/466 9733/2842/466 9731/2840/1431
f 9734/2841/466 9736/2843/1432 9735/2844/1432 9733/2842/466
f 9736/2843/1432 9738/2845/468 9737/1307/468 9735/2844/1432
f 9738/2845/468 9740/2846/469 9739/2847/469 9737/1307/468
f 9740/2846/469 9742/2848/470 9741/2849/470 9739/2847/469
f 9742/2848/470 9744/2850/471 9743/2851/471 9741/2849/470
f 9744/2850/471 9746/2852/472 9745/2853/472 9743/2851/471
f 9746/2852/472 9748/2854/473 9747/2855/473 9745/2853/472
f 9748/2854/473 9750/2856/474 9749/2857/474 9747/2855/473
f 9750/2856/474 9752/2858/475 9751/2859/475 9749/2857/474
f 9752/2858/475 9754/2860/476 9753/2861/476 9751/2859/475
f 9754/2860/476 9756/2862/315 9755/2863/315 9753/2861/476
f 9756/2862/315 9758/2864/477 9757/2865/477 9755/2863/315
f 9758/2864/477 9760/2866/478 9759/2867/478 9757/2865/477
f 9760/2866/478 9762/2868/479 9761/2869/479 9759/2867/478
f 9762/2868/479 9764/2372/480 9763/547/480 9761/2869/479
f 9764/2372/480 9766/2870/481 9765/2871/481 9763/547/480
f 9766/2870/481 9768/2872/482 9767/2873/482 9765/2871/481
f 9768/2872/482 9770/2874/483 9769/2875/483 9767/2873/482
f 9770/2874/483 9772/2876/484 9771/2877/484 9769/2875/483
f 9772/2876/484 9774/2878/485 9773/2879/485 9771/2877/484
f 9774/2878/485 9776/2880/486 9775/2881/486 9773/2879/485
f 9776/2880/486 9778/2882/487 9777/2883/487 9775/2881/486
f 9778/2882/487 9780/2884/488 9779/2885/488 9777/2883/487
f 9780/2884/488 9782/2886/489 9781/2887/489 9779/2885/488
f 9782/2886/489 9784/2888/490 9783/2889/490 9781/2887/489
f 9784/2888/490 9786/2890/491 9785/2891/491 9783/2889/490
f 9786/2890/491 9788/2892/492 9787/2893/492 9785/2891/491
f 9788/2892/492 9790/2894/493 9789/1275/493 9787/2893/492
f 9790/2894/493 9792/2895/494 9791/2896/494 9789/1275/493
f 9792/2895/494 9794/2897/495 9793/2898/495 9791/2896/494
f 9794/2897/495 9796/2899/496 9795/2900/496 9793/2898/495
f 9796/2899/496 9798/2901/1433 9797/2902/1433 9795/2900/496
f 9798/2901/1433 9800/2903/498 9799/2904/498 9797/2902/1433
f 9800/2903/498 9802/2905/499 9801/2906/499 9799/2904/498
f 9802/2905/499 9804/2907/500 9803/2908/500 9801/2906/499
f 9804/2907/500 9806/2909/501 9805/2910/501 9803/2908/500
f 9806/2909/501 9808/2911/502 9807/2912/502 9805/2910/501
f 9808/2911/502 9810/2913/503 9809/2914/503 9807/2912/502
f 9810/2913/503 9812/2915/504 9811/2916/504 9809/2914/503
f 9812/2915/504 9814/2917/505 9813/2918/505 9811/2916/504
f 9814/2917/505 9400/2284/302 9399/70/302 9813/2918/505
f 9816/2042/506 9818/2919/506 9817/251/506 9815/146/506
f 9818/2919/506 9820/2920/506 9819/255/506 9817/251/506
f 9820/2920/506 9822/2921/506 9821/269/506 9819/255/506
f 9822/2921/506 9824/2922/506 9823/281/506 9821/269/506
f 9824/2922/506 9826/2923/506 9825/288/506 9823/281/506
f 9826/2923/506 9828/2924/506 9827/283/506 9825/288/506
f 9828/2924/506 9830/2925/506 9829/280/506 9827/283/506
f 9830/2925/506 9832/2926/506 9831/270/506 9829/280/506
f 9832/2926/506 9834/2927/506 9833/256/506 9831/270/506
f 9834/2927/506 9836/2928/506 9835/252/506 9833/256/506
f 9836/2928/506 9838/2929/507 9837/248/507 9835/252/506
f 9838/2929/507 9840/2930/508 9839/243/508 9837/248/507
f 9840/2930/508 9842/2931/509 9841/241/509 9839/243/508
f 9842/2931/509 9844/2932/510 9843/240/510 9841/241/509
f 9844/2932/510 9846/2933/511 9845/238/511 9843/240/510
f 9846/2933/511 9848/2934/512 9847/237/512 9845/238/511
f 9848/2934/512 9850/2935/513 9849/235/513 9847/237/512
f 9850/2935/513 9852/2936/514 9851/232/514 9849/235/513
f 9852/2936/514 9854/2937/515 9853/227/515 9851/232/514
f 9854/2937/515 9856/2938/516 9855/221/516 9853/227/515
f 9856/2938/516 9858/2939/517 9857/217/517 9855/221/516
f 9858/2939/517 9860/2940/518 9859/215/518 9857/217/517
f 9860/2940/518 9862/2941/519 9861/213/519 9859/215/518
f 9862/2941/519 9864/2942/520 9863/174/520 9861/213/519
f 9864/2942/520 9866/2943/521 9865/175/521 9863/174/520
f 9866/2943/521 9868/2944/522 9867/178/522 9865/175/521
f 9868/2944/522 9870/2945/523 9869/185/523 9867/178/522
f 9870/2945/523 9872/2946/524 9871/189/524 9869/185/523
f 9872/2946/524 9874/2947/525 9873/194/525 9871/189/524
f 9874/2947/525 9876/2948/526 9875/198/526 9873/194/525
f 9876/2948/526 9878/2949/527 9877/201/527 9875/198/526
f 9878/2949/527 9880/2950/528 9879/203/528 9877/201/527
f 9880/2950/528 9882/2951/529 9881/205/529 9879/203/528
f 9882/2951/529 9884/2952/530 9883/207/530 9881/205/529
f 9884/2952/530 9886/2953/531 9885/209/531 9883/207/530
f 9886/2953/531 9888/2954/532 9887/211/532 9885/209/531
f 9888/2954/532 9890/2163/533 9889/23/533 9887/211/532
f 9890/2163/533 9892/2955/533 9891/195/533 9889/23/533
f 9892/2955/533 9894/2956/533 9893/191/533 9891/195/533
f 9894/2956/533 9896/2957/533 9895/188/533 9893/191/533
f 9896/2957/533 9898/2958/533 9897/184/533 9895/188/533
f 9898/2958/533 9900/2959/533 9899/179/533 9897/184/533
f 9900/2959/533 9902/2960/533 9901/180/533 9899/179/533
f 9902/2960/533 9904/2961/533 9903/220/533 9901/180/533
f 9904/2961/533 9906/2962/533 9905/223/533 9903/220/533
f 9906/2962/533 9908/2963/533 9907/226/533 9905/223/533
f 9908/2963/533 9910/2964/533 9909/229/533 9907/226/533
f 9910/2964/533 9912/2965/534 9911/231/534 9909/229/533
f 9912/2965/534 9914/2966/535 9913/244/535 9911/231/534
f 9914/2966/535 9916/2967/536 9915/316/536 9913/244/535
f 9916/2967/536 9918/2968/537 9917/313/537 9915/316/536
f 9918/2968/537 9920/2969/538 9919/311/538 9917/313/537
f 9920/2969/538 9922/2970/539 9921/309/539 9919/311/538
f 9922/2970/539 9924/2971/540 9923/307/540 9921/309/539
f 9924/2971/540 9926/2972/541 9925/305/541 9923/307/540
f 9926/2972/541 9928/2973/542 9927/302/542 9925/305/541
f 9928/2973/542 9930/2974/543 9929/299/543 9927/302/542
f 9930/2974/543 9932/2975/544 9931/296/544 9929/299/543
f 9932/2975/544 9934/2976/262 9933/292/262 9931/296/544
f 9934/2976/262 9936/2977/545 9935/289/545 9933/292/262
f 9936/2977/545 9938/2978/546 9937/279/546 9935/289/545
f 9938/2978/546 9940/2979/1434 9939/275/1434 9937/279/546
f 9940/2979/1434 9942/2980/548 9941/272/548 9939/275/1434
f 9942/2980/548 9944/2981/549 9943/268/549 9941/272/548
f 9944/2981/549 9946/2982/550 9945/266/550 9943/268/549
f 9946/2982/550 9948/2983/551 9947/262/551 9945/266/550
f 9948/2983/551 9950/2984/552 9949/257/552 9947/262/551
f 9950/2984/552 9952/2985/553 9951/258/553 9949/257/552
f 9952/2985/553 9954/2986/554 9953/277/554 9951/258/553
f 9954/2986/554 9956/2987/555 9955/290/555 9953/277/554
f 9956/2987/555 9958/2988/556 9957/295/556 9955/290/555
f 9958/2988/556 9960/2989/557 9959/300/557 9957/295/556
f 9960/2989/557 9962/2990/558 9961/304/558 9959/300/557
f 9962/2990/558 9816/2284/506 9815/70/506 9961/304/558
f 9964/2042/1435 9966/2991/560 9965/2992/560 9963/146/1435
f 9966/2991/560 9968/2993/561 9967/2994/561 9965/2992/560
f 9968/2993/561 9970/2920/562 9969/255/562 9967/2994/561
f 9970/2920/562 9972/2995/563 9971/2996/563 9969/255/562
f 9972/2995/563 9974/2997/564 9973/2998/564 9971/2996/563
f 9974/2997/564 9976/2922/565 9975/281/565 9973/2998/564
f 9976/2922/565 9978/2999/566 9977/3000/566 9975/281/565
f 9978/2999/566 9980/3001/567 9979/3002/567 9977/3000/566
f 9980/3001/567 9982/2924/568 9981/283/568 9979/3002/567
f 9982/2924/568 9984/3003/569 9983/3004/569 9981/283/568
f 9984/3003/569 9986/3005/570 9985/3006/570 9983/3004/569
f 9986/3005/570 9988/2926/571 9987/270/571 9985/3006/570
f 9988/2926/571 9990/3007/572 9989/3008/572 9987/270/571
f 9990/3007/572 9992/3009/573 9991/3010/573 9989/3008/572
f 9992/3009/573 9994/2928/574 9993/252/574 9991/3010/573
f 9994/2928/574 9996/3011/575 9995/3012/575 9993/252/574
f 9996/3011/575 9998/3013/576 9997/3014/576 9995/3012/575
f 9998/3013/576 10000/2930/577 9999/243/577 9997/3014/576
f 10000/2930/577 10002/3015/578 10001/3016/578 9999/243/577
f 10002/3015/578 10004/3017/579 10003/3018/579 10001/3016/578
f 10004/3017/579 10006/2932/580 10005/240/580 10003/3018/579
f 10006/2932/580 10008/3019/581 10007/3020/581 10005/240/580
f 10008/3019/581 10010/3021/582 10009/3022/582 10007/3020/581
f 10010/3021/582 10012/2934/583 10011/237/583 10009/3022/582
f 10012/2934/583 10014/3023/584 10013/3024/584 10011/237/583
f 10014/3023/584 10016/3025/585 10015/3026/585 10013/3024/584
f 10016/3025/585 10018/2936/586 10017/232/586 10015/3026/585
f 10018/2936/586 10020/3027/587 10019/3028/587 10017/232/586
f 10020/3027/587 10022/3029/588 10021/3030/588 10019/3028/587
f 10022/3029/588 10024/2938/589 10023/221/589 10021/3030/588
f 10024/2938/589 10026/3031/590 10025/3032/590 10023/221/589
f 10026/3031/590 10028/3033/591 10027/3034/591 10025/3032/590
f 10028/3033/591 10030/2940/592 10029/215/592 10027/3034/591
f 10030/2940/592 10032/3035/593 10031/3036/593 10029/215/592
f 10032/3035/593 10034/3037/594 10033/3038/594 10031/3036/593
f 10034/3037/594 10036/2942/595 10035/174/595 10033/3038/594
f 10036/2942/595 10038/2349/596 10037/422/596 10035/174/595
f 10038/2349/596 10040/3039/597 10039/3040/597 10037/422/596
f 10040/3039/597 10042/2944/598 10041/178/598 10039/3040/597
f 10042/2944/598 10044/3041/599 10043/3042/599 10041/178/598
f 10044/3041/599 10046/3043/600 10045/3044/600 10043/3042/599
f 10046/3043/600 10048/2946/601 10047/189/601 10045/3044/600
f 10048/2946/601 10050/3045/602 10049/3046/602 10047/189/601
f 10050/3045/602 10052/3047/603 10051/3048/603 10049/3046/602
f 10052/3047/603 10054/2948/604 10053/198/604 10051/3048/603
f 10054/2948/604 10056/3049/605 10055/3050/605 10053/198/604
f 10056/3049/605 10058/3051/1436 10057/3052/1436 10055/3050/605
f 10058/3051/1436 10060/2950/607 10059/203/607 10057/3052/1436
f 10060/2950/607 10062/3053/608 10061/3054/608 10059/203/607
f 10062/3053/608 10064/3055/609 10063/3056/609 10061/3054/608
f 10064/3055/609 10066/2952/610 10065/207/610 10063/3056/609
f 10066/2952/610 10068/3057/611 10067/3058/611 10065/207/610
f 10068/3057/611 10070/3059/612 10069/3060/612 10067/3058/611
f 10070/3059/612 10072/2954/613 10071/211/613 10069/3060/612
f 10072/2954/613 10074/3061/614 10073/3062/614 10071/211/613
f 10074/3061/614 10076/3063/615 10075/3064/615 10073/3062/614
f 10076/3063/615 10078/2955/616 10077/195/616 10075/3064/615
f 10078/2955/616 10080/3065/617 10079/3066/617 10077/195/616
f 10080/3065/617 10082/3067/618 10081/3068/618 10079/3066/617
f 10082/3067/618 10084/2957/619 10083/188/619 10081/3068/618
f 10084/2957/619 10086/3069/620 10085/3070/620 10083/188/619
f 10086/3069/620 10088/3071/621 10087/3072/621 10085/3070/620
f 10088/3071/621 10090/2959/622 10089/179/622 10087/3072/621
f 10090/2959/622 10092/3073/623 10091/3074/623 10089/179/622
f 10092/3073/623 10094/3075/624 10093/3076/624 10091/3074/623
f 10094/3075/624 10096/2961/204 10095/220/204 10093/3076/624
f 10096/2961/204 10098/3077/625 10097/3078/625 10095/220/204
f 10098/3077/625 10100/3079/626 10099/3080/626 10097/3078/625
f 10100/3079/626 10102/2963/627 10101/226/627 10099/3080/626
f 10102/2963/627 10104/3081/628 10103/3082/628 10101/226/627
f 10104/3081/628 10106/3083/629 10105/3084/629 10103/3082/628
f 10106/3083/629 10108/2965/630 10107/231/630 10105/3084/629
f 10108/2965/630 10110/3085/631 10109/3086/631 10107/231/630
f 10110/3085/631 10112/2358/632 10111/401/632 10109/3086/631
f 10112/2358/632 10114/2967/633 10113/316/633 10111/401/632
f 10114/2967/633 10116/3087/634 10115/3088/634 10113/316/633
f 10116/3087/634 10118/3089/635 10117/3090/635 10115/3088/634
f 10118/3089/635 10120/2969/636 10119/311/636 10117/3090/635
f 10120/2969/636 10122/3091/637 10121/3092/637 10119/311/636
f 10122/3091/637 10124/3093/638 10123/3094/638 10121/3092/637
f 10124/3093/638 10126/2971/639 10125/307/639 10123/3094/638
f 10126/2971/639 10128/3095/640 10127/3096/640 10125/307/639
f 10128/3095/640 10130/3097/641 10129/3098/641 10127/3096/640
f 10130/3097/641 10132/2973/642 10131/302/642 10129/3098/641
f 10132/2973/642 10134/3099/643 10133/3100/643 10131/302/642
f 10134/3099/643 10136/3101/1437 10135/3102/1437 10133/3100/643
f 10136/3101/1437 10138/2975/645 10137/296/645 10135/3102/1437
f 10138/2975/645 10140/3103/646 10139/3104/646 10137/296/645
f 10140/3103/646 10142/3105/647 10141/3106/647 10139/3104/646
f 10142/3105/647 10144/2977/648 10143/289/648 10141/3106/647
f 10144/2977/648 10146/3107/649 10145/3108/649 10143/289/648
f 10146/3107/649 10148/3109/650 10147/3110/650 10145/3108/649
f 10148/3109/650 10150/2979/651 10149/275/651 10147/3110/650
f 10150/2979/651 10152/3111/652 10151/3112/652 10149/275/651
f 10152/3111/652 10154/3113/653 10153/3114/653 10151/3112/652
f 10154/3113/653 10156/2981/654 10155/268/654 10153/3114/653
f 10156/2981/654 10158/3115/655 10157/3116/655 10155/268/654
f 10158/3115/655 10160/3117/656 10159/3118/656 10157/3116/655
f 10160/3117/656 10162/2983/657 10161/262/657 10159/3118/656
f 10162/2983/657 10164/3119/658 10163/3120/658 10161/262/657
f 10164/3119/658 10166/3121/659 10165/3122/659 10163/3120/658
f 10166/3121/659 10168/2985/660 10167/258/660 10165/3122/659
f 10168/2985/660 10170/3123/661 10169/3124/661 10167/258/660
f 10170/3123/661 10172/3125/662 10171/3126/662 10169/3124/661
f 10172/3125/662 10174/2987/663 10173/290/663 10171/3126/662
f 10174/2987/663 10176/3127/664 10175/3128/664 10173/290/663
f 10176/3127/664 10178/3129/516 10177/3130/516 10175/3128/664
f 10178/3129/516 10180/2989/665 10179/300/665 10177/3130/516
f 10180/2989/665 10182/3131/666 10181/3132/666 10179/300/665
f 10182/3131/666 10184/3133/667 10183/3134/667 10181/3132/666
f 10184/3133/667 9964/2284/1435 9963/70/1435 10183/3134/667
f 10186/2042/668 10188/2541/669 10187/2542/669 10185/146/668
f 10188/2541/669 10190/2556/670 10189/2557/670 10187/2542/669
f 10190/2556/670 10192/2572/671 10191/2573/671 10189/2557/670
f 10192/2572/671 10194/2586/672 10193/2587/672 10191/2573/671
f 10194/2586/672 10196/2601/673 10195/2602/673 10193/2587/672
f 10196/2601/673 10198/2617/674 10197/2618/674 10195/2602/673
f 10198/2617/674 10200/2631/675 10199/2632/675 10197/2618/674
f 10200/2631/675 10202/2647/676 10201/2648/676 10199/2632/675
f 10202/2647/676 10204/2662/677 10203/2663/677 10201/2648/676
f 10204/2662/677 10206/2676/678 10205/2677/678 10203/2663/677
f 10206/2676/678 10208/2692/679 10207/2693/679 10205/2677/678
f 10208/2692/679 10210/2707/680 10209/2708/680 10207/2693/679
f 10210/2707/680 10212/2163/681 10211/23/681 10209/2708/680
f 10212/2163/681 10214/2737/682 10213/2738/682 10211/23/681
f 10214/2737/682 10216/2752/683 10215/2753/683 10213/2738/682
f 10216/2752/683 10218/2768/684 10217/2769/684 10215/2753/683
f 10218/2768/684 10220/2782/685 10219/2783/685 10217/2769/684
f 10220/2782/685 10222/2797/686 10221/2798/686 10219/2783/685
f 10222/2797/686 10224/2813/687 10223/2814/687 10221/2798/686
f 10224/2813/687 10226/2827/688 10225/2828/688 10223/2814/687
f 10226/2827/688 10228/2843/689 10227/2844/689 10225/2828/688
f 10228/2843/689 10230/2858/690 10229/2859/690 10227/2844/689
f 10230/2858/690 10232/2872/691 10231/2873/691 10229/2859/690
f 10232/2872/691 10234/2888/692 10233/2889/692 10231/2873/691
f 10234/2888/692 10236/2903/693 10235/2904/693 10233/2889/692
f 10236/2903/693 10186/2284/668 10185/70/668 10235/2904/693
f 10238/2042/694 10240/2541/695 10239/2542/695 10237/146/694
f 10240/2541/695 10242/2556/696 10241/2557/696 10239/2542/695
f 10242/2556/696 10244/2572/697 10243/2573/697 10241/2557/696
f 10244/2572/697 10246/2586/698 10245/2587/698 10243/2573/697
f 10246/2586/698 10248/2601/699 10247/2602/699 10245/2587/698
f 10248/2601/699 10250/2617/700 10249/2618/700 10247/2602/699
f 10250/2617/700 10252/2631/701 10251/2632/701 10249/2618/700
f 10252/2631/701 10254/2647/702 10253/2648/702 10251/2632/701
f 10254/2647/702 10256/2662/703 10255/2663/703 10253/2648/702
f 10256/2662/703 10258/2676/704 10257/2677/704 10255/2663/703
f 10258/2676/704 10260/2692/705 10259/2693/705 10257/2677/704
f 10260/2692/705 10262/2707/706 10261/2708/706 10259/2693/705
f 10262/2707/706 10264/2163/707 10263/23/707 10261/2708/706
f 10264/2163/707 10266/2737/708 10265/2738/708 10263/23/707
f 10266/2737/708 10268/2752/709 10267/2753/709 10265/2738/708
f 10268/2752/709 10270/2768/710 10269/2769/710 10267/2753/709
f 10270/2768/710 10272/2782/711 10271/2783/711 10269/2769/710
f 10272/2782/711 10274/2797/712 10273/2798/712 10271/2783/711
f 10274/2797/712 10276/2813/713 10275/2814/713 10273/2798/712
f 10276/2813/713 10278/2827/1438 10277/2828/1438 10275/2814/713
f 10278/2827/1438 10280/2843/715 10279/2844/715 10277/2828/1438
f 10280/2843/715 10282/2858/716 10281/2859/716 10279/2844/715
f 10282/2858/716 10284/2872/717 10283/2873/717 10281/2859/716
f 10284/2872/717 10286/2888/718 10285/2889/718 10283/2873/717
f 10286/2888/718 10288/2903/719 10287/2904/719 10285/2889/718
f 10288/2903/719 10238/2284/694 10237/70/694 10287/2904/719
f 10290/2042/167 10292/4279/1439 10291/4280/1439 10289/146/167
f 10292/4279/1439 10294/4281/1440 10293/4282/1440 10291/4280/1439
f 10294/4281/1440 10296/4283/1441 10295/4284/1441 10293/4282/1440
f 10296/4283/1441 10298/4285/1442 10297/4286/1442 10295/4284/1441
f 10298/4285/1442 10300/4287/1443 10299/4288/1443 10297/4286/1442
f 10300/4287/1443 10302/4289/1444 10301/4290/1444 10299/4288/1443
f 10302/4289/1444 10304/4291/1445 10303/4292/1445 10301/4290/1444
f 10304/4291/1445 10306/4293/1446 10305/4294/1446 10303/4292/1445
f 10306/4293/1446 10308/4295/1447 10307/4296/1447 10305/4294/1446
f 10308/4295/1447 10310/4297/1448 10309/4298/1448 10307/4296/1447
f 10310/4297/1448 10312/2556/1449 10311/2557/1449 10309/4298/1448
f 10312/2556/1449 10314/4299/1450 10313/4300/1450 10311/2557/1449
f 10314/4299/1450 10316/4301/1451 10315/495/1451 10313/4300/1450
f 10316/4301/1451 10318/4302/1452 10317/4303/1452 10315/495/1451
f 10318/4302/1452 10320/4304/1453 10319/4305/1453 10317/4303/1452
f 10320/4304/1453 10322/4306/1454 10321/4307/1454 10319/4305/1453
f 10322/4306/1454 10324/4308/1455 10323/4309/1455 10321/4307/1454
f 10324/4308/1455 10326/4310/1456 10325/4311/1456 10323/4309/1455
f 10326/4310/1456 10328/4312/1457 10327/4313/1457 10325/4311/1456
f 10328/4312/1457 10330/4314/1458 10329/4315/1458 10327/4313/1457
f 10330/4314/1458 10332/4316/1459 10331/4317/1459 10329/4315/1458
f 10332/4316/1459 10334/2586/1460 10333/2587/1460 10331/4317/1459
f 10334/2586/1460 10336/4318/1461 10335/4319/1461 10333/2587/1460
f 10336/4318/1461 10338/4320/1462 10337/4321/1462 10335/4319/1461
f 10338/4320/1462 10340/4322/1463 10339/4323/1463 10337/4321/1462
f 10340/4322/1463 10342/4324/1464 10341/496/1464 10339/4323/1463
f 10342/4324/1464 10344/4325/308 10343/4326/308 10341/496/1464
f 10344/4325/308 10346/4327/1465 10345/4328/1465 10343/4326/308
f 10346/4327/1465 10348/4329/1466 10347/4330/1466 10345/4328/1465
f 10348/4329/1466 10350/4331/1467 10349/4332/1467 10347/4330/1466
f 10350/4331/1467 10352/4333/1468 10351/4334/1468 10349/4332/1467
f 10352/4333/1468 10354/4335/1469 10353/4336/1469 10351/4334/1468
f 10354/4335/1469 10356/2617/1470 10355/2618/1470 10353/4336/1469
f 10356/2617/1470 10358/4337/1471 10357/4338/1471 10355/2618/1470
f 10358/4337/1471 10360/4339/1472 10359/4340/1472 10357/4338/1471
f 10360/4339/1472 10362/4341/1473 10361/4342/1473 10359/4340/1472
f 10362/4341/1473 10364/4343/79 10363/4344/79 10361/4342/1473
f 10364/4343/79 10366/4345/1474 10365/4346/1474 10363/4344/79
f 10366/4345/1474 10368/4347/1475 10367/510/1475 10365/4346/1474
f 10368/4347/1475 10370/4348/1476 10369/4349/1476 10367/510/1475
f 10370/4348/1476 10372/4350/1477 10371/4351/1477 10369/4349/1476
f 10372/4350/1477 10374/4352/1478 10373/4353/1478 10371/4351/1477
f 10374/4352/1478 10376/4354/1479 10375/4355/1479 10373/4353/1478
f 10376/4354/1479 10378/2647/1480 10377/2648/1480 10375/4355/1479
f 10378/2647/1480 10380/4356/1481 10379/4357/1481 10377/2648/1480
f 10380/4356/1481 10382/4358/1482 10381/4359/1482 10379/4357/1481
f 10382/4358/1482 10384/4360/1483 10383/4361/1483 10381/4359/1482
f 10384/4360/1483 10386/4362/1484 10385/4363/1484 10383/4361/1483
f 10386/4362/1484 10388/4364/1485 10387/4365/1485 10385/4363/1484
f 10388/4364/1485 10390/4366/1486 10389/4367/1486 10387/4365/1485
f 10390/4366/1486 10392/4368/1487 10391/4369/1487 10389/4367/1486
f 10392/4368/1487 10394/4370/1488 10393/525/1488 10391/4369/1487
f 10394/4370/1488 10396/4371/1489 10395/4372/1489 10393/525/1488
f 10396/4371/1489 10398/4373/1490 10397/4374/1490 10395/4372/1489
f 10398/4373/1490 10400/2676/1491 10399/2677/1491 10397/4374/1490
f 10400/2676/1491 10402/4375/1492 10401/4376/1492 10399/2677/1491
f 10402/4375/1492 10404/4377/1493 10403/4378/1493 10401/4376/1492
f 10404/4377/1493 10406/4379/1494 10405/4380/1494 10403/4378/1493
f 10406/4379/1494 10408/4381/1495 10407/4382/1495 10405/4380/1494
f 10408/4381/1495 10410/4383/1496 10409/4384/1496 10407/4382/1495
f 10410/4383/1496 10412/4385/1497 10411/4386/1497 10409/4384/1496
f 10412/4385/1497 10414/4387/1498 10413/4388/1498 10411/4386/1497
f 10414/4387/1498 10416/4389/1499 10415/4390/1499 10413/4388/1498
f 10416/4389/1499 10418/4391/194 10417/4392/194 10415/4390/1499
f 10418/4391/194 10420/4393/1500 10419/541/1500 10417/4392/194
f 10420/4393/1500 10422/2707/1501 10421/2708/1501 10419/541/1500
f 10422/2707/1501 10424/4394/1502 10423/4395/1502 10421/2708/1501
f 10424/4394/1502 10426/4396/1503 10425/4397/1503 10423/4395/1502
f 10426/4396/1503 10428/4398/1504 10427/4399/1504 10425/4397/1503
f 10428/4398/1504 10430/4400/1505 10429/4401/1505 10427/4399/1504
f 10430/4400/1505 10432/4402/1506 10431/4403/1506 10429/4401/1505
f 10432/4402/1506 10434/4404/1507 10433/4405/1507 10431/4403/1506
f 10434/4404/1507 10436/4406/1161 10435/4407/1161 10433/4405/1507
f 10436/4406/1161 10438/4408/1508 10437/4409/1508 10435/4407/1161
f 10438/4408/1508 10440/4410/1509 10439/4411/1509 10437/4409/1508
f 10440/4410/1509 10442/4412/1510 10441/4413/1510 10439/4411/1509
f 10442/4412/1510 10444/2737/1511 10443/2738/1511 10441/4413/1510
f 10444/2737/1511 10446/4414/1512 10445/529/1512 10443/2738/1511
f 10446/4414/1512 10448/4415/1513 10447/4416/1513 10445/529/1512
f 10448/4415/1513 10450/4417/1514 10449/4418/1514 10447/4416/1513
f 10450/4417/1514 10452/4419/1515 10451/4420/1515 10449/4418/1514
f 10452/4419/1515 10454/4421/1516 10453/4422/1516 10451/4420/1515
f 10454/4421/1516 10456/4423/1517 10455/4424/1517 10453/4422/1516
f 10456/4423/1517 10458/4425/1518 10457/4426/1518 10455/4424/1517
f 10458/4425/1518 10460/4427/1519 10459/4428/1519 10457/4426/1518
f 10460/4427/1519 10462/4429/1520 10461/4430/1520 10459/4428/1519
f 10462/4429/1520 10464/4431/1521 10463/4432/1521 10461/4430/1520
f 10464/4431/1521 10466/2768/1522 10465/2769/1522 10463/4432/1521
f 10466/2768/1522 10468/4433/1523 10467/4434/1523 10465/2769/1522
f 10468/4433/1523 10470/4435/1524 10469/4436/1524 10467/4434/1523
f 10470/4435/1524 10472/4437/1525 10471/557/1525 10469/4436/1524
f 10472/4437/1525 10474/4438/1526 10473/4439/1526 10471/557/1525
f 10474/4438/1526 10476/4440/1527 10475/4441/1527 10473/4439/1526
f 10476/4440/1527 10478/4442/1528 10477/4443/1528 10475/4441/1527
f 10478/4442/1528 10480/4444/1529 10479/4445/1529 10477/4443/1528
f 10480/4444/1529 10482/4446/1530 10481/4447/1530 10479/4445/1529
f 10482/4446/1530 10484/4448/1531 10483/4449/1531 10481/4447/1530
f 10484/4448/1531 10486/4450/1532 10485/4451/1532 10483/4449/1531
f 10486/4450/1532 10488/2797/1533 10487/2798/1533 10485/4451/1532
f 10488/2797/1533 10490/4452/1534 10489/4453/1534 10487/2798/1533
f 10490/4452/1534 10492/4454/1535 10491/4455/1535 10489/4453/1534
f 10492/4454/1535 10494/4456/1536 10493/4457/1536 10491/4455/1535
f 10494/4456/1536 10496/4458/1537 10495/4459/1537 10493/4457/1536
f 10496/4458/1537 10498/4460/1538 10497/571/1538 10495/4459/1537
f 10498/4460/1538 10500/4461/1539 10499/4462/1539 10497/571/1538
f 10500/4461/1539 10502/4463/1540 10501/4464/1540 10499/4462/1539
f 10502/4463/1540 10504/4465/1541 10503/4466/1541 10501/4464/1540
f 10504/4465/1541 10506/4467/1542 10505/4468/1542 10503/4466/1541
f 10506/4467/1542 10508/4469/1543 10507/4470/1543 10505/4468/1542
f 10508/4469/1543 10510/2827/1544 10509/2828/1544 10507/4470/1543
f 10510/2827/1544 10512/4471/1545 10511/4472/1545 10509/2828/1544
f 10512/4471/1545 10514/4473/1546 10513/4474/1546 10511/4472/1545
f 10514/4473/1546 10516/4475/1547 10515/4476/1547 10513/4474/1546
f 10516/4475/1547 10518/4477/1548 10517/4478/1548 10515/4476/1547
f 10518/4477/1548 10520/4479/1549 10519/4480/1549 10517/4478/1548
f 10520/4479/1549 10522/4481/1550 10521/4482/1550 10519/4480/1549
f 10522/4481/1550 10524/4483/1551 10523/556/1551 10521/4482/1550
f 10524/4483/1551 10526/4484/1552 10525/4485/1552 10523/556/1551
f 10526/4484/1552 10528/4486/1553 10527/4487/1553 10525/4485/1552
f 10528/4486/1553 10530/4488/1554 10529/4489/1554 10527/4487/1553
f 10530/4488/1554 10532/2858/1555 10531/2859/1555 10529/4489/1554
f 10532/2858/1555 10534/4490/1556 10533/4491/1556 10531/2859/1555
f 10534/4490/1556 10536/4492/1557 10535/4493/1557 10533/4491/1556
f 10536/4492/1557 10538/4494/1558 10537/4495/1558 10535/4493/1557
f 10538/4494/1558 10540/4496/1559 10539/4497/1559 10537/4495/1558
f 10540/4496/1559 10542/4498/1560 10541/4499/1560 10539/4497/1559
f 10542/4498/1560 10544/4500/1561 10543/4501/1561 10541/4499/1560
f 10544/4500/1561 10546/4502/1562 10545/4503/1562 10543/4501/1561
f 10546/4502/1562 10548/4504/1563 10547/4505/1563 10545/4503/1562
f 10548/4504/1563 10550/4506/1564 10549/544/1564 10547/4505/1563
f 10550/4506/1564 10552/4507/1565 10551/4508/1565 10549/544/1564
f 10552/4507/1565 10554/2888/1566 10553/2889/1566 10551/4508/1565
f 10554/2888/1566 10556/4509/1567 10555/4510/1567 10553/2889/1566
f 10556/4509/1567 10558/4511/1568 10557/4512/1568 10555/4510/1567
f 10558/4511/1568 10560/4513/1569 10559/4514/1569 10557/4512/1568
f 10560/4513/1569 10562/4515/1570 10561/4516/1570 10559/4514/1569
f 10562/4515/1570 10564/4517/1571 10563/4518/1571 10561/4516/1570
f 10564/4517/1571 10566/4519/1572 10565/4520/1572 10563/4518/1571
f 10566/4519/1572 10568/4521/1573 10567/4522/1573 10565/4520/1572
f 10568/4521/1573 10570/4523/1574 10569/4524/1574 10567/4522/1573
f 10570/4523/1574 10572/4525/1575 10571/4526/1575 10569/4524/1574
f 10572/4525/1575 10574/4527/1576 10573/4528/1576 10571/4526/1575
f 10574/4527/1576 10290/2284/167 10289/70/167 10573/4528/1576
f 10576/2042/1577 10578/4529/1578 10577/966/1578 10575/146/1577
f 10578/4529/1578 10580/4530/1579 10579/965/1579 10577/966/1578
f 10580/4530/1579 10582/4531/1580 10581/964/1580 10579/965/1579
f 10582/4531/1580 10584/4532/1581 10583/963/1581 10581/964/1580
f 10584/4532/1581 10586/4533/1582 10585/962/1582 10583/963/1581
f 10586/4533/1582 10588/2341/1549 10587/961/1549 10585/962/1582
f 10588/2341/1549 10590/4534/1583 10589/960/1583 10587/961/1549
f 10590/4534/1583 10592/4535/1584 10591/959/1584 10589/960/1583
f 10592/4535/1584 10594/4536/1585 10593/958/1585 10591/959/1584
f 10594/4536/1585 10596/4537/1586 10595/957/1586 10593/958/1585
f 10596/4537/1586 10598/4538/1587 10597/956/1587 10595/957/1586
f 10598/4538/1587 10600/2342/1588 10599/955/1588 10597/956/1587
f 10600/2342/1588 10602/4539/533 10601/954/533 10599/955/1588
f 10602/4539/533 10604/4540/533 10603/953/533 10601/954/533
f 10604/4540/533 10606/4541/533 10605/952/533 10603/953/533
f 10606/4541/533 10608/4542/533 10607/951/533 10605/952/533
f 10608/4542/533 10610/4543/533 10609/950/533 10607/951/533
f 10610/4543/533 10612/2343/533 10611/478/533 10609/950/533
f 10612/2343/533 10614/4544/533 10613/949/533 10611/478/533
f 10614/4544/533 10616/4545/533 10615/948/533 10613/949/533
f 10616/4545/533 10618/4546/533 10617/947/533 10615/948/533
f 10618/4546/533 10620/4547/533 10619/944/533 10617/947/533
f 10620/4547/533 10622/4548/533 10621/946/533 10619/944/533
f 10622/4548/533 10624/2344/1589 10623/945/1589 10621/946/533
f 10624/2344/1589 10626/4549/1590 10625/992/1590 10623/945/1589
f 10626/4549/1590 10628/4550/1591 10627/991/1591 10625/992/1590
f 10628/4550/1591 10630/2519/1592 10629/990/1592 10627/991/1591
f 10630/2519/1592 10632/4551/540 10631/989/540 10629/990/1592
f 10632/4551/540 10634/4552/1593 10633/988/1593 10631/989/540
f 10634/4552/1593 10636/2345/1594 10635/993/1594 10633/988/1593
f 10636/2345/1594 10638/4553/1595 10637/994/1595 10635/993/1594
f 10638/4553/1595 10640/4554/542 10639/995/542 10637/994/1595
f 10640/4554/542 10642/4555/1596 10641/996/1596 10639/995/542
f 10642/4555/1596 10644/4556/1597 10643/997/1597 10641/996/1596
f 10644/4556/1597 10646/4557/1598 10645/998/1598 10643/997/1597
f 10646/4557/1598 10648/2346/1599 10647/458/1599 10645/998/1598
f 10648/2346/1599 10650/4558/1600 10649/1003/1600 10647/458/1599
f 10650/4558/1600 10652/4559/1601 10651/1005/1601 10649/1003/1600
f 10652/4559/1601 10654/4560/1602 10653/1007/1602 10651/1005/1601
f 10654/4560/1602 10656/4561/1603 10655/1008/1603 10653/1007/1602
f 10656/4561/1603 10658/4562/1604 10657/1014/1604 10655/1008/1603
f 10658/4562/1604 10660/2347/1605 10659/1020/1605 10657/1014/1604
f 10660/2347/1605 10662/4563/1606 10661/1032/1606 10659/1020/1605
f 10662/4563/1606 10664/4564/1607 10663/1043/1607 10661/1032/1606
f 10664/4564/1607 10666/4565/1608 10665/1055/1608 10663/1043/1607
f 10666/4565/1608 10668/4566/1609 10667/1065/1609 10665/1055/1608
f 10668/4566/1609 10670/4567/1610 10669/1070/1610 10667/1065/1609
f 10670/4567/1610 10672/2348/1611 10671/1072/1611 10669/1070/1610
f 10672/2348/1611 10674/4568/1612 10673/1074/1612 10671/1072/1611
f 10674/4568/1612 10676/4569/506 10675/1075/506 10673/1074/1612
f 10676/4569/506 10678/4570/506 10677/1077/506 10675/1075/506
f 10678/4570/506 10680/4571/506 10679/1079/506 10677/1077/506
f 10680/4571/506 10682/4572/506 10681/1080/506 10679/1079/506
f 10682/4572/506 10684/2349/506 10683/422/506 10681/1080/506
f 10684/2349/506 10686/4573/506 10685/1083/506 10683/422/506
f 10686/4573/506 10688/4574/506 10687/1084/506 10685/1083/506
f 10688/4574/506 10690/4575/506 10689/1086/506 10687/1084/506
f 10690/4575/506 10692/4576/506 10691/1087/506 10689/1086/506
f 10692/4576/506 10694/4577/506 10693/1088/506 10691/1087/506
f 10694/4577/506 10696/2350/506 10695/1089/506 10693/1088/506
f 10696/2350/506 10698/4578/1613 10697/1091/1613 10695/1089/506
f 10698/4578/1613 10700/4579/1614 10699/1095/1614 10697/1091/1613
f 10700/4579/1614 10702/4580/1615 10701/1094/1615 10699/1095/1614
f 10702/4580/1615 10704/4581/1616 10703/1093/1616 10701/1094/1615
f 10704/4581/1616 10706/4582/1617 10705/1092/1617 10703/1093/1616
f 10706/4582/1617 10708/2351/1618 10707/1090/1618 10705/1092/1617
f 10708/2351/1618 10710/4583/1464 10709/1085/1464 10707/1090/1618
f 10710/4583/1464 10712/4584/1619 10711/1082/1619 10709/1085/1464
f 10712/4584/1619 10714/4585/1620 10713/1081/1620 10711/1082/1619
f 10714/4585/1620 10716/4586/1621 10715/1078/1621 10713/1081/1620
f 10716/4586/1621 10718/4587/1622 10717/1076/1622 10715/1078/1621
f 10718/4587/1622 10720/2352/1623 10719/348/1623 10717/1076/1622
f 10720/2352/1623 10722/4588/1624 10721/1073/1624 10719/348/1623
f 10722/4588/1624 10724/4589/1625 10723/1071/1625 10721/1073/1624
f 10724/4589/1625 10726/4590/1626 10725/1064/1626 10723/1071/1625
f 10726/4590/1626 10728/4591/1627 10727/1053/1627 10725/1064/1626
f 10728/4591/1627 10730/4592/1628 10729/1041/1628 10727/1053/1627
f 10730/4592/1628 10732/2353/1629 10731/1029/1629 10729/1041/1628
f 10732/2353/1629 10734/4593/1630 10733/1019/1630 10731/1029/1629
f 10734/4593/1630 10736/4594/1631 10735/1012/1631 10733/1019/1630
f 10736/4594/1631 10738/2163/1632 10737/23/1632 10735/1012/1631
f 10738/2163/1632 10740/4595/1633 10739/1006/1633 10737/23/1632
f 10740/4595/1633 10742/4596/1634 10741/1004/1634 10739/1006/1633
f 10742/4596/1634 10744/2354/1635 10743/1001/1635 10741/1004/1634
f 10744/2354/1635 10746/4597/1636 10745/987/1636 10743/1001/1635
f 10746/4597/1636 10748/4598/1637 10747/1000/1637 10745/987/1636
f 10748/4598/1637 10750/4599/1638 10749/1002/1638 10747/1000/1637
f 10750/4599/1638 10752/4600/1639 10751/999/1639 10749/1002/1638
f 10752/4600/1639 10754/4601/1640 10753/986/1640 10751/999/1639
f 10754/4601/1640 10756/2355/1641 10755/388/1641 10753/986/1640
f 10756/2355/1641 10758/4602/1642 10757/985/1642 10755/388/1641
f 10758/4602/1642 10760/4603/1643 10759/984/1643 10757/985/1642
f 10760/4603/1643 10762/4604/1644 10761/983/1644 10759/984/1643
f 10762/4604/1644 10764/4605/1645 10763/982/1645 10761/983/1644
f 10764/4605/1645 10766/4606/1646 10765/981/1646 10763/982/1645
f 10766/4606/1646 10768/2356/1647 10767/980/1647 10765/981/1646
f 10768/2356/1647 10770/4607/1648 10769/979/1648 10767/980/1647
f 10770/4607/1648 10772/4608/1649 10771/978/1649 10769/979/1648
f 10772/4608/1649 10774/4609/1650 10773/977/1650 10771/978/1649
f 10774/4609/1650 10776/4610/784 10775/976/784 10773/977/1650
f 10776/4610/784 10778/4611/1501 10777/975/1501 10775/976/784
f 10778/4611/1501 10780/2357/1651 10779/974/1651 10777/975/1501
f 10780/2357/1651 10782/4612/1652 10781/973/1652 10779/974/1651
f 10782/4612/1652 10784/4613/1653 10783/972/1653 10781/973/1652
f 10784/4613/1653 10786/4614/1654 10785/971/1654 10783/972/1653
f 10786/4614/1654 10788/4615/1655 10787/970/1655 10785/971/1654
f 10788/4615/1655 10790/4616/1656 10789/969/1656 10787/970/1655
f 10790/4616/1656 10792/2358/1657 10791/401/1657 10789/969/1656
f 10792/2358/1657 10794/4617/1658 10793/968/1658 10791/401/1657
f 10794/4617/1658 10796/4618/1659 10795/967/1659 10793/968/1658
f 10796/4618/1659 10798/4619/1660 10797/1069/1660 10795/967/1659
f 10798/4619/1660 10800/4620/1661 10799/1068/1661 10797/1069/1660
f 10800/4620/1661 10802/4621/214 10801/1066/214 10799/1068/1661
f 10802/4621/214 10804/2359/1662 10803/1062/1662 10801/1066/214
f 10804/2359/1662 10806/4622/1663 10805/1060/1663 10803/1062/1662
f 10806/4622/1663 10808/4623/1664 10807/1056/1664 10805/1060/1663
f 10808/4623/1664 10810/4624/1665 10809/1051/1665 10807/1056/1664
f 10810/4624/1665 10812/4625/1666 10811/1048/1666 10809/1051/1665
f 10812/4625/1666 10814/4626/1667 10813/1044/1667 10811/1048/1666
f 10814/4626/1667 10816/2360/1668 10815/1038/1668 10813/1044/1667
f 10816/2360/1668 10818/4627/1669 10817/1034/1669 10815/1038/1668
f 10818/4627/1669 10820/4628/1670 10819/1030/1670 10817/1034/1669
f 10820/4628/1670 10822/4629/1671 10821/1022/1671 10819/1030/1670
f 10822/4629/1671 10824/4630/1672 10823/1024/1672 10821/1022/1671
f 10824/4630/1672 10826/4631/533 10825/1023/533 10823/1024/1672
f 10826/4631/533 10828/2361/533 10827/367/533 10825/1023/533
f 10828/2361/533 10830/4632/533 10829/1028/533 10827/367/533
f 10830/4632/533 10832/4633/533 10831/1033/533 10829/1028/533
f 10832/4633/533 10834/4634/533 10833/1037/533 10831/1033/533
f 10834/4634/533 10836/4635/533 10835/1042/533 10833/1037/533
f 10836/4635/533 10838/4636/533 10837/1047/533 10835/1042/533
f 10838/4636/533 10840/2362/533 10839/1052/533 10837/1047/533
f 10840/2362/533 10842/4637/533 10841/1057/533 10839/1052/533
f 10842/4637/533 10844/4638/533 10843/1061/533 10841/1057/533
f 10844/4638/533 10846/2524/533 10845/1063/533 10843/1061/533
f 10846/2524/533 10848/4639/1673 10847/1067/1673 10845/1063/533
f 10848/4639/1673 10850/4640/1674 10849/1059/1674 10847/1067/1673
f 10850/4640/1674 10852/2363/1675 10851/1058/1675 10849/1059/1674
f 10852/2363/1675 10854/4641/215 10853/1054/215 10851/1058/1675
f 10854/4641/215 10856/4642/1676 10855/1049/1676 10853/1054/215
f 10856/4642/1676 10858/4643/1677 10857/1045/1677 10855/1049/1676
f 10858/4643/1677 10860/4644/1678 10859/1040/1678 10857/1045/1677
f 10860/4644/1678 10862/4645/588 10861/1036/588 10859/1040/1678
f 10862/4645/588 10864/2364/1679 10863/330/1679 10861/1036/588
f 10864/2364/1679 10866/4646/1680 10865/1027/1680 10863/330/1679
f 10866/4646/1680 10868/4647/1681 10867/1025/1681 10865/1027/1680
f 10868/4647/1681 10870/4648/1682 10869/1018/1682 10867/1025/1681
f 10870/4648/1682 10872/4649/1683 10871/1016/1683 10869/1018/1682
f 10872/4649/1683 10874/4650/1684 10873/1009/1684 10871/1016/1683
f 10874/4650/1684 10876/2365/1685 10875/1011/1685 10873/1009/1684
f 10876/2365/1685 10878/4651/1686 10877/1010/1686 10875/1011/1685
f 10878/4651/1686 10880/4652/1687 10879/1013/1687 10877/1010/1686
f 10880/4652/1687 10882/4653/1688 10881/1015/1688 10879/1013/1687
f 10882/4653/1688 10884/4654/1689 10883/1017/1689 10881/1015/1688
f 10884/4654/1689 10886/4655/1690 10885/1021/1690 10883/1017/1689
f 10886/4655/1690 10888/2366/1691 10887/1026/1691 10885/1021/1690
f 10888/2366/1691 10890/4656/1692 10889/1031/1692 10887/1026/1691
f 10890/4656/1692 10892/4657/1693 10891/1035/1693 10889/1031/1692
f 10892/4657/1693 10894/4658/1694 10893/1039/1694 10891/1035/1693
f 10894/4658/1694 10896/4659/1695 10895/1046/1695 10893/1039/1694
f 10896/4659/1695 10898/4660/1576 10897/1050/1576 10895/1046/1695
f 10898/4660/1576 10576/2284/1577 10575/70/1577 10897/1050/1576
f 10900/2042/506 10902/2919/506 10901/251/506 10899/146/506
f 10902/2919/506 10904/2920/506 10903/255/506 10901/251/506
f 10904/2920/506 10906/2921/506 10905/269/506 10903/255/506
f 10906/2921/506 10908/2922/506 10907/281/506 10905/269/506
f 10908/2922/506 10910/2923/506 10909/288/506 10907/281/506
f 10910/2923/506 10912/2924/506 10911/283/506 10909/288/506
f 10912/2924/506 10914/2925/506 10913/280/506 10911/283/506
f 10914/2925/506 10916/2926/506 10915/270/506 10913/280/506
f 10916/2926/506 10918/2927/506 10917/256/506 10915/270/506
f 10918/2927/506 10920/2928/506 10919/252/506 10917/256/506
f 10920/2928/506 10922/2929/507 10921/248/507 10919/252/506
f 10922/2929/507 10924/2930/508 10923/243/508 10921/248/507
f 10924/2930/508 10926/2931/509 10925/241/509 10923/243/508
f 10926/2931/509 10928/2932/510 10927/240/510 10925/241/509
f 10928/2932/510 10930/2933/511 10929/238/511 10927/240/510
f 10930/2933/511 10932/2934/512 10931/237/512 10929/238/511
f 10932/2934/512 10934/2935/513 10933/235/513 10931/237/512
f 10934/2935/513 10936/2936/514 10935/232/514 10933/235/513
f 10936/2936/514 10938/2937/515 10937/227/515 10935/232/514
f 10938/2937/515 10940/2938/516 10939/221/516 10937/227/515
f 10940/2938/516 10942/2939/517 10941/217/517 10939/221/516
f 10942/2939/517 10944/2940/518 10943/215/518 10941/217/517
f 10944/2940/518 10946/2941/519 10945/213/519 10943/215/518
f 10946/2941/519 10948/2942/520 10947/174/520 10945/213/519
f 10948/2942/520 10950/2943/521 10949/175/521 10947/174/520
f 10950/2943/521 10952/2944/522 10951/178/522 10949/175/521
f 10952/2944/522 10954/2945/523 10953/185/523 10951/178/522
f 10954/2945/523 10956/2946/524 10955/189/524 10953/185/523
f 10956/2946/524 10958/2947/525 10957/194/525 10955/189/524
f 10958/2947/525 10960/2948/526 10959/198/526 10957/194/525
f 10960/2948/526 10962/2949/527 10961/201/527 10959/198/526
f 10962/2949/527 10964/2950/528 10963/203/528 10961/201/527
f 10964/2950/528 10966/2951/529 10965/205/529 10963/203/528
f 10966/2951/529 10968/2952/530 10967/207/530 10965/205/529
f 10968/2952/530 10970/2953/531 10969/209/531 10967/207/530
f 10970/2953/531 10972/2954/532 10971/211/532 10969/209/531
f 10972/2954/532 10974/2163/533 10973/23/533 10971/211/532
f 10974/2163/533 10976/2955/533 10975/195/533 10973/23/533
f 10976/2955/533 10978/2956/533 10977/191/533 10975/195/533
f 10978/2956/533 10980/2957/533 10979/188/533 10977/191/533
f 10980/2957/533 10982/2958/533 10981/184/533 10979/188/533
f 10982/2958/533 10984/2959/533 10983/179/533 10981/184/533
f 10984/2959/533 10986/2960/533 10985/180/533 10983/179/533
f 10986/2960/533 10988/2961/533 10987/220/533 10985/180/533
f 10988/2961/533 10990/2962/533 10989/223/533 10987/220/533
f 10990/2962/533 10992/2963/533 10991/226/533 10989/223/533
f 10992/2963/533 10994/2964/533 10993/229/533 10991/226/533
f 10994/2964/533 10996/2965/534 10995/231/534 10993/229/533
f 10996/2965/534 10998/2966/535 10997/244/535 10995/231/534
f 10998/2966/535 11000/2967/536 10999/316/536 10997/244/535
f 11000/2967/536 11002/2968/537 11001/313/537 10999/316/536
f 11002/2968/537 11004/2969/538 11003/311/538 11001/313/537
f 11004/2969/538 11006/2970/539 11005/309/539 11003/311/538
f 11006/2970/539 11008/2971/540 11007/307/540 11005/309/539
f 11008/2971/540 11010/2972/541 11009/305/541 11007/307/540
f 11010/2972/541 11012/2973/542 11011/302/542 11009/305/541
f 11012/2973/542 11014/2974/543 11013/299/543 11011/302/542
f 11014/2974/543 11016/2975/544 11015/296/544 11013/299/543
f 11016/2975/544 11018/2976/262 11017/292/262 11015/296/544
f 11018/2976/262 11020/2977/545 11019/289/545 11017/292/262
f 11020/2977/545 11022/2978/546 11021/279/546 11019/289/545
f 11022/2978/546 11024/2979/1434 11023/275/1434 11021/279/546
f 11024/2979/1434 11026/2980/548 11025/272/548 11023/275/1434
f 11026/2980/548 11028/2981/549 11027/268/549 11025/272/548
f 11028/2981/549 11030/2982/550 11029/266/550 11027/268/549
f 11030/2982/550 11032/2983/551 11031/262/551 11029/266/550
f 11032/2983/551 11034/2984/552 11033/257/552 11031/262/551
f 11034/2984/552 11036/2985/553 11035/258/553 11033/257/552
f 11036/2985/553 11038/2986/554 11037/277/554 11035/258/553
f 11038/2986/554 11040/2987/555 11039/290/555 11037/277/554
f 11040/2987/555 11042/2988/556 11041/295/556 11039/290/555
f 11042/2988/556 11044/2989/557 11043/300/557 11041/295/556
f 11044/2989/557 11046/2990/558 11045/304/558 11043/300/557
f 11046/2990/558 10900/2284/506 10899/70/506 11045/304/558
f 11048/2042/1696 11050/4103/1697 11049/4104/1697 11047/146/1696
f 11050/4103/1697 11052/4105/1334 11051/4106/1334 11049/4104/1697
f 11052/4105/1334 11054/4107/1335 11053/4108/1335 11051/4106/1334
f 11054/4107/1335 11056/4109/1336 11055/4110/1336 11053/4108/1335
f 11056/4109/1336 11058/4111/1337 11057/4112/1337 11055/4110/1336
f 11058/4111/1337 11060/4113/1338 11059/4114/1338 11057/4112/1337
f 11060/4113/1338 11062/4115/1339 11061/4116/1339 11059/4114/1338
f 11062/4115/1339 11064/4117/1340 11063/4118/1340 11061/4116/1339
f 11064/4117/1340 11066/4119/1341 11065/4120/1341 11063/4118/1340
f 11066/4119/1341 11068/4121/1342 11067/4122/1342 11065/4120/1341
f 11068/4121/1342 11070/4123/1698 11069/4124/1698 11067/4122/1342
f 11070/4123/1698 11072/4125/1344 11071/4126/1344 11069/4124/1698
f 11072/4125/1344 11074/4127/1345 11073/4128/1345 11071/4126/1344
f 11074/4127/1345 11076/4129/1346 11075/4130/1346 11073/4128/1345
f 11076/4129/1346 11078/4131/1347 11077/4132/1347 11075/4130/1346
f 11078/4131/1347 11080/4133/1348 11079/4134/1348 11077/4132/1347
f 11080/4133/1348 11082/4135/1699 11081/4136/1699 11079/4134/1348
f 11082/4135/1699 11084/4137/1350 11083/4138/1350 11081/4136/1699
f 11084/4137/1350 11086/4139/1351 11085/4140/1351 11083/4138/1350
f 11086/4139/1351 11088/4141/1352 11087/4142/1352 11085/4140/1351
f 11088/4141/1352 11090/4143/1353 11089/4144/1353 11087/4142/1352
f 11090/4143/1353 11092/4145/1354 11091/4146/1354 11089/4144/1353
f 11092/4145/1354 11094/4147/1355 11093/4148/1355 11091/4146/1354
f 11094/4147/1355 11096/4149/1356 11095/4150/1356 11093/4148/1355
f 11096/4149/1356 11098/4151/1357 11097/4152/1357 11095/4150/1356
f 11098/4151/1357 11100/4153/1358 11099/4154/1358 11097/4152/1357
f 11100/4153/1358 11102/4155/1359 11101/4156/1359 11099/4154/1358
f 11102/4155/1359 11104/4157/1360 11103/4158/1360 11101/4156/1359
f 11104/4157/1360 11106/4159/1361 11105/4160/1361 11103/4158/1360
f 11106/4159/1361 11108/4161/1362 11107/4162/1362 11105/4160/1361
f 11108/4161/1362 11110/4163/1363 11109/4164/1363 11107/4162/1362
f 11110/4163/1363 11112/4165/1364 11111/4166/1364 11109/4164/1363
f 11112/4165/1364 11114/4167/1365 11113/4168/1365 11111/4166/1364
f 11114/4167/1365 11116/4169/1366 11115/4170/1366 11113/4168/1365
f 11116/4169/1366 11118/4171/1367 11117/4172/1367 11115/4170/1366
f 11118/4171/1367 11120/4173/1368 11119/4174/1368 11117/4172/1367
f 11120/4173/1368 11122/4175/1369 11121/4176/1369 11119/4174/1368
f 11122/4175/1369 11124/4177/1370 11123/4178/1370 11121/4176/1369
f 11124/4177/1370 11126/4179/1371 11125/4180/1371 11123/4178/1370
f 11126/4179/1371 11128/4181/1372 11127/4182/1372 11125/4180/1371
f 11128/4181/1372 11130/4183/1373 11129/4184/1373 11127/4182/1372
f 11130/4183/1373 11132/4185/1374 11131/4186/1374 11129/4184/1373
f 11132/4185/1374 11134/4187/1375 11133/4188/1375 11131/4186/1374
f 11134/4187/1375 11136/4189/24 11135/4190/24 11133/4188/1375
f 11136/4189/24 11138/4191/1376 11137/4192/1376 11135/4190/24
f 11138/4191/1376 11140/4193/1377 11139/4194/1377 11137/4192/1376
f 11140/4193/1377 11142/4195/1378 11141/4196/1378 11139/4194/1377
f 11142/4195/1378 11144/4197/1379 11143/4198/1379 11141/4196/1378
f 11144/4197/1379 11146/4199/1380 11145/4200/1380 11143/4198/1379
f 11146/4199/1380 11148/4201/1381 11147/4202/1381 11145/4200/1380
f 11148/4201/1381 11150/4203/1700 11149/4204/1700 11147/4202/1381
f 11150/4203/1700 11152/4205/1383 11151/4206/1383 11149/4204/1700
f 11152/4205/1383 11154/4207/1384 11153/4208/1384 11151/4206/1383
f 11154/4207/1384 11156/4209/1385 11155/4210/1385 11153/4208/1384
f 11156/4209/1385 11158/4211/1386 11157/4212/1386 11155/4210/1385
f 11158/4211/1386 11160/4213/1387 11159/4214/1387 11157/4212/1386
f 11160/4213/1387 11162/4215/1388 11161/4216/1388 11159/4214/1387
f 11162/4215/1388 11164/4217/1389 11163/4218/1389 11161/4216/1388
f 11164/4217/1389 11166/4219/1390 11165/4220/1390 11163/4218/1389
f 11166/4219/1390 11168/4221/1391 11167/4222/1391 11165/4220/1390
f 11168/4221/1391 11170/4223/1392 11169/4224/1392 11167/4222/1391
f 11170/4223/1392 11172/4225/1393 11171/4226/1393 11169/4224/1392
f 11172/4225/1393 11174/4227/1394 11173/4228/1394 11171/4226/1393
f 11174/4227/1394 11176/4229/1701 11175/4230/1701 11173/4228/1394
f 11176/4229/1701 11178/4231/890 11177/4232/890 11175/4230/1701
f 11178/4231/890 11180/4233/1396 11179/4234/1396 11177/4232/890
f 11180/4233/1396 11182/4235/1397 11181/4236/1397 11179/4234/1396
f 11182/4235/1397 11184/4237/1398 11183/4238/1398 11181/4236/1397
f 11184/4237/1398 11186/4239/1399 11185/4240/1399 11183/4238/1398
f 11186/4239/1399 11188/4241/1400 11187/4242/1400 11185/4240/1399
f 11188/4241/1400 11190/4243/1401 11189/4244/1401 11187/4242/1400
f 11190/4243/1401 11192/4245/1402 11191/4246/1402 11189/4244/1401
f 11192/4245/1402 11194/4247/1403 11193/4248/1403 11191/4246/1402
f 11194/4247/1403 11196/4249/1404 11195/4250/1404 11193/4248/1403
f 11196/4249/1404 11198/4251/1405 11197/4252/1405 11195/4250/1404
f 11198/4251/1405 11200/4253/1406 11199/4254/1406 11197/4252/1405
f 11200/4253/1406 11202/4255/1407 11201/4256/1407 11199/4254/1406
f 11202/4255/1407 11204/4257/1407 11203/4258/1407 11201/4256/1407
f 11204/4257/1407 11206/4259/1407 11205/4260/1407 11203/4258/1407
f 11206/4259/1407 11208/4261/1407 11207/4262/1407 11205/4260/1407
f 11208/4261/1407 11210/4263/1407 11209/4264/1407 11207/4262/1407
f 11210/4263/1407 11212/4265/1407 11211/4266/1407 11209/4264/1407
f 11212/4265/1407 11214/4267/1407 11213/4268/1407 11211/4266/1407
f 11214/4267/1407 11216/4269/1407 11215/4270/1407 11213/4268/1407
f 11216/4269/1407 11218/4271/1407 11217/4272/1407 11215/4270/1407
f 11218/4271/1407 11220/4273/1407 11219/4274/1407 11217/4272/1407
f 11220/4273/1407 11222/4275/1407 11221/4276/1407 11219/4274/1407
f 11222/4275/1407 11224/4277/1702 11223/4278/1702 11221/4276/1407
f 11224/4277/1702 11048/2284/1696 11047/70/1696 11223/4278/1702
f 11226/2042/1703 11228/2373/1703 11227/2374/1703 11225/146/1703
f 11228/2373/1703 11230/2375/1703 11229/1435/1703 11227/2374/1703
f 11230/2375/1703 11232/2376/1703 11231/2377/1703 11229/1435/1703
f 11232/2376/1703 11234/2378/1703 11233/1441/1703 11231/2377/1703
f 11234/2378/1703 11236/2379/1703 11235/2380/1703 11233/1441/1703
f 11236/2379/1703 11238/2381/1703 11237/1447/1703 11235/2380/1703
f 11238/2381/1703 11240/2382/1703 11239/2383/1703 11237/1447/1703
f 11240/2382/1703 11242/2384/1703 11241/1453/1703 11239/2383/1703
f 11242/2384/1703 11244/2385/1703 11243/2386/1703 11241/1453/1703
f 11244/2385/1703 11246/2387/1703 11245/1461/1703 11243/2386/1703
f 11246/2387/1703 11248/2388/1704 11247/2389/1704 11245/1461/1703
f 11248/2388/1704 11250/2390/1705 11249/1473/1705 11247/2389/1704
f 11250/2390/1705 11252/2391/1706 11251/2392/1706 11249/1473/1705
f 11252/2391/1706 11254/2393/1707 11253/703/1707 11251/2392/1706
f 11254/2393/1707 11256/2394/1708 11255/2395/1708 11253/703/1707
f 11256/2394/1708 11258/2396/1709 11257/1496/1709 11255/2395/1708
f 11258/2396/1709 11260/2397/1626 11259/2398/1626 11257/1496/1709
f 11260/2397/1626 11262/2399/900 11261/1489/900 11259/2398/1626
f 11262/2399/900 11264/2400/1710 11263/2401/1710 11261/1489/900
f 11264/2400/1710 11266/2402/1711 11265/1479/1711 11263/2401/1710
f 11266/2402/1711 11268/2403/1712 11267/2404/1712 11265/1479/1711
f 11268/2403/1712 11270/2405/1713 11269/1467/1713 11267/2404/1712
f 11270/2405/1713 11272/2406/1714 11271/2407/1714 11269/1467/1713
f 11272/2406/1714 11274/2408/1715 11273/1457/1715 11271/2407/1714
f 11274/2408/1715 11276/2409/1716 11275/2410/1716 11273/1457/1715
f 11276/2409/1716 11278/2411/1717 11277/1468/1717 11275/2410/1716
f 11278/2411/1717 11280/2412/1718 11279/2413/1718 11277/1468/1717
f 11280/2412/1718 11282/2414/1719 11281/665/1719 11279/2413/1718
f 11282/2414/1719 11284/2415/1720 11283/2416/1720 11281/665/1719
f 11284/2415/1720 11286/2417/1721 11285/1490/1721 11283/2416/1720
f 11286/2417/1721 11288/2418/1722 11287/2419/1722 11285/1490/1721
f 11288/2418/1722 11290/2420/1723 11289/1492/1723 11287/2419/1722
f 11290/2420/1723 11292/2421/1724 11291/2422/1724 11289/1492/1723
f 11292/2421/1724 11294/2423/1725 11293/1484/1725 11291/2422/1724
f 11294/2423/1725 11296/2424/1726 11295/2425/1726 11293/1484/1725
f 11296/2424/1726 11298/2426/1727 11297/1474/1727 11295/2425/1726
f 11298/2426/1727 11300/2427/1728 11299/2428/1728 11297/1474/1727
f 11300/2427/1728 11302/2429/1729 11301/1462/1729 11299/2428/1728
f 11302/2429/1729 11304/2430/1730 11303/2431/1730 11301/1462/1729
f 11304/2430/1730 11306/2432/1731 11305/1452/1731 11303/2431/1730
f 11306/2432/1731 11308/2433/1732 11307/2434/1732 11305/1452/1731
f 11308/2433/1732 11310/2435/1733 11309/654/1733 11307/2434/1732
f 11310/2435/1733 11312/2436/1734 11311/2437/1734 11309/654/1733
f 11312/2436/1734 11314/2438/1735 11313/1442/1735 11311/2437/1734
f 11314/2438/1735 11316/2439/1736 11315/2440/1736 11313/1442/1735
f 11316/2439/1736 11318/2441/1737 11317/1436/1737 11315/2440/1736
f 11318/2441/1737 11320/2442/1738 11319/2443/1738 11317/1436/1737
f 11320/2442/1738 11322/2444/1739 11321/1430/1739 11319/2443/1738
f 11322/2444/1739 11324/2163/1740 11323/23/1740 11321/1430/1739
f 11324/2163/1740 11326/2445/1741 11325/1427/1741 11323/23/1740
f 11326/2445/1741 11328/2446/1742 11327/2447/1742 11325/1427/1741
f 11328/2446/1742 11330/2448/1743 11329/1424/1743 11327/2447/1742
f 11330/2448/1743 11332/2449/1744 11331/2450/1744 11329/1424/1743
f 11332/2449/1744 11334/2451/1745 11333/1421/1745 11331/2450/1744
f 11334/2451/1745 11336/2452/1746 11335/2453/1746 11333/1421/1745
f 11336/2452/1746 11338/2454/1747 11337/729/1747 11335/2453/1746
f 11338/2454/1747 11340/2455/1748 11339/2456/1748 11337/729/1747
f 11340/2455/1748 11342/2457/1749 11341/1413/1749 11339/2456/1748
f 11342/2457/1749 11344/2458/1750 11343/2459/1750 11341/1413/1749
f 11344/2458/1750 11346/2460/1751 11345/1408/1751 11343/2459/1750
f 11346/2460/1751 11348/2461/1407 11347/2462/1407 11345/1408/1751
f 11348/2461/1407 11350/2463/1407 11349/1403/1407 11347/2462/1407
f 11350/2463/1407 11352/2464/1407 11351/2465/1407 11349/1403/1407
f 11352/2464/1407 11354/2466/1407 11353/1396/1407 11351/2465/1407
f 11354/2466/1407 11356/2467/1407 11355/2468/1407 11353/1396/1407
f 11356/2467/1407 11358/2469/1407 11357/1365/1407 11355/2468/1407
f 11358/2469/1407 11360/2470/1407 11359/2471/1407 11357/1365/1407
f 11360/2470/1407 11362/2472/1407 11361/1370/1407 11359/2471/1407
f 11362/2472/1407 11364/2473/1407 11363/2474/1407 11361/1370/1407
f 11364/2473/1407 11366/2475/1407 11365/797/1407 11363/2474/1407
f 11366/2475/1407 11368/2476/1407 11367/2477/1407 11365/797/1407
f 11368/2476/1407 11370/2478/1752 11369/1379/1752 11367/2477/1407
f 11370/2478/1752 11372/2479/1753 11371/2480/1753 11369/1379/1752
f 11372/2479/1753 11374/2481/1754 11373/1385/1754 11371/2480/1753
f 11374/2481/1754 11376/2482/1755 11375/2483/1755 11373/1385/1754
f 11376/2482/1755 11378/2484/1756 11377/1388/1756 11375/2483/1755
f 11378/2484/1756 11380/2485/1757 11379/2486/1757 11377/1388/1756
f 11380/2485/1757 11382/2487/1758 11381/1391/1758 11379/2486/1757
f 11382/2487/1758 11384/2488/1759 11383/2489/1759 11381/1391/1758
f 11384/2488/1759 11386/2490/1760 11385/1394/1760 11383/2489/1759
f 11386/2490/1760 11388/2491/1761 11387/2492/1761 11385/1394/1760
f 11388/2491/1761 11390/2493/1762 11389/1382/1762 11387/2492/1761
f 11390/2493/1762 11392/2494/1763 11391/2495/1763 11389/1382/1762
f 11392/2494/1763 11394/2496/1764 11393/778/1764 11391/2495/1763
f 11394/2496/1764 11396/2497/1765 11395/2498/1765 11393/778/1764
f 11396/2497/1765 11398/2499/1766 11397/1371/1766 11395/2498/1765
f 11398/2499/1766 11400/2500/1767 11399/2501/1767 11397/1371/1766
f 11400/2500/1767 11402/2502/1768 11401/1363/1768 11399/2501/1767
f 11402/2502/1768 11404/2503/1769 11403/2504/1769 11401/1363/1768
f 11404/2503/1769 11406/2505/1770 11405/1361/1770 11403/2504/1769
f 11406/2505/1770 11408/2506/1771 11407/2507/1771 11405/1361/1770
f 11408/2506/1771 11410/2508/1772 11409/1400/1772 11407/2507/1771
f 11410/2508/1772 11412/2509/1773 11411/2510/1773 11409/1400/1772
f 11412/2509/1773 11414/2511/1774 11413/1407/1774 11411/2510/1773
f 11414/2511/1774 11416/2512/1775 11415/2513/1775 11413/1407/1774
f 11416/2512/1775 11418/2514/1776 11417/1414/1776 11415/2513/1775
f 11418/2514/1776 11420/2515/1777 11419/2516/1777 11417/1414/1776
f 11420/2515/1777 11226/2284/1703 11225/70/1703 11419/2516/1777
f 11422/2042/1703 11424/2919/1703 11423/251/1703 11421/146/1703
f 11424/2919/1703 11426/2920/1703 11425/255/1703 11423/251/1703
f 11426/2920/1703 11428/2921/1703 11427/269/1703 11425/255/1703
f 11428/2921/1703 11430/2922/1703 11429/281/1703 11427/269/1703
f 11430/2922/1703 11432/2923/1703 11431/288/1703 11429/281/1703
f 11432/2923/1703 11434/2924/1703 11433/283/1703 11431/288/1703
f 11434/2924/1703 11436/2925/1703 11435/280/1703 11433/283/1703
f 11436/2925/1703 11438/2926/1703 11437/270/1703 11435/280/1703
f 11438/2926/1703 11440/2927/1703 11439/256/1703 11437/270/1703
f 11440/2927/1703 11442/2928/1703 11441/252/1703 11439/256/1703
f 11442/2928/1703 11444/2929/1778 11443/248/1778 11441/252/1703
f 11444/2929/1778 11446/2930/1779 11445/243/1779 11443/248/1778
f 11446/2930/1779 11448/2931/1780 11447/241/1780 11445/243/1779
f 11448/2931/1780 11450/2932/1781 11449/240/1781 11447/241/1780
f 11450/2932/1781 11452/2933/1782 11451/238/1782 11449/240/1781
f 11452/2933/1782 11454/2934/1783 11453/237/1783 11451/238/1782
f 11454/2934/1783 11456/2935/1784 11455/235/1784 11453/237/1783
f 11456/2935/1784 11458/2936/1785 11457/232/1785 11455/235/1784
f 11458/2936/1785 11460/2937/1786 11459/227/1786 11457/232/1785
f 11460/2937/1786 11462/2938/1787 11461/221/1787 11459/227/1786
f 11462/2938/1787 11464/2939/1788 11463/217/1788 11461/221/1787
f 11464/2939/1788 11466/2940/1789 11465/215/1789 11463/217/1788
f 11466/2940/1789 11468/2941/1790 11467/213/1790 11465/215/1789
f 11468/2941/1790 11470/2942/1791 11469/174/1791 11467/213/1790
f 11470/2942/1791 11472/2943/1792 11471/175/1792 11469/174/1791
f 11472/2943/1792 11474/2944/1793 11473/178/1793 11471/175/1792
f 11474/2944/1793 11476/2945/1794 11475/185/1794 11473/178/1793
f 11476/2945/1794 11478/2946/1795 11477/189/1795 11475/185/1794
f 11478/2946/1795 11480/2947/1796 11479/194/1796 11477/189/1795
f 11480/2947/1796 11482/2948/1797 11481/198/1797 11479/194/1796
f 11482/2948/1797 11484/2949/1798 11483/201/1798 11481/198/1797
f 11484/2949/1798 11486/2950/1799 11485/203/1799 11483/201/1798
f 11486/2950/1799 11488/2951/1800 11487/205/1800 11485/203/1799
f 11488/2951/1800 11490/2952/1801 11489/207/1801 11487/205/1800
f 11490/2952/1801 11492/2953/1802 11491/209/1802 11489/207/1801
f 11492/2953/1802 11494/2954/1803 11493/211/1803 11491/209/1802
f 11494/2954/1803 11496/2163/1407 11495/23/1407 11493/211/1803
f 11496/2163/1407 11498/2955/1407 11497/195/1407 11495/23/1407
f 11498/2955/1407 11500/2956/1407 11499/191/1407 11497/195/1407
f 11500/2956/1407 11502/2957/1407 11501/188/1407 11499/191/1407
f 11502/2957/1407 11504/2958/1407 11503/184/1407 11501/188/1407
f 11504/2958/1407 11506/2959/1407 11505/179/1407 11503/184/1407
f 11506/2959/1407 11508/2960/1407 11507/180/1407 11505/179/1407
f 11508/2960/1407 11510/2961/1407 11509/220/1407 11507/180/1407
f 11510/2961/1407 11512/2962/1407 11511/223/1407 11509/220/1407
f 11512/2962/1407 11514/2963/1407 11513/226/1407 11511/223/1407
f 11514/2963/1407 11516/2964/1407 11515/229/1407 11513/226/1407
f 11516/2964/1407 11518/2965/1804 11517/231/1804 11515/229/1407
f 11518/2965/1804 11520/2966/631 11519/244/631 11517/231/1804
f 11520/2966/631 11522/2967/1805 11521/316/1805 11519/244/631
f 11522/2967/1805 11524/2968/1806 11523/313/1806 11521/316/1805
f 11524/2968/1806 11526/2969/1807 11525/311/1807 11523/313/1806
f 11526/2969/1807 11528/2970/1808 11527/309/1808 11525/311/1807
f 11528/2970/1808 11530/2971/1809 11529/307/1809 11527/309/1808
f 11530/2971/1809 11532/2972/1810 11531/305/1810 11529/307/1809
f 11532/2972/1810 11534/2973/1811 11533/302/1811 11531/305/1810
f 11534/2973/1811 11536/2974/1812 11535/299/1812 11533/302/1811
f 11536/2974/1812 11538/2975/1813 11537/296/1813 11535/299/1812
f 11538/2975/1813 11540/2976/1814 11539/292/1814 11537/296/1813
f 11540/2976/1814 11542/2977/1815 11541/289/1815 11539/292/1814
f 11542/2977/1815 11544/2978/1816 11543/279/1816 11541/289/1815
f 11544/2978/1816 11546/2979/1817 11545/275/1817 11543/279/1816
f 11546/2979/1817 11548/2980/1818 11547/272/1818 11545/275/1817
f 11548/2980/1818 11550/2981/1819 11549/268/1819 11547/272/1818
f 11550/2981/1819 11552/2982/1820 11551/266/1820 11549/268/1819
f 11552/2982/1820 11554/2983/1821 11553/262/1821 11551/266/1820
f 11554/2983/1821 11556/2984/1822 11555/257/1822 11553/262/1821
f 11556/2984/1822 11558/2985/1823 11557/258/1823 11555/257/1822
f 11558/2985/1823 11560/2986/1824 11559/277/1824 11557/258/1823
f 11560/2986/1824 11562/2987/1825 11561/290/1825 11559/277/1824
f 11562/2987/1825 11564/2988/1826 11563/295/1826 11561/290/1825
f 11564/2988/1826 11566/2989/1827 11565/300/1827 11563/295/1826
f 11566/2989/1827 11568/2990/1828 11567/304/1828 11565/300/1827
f 11568/2990/1828 11422/2284/1703 11421/70/1703 11567/304/1828
f 11570/2042/1829 11572/4661/1830 11571/4662/1830 11569/146/1829
f 11572/4661/1830 11574/4663/1831 11573/4664/1831 11571/4662/1830
f 11574/4663/1831 11576/4665/1832 11575/4666/1832 11573/4664/1831
f 11576/4665/1832 11578/4667/1833 11577/4668/1833 11575/4666/1832
f 11578/4667/1833 11580/4669/1834 11579/4670/1834 11577/4668/1833
f 11580/4669/1834 11582/4671/1835 11581/4672/1835 11579/4670/1834
f 11582/4671/1835 11584/4673/1836 11583/4674/1836 11581/4672/1835
f 11584/4673/1836 11586/4675/1837 11585/4676/1837 11583/4674/1836
f 11586/4675/1837 11588/4301/1074 11587/495/1074 11585/4676/1837
f 11588/4301/1074 11590/4677/1838 11589/4678/1838 11587/495/1074
f 11590/4677/1838 11592/2343/1839 11591/478/1839 11589/4678/1838
f 11592/2343/1839 11594/4679/1840 11593/4680/1840 11591/478/1839
f 11594/4679/1840 11596/4681/1841 11595/4682/1841 11593/4680/1840
f 11596/4681/1841 11598/4683/1842 11597/4684/1842 11595/4682/1841
f 11598/4683/1842 11600/4685/1843 11599/4686/1843 11597/4684/1842
f 11600/4685/1843 11602/4687/1844 11601/4688/1844 11599/4686/1843
f 11602/4687/1844 11604/4689/1845 11603/4690/1845 11601/4688/1844
f 11604/4689/1845 11606/4324/1846 11605/496/1846 11603/4690/1845
f 11606/4324/1846 11608/4691/1847 11607/4692/1847 11605/496/1846
f 11608/4691/1847 11610/4693/1848 11609/4694/1848 11607/4692/1847
f 11610/4693/1848 11612/4695/1849 11611/4696/1849 11609/4694/1848
f 11612/4695/1849 11614/2346/1850 11613/458/1850 11611/4696/1849
f 11614/2346/1850 11616/4697/1851 11615/4698/1851 11613/458/1850
f 11616/4697/1851 11618/4699/1852 11617/4700/1852 11615/4698/1851
f 11618/4699/1852 11620/4701/533 11619/4702/533 11617/4700/1852
f 11620/4701/533 11622/4703/533 11621/4704/533 11619/4702/533
f 11622/4703/533 11624/4347/533 11623/510/533 11621/4704/533
f 11624/4347/533 11626/4705/533 11625/4706/533 11623/510/533
f 11626/4705/533 11628/4707/533 11627/4708/533 11625/4706/533
f 11628/4707/533 11630/4709/533 11629/4710/533 11627/4708/533
f 11630/4709/533 11632/4711/533 11631/4712/533 11629/4710/533
f 11632/4711/533 11634/4713/533 11633/4714/533 11631/4712/533
f 11634/4713/533 11636/2349/533 11635/422/533 11633/4714/533
f 11636/2349/533 11638/4715/533 11637/4716/533 11635/422/533
f 11638/4715/533 11640/4717/533 11639/4718/533 11637/4716/533
f 11640/4717/533 11642/4370/1853 11641/525/1853 11639/4718/533
f 11642/4370/1853 11644/4719/1854 11643/4720/1854 11641/525/1853
f 11644/4719/1854 11646/4721/537 11645/4722/537 11643/4720/1854
f 11646/4721/537 11648/4723/1855 11647/4724/1855 11645/4722/537
f 11648/4723/1855 11650/4725/1856 11649/4726/1856 11647/4724/1855
f 11650/4725/1856 11652/4727/588 11651/4728/588 11649/4726/1856
f 11652/4727/588 11654/4729/1857 11653/4730/1857 11651/4728/588
f 11654/4729/1857 11656/4731/1858 11655/4732/1858 11653/4730/1857
f 11656/4731/1858 11658/2352/1859 11657/348/1859 11655/4732/1858
f 11658/2352/1859 11660/4393/1860 11659/541/1860 11657/348/1859
f 11660/4393/1860 11662/4733/1861 11661/4734/1861 11659/541/1860
f 11662/4733/1861 11664/4735/1862 11663/4736/1862 11661/4734/1861
f 11664/4735/1862 11666/4737/1863 11665/4738/1863 11663/4736/1862
f 11666/4737/1863 11668/4739/1864 11667/4740/1864 11665/4738/1863
f 11668/4739/1864 11670/4741/1865 11669/4742/1865 11667/4740/1864
f 11670/4741/1865 11672/4743/1866 11671/4744/1866 11669/4742/1865
f 11672/4743/1866 11674/4745/1867 11673/4746/1867 11671/4744/1866
f 11674/4745/1867 11676/4747/1868 11675/4748/1868 11673/4746/1867
f 11676/4747/1868 11678/4414/1869 11677/529/1869 11675/4748/1868
f 11678/4414/1869 11680/2355/1870 11679/388/1870 11677/529/1869
f 11680/2355/1870 11682/4749/1871 11681/4750/1871 11679/388/1870
f 11682/4749/1871 11684/4751/1872 11683/4752/1872 11681/4750/1871
f 11684/4751/1872 11686/4753/1873 11685/4754/1873 11683/4752/1872
f 11686/4753/1873 11688/4755/1874 11687/4756/1874 11685/4754/1873
f 11688/4755/1874 11690/4757/1875 11689/4758/1875 11687/4756/1874
f 11690/4757/1875 11692/4759/1876 11691/4760/1876 11689/4758/1875
f 11692/4759/1876 11694/4761/506 11693/4762/506 11691/4760/1876
f 11694/4761/506 11696/4437/506 11695/557/506 11693/4762/506
f 11696/4437/506 11698/4763/506 11697/4764/506 11695/557/506
f 11698/4763/506 11700/4765/506 11699/4766/506 11697/4764/506
f 11700/4765/506 11702/2358/506 11701/401/506 11699/4766/506
f 11702/2358/506 11704/4767/506 11703/4768/506 11701/401/506
f 11704/4767/506 11706/4769/506 11705/4770/506 11703/4768/506
f 11706/4769/506 11708/4771/506 11707/4772/506 11705/4770/506
f 11708/4771/506 11710/4773/506 11709/4774/506 11707/4772/506
f 11710/4773/506 11712/4775/506 11711/4776/506 11709/4774/506
f 11712/4775/506 11714/4460/506 11713/571/506 11711/4776/506
f 11714/4460/506 11716/4777/1877 11715/4778/1877 11713/571/506
f 11716/4777/1877 11718/4779/1878 11717/4780/1878 11715/4778/1877
f 11718/4779/1878 11720/4781/1879 11719/4782/1879 11717/4780/1878
f 11720/4781/1879 11722/4783/1880 11721/4784/1880 11719/4782/1879
f 11722/4783/1880 11724/2361/1881 11723/367/1881 11721/4784/1880
f 11724/2361/1881 11726/4785/573 11725/4786/573 11723/367/1881
f 11726/4785/573 11728/4787/1882 11727/4788/1882 11725/4786/573
f 11728/4787/1882 11730/4789/1883 11729/4790/1883 11727/4788/1882
f 11730/4789/1883 11732/4483/1884 11731/556/1884 11729/4790/1883
f 11732/4483/1884 11734/4791/1885 11733/4792/1885 11731/556/1884
f 11734/4791/1885 11736/4793/1886 11735/4794/1886 11733/4792/1885
f 11736/4793/1886 11738/4795/1887 11737/4796/1887 11735/4794/1886
f 11738/4795/1887 11740/4797/1888 11739/4798/1888 11737/4796/1887
f 11740/4797/1888 11742/4799/1889 11741/4800/1889 11739/4798/1888
f 11742/4799/1889 11744/4801/1890 11743/4802/1890 11741/4800/1889
f 11744/4801/1890 11746/2364/1891 11745/330/1891 11743/4802/1890
f 11746/2364/1891 11748/4803/1892 11747/4804/1892 11745/330/1891
f 11748/4803/1892 11750/4506/1893 11749/544/1893 11747/4804/1892
f 11750/4506/1893 11752/4805/1894 11751/4806/1894 11749/544/1893
f 11752/4805/1894 11754/4807/1895 11753/4808/1895 11751/4806/1894
f 11754/4807/1895 11756/4809/1896 11755/4810/1896 11753/4808/1895
f 11756/4809/1896 11758/4811/1897 11757/4812/1897 11755/4810/1896
f 11758/4811/1897 11760/4813/1898 11759/4814/1898 11757/4812/1897
f 11760/4813/1898 11762/4815/1899 11761/4816/1899 11759/4814/1898
f 11762/4815/1899 11764/4817/1900 11763/4818/1900 11761/4816/1899
f 11764/4817/1900 11766/4819/1901 11765/4820/1901 11763/4818/1900
f 11766/4819/1901 11570/2284/1829 11569/70/1829 11765/4820/1901
f 11768/2042/1902 11770/4821/1903 11769/4822/1903 11767/146/1902
f 11770/4821/1903 11772/4823/1904 11771/4824/1904 11769/4822/1903
f 11772/4823/1904 11774/4825/1905 11773/4826/1905 11771/4824/1904
f 11774/4825/1905 11776/4827/1906 11775/4828/1906 11773/4826/1905
f 11776/4827/1906 11778/4829/1907 11777/1662/1907 11775/4828/1906
f 11778/4829/1907 11780/4830/1908 11779/4831/1908 11777/1662/1907
f 11780/4830/1908 11782/4832/1909 11781/4833/1909 11779/4831/1908
f 11782/4832/1909 11784/4834/1910 11783/4835/1910 11781/4833/1909
f 11784/4834/1910 11786/4836/1911 11785/4837/1911 11783/4835/1910
f 11786/4836/1911 11788/4838/1912 11787/1626/1912 11785/4837/1911
f 11788/4838/1912 11790/4839/1913 11789/4840/1913 11787/1626/1912
f 11790/4839/1913 11792/4841/1914 11791/4842/1914 11789/4840/1913
f 11792/4841/1914 11794/4843/1915 11793/4844/1915 11791/4842/1914
f 11794/4843/1915 11796/4845/1916 11795/4846/1916 11793/4844/1915
f 11796/4845/1916 11798/4847/1917 11797/1704/1917 11795/4846/1916
f 11798/4847/1917 11800/4848/1918 11799/4849/1918 11797/1704/1917
f 11800/4848/1918 11802/4850/1919 11801/4851/1919 11799/4849/1918
f 11802/4850/1919 11804/4852/1920 11803/4853/1920 11801/4851/1919
f 11804/4852/1920 11806/4854/1921 11805/4855/1921 11803/4853/1920
f 11806/4854/1921 11808/4856/1922 11807/1717/1922 11805/4855/1921
f 11808/4856/1922 11810/4857/1923 11809/4858/1923 11807/1717/1922
f 11810/4857/1923 11812/4859/1924 11811/4860/1924 11809/4858/1923
f 11812/4859/1924 11814/4861/1925 11813/4862/1925 11811/4860/1924
f 11814/4861/1925 11816/4863/1926 11815/4864/1926 11813/4862/1925
f 11816/4863/1926 11818/2163/1927 11817/23/1927 11815/4864/1926
f 11818/2163/1927 11820/4865/1928 11819/4866/1928 11817/23/1927
f 11820/4865/1928 11822/4867/1929 11821/4868/1929 11819/4866/1928
f 11822/4867/1929 11824/4869/1930 11823/4870/1930 11821/4868/1929
f 11824/4869/1930 11826/4871/1807 11825/4872/1807 11823/4870/1930
f 11826/4871/1807 11828/4873/1931 11827/1783/1931 11825/4872/1807
f 11828/4873/1931 11830/4874/1932 11829/4875/1932 11827/1783/1931
f 11830/4874/1932 11832/4876/1933 11831/4877/1933 11829/4875/1932
f 11832/4876/1933 11834/4878/1934 11833/4879/1934 11831/4877/1933
f 11834/4878/1934 11836/4880/1935 11835/4881/1935 11833/4879/1934
f 11836/4880/1935 11838/4882/1936 11837/1756/1936 11835/4881/1935
f 11838/4882/1936 11840/4883/1937 11839/4884/1937 11837/1756/1936
f 11840/4883/1937 11842/4885/1938 11841/4886/1938 11839/4884/1937
f 11842/4885/1938 11844/4887/1939 11843/4888/1939 11841/4886/1938
f 11844/4887/1939 11846/4889/1940 11845/4890/1940 11843/4888/1939
f 11846/4889/1940 11848/4891/1941 11847/1730/1941 11845/4890/1940
f 11848/4891/1941 11850/4892/1942 11849/4893/1942 11847/1730/1941
f 11850/4892/1942 11852/4894/1943 11851/4895/1943 11849/4893/1942
f 11852/4894/1943 11854/4896/1944 11853/4897/1944 11851/4895/1943
f 11854/4896/1944 11856/4898/1945 11855/4899/1945 11853/4897/1944
f 11856/4898/1945 11858/4900/1946 11857/1660/1946 11855/4899/1945
f 11858/4900/1946 11860/4901/1947 11859/4902/1947 11857/1660/1946
f 11860/4901/1947 11862/4903/1948 11861/4904/1948 11859/4902/1947
f 11862/4903/1948 11864/4905/597 11863/4906/597 11861/4904/1948
f 11864/4905/597 11866/4907/1949 11865/4908/1949 11863/4906/597
f 11866/4907/1949 11768/2284/1902 11767/70/1902 11865/4908/1949
f 11868/2042/1407 11870/4661/1407 11869/4662/1407 11867/146/1407
f 11870/4661/1407 11872/4663/1407 11871/4664/1407 11869/4662/1407
f 11872/4663/1407 11874/4665/1407 11873/4666/1407 11871/4664/1407
f 11874/4665/1407 11876/4667/1407 11875/4668/1407 11873/4666/1407
f 11876/4667/1407 11878/4669/1407 11877/4670/1407 11875/4668/1407
f 11878/4669/1407 11880/4671/1407 11879/4672/1407 11877/4670/1407
f 11880/4671/1407 11882/4673/1407 11881/4674/1407 11879/4672/1407
f 11882/4673/1407 11884/4675/1407 11883/4676/1407 11881/4674/1407
f 11884/4675/1407 11886/4301/1407 11885/495/1407 11883/4676/1407
f 11886/4301/1407 11888/4677/1407 11887/4678/1407 11885/495/1407
f 11888/4677/1407 11890/2343/1950 11889/478/1950 11887/4678/1407
f 11890/2343/1950 11892/4679/1951 11891/4680/1951 11889/478/1950
f 11892/4679/1951 11894/4681/1952 11893/4682/1952 11891/4680/1951
f 11894/4681/1952 11896/4683/1953 11895/4684/1953 11893/4682/1952
f 11896/4683/1953 11898/4685/1954 11897/4686/1954 11895/4684/1953
f 11898/4685/1954 11900/4687/1955 11899/4688/1955 11897/4686/1954
f 11900/4687/1955 11902/4689/1956 11901/4690/1956 11899/4688/1955
f 11902/4689/1956 11904/4324/1957 11903/496/1957 11901/4690/1956
f 11904/4324/1957 11906/4691/1958 11905/4692/1958 11903/496/1957
f 11906/4691/1958 11908/4693/1959 11907/4694/1959 11905/4692/1958
f 11908/4693/1959 11910/4695/1960 11909/4696/1960 11907/4694/1959
f 11910/4695/1960 11912/2346/1961 11911/458/1961 11909/4696/1960
f 11912/2346/1961 11914/4697/1962 11913/4698/1962 11911/458/1961
f 11914/4697/1962 11916/4699/1963 11915/4700/1963 11913/4698/1962
f 11916/4699/1963 11918/4701/1964 11917/4702/1964 11915/4700/1963
f 11918/4701/1964 11920/4703/1965 11919/4704/1965 11917/4702/1964
f 11920/4703/1965 11922/4347/1966 11921/510/1966 11919/4704/1965
f 11922/4347/1966 11924/4705/1967 11923/4706/1967 11921/510/1966
f 11924/4705/1967 11926/4707/1968 11925/4708/1968 11923/4706/1967
f 11926/4707/1968 11928/4709/1969 11927/4710/1969 11925/4708/1968
f 11928/4709/1969 11930/4711/1970 11929/4712/1970 11927/4710/1969
f 11930/4711/1970 11932/4713/1971 11931/4714/1971 11929/4712/1970
f 11932/4713/1971 11934/2349/1972 11933/422/1972 11931/4714/1971
f 11934/2349/1972 11936/4715/1973 11935/4716/1973 11933/422/1972
f 11936/4715/1973 11938/4717/1827 11937/4718/1827 11935/4716/1973
f 11938/4717/1827 11940/4370/1974 11939/525/1974 11937/4718/1827
f 11940/4370/1974 11942/4719/1703 11941/4720/1703 11939/525/1974
f 11942/4719/1703 11944/4721/1703 11943/4722/1703 11941/4720/1703
f 11944/4721/1703 11946/4723/1703 11945/4724/1703 11943/4722/1703
f 11946/4723/1703 11948/4725/1703 11947/4726/1703 11945/4724/1703
f 11948/4725/1703 11950/4727/1703 11949/4728/1703 11947/4726/1703
f 11950/4727/1703 11952/4729/1703 11951/4730/1703 11949/4728/1703
f 11952/4729/1703 11954/4731/1703 11953/4732/1703 11951/4730/1703
f 11954/4731/1703 11956/2352/1703 11955/348/1703 11953/4732/1703
f 11956/2352/1703 11958/4393/1703 11957/541/1703 11955/348/1703
f 11958/4393/1703 11960/4733/1703 11959/4734/1703 11957/541/1703
f 11960/4733/1703 11962/4735/1703 11961/4736/1703 11959/4734/1703
f 11962/4735/1703 11964/4737/1975 11963/4738/1975 11961/4736/1703
f 11964/4737/1975 11966/4739/1976 11965/4740/1976 11963/4738/1975
f 11966/4739/1976 11968/4741/1977 11967/4742/1977 11965/4740/1976
f 11968/4741/1977 11970/4743/1978 11969/4744/1978 11967/4742/1977
f 11970/4743/1978 11972/4745/1979 11971/4746/1979 11969/4744/1978
f 11972/4745/1979 11974/4747/1980 11973/4748/1980 11971/4746/1979
f 11974/4747/1980 11976/4414/1981 11975/529/1981 11973/4748/1980
f 11976/4414/1981 11978/2355/1982 11977/388/1982 11975/529/1981
f 11978/2355/1982 11980/4749/1983 11979/4750/1983 11977/388/1982
f 11980/4749/1983 11982/4751/1984 11981/4752/1984 11979/4750/1983
f 11982/4751/1984 11984/4753/1985 11983/4754/1985 11981/4752/1984
f 11984/4753/1985 11986/4755/1986 11985/4756/1986 11983/4754/1985
f 11986/4755/1986 11988/4757/1987 11987/4758/1987 11985/4756/1986
f 11988/4757/1987 11990/4759/1988 11989/4760/1988 11987/4758/1987
f 11990/4759/1988 11992/4761/1989 11991/4762/1989 11989/4760/1988
f 11992/4761/1989 11994/4437/1990 11993/557/1990 11991/4762/1989
f 11994/4437/1990 11996/4763/1991 11995/4764/1991 11993/557/1990
f 11996/4763/1991 11998/4765/1992 11997/4766/1992 11995/4764/1991
f 11998/4765/1992 12000/2358/1993 11999/401/1993 11997/4766/1992
f 12000/2358/1993 12002/4767/1994 12001/4768/1994 11999/401/1993
f 12002/4767/1994 12004/4769/1995 12003/4770/1995 12001/4768/1994
f 12004/4769/1995 12006/4771/1996 12005/4772/1996 12003/4770/1995
f 12006/4771/1996 12008/4773/1997 12007/4774/1997 12005/4772/1996
f 12008/4773/1997 12010/4775/1998 12009/4776/1998 12007/4774/1997
f 12010/4775/1998 12012/4460/1999 12011/571/1999 12009/4776/1998
f 12012/4460/1999 12014/4777/2000 12013/4778/2000 12011/571/1999
f 12014/4777/2000 12016/4779/2001 12015/4780/2001 12013/4778/2000
f 12016/4779/2001 12018/4781/2002 12017/4782/2002 12015/4780/2001
f 12018/4781/2002 12020/4783/2003 12019/4784/2003 12017/4782/2002
f 12020/4783/2003 12022/2361/2004 12021/367/2004 12019/4784/2003
f 12022/2361/2004 12024/4785/2005 12023/4786/2005 12021/367/2004
f 12024/4785/2005 12026/4787/2006 12025/4788/2006 12023/4786/2005
f 12026/4787/2006 12028/4789/2007 12027/4790/2007 12025/4788/2006
f 12028/4789/2007 12030/4483/2008 12029/556/2008 12027/4790/2007
f 12030/4483/2008 12032/4791/2009 12031/4792/2009 12029/556/2008
f 12032/4791/2009 12034/4793/2010 12033/4794/2010 12031/4792/2009
f 12034/4793/2010 12036/4795/2011 12035/4796/2011 12033/4794/2010
f 12036/4795/2011 12038/4797/2012 12037/4798/2012 12035/4796/2011
f 12038/4797/2012 12040/4799/2013 12039/4800/2013 12037/4798/2012
f 12040/4799/2013 12042/4801/2014 12041/4802/2014 12039/4800/2013
f 12042/4801/2014 12044/2364/2015 12043/330/2015 12041/4802/2014
f 12044/2364/2015 12046/4803/2016 12045/4804/2016 12043/330/2015
f 12046/4803/2016 12048/4506/2017 12047/544/2017 12045/4804/2016
f 12048/4506/2017 12050/4805/2018 12049/4806/2018 12047/544/2017
f 12050/4805/2018 12052/4807/2019 12051/4808/2019 12049/4806/2018
f 12052/4807/2019 12054/4809/2020 12053/4810/2020 12051/4808/2019
f 12054/4809/2020 12056/4811/2021 12055/4812/2021 12053/4810/2020
f 12056/4811/2021 12058/4813/2022 12057/4814/2022 12055/4812/2021
f 12058/4813/2022 12060/4815/2023 12059/4816/2023 12057/4814/2022
f 12060/4815/2023 12062/4817/2024 12061/4818/2024 12059/4816/2023
f 12062/4817/2024 12064/4819/2025 12063/4820/2025 12061/4818/2024
f 12064/4819/2025 11868/2284/1407 11867/70/1407 12063/4820/2025
f 12066/2042/2026 12068/2919/2027 12067/251/2027 12065/146/2026
f 12068/2919/2027 12070/2920/2028 12069/255/2028 12067/251/2027
f 12070/2920/2028 12072/2921/2029 12071/269/2029 12069/255/2028
f 12072/2921/2029 12074/2922/2030 12073/281/2030 12071/269/2029
f 12074/2922/2030 12076/2923/2031 12075/288/2031 12073/281/2030
f 12076/2923/2031 12078/2924/2032 12077/283/2032 12075/288/2031
f 12078/2924/2032 12080/2925/2033 12079/280/2033 12077/283/2032
f 12080/2925/2033 12082/2926/2034 12081/270/2034 12079/280/2033
f 12082/2926/2034 12084/2927/2035 12083/256/2035 12081/270/2034
f 12084/2927/2035 12086/2928/2036 12085/252/2036 12083/256/2035
f 12086/2928/2036 12088/2929/2037 12087/248/2037 12085/252/2036
f 12088/2929/2037 12090/2930/2038 12089/243/2038 12087/248/2037
f 12090/2930/2038 12092/2931/2039 12091/241/2039 12089/243/2038
f 12092/2931/2039 12094/2932/2040 12093/240/2040 12091/241/2039
f 12094/2932/2040 12096/2933/2041 12095/238/2041 12093/240/2040
f 12096/2933/2041 12098/2934/2042 12097/237/2042 12095/238/2041
f 12098/2934/2042 12100/2935/2043 12099/235/2043 12097/237/2042
f 12100/2935/2043 12102/2936/2044 12101/232/2044 12099/235/2043
f 12102/2936/2044 12104/2937/2045 12103/227/2045 12101/232/2044
f 12104/2937/2045 12106/2938/2046 12105/221/2046 12103/227/2045
f 12106/2938/2046 12108/2939/2047 12107/217/2047 12105/221/2046
f 12108/2939/2047 12110/2940/2048 12109/215/2048 12107/217/2047
f 12110/2940/2048 12112/2941/2049 12111/213/2049 12109/215/2048
f 12112/2941/2049 12114/2942/2050 12113/174/2050 12111/213/2049
f 12114/2942/2050 12116/2943/2051 12115/175/2051 12113/174/2050
f 12116/2943/2051 12118/2944/2052 12117/178/2052 12115/175/2051
f 12118/2944/2052 12120/2945/2053 12119/185/2053 12117/178/2052
f 12120/2945/2053 12122/2946/2054 12121/189/2054 12119/185/2053
f 12122/2946/2054 12124/2947/2055 12123/194/2055 12121/189/2054
f 12124/2947/2055 12126/2948/2056 12125/198/2056 12123/194/2055
f 12126/2948/2056 12128/2949/2057 12127/201/2057 12125/198/2056
f 12128/2949/2057 12130/2950/2058 12129/203/2058 12127/201/2057
f 12130/2950/2058 12132/2951/2059 12131/205/2059 12129/203/2058
f 12132/2951/2059 12134/2952/2060 12133/207/2060 12131/205/2059
f 12134/2952/2060 12136/2953/2061 12135/209/2061 12133/207/2060
f 12136/2953/2061 12138/2954/2062 12137/211/2062 12135/209/2061
f 12138/2954/2062 12140/2163/2063 12139/23/2063 12137/211/2062
f 12140/2163/2063 12142/2955/2064 12141/195/2064 12139/23/2063
f 12142/2955/2064 12144/2956/2065 12143/191/2065 12141/195/2064
f 12144/2956/2065 12146/2957/2066 12145/188/2066 12143/191/2065
f 12146/2957/2066 12148/2958/2067 12147/184/2067 12145/188/2066
f 12148/2958/2067 12150/2959/2068 12149/179/2068 12147/184/2067
f 12150/2959/2068 12152/2960/2069 12151/180/2069 12149/179/2068
f 12152/2960/2069 12154/2961/2070 12153/220/2070 12151/180/2069
f 12154/2961/2070 12156/2962/2071 12155/223/2071 12153/220/2070
f 12156/2962/2071 12158/2963/2072 12157/226/2072 12155/223/2071
f 12158/2963/2072 12160/2964/2073 12159/229/2073 12157/226/2072
f 12160/2964/2073 12162/2965/2074 12161/231/2074 12159/229/2073
f 12162/2965/2074 12164/2966/2075 12163/244/2075 12161/231/2074
f 12164/2966/2075 12166/2967/2076 12165/316/2076 12163/244/2075
f 12166/2967/2076 12168/2968/2077 12167/313/2077 12165/316/2076
f 12168/2968/2077 12170/2969/2078 12169/311/2078 12167/313/2077
f 12170/2969/2078 12172/2970/2079 12171/309/2079 12169/311/2078
f 12172/2970/2079 12174/2971/2080 12173/307/2080 12171/309/2079
f 12174/2971/2080 12176/2972/2081 12175/305/2081 12173/307/2080
f 12176/2972/2081 12178/2973/2082 12177/302/2082 12175/305/2081
f 12178/2973/2082 12180/2974/2083 12179/299/2083 12177/302/2082
f 12180/2974/2083 12182/2975/2084 12181/296/2084 12179/299/2083
f 12182/2975/2084 12184/2976/2085 12183/292/2085 12181/296/2084
f 12184/2976/2085 12186/2977/2086 12185/289/2086 12183/292/2085
f 12186/2977/2086 12188/2978/2087 12187/279/2087 12185/289/2086
f 12188/2978/2087 12190/2979/2088 12189/275/2088 12187/279/2087
f 12190/2979/2088 12192/2980/2089 12191/272/2089 12189/275/2088
f 12192/2980/2089 12194/2981/2090 12193/268/2090 12191/272/2089
f 12194/2981/2090 12196/2982/2091 12195/266/2091 12193/268/2090
f 12196/2982/2091 12198/2983/2092 12197/262/2092 12195/266/2091
f 12198/2983/2092 12200/2984/2093 12199/257/2093 12197/262/2092
f 12200/2984/2093 12202/2985/2094 12201/258/2094 12199/257/2093
f 12202/2985/2094 12204/2986/2095 12203/277/2095 12201/258/2094
f 12204/2986/2095 12206/2987/2096 12205/290/2096 12203/277/2095
f 12206/2987/2096 12208/2988/2097 12207/295/2097 12205/290/2096
f 12208/2988/2097 12210/2989/2098 12209/300/2098 12207/295/2097
f 12210/2989/2098 12212/2990/2099 12211/304/2099 12209/300/2098
f 12212/2990/2099 12066/2284/2026 12065/70/2026 12211/304/2099
